"URI da faixa","Nome da faixa","URI(s) do artista","Nome(s) do artista","URI do álbum","Nome do álbum","URI(s) do artista do álbum","Nome(s) do artista do álbum","Data de lançamento do álbum","URL da imagem do álbum","Número do disco","Número da faixa","Duração da faixa (ms)","URL de prévia da faixa","Explícita","Popularidade","ISRC","Adicionado por","Adicionado em"
"spotify:track:0Lzwqj5NRVmxQvDLhm0G2C","Londres Freestyle (Bônus)","spotify:artist:4YqwRbMLqGHRHLS1w2ZKse, spotify:artist:3prRKGJz16RRMRSIM97nHw, spotify:artist:7lr4WifTmPssQJgBmbjiJq, spotify:artist:6TPJK8tv3AKKSsw0lENTQk","Veigh, Supernova Ent, Viper, Nagalli","spotify:album:7ARyKbobUo0oE30Arwe67d","Dos Prédios","spotify:artist:4YqwRbMLqGHRHLS1w2ZKse, spotify:artist:3prRKGJz16RRMRSIM97nHw","Veigh, Supernova Ent","2022-11-18","https://i.scdn.co/image/ab67616d0000b273afdd3ee20cd7c4a636b07cce","1","16","128000","https://p.scdn.co/mp3-preview/631b2fd7d6870316219efac9c25ecaee5202d3ab?cid=9950ac751e34487dbbe027c4fd7f8e99","true","0","QZNMU2230932","spotify:user:316ye5nphj2c6qd5zczz6wspr4te","2023-11-01T12:09:42Z"
"spotify:track:7qDX7v5im9GW4Mf5WJu6y3","Meio Pá","spotify:artist:4YqwRbMLqGHRHLS1w2ZKse, spotify:artist:58zckWmoqAOoqPtZggJ9OZ, spotify:artist:1hKoauICyrx7JojasOI1EU, spotify:artist:2rb4yUz7taAlwIu5hobMv4, spotify:artist:6VpdTQWCRE01WVoEuby2a6, spotify:artist:3prRKGJz16RRMRSIM97nHw","Veigh, Blest Jones, UNKWN, Scotz, Mc Luanna, Supernova Ent","spotify:album:7ARyKbobUo0oE30Arwe67d","Dos Prédios","spotify:artist:4YqwRbMLqGHRHLS1w2ZKse, spotify:artist:3prRKGJz16RRMRSIM97nHw","Veigh, Supernova Ent","2022-11-18","https://i.scdn.co/image/ab67616d0000b273afdd3ee20cd7c4a636b07cce","1","12","179439","https://p.scdn.co/mp3-preview/27eb8149368cce8108177f2520ed5f0e89a1b581?cid=9950ac751e34487dbbe027c4fd7f8e99","true","0","QZNMY2242350","spotify:user:316ye5nphj2c6qd5zczz6wspr4te","2023-11-01T12:09:45Z"
"spotify:track:6EOLDQz2rjwpZ2M5rApgH4","Superficial","spotify:artist:2h5Ha0ZiMFmOQD3iYcSXsy, spotify:artist:4Z9aFsrQeXQbKIOryEkfqe, spotify:artist:5wEgjH2s4SAiffRmzkBqHB, spotify:artist:4IEFTmI2K5xj488kIn268F","KayBlack, Marquinho no Beat, Wall Hein, Yokame","spotify:album:1vR5pzEPXx1i7h8zwosa7D","Contradições","spotify:artist:2h5Ha0ZiMFmOQD3iYcSXsy","KayBlack","2023-03-31","https://i.scdn.co/image/ab67616d0000b2731f67215fa1e4ef77b7699ae3","1","5","136464","https://p.scdn.co/mp3-preview/db5ddd3bd7ac0f8f8d5b869ba1c322633050809f?cid=9950ac751e34487dbbe027c4fd7f8e99","false","61","BRWMB2300642","spotify:user:316ye5nphj2c6qd5zczz6wspr4te","2023-11-01T12:09:47Z"
"spotify:track:0FBV7lozkqCSuV2q24n43x","Minha Vida é um Filme","spotify:artist:68YeXpLt3jB7JHQS5ZjMGo","Teto","spotify:album:2yLHPvXcoZ3Zu8X5XY8Cpj","Minha Vida é um Filme","spotify:artist:68YeXpLt3jB7JHQS5ZjMGo","Teto","2023-04-01","https://i.scdn.co/image/ab67616d0000b273c0c904e412a1d9887a2011f2","1","1","186666","https://p.scdn.co/mp3-preview/c76cd4e71cd4ade3605af5ab4e0a43b25e55ec90?cid=9950ac751e34487dbbe027c4fd7f8e99","true","62","BXW922300006","spotify:user:316ye5nphj2c6qd5zczz6wspr4te","2023-11-01T12:09:59Z"
"spotify:track:3xIoDkHkhKHC4t9OCK9RyJ","Mítico Jovem","spotify:artist:1ZzJx2AgPmbnOE6OXhnn5K, spotify:artist:44sYX4gwGmUZBnNT2AZTPW, spotify:artist:6BY8aKKdrEbzOYWoD2EOAZ, spotify:artist:3eegqYNOBDWAuQME8S5W1q","Ryu\, The Runner, 6ee, Hobb The Goat, Salve Crazy","spotify:album:7bBlOZxxwCMSMpFngmSIPO","Essa é a Vida de um Corredor","spotify:artist:1ZzJx2AgPmbnOE6OXhnn5K","Ryu\, The Runner","2023-03-03","https://i.scdn.co/image/ab67616d0000b273f545aba01572f7bd7e42b42b","1","6","139130","https://p.scdn.co/mp3-preview/6deeee9c20b05845c96a64d242ad3d6864833e0d?cid=9950ac751e34487dbbe027c4fd7f8e99","true","37","BCY5N2300004","spotify:user:316ye5nphj2c6qd5zczz6wspr4te","2023-11-01T12:10:03Z"
"spotify:track:6J8UJNZrIwvcpsWHvSkwXn","Anos Luz","spotify:artist:5nP8x4uEFjAAmDzwOEc9b8","Matuê","spotify:album:2SUW5NUMqjdAI2R2PdaANQ","Anos Luz","spotify:artist:5nP8x4uEFjAAmDzwOEc9b8","Matuê","2017-11-28","https://i.scdn.co/image/ab67616d0000b273fc2234c5c7a216894712221a","1","1","264045","https://p.scdn.co/mp3-preview/fa632dbebc7cfebf30e58cb78ab5729db15c9dff?cid=9950ac751e34487dbbe027c4fd7f8e99","false","0","BXIV81600024","spotify:user:316ye5nphj2c6qd5zczz6wspr4te","2023-11-01T12:10:07Z"
"spotify:track:18XOY618zQH4bFw3TgVT9L","VALHO NADA","spotify:artist:1WQBwwssN6r8DSjUlkyUGW, spotify:artist:5XEiZVyQHpIDjhkIBbpf2G, spotify:artist:3FVZlbowUWV4h0nKFKVb0a, spotify:artist:7KEZl3nvHOJaaLZUo1wLwc, spotify:artist:5arfYeRczWtKre7ptGoEXp, spotify:artist:3de56pt399CWcGlNa7kB5N, spotify:artist:3Og0gjJyLFUdqIYzXxq6T6, spotify:artist:2ippo8G3HMB1qEEJvkj8PT","MC Cabelinho, Vinicin, Amorim, A.R, Palma, Felipe Rosa, Brutos, Bairro 13","spotify:album:0YSpRv5TQFxz2im8ijEglV","LITTLE LOVE","spotify:artist:1WQBwwssN6r8DSjUlkyUGW","MC Cabelinho","2022-12-20","https://i.scdn.co/image/ab67616d0000b2735384a1eed3cf01a9f11e0aaa","1","6","217539","https://p.scdn.co/mp3-preview/373d3c7da8af3f1ebfde8b3b97286784dbacb029?cid=9950ac751e34487dbbe027c4fd7f8e99","true","60","QZW9L2205865","spotify:user:316ye5nphj2c6qd5zczz6wspr4te","2023-11-01T12:10:11Z"
"spotify:track:4qDT0BeJ7BjatrN9k8AvB4","Flow Espacial","spotify:artist:68YeXpLt3jB7JHQS5ZjMGo, spotify:artist:3MrDVzg7ZXaYMyQmbDInr7, spotify:artist:5nP8x4uEFjAAmDzwOEc9b8","Teto, WIU, Matuê","spotify:album:02bPJTNRLkXeVWQPihqHNX","Flow Espacial","spotify:artist:68YeXpLt3jB7JHQS5ZjMGo, spotify:artist:3MrDVzg7ZXaYMyQmbDInr7, spotify:artist:5nP8x4uEFjAAmDzwOEc9b8","Teto, WIU, Matuê","2023-01-30","https://i.scdn.co/image/ab67616d0000b27313210ec96da13fcbc4066f28","1","1","165925","https://p.scdn.co/mp3-preview/eeb54fe09bb3906599e37d19a27924e13b23491d?cid=9950ac751e34487dbbe027c4fd7f8e99","true","66","BXW922300003","spotify:user:316ye5nphj2c6qd5zczz6wspr4te","2023-11-01T12:10:14Z"
"spotify:track:4hKLzFvNwHF6dPosGT30ed","Novo Balanço","spotify:artist:4YqwRbMLqGHRHLS1w2ZKse, spotify:artist:7saGN6a32YNpiMPo2SWJxE, spotify:artist:5X5jKBLJ88Ji6tzwfL0g4c, spotify:artist:3prRKGJz16RRMRSIM97nHw","Veigh, Bvga Beatz, Prod Malax, Supernova Ent","spotify:album:0D59BFMmnA87oPyk1oSe1b","Dos Prédios Deluxe","spotify:artist:4YqwRbMLqGHRHLS1w2ZKse, spotify:artist:3prRKGJz16RRMRSIM97nHw","Veigh, Supernova Ent","2023-05-19","https://i.scdn.co/image/ab67616d0000b273ce0947b85c30490447dbbd91","1","1","140322","https://p.scdn.co/mp3-preview/af031ca41aac7b60676833187f323d94fc387bce?cid=9950ac751e34487dbbe027c4fd7f8e99","true","72","QZMWW2396002","spotify:user:316ye5nphj2c6qd5zczz6wspr4te","2023-11-01T12:10:23Z"
"spotify:track:1QRDn63eQzqC8dpNcI7HtQ","C'est la vie (Bônus)","spotify:artist:2h5Ha0ZiMFmOQD3iYcSXsy, spotify:artist:4Z9aFsrQeXQbKIOryEkfqe, spotify:artist:5wEgjH2s4SAiffRmzkBqHB","KayBlack, Marquinho no Beat, Wall Hein","spotify:album:1vR5pzEPXx1i7h8zwosa7D","Contradições","spotify:artist:2h5Ha0ZiMFmOQD3iYcSXsy","KayBlack","2023-03-31","https://i.scdn.co/image/ab67616d0000b2731f67215fa1e4ef77b7699ae3","1","7","124913","https://p.scdn.co/mp3-preview/85688aa76500f504528fadcd1410c1a9fe39d3ef?cid=9950ac751e34487dbbe027c4fd7f8e99","false","58","BRWMB2300644","spotify:user:316ye5nphj2c6qd5zczz6wspr4te","2023-11-01T12:10:27Z"
"spotify:track:7aZusA4cWXz3Wv9e9uhavz","Quer Voar","spotify:artist:5nP8x4uEFjAAmDzwOEc9b8","Matuê","spotify:album:7JtB0tcIiJn1gJhDbCCL0e","Quer Voar","spotify:artist:5nP8x4uEFjAAmDzwOEc9b8","Matuê","2021-08-11","https://i.scdn.co/image/ab67616d0000b2739c83aff1a8fa019959eeabb0","1","1","187636","https://p.scdn.co/mp3-preview/a2767606816756602c4b8edca1d1afd8a4bcf2ae?cid=9950ac751e34487dbbe027c4fd7f8e99","true","68","BXW922100012","spotify:user:316ye5nphj2c6qd5zczz6wspr4te","2023-11-01T12:10:30Z"
"spotify:track:5oI9blwsXC8AkTWw6wASY8","Máquina do Tempo","spotify:artist:5nP8x4uEFjAAmDzwOEc9b8","Matuê","spotify:album:6ehm0SMBBoSxH8oSrFXre6","Máquina do Tempo","spotify:artist:5nP8x4uEFjAAmDzwOEc9b8","Matuê","2020-09-10","https://i.scdn.co/image/ab67616d0000b273a602766a53a1827a4b5ed315","1","7","230400","https://p.scdn.co/mp3-preview/b15c45a8961b736ab4a3765cc4f1939f627dde3d?cid=9950ac751e34487dbbe027c4fd7f8e99","true","78","BXW922000009","spotify:user:316ye5nphj2c6qd5zczz6wspr4te","2023-11-01T12:10:41Z"
"spotify:track:7nFvKgVumc9FcU97zGjjei","Coração de Gelo","spotify:artist:3MrDVzg7ZXaYMyQmbDInr7","WIU","spotify:album:7wUbINCiBbmMPH50g1bg3I","Manual de Como Amar Errado","spotify:artist:3MrDVzg7ZXaYMyQmbDInr7","WIU","2022-11-29","https://i.scdn.co/image/ab67616d0000b2733b5fb49ae3144d476cbe2df6","1","9","168000","https://p.scdn.co/mp3-preview/029e02d6df3aeba0e9fcde1a4fed4b253b946a27?cid=9950ac751e34487dbbe027c4fd7f8e99","true","68","BXW922200010","spotify:user:316ye5nphj2c6qd5zczz6wspr4te","2023-11-01T12:10:45Z"
"spotify:track:6m187iACTSAZDYMaV0klqj","Freio da Blazer","spotify:artist:0JjPiLQNgAFaEkwoy56B1C, spotify:artist:0y7B2G0jNMGWyQJsOoRMUt","L7NNON, Ajaxx","spotify:album:7kbClkdK7jjoTIDAJmb1Pb","Freio da Blazer","spotify:artist:0JjPiLQNgAFaEkwoy56B1C, spotify:artist:0y7B2G0jNMGWyQJsOoRMUt","L7NNON, Ajaxx","2021-02-05","https://i.scdn.co/image/ab67616d0000b2735daeb6ec6f86b29018462b20","1","1","180000","https://p.scdn.co/mp3-preview/be956c60653c9abf7dc8b4865017b59d285da738?cid=9950ac751e34487dbbe027c4fd7f8e99","false","2","BR5TG2100002","spotify:user:316ye5nphj2c6qd5zczz6wspr4te","2023-11-01T12:10:49Z"
"spotify:track:2c80HnIOPMmQQVQllQEWb5","É Sal","spotify:artist:5nP8x4uEFjAAmDzwOEc9b8","Matuê","spotify:album:6ehm0SMBBoSxH8oSrFXre6","Máquina do Tempo","spotify:artist:5nP8x4uEFjAAmDzwOEc9b8","Matuê","2020-09-10","https://i.scdn.co/image/ab67616d0000b273a602766a53a1827a4b5ed315","1","6","157687","https://p.scdn.co/mp3-preview/1d2920b7f8a806028fa43b3c3be42f2fc6e4f798?cid=9950ac751e34487dbbe027c4fd7f8e99","true","70","BXW922000004","spotify:user:316ye5nphj2c6qd5zczz6wspr4te","2023-11-01T12:10:58Z"
"spotify:track:6bTdZ7xfKp3NqqADJ8HLyj","Vampiro","spotify:artist:5nP8x4uEFjAAmDzwOEc9b8, spotify:artist:3MrDVzg7ZXaYMyQmbDInr7, spotify:artist:68YeXpLt3jB7JHQS5ZjMGo","Matuê, WIU, Teto","spotify:album:2Czm8l03F67WEzX8MDruyy","Vampiro","spotify:artist:5nP8x4uEFjAAmDzwOEc9b8, spotify:artist:3MrDVzg7ZXaYMyQmbDInr7, spotify:artist:68YeXpLt3jB7JHQS5ZjMGo","Matuê, WIU, Teto","2022-03-29","https://i.scdn.co/image/ab67616d0000b273c300e4abbbe8f43b9e78f6d6","1","1","250434","https://p.scdn.co/mp3-preview/d5f85b929bbce919f6a96ce381c691f82d051f18?cid=9950ac751e34487dbbe027c4fd7f8e99","false","75","BXW922100034","spotify:user:316ye5nphj2c6qd5zczz6wspr4te","2023-11-01T12:11:01Z"
"spotify:track:1JzMOnuyabzpRuSudDD4Cq","Brinca Demais","spotify:artist:3MrDVzg7ZXaYMyQmbDInr7, spotify:artist:5nP8x4uEFjAAmDzwOEc9b8, spotify:artist:68YeXpLt3jB7JHQS5ZjMGo","WIU, Matuê, Teto","spotify:album:7wUbINCiBbmMPH50g1bg3I","Manual de Como Amar Errado","spotify:artist:3MrDVzg7ZXaYMyQmbDInr7","WIU","2022-11-29","https://i.scdn.co/image/ab67616d0000b2733b5fb49ae3144d476cbe2df6","1","14","194400","https://p.scdn.co/mp3-preview/a921c0d9eab9e766b4c2fdce63f8e962fcbaad13?cid=9950ac751e34487dbbe027c4fd7f8e99","false","65","BXW922200003","spotify:user:316ye5nphj2c6qd5zczz6wspr4te","2023-11-01T12:11:04Z"
"spotify:track:4sfY9Q4rQKVwxQVKo6v04i","2023","spotify:artist:27azwwkxutWL1BWMkgNIh0, spotify:artist:75i9GaW2MJUgt4BkdUnuUY, spotify:artist:1GYx2LBI5bt0xRUpvdGYYt, spotify:artist:7saGN6a32YNpiMPo2SWJxE, spotify:artist:69o8iufFnvKcM2HcURIkbc","Vulgo FK, MC Ryan SP, Tkd, Bvga Beatz, MATHINVOKER","spotify:album:3qwvyGMmybAvkvyIKhlGwB","Perdas & Ganhos","spotify:artist:27azwwkxutWL1BWMkgNIh0","Vulgo FK","2023-07-14","https://i.scdn.co/image/ab67616d0000b2733aff972cb6057a5a924e928d","1","8","178407","https://p.scdn.co/mp3-preview/29f997d4a4ecce38f73323e06518c767d9a5f62c?cid=9950ac751e34487dbbe027c4fd7f8e99","true","57","BRRGE2300517","spotify:user:316ye5nphj2c6qd5zczz6wspr4te","2023-11-01T12:11:17Z"
"spotify:track:3QGxgNaqaFSpORp2OVLXHR","212","spotify:artist:68PYmgkbRP1qZnEWOry7sB, spotify:artist:25XJqeReVV38w0tR04GGBd","Chefin, Mainstreet","spotify:album:1fcZBsLGUUTI4qRWYsjOuN","212","spotify:artist:68PYmgkbRP1qZnEWOry7sB, spotify:artist:25XJqeReVV38w0tR04GGBd","Chefin, Mainstreet","2022-01-15","https://i.scdn.co/image/ab67616d0000b273a563c6ba4cf8283ecec95589","1","1","150610","https://p.scdn.co/mp3-preview/d6ec55c0f952040889d2fd213e874a15224bd8fd?cid=9950ac751e34487dbbe027c4fd7f8e99","true","64","BCM9A2200002","spotify:user:316ye5nphj2c6qd5zczz6wspr4te","2023-11-01T12:11:19Z"
"spotify:track:7HjZD0NPC1hzFpjUjo45GR","Me Sinto Abençoado","spotify:artist:28ie4NNTa2VW2QV4Zray8M, spotify:artist:7gJN8W0589FisSYJS17K54, spotify:artist:25XJqeReVV38w0tR04GGBd, spotify:artist:0y7B2G0jNMGWyQJsOoRMUt","Mc Poze do Rodo, Filipe Ret, Mainstreet, Ajaxx","spotify:album:0CuUCSHvpqUcuXffl0rcQD","Me Sinto Abençoado","spotify:artist:0LyfQWJT6nXafLPZqxe9Of","Vários intérpretes","2021-12-07","https://i.scdn.co/image/ab67616d0000b27318c79875042f87e746cc3c48","1","1","214235","https://p.scdn.co/mp3-preview/3dd0b2de2f87704957ffca239d283198bb401ec5?cid=9950ac751e34487dbbe027c4fd7f8e99","false","66","BCM9A2100048","spotify:user:316ye5nphj2c6qd5zczz6wspr4te","2023-11-01T12:11:25Z"
"spotify:track:3MkdA6vwF0ifRl86yzTlJW","Kenny G","spotify:artist:5nP8x4uEFjAAmDzwOEc9b8","Matuê","spotify:album:6dXKy9X9o0HpcF0YZjaWOa","Kenny G","spotify:artist:5nP8x4uEFjAAmDzwOEc9b8","Matuê","2019-09-04","https://i.scdn.co/image/ab67616d0000b27334c967477c4bf35b28a37ca2","1","1","189600","https://p.scdn.co/mp3-preview/88e5de1761c18af9cbee008875e50e50a8ed7136?cid=9950ac751e34487dbbe027c4fd7f8e99","true","75","BX2M81900002","spotify:user:316ye5nphj2c6qd5zczz6wspr4te","2023-11-01T12:11:29Z"
"spotify:track:76PSvY34ovx8MVJL9wHAXS","Vivências","spotify:artist:2h5Ha0ZiMFmOQD3iYcSXsy, spotify:artist:5wEgjH2s4SAiffRmzkBqHB","KayBlack, Wall Hein","spotify:album:75HSmlFli0lJoKjR4eJWPO","Vivências","spotify:artist:2h5Ha0ZiMFmOQD3iYcSXsy, spotify:artist:5wEgjH2s4SAiffRmzkBqHB","KayBlack, Wall Hein","2021-03-19","https://i.scdn.co/image/ab67616d0000b273fc9563c854f3c25525d123e0","1","1","167115","https://p.scdn.co/mp3-preview/addea59ba4534eb8a618ad10771084ec68a01874?cid=9950ac751e34487dbbe027c4fd7f8e99","true","62","BCENK2100023","spotify:user:316ye5nphj2c6qd5zczz6wspr4te","2023-11-01T12:11:36Z"
"spotify:track:07AQkmp456NpEnT8HR7WLy","M4","spotify:artist:68YeXpLt3jB7JHQS5ZjMGo, spotify:artist:5nP8x4uEFjAAmDzwOEc9b8","Teto, Matuê","spotify:album:0yqUVjjoQFD1wtu4OJSNM3","M4","spotify:artist:68YeXpLt3jB7JHQS5ZjMGo, spotify:artist:5nP8x4uEFjAAmDzwOEc9b8","Teto, Matuê","2021-01-20","https://i.scdn.co/image/ab67616d0000b27326addbe7863ffd3bd276163d","1","1","170000","https://p.scdn.co/mp3-preview/50b485936c93ad2c78444fde78dceff2da60574a?cid=9950ac751e34487dbbe027c4fd7f8e99","true","73","BXW922000017","spotify:user:316ye5nphj2c6qd5zczz6wspr4te","2023-11-01T12:11:41Z"
"spotify:track:6Vgn3IEUkWs3d6og029Gtm","Mustang Preto","spotify:artist:68YeXpLt3jB7JHQS5ZjMGo","Teto","spotify:album:6fhHEgPoz6jfgZvwlH9jBA","Mustang Preto","spotify:artist:68YeXpLt3jB7JHQS5ZjMGo","Teto","2021-10-10","https://i.scdn.co/image/ab67616d0000b273bdeb77c9a8352b4349937635","1","1","183000","https://p.scdn.co/mp3-preview/d94696f86cc64da51cc3dbade6358d2a0d4637e3?cid=9950ac751e34487dbbe027c4fd7f8e99","true","64","BXW922100022","spotify:user:316ye5nphj2c6qd5zczz6wspr4te","2023-11-01T12:11:52Z"
"spotify:track:3sGcETRMuAgcPgjDpIkgMn","777-666","spotify:artist:5nP8x4uEFjAAmDzwOEc9b8","Matuê","spotify:album:6ehm0SMBBoSxH8oSrFXre6","Máquina do Tempo","spotify:artist:5nP8x4uEFjAAmDzwOEc9b8","Matuê","2020-09-10","https://i.scdn.co/image/ab67616d0000b273a602766a53a1827a4b5ed315","1","5","164000","https://p.scdn.co/mp3-preview/a52259bf063170645e4f6d86c2c832a2d666f5bb?cid=9950ac751e34487dbbe027c4fd7f8e99","true","73","BXW922000007","spotify:user:316ye5nphj2c6qd5zczz6wspr4te","2023-11-01T12:11:56Z"
"spotify:track:3ktTWpYdXrYApH54cBo4Ap","Conexões de Máfia (feat. Rich The Kid)","spotify:artist:5nP8x4uEFjAAmDzwOEc9b8, spotify:artist:1pPmIToKXyGdsCF6LmqLmI","Matuê, Rich The Kid","spotify:album:54nMZ1uU3fJFROh7jEymzB","Conexões de Máfia (feat. Rich The Kid)","spotify:artist:5nP8x4uEFjAAmDzwOEc9b8","Matuê","2023-04-30","https://i.scdn.co/image/ab67616d0000b273dc103c9d3965b0c75012f1f1","1","1","221538","https://p.scdn.co/mp3-preview/947a73ab96b50f6f336fbd75d0464c65868ef842?cid=9950ac751e34487dbbe027c4fd7f8e99","true","69","BXW922200014","spotify:user:316ye5nphj2c6qd5zczz6wspr4te","2023-11-01T12:11:59Z"
"spotify:track:39xOREhViooEYFpmnKTdrl","Engana Dizendo Que Ama","spotify:artist:4YqwRbMLqGHRHLS1w2ZKse, spotify:artist:3lIU3RoZiHen1QXAQ3KQ9e, spotify:artist:7I4OIWw3Zm4lUmt2QHnz30, spotify:artist:6TPJK8tv3AKKSsw0lENTQk, spotify:artist:7saGN6a32YNpiMPo2SWJxE, spotify:artist:3prRKGJz16RRMRSIM97nHw","Veigh, Tz da Coronel, Toledo, Nagalli, Bvga Beatz, Supernova Ent","spotify:album:0D59BFMmnA87oPyk1oSe1b","Dos Prédios Deluxe","spotify:artist:4YqwRbMLqGHRHLS1w2ZKse, spotify:artist:3prRKGJz16RRMRSIM97nHw","Veigh, Supernova Ent","2023-05-19","https://i.scdn.co/image/ab67616d0000b273ce0947b85c30490447dbbd91","1","2","188497","https://p.scdn.co/mp3-preview/7ca8e1a173ca2c18e144a182119c3fda300ce2c2?cid=9950ac751e34487dbbe027c4fd7f8e99","true","72","QZMWW2396003","spotify:user:316ye5nphj2c6qd5zczz6wspr4te","2023-11-01T12:12:07Z"
"spotify:track:7zKqmAHGY8zm2UA4wT5ant","Perdoa Por Tudo Vida","spotify:artist:4YqwRbMLqGHRHLS1w2ZKse, spotify:artist:7I4OIWw3Zm4lUmt2QHnz30, spotify:artist:3prRKGJz16RRMRSIM97nHw, spotify:artist:7saGN6a32YNpiMPo2SWJxE","Veigh, Toledo, Supernova Ent, Bvga Beatz","spotify:album:7ARyKbobUo0oE30Arwe67d","Dos Prédios","spotify:artist:4YqwRbMLqGHRHLS1w2ZKse, spotify:artist:3prRKGJz16RRMRSIM97nHw","Veigh, Supernova Ent","2022-11-18","https://i.scdn.co/image/ab67616d0000b273afdd3ee20cd7c4a636b07cce","1","10","160000","https://p.scdn.co/mp3-preview/21e03f85d854b70da4a9e1c6db82a9ab37df6371?cid=9950ac751e34487dbbe027c4fd7f8e99","true","0","QZNMY2242348","spotify:user:316ye5nphj2c6qd5zczz6wspr4te","2023-11-01T12:12:11Z"
"spotify:track:6kxC1D2TDKrwPOlx23VoFS","X6","spotify:artist:0pcoadNMmvrUyab1RxWBoV","MC Hariel","spotify:album:2GjSmvspkIe32HTVw8rpOS","1 Beat 1 Letra","spotify:artist:0pcoadNMmvrUyab1RxWBoV","MC Hariel","2022-12-16","https://i.scdn.co/image/ab67616d0000b2735e3e4e474d7894cf8c2e7d43","1","13","194000","https://p.scdn.co/mp3-preview/e58c7c67f490c402b4660c925e570f5ef9ef116e?cid=9950ac751e34487dbbe027c4fd7f8e99","false","57","BRWMB2201283","spotify:user:316ye5nphj2c6qd5zczz6wspr4te","2023-11-01T12:12:15Z"
"spotify:track:5ffDENIdtByAZxHpuuj9li","Vida Chique","spotify:artist:4YqwRbMLqGHRHLS1w2ZKse, spotify:artist:03evdtQP9vcuqdDU6hOluN, spotify:artist:59gFRpopXIytwMDYDggebp, spotify:artist:6TPJK8tv3AKKSsw0lENTQk, spotify:artist:3prRKGJz16RRMRSIM97nHw, spotify:artist:0f2YkMXwFNJNSX7MymevKE","Veigh, Nick Nash, Wylo, Nagalli, Supernova Ent, Kaash Paige","spotify:album:7ARyKbobUo0oE30Arwe67d","Dos Prédios","spotify:artist:4YqwRbMLqGHRHLS1w2ZKse, spotify:artist:3prRKGJz16RRMRSIM97nHw","Veigh, Supernova Ent","2022-11-18","https://i.scdn.co/image/ab67616d0000b273afdd3ee20cd7c4a636b07cce","1","5","210545","https://p.scdn.co/mp3-preview/dccea889274b8b02876d6ca9f41cf84e883b4368?cid=9950ac751e34487dbbe027c4fd7f8e99","true","1","QZNMY2242344","spotify:user:316ye5nphj2c6qd5zczz6wspr4te","2023-11-01T12:12:19Z"
"spotify:track:18KpzkzNNX4myaqT0ROcVY","Quem Manda É a 30","spotify:artist:5nP8x4uEFjAAmDzwOEc9b8","Matuê","spotify:album:5kF2rjxzgm4sEH4cN1wM1l","Quem Manda É a 30","spotify:artist:5nP8x4uEFjAAmDzwOEc9b8","Matuê","2018-07-13","https://i.scdn.co/image/ab67616d0000b2730652024f133120296bcb0d81","1","1","257020","https://p.scdn.co/mp3-preview/fe4df6c68fbcc2c02b3edfc5e0da58b6f850d2f2?cid=9950ac751e34487dbbe027c4fd7f8e99","true","2","QZ5AB1986507","spotify:user:316ye5nphj2c6qd5zczz6wspr4te","2023-11-01T12:12:22Z"
"spotify:track:4MF0VMffyxHsy3GZwwUnAs","A Morte do Autotune","spotify:artist:5nP8x4uEFjAAmDzwOEc9b8","Matuê","spotify:album:3wtW4Pv6ED7nUpQL5GY5Vx","A Morte do Autotune","spotify:artist:5nP8x4uEFjAAmDzwOEc9b8","Matuê","2018-12-25","https://i.scdn.co/image/ab67616d0000b27343f7193e1d691fef20b5ab81","1","1","216710","https://p.scdn.co/mp3-preview/6e183073a8c9f840bde70a37f1711ae86afd3804?cid=9950ac751e34487dbbe027c4fd7f8e99","false","5","BX2M81800014","spotify:user:316ye5nphj2c6qd5zczz6wspr4te","2023-11-01T12:12:27Z"
"spotify:track:7MPQNyAX02uIEQCRsC4sgc","Banco","spotify:artist:5nP8x4uEFjAAmDzwOEc9b8, spotify:artist:7H2F16aJoBquyx73K4pUsS","Matuê, Predella","spotify:album:60iZnmmLOgY1LpkCinkELW","Banco","spotify:artist:5nP8x4uEFjAAmDzwOEc9b8","Matuê","2019-01-16","https://i.scdn.co/image/ab67616d0000b2739204986300e6e92f80361a80","1","1","254734","https://p.scdn.co/mp3-preview/c0145a6248685ad106a8462d2785c9c892ca8d50?cid=9950ac751e34487dbbe027c4fd7f8e99","true","1","BX2M81800015","spotify:user:316ye5nphj2c6qd5zczz6wspr4te","2023-11-01T12:12:30Z"
"spotify:track:2XymTaHTrQWDEuSyhfZvqF","Antes","spotify:artist:5nP8x4uEFjAAmDzwOEc9b8","Matuê","spotify:album:6ehm0SMBBoSxH8oSrFXre6","Máquina do Tempo","spotify:artist:5nP8x4uEFjAAmDzwOEc9b8","Matuê","2020-09-10","https://i.scdn.co/image/ab67616d0000b273a602766a53a1827a4b5ed315","1","2","169092","https://p.scdn.co/mp3-preview/43bcbc8af14f0c6281d24b67f62cc36aebac157a?cid=9950ac751e34487dbbe027c4fd7f8e99","true","72","BXW922000005","spotify:user:316ye5nphj2c6qd5zczz6wspr4te","2023-11-01T12:12:34Z"
"spotify:track:1QjsRvdLEvUmKgCWh9cvd5","Dia Azul","spotify:artist:68YeXpLt3jB7JHQS5ZjMGo","Teto","spotify:album:1Mp4qx0rzYoZHXmTX5ViS4","previas.zip","spotify:artist:68YeXpLt3jB7JHQS5ZjMGo","Teto","2021-04-01","https://i.scdn.co/image/ab67616d0000b27302ad6d7836954c05011147a3","1","2","138370","https://p.scdn.co/mp3-preview/2874b629ce0f52283c9abf262785a760bbc3f4d4?cid=9950ac751e34487dbbe027c4fd7f8e99","false","66","BXW922100003","spotify:user:316ye5nphj2c6qd5zczz6wspr4te","2023-11-01T12:12:37Z"
"spotify:track:0EuRZKWzNptC1ZuIMFKLxz","Filho do Dono","spotify:artist:4yGgbQJMq9orWypwqtdzYT, spotify:artist:1WQBwwssN6r8DSjUlkyUGW, spotify:artist:6ckKeUM4OxpRhdXzWamJAN, spotify:artist:25XJqeReVV38w0tR04GGBd","Oruam, MC Cabelinho, Heron, Mainstreet","spotify:album:6DKYGWP4vYcYnMIPHRaMAe","Filho do Dono","spotify:artist:4yGgbQJMq9orWypwqtdzYT, spotify:artist:1WQBwwssN6r8DSjUlkyUGW, spotify:artist:6ckKeUM4OxpRhdXzWamJAN","Oruam, MC Cabelinho, Heron","2022-04-26","https://i.scdn.co/image/ab67616d0000b273a59f28d284d1d4d1e71187c3","1","1","210000","https://p.scdn.co/mp3-preview/2e4146abd084f27404a74c9f86159e90ac2e49b0?cid=9950ac751e34487dbbe027c4fd7f8e99","true","51","BCM9A2200013","spotify:user:316ye5nphj2c6qd5zczz6wspr4te","2023-11-01T12:12:40Z"
"spotify:track:3ow7zYRhbIO7f4yyHI4ZaD","Manha","spotify:artist:68YeXpLt3jB7JHQS5ZjMGo","Teto","spotify:album:1Mp4qx0rzYoZHXmTX5ViS4","previas.zip","spotify:artist:68YeXpLt3jB7JHQS5ZjMGo","Teto","2021-04-01","https://i.scdn.co/image/ab67616d0000b27302ad6d7836954c05011147a3","1","3","177442","https://p.scdn.co/mp3-preview/47de99e8dd75f630efb1156069090312bc46ad3c?cid=9950ac751e34487dbbe027c4fd7f8e99","true","66","BXW922100005","spotify:user:316ye5nphj2c6qd5zczz6wspr4te","2023-11-01T12:12:44Z"
"spotify:track:6x1FttETfbRLerumlTn0ZH","Paypal","spotify:artist:68YeXpLt3jB7JHQS5ZjMGo","Teto","spotify:album:1Mp4qx0rzYoZHXmTX5ViS4","previas.zip","spotify:artist:68YeXpLt3jB7JHQS5ZjMGo","Teto","2021-04-01","https://i.scdn.co/image/ab67616d0000b27302ad6d7836954c05011147a3","1","1","166153","https://p.scdn.co/mp3-preview/6760ad4d7bbdebfb53f1f1e74c8737ddc75bee23?cid=9950ac751e34487dbbe027c4fd7f8e99","false","69","BXW922000018","spotify:user:316ye5nphj2c6qd5zczz6wspr4te","2023-11-01T12:12:47Z"
"spotify:track:3ua3rqwBNmeGeQfcKnA3bT","Groupies","spotify:artist:3Ns5FA1ANQOzsHLWspsrC6, spotify:artist:68YeXpLt3jB7JHQS5ZjMGo, spotify:artist:5nP8x4uEFjAAmDzwOEc9b8","Doode, Teto, Matuê","spotify:album:6GyknQiPJF4HKS85cxB5Wi","Groupies","spotify:artist:3Ns5FA1ANQOzsHLWspsrC6, spotify:artist:68YeXpLt3jB7JHQS5ZjMGo, spotify:artist:5nP8x4uEFjAAmDzwOEc9b8","Doode, Teto, Matuê","2021-09-28","https://i.scdn.co/image/ab67616d0000b27314bf1f63e5931fba091da55a","1","1","164571","https://p.scdn.co/mp3-preview/ffae11d698937c5a6d4e9b67cfdf72b0845dca08?cid=9950ac751e34487dbbe027c4fd7f8e99","false","70","BXW922100020","spotify:user:316ye5nphj2c6qd5zczz6wspr4te","2023-11-01T12:12:56Z"
"spotify:track:1iaPDgTbsKrlznVu13EWIf","ESSÊNCIA DE CRIA","spotify:artist:1WQBwwssN6r8DSjUlkyUGW, spotify:artist:2vWGxqWbGgmgxVDZ5CBvBP, spotify:artist:28ie4NNTa2VW2QV4Zray8M, spotify:artist:3lIU3RoZiHen1QXAQ3KQ9e, spotify:artist:6PERJZF7wohA034PAxDK0b","MC Cabelinho, Bielzin, Mc Poze do Rodo, Tz da Coronel, Neo Beats","spotify:album:1KAZ4CtfGW7JgVvh6lq30V","LITTLE HAIR","spotify:artist:1WQBwwssN6r8DSjUlkyUGW","MC Cabelinho","2021-12-20","https://i.scdn.co/image/ab67616d0000b2734f90d64d24d84a45e823c76e","1","3","192194","https://p.scdn.co/mp3-preview/106cd903eb841de868f8034ff7f9e036d1f5cc77?cid=9950ac751e34487dbbe027c4fd7f8e99","true","65","QZTVM2103305","spotify:user:316ye5nphj2c6qd5zczz6wspr4te","2023-11-01T12:13:00Z"
"spotify:track:7afaZ37wJJL6880z1NRgJS","Fim de Semana no Rio","spotify:artist:68YeXpLt3jB7JHQS5ZjMGo","Teto","spotify:album:02q2gOT5jYZN9fXLPFxy9S","Fim de Semana no Rio","spotify:artist:68YeXpLt3jB7JHQS5ZjMGo","Teto","2022-03-30","https://i.scdn.co/image/ab67616d0000b273b7e0e2c8b32b0804a68eab92","1","1","165882","https://p.scdn.co/mp3-preview/c16c29d0cc5e9b99fb13e2741275ab8f3f02be2b?cid=9950ac751e34487dbbe027c4fd7f8e99","true","67","BXW922200001","spotify:user:316ye5nphj2c6qd5zczz6wspr4te","2023-11-01T12:13:04Z"
"spotify:track:2orGm2E68ODFYOURjaES62","Felina","spotify:artist:3MrDVzg7ZXaYMyQmbDInr7, spotify:artist:75i9GaW2MJUgt4BkdUnuUY","WIU, MC Ryan SP","spotify:album:28BuR3X6PDJ6rJ5QapLYgn","Felina","spotify:artist:3MrDVzg7ZXaYMyQmbDInr7, spotify:artist:75i9GaW2MJUgt4BkdUnuUY","WIU, MC Ryan SP","2022-09-22","https://i.scdn.co/image/ab67616d0000b273ee23d31b01fd56865083522d","1","1","225882","https://p.scdn.co/mp3-preview/9a26df581cd3f59ee3644ca381bf5597ad6fdb1d?cid=9950ac751e34487dbbe027c4fd7f8e99","false","67","BXW922200018","spotify:user:316ye5nphj2c6qd5zczz6wspr4te","2023-11-01T12:13:07Z"
"spotify:track:0yDMhYTryvQoR634wDgQ1j","O Fim é Triste (feat. DJ BOY)","spotify:artist:0pcoadNMmvrUyab1RxWBoV, spotify:artist:5ncITNKBT3RMa1U2NsuE7V","MC Hariel, DJ BOY","spotify:album:42olwEoM9dmZzgs97cjdXt","O Fim é Triste (feat. DJ BOY)","spotify:artist:0pcoadNMmvrUyab1RxWBoV","MC Hariel","2022-06-17","https://i.scdn.co/image/ab67616d0000b27304e796cb6e56675ff4a09dec","1","1","158117","https://p.scdn.co/mp3-preview/7cd491ec5defa139c4fc44b5a9a75aca3735993d?cid=9950ac751e34487dbbe027c4fd7f8e99","false","62","BRWMB2200638","spotify:user:316ye5nphj2c6qd5zczz6wspr4te","2023-11-01T12:13:32Z"
"spotify:track:4cxApmpAxYi9UlB6AT2H8S","Oração","spotify:artist:3MrDVzg7ZXaYMyQmbDInr7","WIU","spotify:album:7wUbINCiBbmMPH50g1bg3I","Manual de Como Amar Errado","spotify:artist:3MrDVzg7ZXaYMyQmbDInr7","WIU","2022-11-29","https://i.scdn.co/image/ab67616d0000b2733b5fb49ae3144d476cbe2df6","1","2","206896","https://p.scdn.co/mp3-preview/6a83150ff5279f14d11803bb1fd8bed2a53b34eb?cid=9950ac751e34487dbbe027c4fd7f8e99","false","53","BXW922200005","spotify:user:316ye5nphj2c6qd5zczz6wspr4te","2023-11-01T12:13:35Z"
"spotify:track:1RgJ4lexKGNBlKnyxB5SRt","Balazul","spotify:artist:68YeXpLt3jB7JHQS5ZjMGo, spotify:artist:6PCKJU7fu36U4fRl7354wU","Teto, Mateca","spotify:album:6UxAHRNJAQpp9Rd1aGrQd7","Mateca x Teto","spotify:artist:68YeXpLt3jB7JHQS5ZjMGo, spotify:artist:6PCKJU7fu36U4fRl7354wU","Teto, Mateca","2022-06-07","https://i.scdn.co/image/ab67616d0000b273238a0808cf3d9462e7c5e7c0","1","2","202909","https://p.scdn.co/mp3-preview/8ce5526483adae59a3333318c86a4710167c23dd?cid=9950ac751e34487dbbe027c4fd7f8e99","false","68","BXW922100039","spotify:user:316ye5nphj2c6qd5zczz6wspr4te","2023-11-01T12:13:42Z"
"spotify:track:7oWd2k0fhorqIpXotLNN9F","Bolsa de Ombro","spotify:artist:4YqwRbMLqGHRHLS1w2ZKse, spotify:artist:4yFJeWVY6IZLc5KcYCvtBE, spotify:artist:7I4OIWw3Zm4lUmt2QHnz30, spotify:artist:1EihkUZJcXOwXN4tedcfxd, spotify:artist:44sYX4gwGmUZBnNT2AZTPW, spotify:artist:3prRKGJz16RRMRSIM97nHw","Veigh, G.A, Toledo, H4lfmeasures, 6ee, Supernova Ent","spotify:album:0D59BFMmnA87oPyk1oSe1b","Dos Prédios Deluxe","spotify:artist:4YqwRbMLqGHRHLS1w2ZKse, spotify:artist:3prRKGJz16RRMRSIM97nHw","Veigh, Supernova Ent","2023-05-19","https://i.scdn.co/image/ab67616d0000b273ce0947b85c30490447dbbd91","1","3","114321","https://p.scdn.co/mp3-preview/62eb825fd1e2a0695828c782e49676fc9c1c49fa?cid=9950ac751e34487dbbe027c4fd7f8e99","true","62","QZMWW2396004","spotify:user:316ye5nphj2c6qd5zczz6wspr4te","2023-11-01T12:13:46Z"
"spotify:track:3hLoH18k4pP6eXEljzNHHr","Tendenciosa","spotify:artist:4YqwRbMLqGHRHLS1w2ZKse, spotify:artist:4Y0VwRwAOyJutxoVpPX4td, spotify:artist:6TPJK8tv3AKKSsw0lENTQk, spotify:artist:0PNcEYeVDBqbywI00Y3ANT, spotify:artist:7I4OIWw3Zm4lUmt2QHnz30, spotify:artist:3prRKGJz16RRMRSIM97nHw","Veigh, Derek, Nagalli, Honaiser, Toledo, Supernova Ent","spotify:album:0D59BFMmnA87oPyk1oSe1b","Dos Prédios Deluxe","spotify:artist:4YqwRbMLqGHRHLS1w2ZKse, spotify:artist:3prRKGJz16RRMRSIM97nHw","Veigh, Supernova Ent","2023-05-19","https://i.scdn.co/image/ab67616d0000b273ce0947b85c30490447dbbd91","1","4","195073","https://p.scdn.co/mp3-preview/63eb633c6b83a02cf2d947231808c6b6685c0de3?cid=9950ac751e34487dbbe027c4fd7f8e99","true","58","QZMWW2396005","spotify:user:316ye5nphj2c6qd5zczz6wspr4te","2023-11-01T12:13:50Z"
"spotify:track:5dkytCgrODAV4HzGy0Sl94","Detalhes","spotify:artist:4YqwRbMLqGHRHLS1w2ZKse, spotify:artist:0JjPiLQNgAFaEkwoy56B1C, spotify:artist:5WFFFHVqeVk5tLuYh2KjQy, spotify:artist:6TPJK8tv3AKKSsw0lENTQk, spotify:artist:23ot0eI6ByBW6LrlBfr2bm, spotify:artist:7saGN6a32YNpiMPo2SWJxE, spotify:artist:3prRKGJz16RRMRSIM97nHw","Veigh, L7NNON, Luccas Carlos, Nagalli, Pedro Lotto, Bvga Beatz, Supernova Ent","spotify:album:0D59BFMmnA87oPyk1oSe1b","Dos Prédios Deluxe","spotify:artist:4YqwRbMLqGHRHLS1w2ZKse, spotify:artist:3prRKGJz16RRMRSIM97nHw","Veigh, Supernova Ent","2023-05-19","https://i.scdn.co/image/ab67616d0000b273ce0947b85c30490447dbbd91","1","9","213222","https://p.scdn.co/mp3-preview/985da659117de8101ea41a5d4d1cfcac9e34c9d4?cid=9950ac751e34487dbbe027c4fd7f8e99","true","57","QZMWW2396009","spotify:user:316ye5nphj2c6qd5zczz6wspr4te","2023-11-01T12:13:53Z"
"spotify:track:7qrQs4rPGCXnwNyLn2YVCT","Devolve as Correntes / Invisível","spotify:artist:4YqwRbMLqGHRHLS1w2ZKse, spotify:artist:6TPJK8tv3AKKSsw0lENTQk, spotify:artist:7I4OIWw3Zm4lUmt2QHnz30, spotify:artist:7saGN6a32YNpiMPo2SWJxE, spotify:artist:0PNcEYeVDBqbywI00Y3ANT, spotify:artist:3prRKGJz16RRMRSIM97nHw","Veigh, Nagalli, Toledo, Bvga Beatz, Honaiser, Supernova Ent","spotify:album:0D59BFMmnA87oPyk1oSe1b","Dos Prédios Deluxe","spotify:artist:4YqwRbMLqGHRHLS1w2ZKse, spotify:artist:3prRKGJz16RRMRSIM97nHw","Veigh, Supernova Ent","2023-05-19","https://i.scdn.co/image/ab67616d0000b273ce0947b85c30490447dbbd91","1","7","140860","https://p.scdn.co/mp3-preview/e8dd9e0b240e200d3a63c58a9bfdd9893305bda7?cid=9950ac751e34487dbbe027c4fd7f8e99","true","63","QZMWW2396007","spotify:user:316ye5nphj2c6qd5zczz6wspr4te","2023-11-01T12:13:56Z"
"spotify:track:12YCtLHGk6tP6RbHDHflCs","Cartão Black","spotify:artist:7tojcuXcZ7eBlQjbAc65Ee, spotify:artist:2h5Ha0ZiMFmOQD3iYcSXsy, spotify:artist:5wEgjH2s4SAiffRmzkBqHB","MC Caverinha, KayBlack, Wall Hein","spotify:album:23R4fvlUILMwCpu3tpgiMH","Cartão Black","spotify:artist:7tojcuXcZ7eBlQjbAc65Ee, spotify:artist:2h5Ha0ZiMFmOQD3iYcSXsy, spotify:artist:5wEgjH2s4SAiffRmzkBqHB","MC Caverinha, KayBlack, Wall Hein","2023-05-11","https://i.scdn.co/image/ab67616d0000b27303438db8ee89531f16408855","1","1","159973","https://p.scdn.co/mp3-preview/104d0a483a1ddefb5c28282c314cbf795907b0f8?cid=9950ac751e34487dbbe027c4fd7f8e99","false","63","BRRGE2300377","spotify:user:316ye5nphj2c6qd5zczz6wspr4te","2023-11-01T12:14:02Z"
"spotify:track:0dcHD9QhnWRA41zoLnC83X","X1","spotify:artist:1WQBwwssN6r8DSjUlkyUGW, spotify:artist:4LAFtDzlQM89xov636hMVv","MC Cabelinho, Dallass","spotify:album:1KAZ4CtfGW7JgVvh6lq30V","LITTLE HAIR","spotify:artist:1WQBwwssN6r8DSjUlkyUGW","MC Cabelinho","2021-12-20","https://i.scdn.co/image/ab67616d0000b2734f90d64d24d84a45e823c76e","1","6","188852","https://p.scdn.co/mp3-preview/b842512d954779f1718aa9b8860f47674de0e42d?cid=9950ac751e34487dbbe027c4fd7f8e99","true","71","QZTVM2103308","spotify:user:316ye5nphj2c6qd5zczz6wspr4te","2023-11-01T12:14:05Z"
"spotify:track:5QZEKx4SQOxABjMvcJjrGj","Nunca Sozinho","spotify:artist:3prRKGJz16RRMRSIM97nHw, spotify:artist:4YqwRbMLqGHRHLS1w2ZKse, spotify:artist:6TPJK8tv3AKKSsw0lENTQk, spotify:artist:5OvehyyUJ5edWaogL9o4Ka","Supernova Ent, Veigh, Nagalli, Rocco","spotify:album:0aUlKZZU5PNjviB2BbVRW5","Nunca Sozinho","spotify:artist:3prRKGJz16RRMRSIM97nHw, spotify:artist:4YqwRbMLqGHRHLS1w2ZKse, spotify:artist:6TPJK8tv3AKKSsw0lENTQk","Supernova Ent, Veigh, Nagalli","2023-03-03","https://i.scdn.co/image/ab67616d0000b2731ad7aaa36e9d834ce053a828","1","1","137102","","true","0","USLZJ2327657","spotify:user:316ye5nphj2c6qd5zczz6wspr4te","2023-11-01T12:14:09Z"
"spotify:track:4unpSpFKk3d8H08AmLvrHj","DAMN!","spotify:artist:1ZzJx2AgPmbnOE6OXhnn5K, spotify:artist:4z8ieq95PTFrqoxYhozY75, spotify:artist:3eegqYNOBDWAuQME8S5W1q, spotify:artist:3Lw8tmb8t7XVLonOhQlqbA, spotify:artist:44sYX4gwGmUZBnNT2AZTPW","Ryu\, The Runner, Emitê Único, Salve Crazy, Luk The Real, 6ee","spotify:album:7bBlOZxxwCMSMpFngmSIPO","Essa é a Vida de um Corredor","spotify:artist:1ZzJx2AgPmbnOE6OXhnn5K","Ryu\, The Runner","2023-03-03","https://i.scdn.co/image/ab67616d0000b273f545aba01572f7bd7e42b42b","1","5","136875","https://p.scdn.co/mp3-preview/947567f68e9423071c1793e0757d08366667b5eb?cid=9950ac751e34487dbbe027c4fd7f8e99","true","47","BCY5N2300005","spotify:user:316ye5nphj2c6qd5zczz6wspr4te","2023-11-01T12:14:12Z"
"spotify:track:4s2yKemk3Fu1UMD5cU5UYd","Tropa do Mais Novo","spotify:artist:68PYmgkbRP1qZnEWOry7sB, spotify:artist:27azwwkxutWL1BWMkgNIh0, spotify:artist:25XJqeReVV38w0tR04GGBd, spotify:artist:0y7B2G0jNMGWyQJsOoRMUt","Chefin, Vulgo FK, Mainstreet, Ajaxx","spotify:album:2BbG0JEEVGpO2xscs9AYxT","A Nova Era","spotify:artist:68PYmgkbRP1qZnEWOry7sB","Chefin","2022-07-07","https://i.scdn.co/image/ab67616d0000b27352abf523bf691ebb8fc029b2","1","4","201398","https://p.scdn.co/mp3-preview/60e4a508f4f20fd30e18099c361a62eaee5f57cf?cid=9950ac751e34487dbbe027c4fd7f8e99","true","63","BCM9A2200025","spotify:user:316ye5nphj2c6qd5zczz6wspr4te","2023-11-01T12:14:16Z"
"spotify:track:4Fd1cs4q4oA95DmqiPSXhO","Mantém o Pique","spotify:artist:1ZzJx2AgPmbnOE6OXhnn5K, spotify:artist:3914e1ewXuF036M63rgK0d, spotify:artist:3eegqYNOBDWAuQME8S5W1q","Ryu\, The Runner, Neckklace, Salve Crazy","spotify:album:4RVMFRNLl65DNtpmGS2M7z","Mantém o Pique","spotify:artist:1ZzJx2AgPmbnOE6OXhnn5K, spotify:artist:3914e1ewXuF036M63rgK0d, spotify:artist:3eegqYNOBDWAuQME8S5W1q","Ryu\, The Runner, Neckklace, Salve Crazy","2023-05-12","https://i.scdn.co/image/ab67616d0000b273f450ff8d2b5904afa3da6599","1","1","163880","https://p.scdn.co/mp3-preview/55b9da965194731636f124e93f6bfebafdeff543?cid=9950ac751e34487dbbe027c4fd7f8e99","true","45","GBRKQ2380509","spotify:user:316ye5nphj2c6qd5zczz6wspr4te","2023-11-01T12:14:19Z"
"spotify:track:2LTlykcdu0gwb7zcKneo2a","Melhor Só","spotify:artist:2h5Ha0ZiMFmOQD3iYcSXsy, spotify:artist:78nr1pVnDR7qZH6QbVMYZf, spotify:artist:4Z9aFsrQeXQbKIOryEkfqe","KayBlack, Baco Exu do Blues, Marquinho no Beat","spotify:album:17QQ2RosBKKrV5bHh4Z8tJ","Melhor Só","spotify:artist:2h5Ha0ZiMFmOQD3iYcSXsy, spotify:artist:78nr1pVnDR7qZH6QbVMYZf, spotify:artist:4Z9aFsrQeXQbKIOryEkfqe","KayBlack, Baco Exu do Blues, Marquinho no Beat","2023-03-30","https://i.scdn.co/image/ab67616d0000b273278ab27d0b769cba1dc5f0bf","1","1","229326","https://p.scdn.co/mp3-preview/f369d2a4939ea19437d2d87bffaa6d14e63fa915?cid=9950ac751e34487dbbe027c4fd7f8e99","false","71","BRWMB2300643","spotify:user:316ye5nphj2c6qd5zczz6wspr4te","2023-11-01T12:14:22Z"
"spotify:track:2tFmuYL5D8zqBHvs0nG5Tn","Bonjour","spotify:artist:2h5Ha0ZiMFmOQD3iYcSXsy, spotify:artist:4Z9aFsrQeXQbKIOryEkfqe","KayBlack, Marquinho no Beat","spotify:album:0Baa9kQydueBXW6jcAE6Tq","Bonjour","spotify:artist:2h5Ha0ZiMFmOQD3iYcSXsy, spotify:artist:4Z9aFsrQeXQbKIOryEkfqe","KayBlack, Marquinho no Beat","2023-02-08","https://i.scdn.co/image/ab67616d0000b273d46a44c24d37ae912c3cff7f","1","1","131927","https://p.scdn.co/mp3-preview/9737b08700507123139bb45eb68b338c8200ccc5?cid=9950ac751e34487dbbe027c4fd7f8e99","true","63","BXG6R2300153","spotify:user:316ye5nphj2c6qd5zczz6wspr4te","2023-11-01T12:14:25Z"
"spotify:track:156LKAN2oh16qflL5oz4tO","Os Bico Tão Se Perguntando (Let’s Go 3)","spotify:artist:4PLdCloYxu2bMKfuuB9lI5","MC PH","spotify:album:7bdWZHUJyzQAzV0qbBrZ4J","Os Bico Tão Se Perguntando (Let’s Go 3)","spotify:artist:4PLdCloYxu2bMKfuuB9lI5","MC PH","2023-04-07","https://i.scdn.co/image/ab67616d0000b2731aff7b60f7405c0bd700cb4e","1","1","177551","https://p.scdn.co/mp3-preview/b465a61b8c911d960a2247225d7cec7537e85e22?cid=9950ac751e34487dbbe027c4fd7f8e99","true","61","BXG6R2300280","spotify:user:316ye5nphj2c6qd5zczz6wspr4te","2023-11-01T12:14:29Z"
"spotify:track:2AQJRDfQJbfgmTf5e62Czl","Sem Dó","spotify:artist:5nP8x4uEFjAAmDzwOEc9b8, spotify:artist:0JjPiLQNgAFaEkwoy56B1C","Matuê, L7NNON","spotify:album:3sQwZ1Bu0Qhzn2XeJwQW9E","Sem Dó","spotify:artist:5nP8x4uEFjAAmDzwOEc9b8, spotify:artist:0JjPiLQNgAFaEkwoy56B1C","Matuê, L7NNON","2021-12-30","https://i.scdn.co/image/ab67616d0000b273c0560d7e00d4f9adf2f02b3b","1","1","267130","https://p.scdn.co/mp3-preview/aefe40c350485a587ad242a6c65334072c125d6f?cid=9950ac751e34487dbbe027c4fd7f8e99","false","62","BXW922100037","spotify:user:316ye5nphj2c6qd5zczz6wspr4te","2023-11-01T12:14:33Z"
"spotify:track:68qqVn5kHBv4zc45SDGLnh","Corte Americano","spotify:artist:7gJN8W0589FisSYJS17K54, spotify:artist:0JjPiLQNgAFaEkwoy56B1C, spotify:artist:0YOr5sV4zMMyj5xviWiFjW","Filipe Ret, L7NNON, Chris Beats Zn","spotify:album:74v9BLECHPqKGRLfa24LRn","Imaterial (Deluxe)","spotify:artist:7gJN8W0589FisSYJS17K54","Filipe Ret","2021-04-22","https://i.scdn.co/image/ab67616d0000b273b68bba41e4749b1bdb55c169","1","1","139534","https://p.scdn.co/mp3-preview/44754f3a24c6d752397bdcc99e075ce707543211?cid=9950ac751e34487dbbe027c4fd7f8e99","false","65","BRRGE2102189","spotify:user:316ye5nphj2c6qd5zczz6wspr4te","2023-11-01T12:14:36Z"
"spotify:track:5TtTijiNYtFc6ktQARjY30","Preferida","spotify:artist:2h5Ha0ZiMFmOQD3iYcSXsy, spotify:artist:5wEgjH2s4SAiffRmzkBqHB","KayBlack, Wall Hein","spotify:album:1vR5pzEPXx1i7h8zwosa7D","Contradições","spotify:artist:2h5Ha0ZiMFmOQD3iYcSXsy","KayBlack","2023-03-31","https://i.scdn.co/image/ab67616d0000b2731f67215fa1e4ef77b7699ae3","1","3","130375","https://p.scdn.co/mp3-preview/f57d310a0b1ff87c882d141b72746d86d11588e1?cid=9950ac751e34487dbbe027c4fd7f8e99","false","70","BRWMB2300640","spotify:user:316ye5nphj2c6qd5zczz6wspr4te","2023-11-01T12:14:40Z"
"spotify:track:6hu4HvpNzrW2RIEEAZC3vD","Segredo","spotify:artist:2h5Ha0ZiMFmOQD3iYcSXsy, spotify:artist:4Z9aFsrQeXQbKIOryEkfqe, spotify:artist:5wEgjH2s4SAiffRmzkBqHB","KayBlack, Marquinho no Beat, Wall Hein","spotify:album:1vR5pzEPXx1i7h8zwosa7D","Contradições","spotify:artist:2h5Ha0ZiMFmOQD3iYcSXsy","KayBlack","2023-03-31","https://i.scdn.co/image/ab67616d0000b2731f67215fa1e4ef77b7699ae3","1","2","104145","https://p.scdn.co/mp3-preview/8e5abe5192beb826cc3780ee83075a5c87067317?cid=9950ac751e34487dbbe027c4fd7f8e99","false","72","BRWMB2300639","spotify:user:316ye5nphj2c6qd5zczz6wspr4te","2023-11-01T12:14:44Z"
"spotify:track:5geU4byUA1hnQofQPOsPDS","Sereia","spotify:artist:3rfM2cGqF6DB0kUyytMkXx, spotify:artist:75i9GaW2MJUgt4BkdUnuUY, spotify:artist:4yGgbQJMq9orWypwqtdzYT, spotify:artist:5YwzDz4RJfTiMHS4tdR5Lf, spotify:artist:6PERJZF7wohA034PAxDK0b, spotify:artist:2NMYOlZHIEsSq7pp5jBjic, spotify:artist:25XJqeReVV38w0tR04GGBd","Orochi, MC Ryan SP, Oruam, Xamã, Neo Beats, Kizzy, Mainstreet","spotify:album:05O0Z1S7MeE49h8krhErzy","Vida Cara","spotify:artist:3rfM2cGqF6DB0kUyytMkXx","Orochi","2023-01-09","https://i.scdn.co/image/ab67616d0000b273e41fa5b33e0b7829d79f3a1a","1","17","294418","https://p.scdn.co/mp3-preview/d6dd1a703418c12c526b2078751a34833a9768a7?cid=9950ac751e34487dbbe027c4fd7f8e99","true","71","BCM9A2200050","spotify:user:316ye5nphj2c6qd5zczz6wspr4te","2023-11-01T12:14:53Z"
"spotify:track:4pjznsLeoyimnxGlVpmyJI","NÉ SEGREDO","spotify:artist:1WQBwwssN6r8DSjUlkyUGW, spotify:artist:1ew4rMO5r0Oon1R9xZxo8Q, spotify:artist:2ippo8G3HMB1qEEJvkj8PT","MC Cabelinho, Victor WAO, Bairro 13","spotify:album:0RrjNaFfi2X1qVLPSLXTwT","NÉ SEGREDO","spotify:artist:1WQBwwssN6r8DSjUlkyUGW, spotify:artist:1ew4rMO5r0Oon1R9xZxo8Q, spotify:artist:2ippo8G3HMB1qEEJvkj8PT","MC Cabelinho, Victor WAO, Bairro 13","2022-09-19","https://i.scdn.co/image/ab67616d0000b273a5d231f6ff09cca97cacd6bd","1","1","155771","https://p.scdn.co/mp3-preview/2a5e0f934bf5a87f6fdd19ba74277381bae0de08?cid=9950ac751e34487dbbe027c4fd7f8e99","false","68","QZNJZ2258719","spotify:user:316ye5nphj2c6qd5zczz6wspr4te","2023-11-01T12:14:57Z"
"spotify:track:1JQ1ylL2JEjC6Ib7IJgOvS","Coração Amoleceu","spotify:artist:7Lmrb6KcIzfkmgbtokjsAL, spotify:artist:0xA8Rmfl9di0sVaPl9AyR9","Mc Don Juan, DJ Yuri Martins","spotify:album:1ZewMJPsSXUArv4k8qO4pm","7 Chaves","spotify:artist:7Lmrb6KcIzfkmgbtokjsAL","Mc Don Juan","2022-09-16","https://i.scdn.co/image/ab67616d0000b27333a381893eb9c6c919f91608","1","4","161365","https://p.scdn.co/mp3-preview/0845d68016d3c29ed9c135a2f45765e0367f3854?cid=9950ac751e34487dbbe027c4fd7f8e99","true","57","BRWMB2200694","spotify:user:316ye5nphj2c6qd5zczz6wspr4te","2023-11-01T12:15:05Z"
"spotify:track:3YQvZNmRc2y1hgdvustkce","MINHA CURA","spotify:artist:1WQBwwssN6r8DSjUlkyUGW, spotify:artist:0y7B2G0jNMGWyQJsOoRMUt, spotify:artist:0WvTL8PecsD3VxRGuHdSxj","MC Cabelinho, Ajaxx, Galdino","spotify:album:0YSpRv5TQFxz2im8ijEglV","LITTLE LOVE","spotify:artist:1WQBwwssN6r8DSjUlkyUGW","MC Cabelinho","2022-12-20","https://i.scdn.co/image/ab67616d0000b2735384a1eed3cf01a9f11e0aaa","1","13","154694","https://p.scdn.co/mp3-preview/26c20b7475062fac9c13bc62a42530c667515b56?cid=9950ac751e34487dbbe027c4fd7f8e99","true","63","BXVOC2200012","spotify:user:316ye5nphj2c6qd5zczz6wspr4te","2023-11-01T12:15:28Z"
"spotify:track:7qoIhutxU269Zqo9PG5IOj","Poesia Acústica 13","spotify:artist:09U6hmCerKcIJrixubiBjm, spotify:artist:0obu7Om4zu9ahul5DI4JtY, spotify:artist:7zxFc10N9BP2lg73b8cwZ0, spotify:artist:3lIU3RoZiHen1QXAQ3KQ9e, spotify:artist:1WQBwwssN6r8DSjUlkyUGW, spotify:artist:68PYmgkbRP1qZnEWOry7sB, spotify:artist:0JjPiLQNgAFaEkwoy56B1C, spotify:artist:4PzYKhC14sTJNEr0dzoo0d, spotify:artist:4yGgbQJMq9orWypwqtdzYT, spotify:artist:5YwzDz4RJfTiMHS4tdR5Lf, spotify:artist:32NfHH4nSmu97Z4RQjPyET","Pineapple StormTv, Chris MC, Salve Malak, Tz da Coronel, MC Cabelinho, Chefin, L7NNON, Luísa Sonza, Oruam, Xamã, N.I.N.A","spotify:album:1tJQLPkG5qc9BXqklDInry","Poesia Acústica 13","spotify:artist:0LyfQWJT6nXafLPZqxe9Of","Vários intérpretes","2022-09-20","https://i.scdn.co/image/ab67616d0000b2735ea348b873b9a15925e04f3e","1","1","628124","https://p.scdn.co/mp3-preview/9c64d492f219c67bc67a4aeacb025bd644a9857c?cid=9950ac751e34487dbbe027c4fd7f8e99","false","1","BX6Y62200009","spotify:user:316ye5nphj2c6qd5zczz6wspr4te","2023-11-01T12:15:42Z"
"spotify:track:13Rf6RaZT13TW4xLQR3MQr","Poesia Acústica #6: Era uma Vez","spotify:artist:09U6hmCerKcIJrixubiBjm, spotify:artist:1WQBwwssN6r8DSjUlkyUGW, spotify:artist:4DITWCDQL8b3VZTBYpNDR9, spotify:artist:1uf8uSErmKc3JVtmjVBZ83, spotify:artist:7gJN8W0589FisSYJS17K54, spotify:artist:5Ynf8bbQV9ICbK3vZoPxGF, spotify:artist:5YwzDz4RJfTiMHS4tdR5Lf, spotify:artist:3rfM2cGqF6DB0kUyytMkXx, spotify:artist:0ixIqccVXNU45qPhq3kWex, spotify:artist:7zxFc10N9BP2lg73b8cwZ0","Pineapple StormTv, MC Cabelinho, Bob do Contra, Azzy, Filipe Ret, Dudu, Xamã, Orochi, Maquiny, Salve Malak","spotify:album:61wvaVHo5eUxZv44ztftMX","Poesia Acústica #6: Era uma Vez","spotify:artist:0LyfQWJT6nXafLPZqxe9Of","Vários intérpretes","2018-12-24","https://i.scdn.co/image/ab67616d0000b27306333cb20a0f8bad60f421f9","1","1","577819","https://p.scdn.co/mp3-preview/1a5e7daf878698c1bd8d477e0e33b14118d17ea9?cid=9950ac751e34487dbbe027c4fd7f8e99","true","4","US7VG1878876","spotify:user:316ye5nphj2c6qd5zczz6wspr4te","2023-11-01T12:15:53Z"
"spotify:track:7lJoRyuNJtuiqTcKtuMuIR","Maçã Verde","spotify:artist:0pcoadNMmvrUyab1RxWBoV, spotify:artist:6zGPa2tLMJ5HQYUddZI8di","MC Hariel, Caio Passos","spotify:album:2jsCve1xB2Gi5fag004Wsh","Avisa que é o Funk","spotify:artist:0pcoadNMmvrUyab1RxWBoV","MC Hariel","2020-10-09","https://i.scdn.co/image/ab67616d0000b273311c610608c1d456c793c2f0","1","3","164307","https://p.scdn.co/mp3-preview/b1e18e5284c03e873bd27a1935cef5cb550297e9?cid=9950ac751e34487dbbe027c4fd7f8e99","true","68","BXG6R2001168","spotify:user:316ye5nphj2c6qd5zczz6wspr4te","2023-11-01T12:15:56Z"
"spotify:track:0bV0LtjtZH76gD0ujPYS3n","Gorilla Roxo","spotify:artist:5nP8x4uEFjAAmDzwOEc9b8","Matuê","spotify:album:6ehm0SMBBoSxH8oSrFXre6","Máquina do Tempo","spotify:artist:5nP8x4uEFjAAmDzwOEc9b8","Matuê","2020-09-10","https://i.scdn.co/image/ab67616d0000b273a602766a53a1827a4b5ed315","1","3","165336","https://p.scdn.co/mp3-preview/282ea2334424f85cc3a40446b171edb542d21e19?cid=9950ac751e34487dbbe027c4fd7f8e99","true","75","BXW922000006","spotify:user:316ye5nphj2c6qd5zczz6wspr4te","2023-11-01T12:16:05Z"
"spotify:track:52kcarcX0FQ6wPulXm2bMJ","Meca Cereja","spotify:artist:27azwwkxutWL1BWMkgNIh0, spotify:artist:5Dz2FizMLqV0Cr3c8uhEcF, spotify:artist:2h5Ha0ZiMFmOQD3iYcSXsy, spotify:artist:23ot0eI6ByBW6LrlBfr2bm, spotify:artist:48r1nXoaPXPSx1LoM0Rnzl","Vulgo FK, MC Cebezinho, KayBlack, Pedro Lotto, AMUSIK","spotify:album:3gCKmwdF0znVzCsHgSFMmC","Meca Cereja","spotify:artist:0LyfQWJT6nXafLPZqxe9Of","Vários intérpretes","2022-10-06","https://i.scdn.co/image/ab67616d0000b273172d4424fbc8a3d8358d7039","1","1","234193","https://p.scdn.co/mp3-preview/32f289e2fdc4e1684f04f04d50481661c68078cc?cid=9950ac751e34487dbbe027c4fd7f8e99","true","69","BC3PG2205154","spotify:user:316ye5nphj2c6qd5zczz6wspr4te","2023-11-01T12:16:08Z"
"spotify:track:46ZfoTBwU9HzP3MrggV7rZ","Mil Maneiras","spotify:artist:4YqwRbMLqGHRHLS1w2ZKse, spotify:artist:69v9KGSOHEYAxVfNnIUuLp, spotify:artist:7I4OIWw3Zm4lUmt2QHnz30, spotify:artist:7saGN6a32YNpiMPo2SWJxE, spotify:artist:6TPJK8tv3AKKSsw0lENTQk, spotify:artist:3prRKGJz16RRMRSIM97nHw","Veigh, Lywie, Toledo, Bvga Beatz, Nagalli, Supernova Ent","spotify:album:7ARyKbobUo0oE30Arwe67d","Dos Prédios","spotify:artist:4YqwRbMLqGHRHLS1w2ZKse, spotify:artist:3prRKGJz16RRMRSIM97nHw","Veigh, Supernova Ent","2022-11-18","https://i.scdn.co/image/ab67616d0000b273afdd3ee20cd7c4a636b07cce","1","1","130714","https://p.scdn.co/mp3-preview/0674fb1f6a205d69163cceea76f8c63d42ebd727?cid=9950ac751e34487dbbe027c4fd7f8e99","false","0","QZNMY2242340","spotify:user:316ye5nphj2c6qd5zczz6wspr4te","2023-11-01T12:16:12Z"
"spotify:track:1rLahQ58edFplZKDcjJ7cH","Mandraka","spotify:artist:4YqwRbMLqGHRHLS1w2ZKse, spotify:artist:5v2bQ2dsdQmr2ARUYwnDHX, spotify:artist:3prRKGJz16RRMRSIM97nHw, spotify:artist:2lW4v8QBN9C7ENq22OTS9V","Veigh, Luchinha Jr, Supernova Ent, Baby","spotify:album:7ARyKbobUo0oE30Arwe67d","Dos Prédios","spotify:artist:4YqwRbMLqGHRHLS1w2ZKse, spotify:artist:3prRKGJz16RRMRSIM97nHw","Veigh, Supernova Ent","2022-11-18","https://i.scdn.co/image/ab67616d0000b273afdd3ee20cd7c4a636b07cce","1","3","122177","https://p.scdn.co/mp3-preview/7090b22748d9cad28d6ab33d3cee7fab7312208f?cid=9950ac751e34487dbbe027c4fd7f8e99","true","0","QZNMY2242342","spotify:user:316ye5nphj2c6qd5zczz6wspr4te","2023-11-01T12:16:15Z"
"spotify:track:4isHUSaVlTJeEjFieTh1AQ","Pelo Momento","spotify:artist:4YqwRbMLqGHRHLS1w2ZKse, spotify:artist:7lr4WifTmPssQJgBmbjiJq, spotify:artist:6TPJK8tv3AKKSsw0lENTQk, spotify:artist:3prRKGJz16RRMRSIM97nHw, spotify:artist:6jBww4kwlSrjaNYP7AQPtX","Veigh, Viper, Nagalli, Supernova Ent, Borges","spotify:album:7ARyKbobUo0oE30Arwe67d","Dos Prédios","spotify:artist:4YqwRbMLqGHRHLS1w2ZKse, spotify:artist:3prRKGJz16RRMRSIM97nHw","Veigh, Supernova Ent","2022-11-18","https://i.scdn.co/image/ab67616d0000b273afdd3ee20cd7c4a636b07cce","1","8","167500","https://p.scdn.co/mp3-preview/1a101f1e7a65773c5f7561bf606f52933687dfc1?cid=9950ac751e34487dbbe027c4fd7f8e99","true","0","QZNMX2254739","spotify:user:316ye5nphj2c6qd5zczz6wspr4te","2023-11-01T12:16:18Z"
"spotify:track:4mxQxigLPhAwyRSlplw8ZT","Jeito Bandido","spotify:artist:4YqwRbMLqGHRHLS1w2ZKse, spotify:artist:7I4OIWw3Zm4lUmt2QHnz30, spotify:artist:6TPJK8tv3AKKSsw0lENTQk, spotify:artist:3prRKGJz16RRMRSIM97nHw, spotify:artist:05qCf6M7E7AxizHVmrcPqh","Veigh, Toledo, Nagalli, Supernova Ent, Kyan","spotify:album:7ARyKbobUo0oE30Arwe67d","Dos Prédios","spotify:artist:4YqwRbMLqGHRHLS1w2ZKse, spotify:artist:3prRKGJz16RRMRSIM97nHw","Veigh, Supernova Ent","2022-11-18","https://i.scdn.co/image/ab67616d0000b273afdd3ee20cd7c4a636b07cce","1","14","146938","https://p.scdn.co/mp3-preview/1e6db6beb472794a47ca95e0c8a864424dc742f4?cid=9950ac751e34487dbbe027c4fd7f8e99","true","0","QZNMY2242352","spotify:user:316ye5nphj2c6qd5zczz6wspr4te","2023-11-01T12:16:21Z"
"spotify:track:3tcmVyAn7Xq5hRnsTr4vnS","Me Sinto Oruam","spotify:artist:1ZzJx2AgPmbnOE6OXhnn5K, spotify:artist:0xEdwBYYjxw6wk179Tq2sJ, spotify:artist:034hICE3RKwd6hmV7N383u","Ryu\, The Runner, Leviano, Prod.Chipzz","spotify:album:4GLkH4xYjYb07Tlq6CrdGS","Me Sinto Oruam","spotify:artist:1ZzJx2AgPmbnOE6OXhnn5K, spotify:artist:0xEdwBYYjxw6wk179Tq2sJ","Ryu\, The Runner, Leviano","2023-06-23","https://i.scdn.co/image/ab67616d0000b273c1485f66d09041a1b73238a8","1","1","142500","https://p.scdn.co/mp3-preview/a056fa6b0ef8d32b1bed547caecb892a2ef64e1c?cid=9950ac751e34487dbbe027c4fd7f8e99","true","42","BRRGE2300469","spotify:user:316ye5nphj2c6qd5zczz6wspr4te","2023-11-01T12:16:31Z"
"spotify:track:6kNZdlmjH4BQnSUfHeJIuc","Let's Go 3 (feat. MC Marks, Mc Don Juan, MC PH, Mc Luki, Mc Paiva ZS, MC GP & Makalo)","spotify:artist:0IhzJFf4QBEz0ifqLwScKV, spotify:artist:2q9wk5fkeU2C9CgCKdh4AN, spotify:artist:75i9GaW2MJUgt4BkdUnuUY, spotify:artist:04QHNiih9ZesPvals6II1h, spotify:artist:7Lmrb6KcIzfkmgbtokjsAL, spotify:artist:4PLdCloYxu2bMKfuuB9lI5, spotify:artist:3I44LJGCaI0gSPPz3n16xn, spotify:artist:0gHj4MPwwcZ8Zl9CY0hqT5, spotify:artist:5s27i7oqhNWIcE4HeoVdq0, spotify:artist:3UN5sCtgFEyrkxMQ7oFUKk","Dj GBR, Mc IG, MC Ryan SP, MC Marks, Mc Don Juan, MC PH, Mc Luki, Mc Paiva ZS, MC GP, Makalo","spotify:album:5fsKZ4LG33vaIiw5Ura5Hd","Let's Go 3 (feat. MC Marks, Mc Don Juan, MC PH, Mc Luki, Mc Paiva ZS, MC GP & Makalo)","spotify:artist:0IhzJFf4QBEz0ifqLwScKV, spotify:artist:2q9wk5fkeU2C9CgCKdh4AN, spotify:artist:75i9GaW2MJUgt4BkdUnuUY","Dj GBR, Mc IG, MC Ryan SP","2022-10-28","https://i.scdn.co/image/ab67616d0000b27395e57658adf3f5dcfadea8e5","1","1","508586","https://p.scdn.co/mp3-preview/07c065c3824750498d8456d5bb7954e60be9f278?cid=9950ac751e34487dbbe027c4fd7f8e99","false","60","BXG6R2200803","spotify:user:316ye5nphj2c6qd5zczz6wspr4te","2023-11-01T12:16:39Z"
"spotify:track:0LGGo9eY1aJX6tqgxa87kd","Freestyle","spotify:artist:2h5Ha0ZiMFmOQD3iYcSXsy, spotify:artist:5wEgjH2s4SAiffRmzkBqHB, spotify:artist:4IEFTmI2K5xj488kIn268F","KayBlack, Wall Hein, Yokame","spotify:album:3vbB47zGSYseoxaGbZFW7p","Freestyle","spotify:artist:2h5Ha0ZiMFmOQD3iYcSXsy, spotify:artist:5wEgjH2s4SAiffRmzkBqHB, spotify:artist:4IEFTmI2K5xj488kIn268F","KayBlack, Wall Hein, Yokame","2022-04-28","https://i.scdn.co/image/ab67616d0000b273aa35235cd8609ef36a43f99e","1","1","180172","https://p.scdn.co/mp3-preview/98b20d094643717424e88af7e501c3c15926cfd4?cid=9950ac751e34487dbbe027c4fd7f8e99","true","62","USLZJ2275472","spotify:user:316ye5nphj2c6qd5zczz6wspr4te","2023-11-01T12:16:44Z"
"spotify:track:2xLMifQCjDGFmkHkpNLD9h","SICKO MODE","spotify:artist:0Y5tJX1MQlPlqiwlOH1tJY","Travis Scott","spotify:album:41GuZcammIkupMPKH2OJ6I","ASTROWORLD","spotify:artist:0Y5tJX1MQlPlqiwlOH1tJY","Travis Scott","2018-08-03","https://i.scdn.co/image/ab67616d0000b273daec894c14c0ca42d76eeb32","1","3","312820","https://p.scdn.co/mp3-preview/e6b853864bbdcd9c38ebe558e2ae030bba736696?cid=9950ac751e34487dbbe027c4fd7f8e99","true","87","USSM11806660","spotify:user:316ye5nphj2c6qd5zczz6wspr4te","2023-11-01T12:16:46Z"
"spotify:track:5ROyrHNiEx9DeZ5SONjVbM","Terapia","spotify:artist:5pBMkZNIlbGTH3hrsQJqAa","Mc Kevin","spotify:album:2ggZO9M8nzvY5si8MyyZUy","Terapia","spotify:artist:5pBMkZNIlbGTH3hrsQJqAa","Mc Kevin","2020-04-06","https://i.scdn.co/image/ab67616d0000b27330221d7fa0f07da1198dad93","1","1","212166","https://p.scdn.co/mp3-preview/5c962232ca07d73fa03deb85d62150ffaf928057?cid=9950ac751e34487dbbe027c4fd7f8e99","true","72","BXG6R2000430","spotify:user:316ye5nphj2c6qd5zczz6wspr4te","2023-11-01T12:16:50Z"
"spotify:track:3l5VjEAeUTqrlD50iEo8Yn","Licor 43","spotify:artist:2h5Ha0ZiMFmOQD3iYcSXsy, spotify:artist:0QVJH6vaMDapyORDypL5hS, spotify:artist:5wEgjH2s4SAiffRmzkBqHB, spotify:artist:48r1nXoaPXPSx1LoM0Rnzl","KayBlack, CVSTRO, Wall Hein, AMUSIK","spotify:album:7LcMEcVGgbxRQSm3wJ6nX9","Licor 43","spotify:artist:2h5Ha0ZiMFmOQD3iYcSXsy, spotify:artist:0QVJH6vaMDapyORDypL5hS, spotify:artist:5wEgjH2s4SAiffRmzkBqHB","KayBlack, CVSTRO, Wall Hein","2022-04-28","https://i.scdn.co/image/ab67616d0000b273797d2da3e25738b4106723ba","1","1","142470","https://p.scdn.co/mp3-preview/491e77e53562b97d1fc78d261d650dd081dbd804?cid=9950ac751e34487dbbe027c4fd7f8e99","true","71","BCENK2200037","spotify:user:316ye5nphj2c6qd5zczz6wspr4te","2023-11-01T12:16:54Z"
"spotify:track:0xcdw2bWgJ4lrt3qZJrZ1o","Perdição","spotify:artist:0JjPiLQNgAFaEkwoy56B1C","L7NNON","spotify:album:6x8GefrlUjATHW7ynbVqHC","Hip Hop Rare","spotify:artist:0JjPiLQNgAFaEkwoy56B1C","L7NNON","2020-11-19","https://i.scdn.co/image/ab67616d0000b2739b3c1e2699c09a4ef344704b","1","9","275000","https://p.scdn.co/mp3-preview/b52d7655e49e15abc06e0f57fe55870e99ee6564?cid=9950ac751e34487dbbe027c4fd7f8e99","false","3","BR5TG1900052","spotify:user:316ye5nphj2c6qd5zczz6wspr4te","2023-11-01T12:16:58Z"
"spotify:track:0pZIBIJ253pH9gJtXE0Ouf","Vestido da Fendi","spotify:artist:2h5Ha0ZiMFmOQD3iYcSXsy, spotify:artist:4Z9aFsrQeXQbKIOryEkfqe, spotify:artist:5wEgjH2s4SAiffRmzkBqHB","KayBlack, Marquinho no Beat, Wall Hein","spotify:album:70bR7r6giSSPpnJeEzVP8Y","Vestido da Fendi","spotify:artist:2h5Ha0ZiMFmOQD3iYcSXsy, spotify:artist:4Z9aFsrQeXQbKIOryEkfqe, spotify:artist:5wEgjH2s4SAiffRmzkBqHB","KayBlack, Marquinho no Beat, Wall Hein","2021-09-09","https://i.scdn.co/image/ab67616d0000b27353c5973be711441f03fd2977","1","1","164203","https://p.scdn.co/mp3-preview/cf8c0ea827a192b39543ce182dc5d21dbcf7fd53?cid=9950ac751e34487dbbe027c4fd7f8e99","false","68","BCENK2100066","spotify:user:316ye5nphj2c6qd5zczz6wspr4te","2023-11-01T12:17:06Z"
"spotify:track:04vzhKfl5HtPEgrdZJCZ7L","Bagulho Louco","spotify:artist:0gHj4MPwwcZ8Zl9CY0hqT5, spotify:artist:210Sy1oGhvPu929TKoSVcN","Mc Paiva ZS, Kotim","spotify:album:7vmDYV51NrlXuzdyyQYDen","Bagulho Louco","spotify:artist:0gHj4MPwwcZ8Zl9CY0hqT5, spotify:artist:210Sy1oGhvPu929TKoSVcN","Mc Paiva ZS, Kotim","2022-01-25","https://i.scdn.co/image/ab67616d0000b273ae8fa766c97a4e213fe215d4","1","1","124238","https://p.scdn.co/mp3-preview/ace48481c9cac0c26dc3c3f414ecfec25a252622?cid=9950ac751e34487dbbe027c4fd7f8e99","true","60","BXKG22200041","spotify:user:316ye5nphj2c6qd5zczz6wspr4te","2023-11-01T12:17:10Z"
"spotify:track:59xgceM6ACWSn4vcdOzjJ0","Mistério","spotify:artist:5pBMkZNIlbGTH3hrsQJqAa","Mc Kevin","spotify:album:43VVnPjqU6Hhsb5agEAYUB","Mistério","spotify:artist:5pBMkZNIlbGTH3hrsQJqAa","Mc Kevin","2020-10-06","https://i.scdn.co/image/ab67616d0000b27316b973395c9f8a6e0abc9978","1","1","211200","https://p.scdn.co/mp3-preview/91173aded5264f19c33df14f20e2763e8fc5c52e?cid=9950ac751e34487dbbe027c4fd7f8e99","false","69","BXG6R2001188","spotify:user:316ye5nphj2c6qd5zczz6wspr4te","2023-11-01T12:17:16Z"
"spotify:track:5cCwZJUf8QiCQGnyakhpmF","Papo de Agustinho","spotify:artist:4yGgbQJMq9orWypwqtdzYT, spotify:artist:25XJqeReVV38w0tR04GGBd","Oruam, Mainstreet","spotify:album:6zhoQQ4slrBbrAKrhTycwo","Papo de Agustinho","spotify:artist:4yGgbQJMq9orWypwqtdzYT, spotify:artist:25XJqeReVV38w0tR04GGBd","Oruam, Mainstreet","2022-09-27","https://i.scdn.co/image/ab67616d0000b273e466cf38272114ec6cb18c51","1","1","173333","https://p.scdn.co/mp3-preview/4bcf1779f8a3c14f072bf1d248f73a97883053b9?cid=9950ac751e34487dbbe027c4fd7f8e99","true","60","BCM9A2200047","spotify:user:316ye5nphj2c6qd5zczz6wspr4te","2023-11-01T12:17:27Z"
"spotify:track:7IG7laqVpcvIIULrwWP5SA","Vida Louca","spotify:artist:28ie4NNTa2VW2QV4Zray8M, spotify:artist:6PERJZF7wohA034PAxDK0b, spotify:artist:25XJqeReVV38w0tR04GGBd","Mc Poze do Rodo, Neo Beats, Mainstreet","spotify:album:3qaeGIuXmO4lNgGgerapPc","Vida Louca","spotify:artist:28ie4NNTa2VW2QV4Zray8M, spotify:artist:6PERJZF7wohA034PAxDK0b, spotify:artist:25XJqeReVV38w0tR04GGBd","Mc Poze do Rodo, Neo Beats, Mainstreet","2021-04-02","https://i.scdn.co/image/ab67616d0000b273863762d02b8eabaaec806197","1","1","155675","https://p.scdn.co/mp3-preview/0e9b7d10db5ce156e85bf870ba3e4a75b6f82c54?cid=9950ac751e34487dbbe027c4fd7f8e99","false","66","BXPFF2100001","spotify:user:316ye5nphj2c6qd5zczz6wspr4te","2023-11-01T12:17:32Z"
"spotify:track:0wRn3ggAY1fIupTaVigdza","A Cara do Crime (Nós Incomoda)","spotify:artist:28ie4NNTa2VW2QV4Zray8M, spotify:artist:2vWGxqWbGgmgxVDZ5CBvBP, spotify:artist:25XJqeReVV38w0tR04GGBd, spotify:artist:1WQBwwssN6r8DSjUlkyUGW, spotify:artist:6J6U2JAv7LUF0cSQ98gpjM, spotify:artist:6PERJZF7wohA034PAxDK0b","Mc Poze do Rodo, Bielzin, Mainstreet, MC Cabelinho, PL Quest, Neo Beats","spotify:album:75IYhNYhWnTAgVYyaHGzga","A Cara do Crime (Nós Incomoda)","spotify:artist:0LyfQWJT6nXafLPZqxe9Of","Vários intérpretes","2021-05-27","https://i.scdn.co/image/ab67616d0000b273f397a8f1958e9565425112e6","1","1","302117","https://p.scdn.co/mp3-preview/d02fd434959029e0bcb87f5357f2c03adb823797?cid=9950ac751e34487dbbe027c4fd7f8e99","true","67","BCM9A2100020","spotify:user:316ye5nphj2c6qd5zczz6wspr4te","2023-11-01T12:17:34Z"
"spotify:track:1Nmcs8zk7LfcvHRgLtTM5J","Amor de Fim de Noite","spotify:artist:3rfM2cGqF6DB0kUyytMkXx, spotify:artist:0iZz25uH5PLaShpqq84uYv","Orochi, Papatinho","spotify:album:1O14i0prsw0PrQYgHQ19Pa","Celebridade","spotify:artist:3rfM2cGqF6DB0kUyytMkXx","Orochi","2020-03-27","https://i.scdn.co/image/ab67616d0000b273ef0cf4ca4310f614ca2d475e","1","9","221142","https://p.scdn.co/mp3-preview/692dea449b0e9cf3e426cb15f52f2340690f3888?cid=9950ac751e34487dbbe027c4fd7f8e99","true","75","BX02F2000014","spotify:user:316ye5nphj2c6qd5zczz6wspr4te","2023-11-01T12:17:39Z"
"spotify:track:4QFzCjkQl2c7wrzVrOu2sz","Balão","spotify:artist:3rfM2cGqF6DB0kUyytMkXx, spotify:artist:4LAFtDzlQM89xov636hMVv","Orochi, Dallass","spotify:album:1O14i0prsw0PrQYgHQ19Pa","Celebridade","spotify:artist:3rfM2cGqF6DB0kUyytMkXx","Orochi","2020-03-27","https://i.scdn.co/image/ab67616d0000b273ef0cf4ca4310f614ca2d475e","1","14","253333","https://p.scdn.co/mp3-preview/ccf12dcdfda4fb1fc78487ab4055f5f878dabbdc?cid=9950ac751e34487dbbe027c4fd7f8e99","true","65","BX02F1900002","spotify:user:316ye5nphj2c6qd5zczz6wspr4te","2023-11-01T12:17:42Z"
"spotify:track:3pC5Zki978Ey1MdFDXd7wj","Celebridade","spotify:artist:3rfM2cGqF6DB0kUyytMkXx, spotify:artist:2NMYOlZHIEsSq7pp5jBjic","Orochi, Kizzy","spotify:album:1O14i0prsw0PrQYgHQ19Pa","Celebridade","spotify:artist:3rfM2cGqF6DB0kUyytMkXx","Orochi","2020-03-27","https://i.scdn.co/image/ab67616d0000b273ef0cf4ca4310f614ca2d475e","1","13","231272","https://p.scdn.co/mp3-preview/46036e69009f9a7153a658232f9e68307ba9e36f?cid=9950ac751e34487dbbe027c4fd7f8e99","true","70","BX02F2000012","spotify:user:316ye5nphj2c6qd5zczz6wspr4te","2023-11-01T12:17:45Z"
"spotify:track:7BwjZ1jy4B0ZyXTY4YQM9A","Assault (Carro Forte)","spotify:artist:3rfM2cGqF6DB0kUyytMkXx, spotify:artist:68PYmgkbRP1qZnEWOry7sB, spotify:artist:4yGgbQJMq9orWypwqtdzYT, spotify:artist:3SB4jbHhsv6NQTh7ZT5GzS, spotify:artist:6jBww4kwlSrjaNYP7AQPtX, spotify:artist:25XJqeReVV38w0tR04GGBd, spotify:artist:2vWGxqWbGgmgxVDZ5CBvBP","Orochi, Chefin, Oruam, TkN, Borges, Mainstreet, Bielzin","spotify:album:4K5XemHceyhOJtQVVVtQqO","Assault (Carro Forte)","spotify:artist:0LyfQWJT6nXafLPZqxe9Of","Vários intérpretes","2022-04-05","https://i.scdn.co/image/ab67616d0000b27360b0929b0d5fec1d2be9a138","1","1","304000","https://p.scdn.co/mp3-preview/9d37c76a7584d154f74a937c53a57cd6d45b5bad?cid=9950ac751e34487dbbe027c4fd7f8e99","true","65","BCM9A2200012","spotify:user:316ye5nphj2c6qd5zczz6wspr4te","2023-11-01T12:17:47Z"
"spotify:track:3zXIfbjxSzPMNP6JDZsQsi","Mitsubishi","spotify:artist:3rfM2cGqF6DB0kUyytMkXx, spotify:artist:2NMYOlZHIEsSq7pp5jBjic","Orochi, Kizzy","spotify:album:1O14i0prsw0PrQYgHQ19Pa","Celebridade","spotify:artist:3rfM2cGqF6DB0kUyytMkXx","Orochi","2020-03-27","https://i.scdn.co/image/ab67616d0000b273ef0cf4ca4310f614ca2d475e","1","4","182181","https://p.scdn.co/mp3-preview/11a5eb3ff5f5b2f6551616feaa9daafd53aa8bb5?cid=9950ac751e34487dbbe027c4fd7f8e99","true","73","BX02F1900001","spotify:user:316ye5nphj2c6qd5zczz6wspr4te","2023-11-01T12:17:57Z"
"spotify:track:6ubWrh2GuyKMpQrzOynRjD","Hora Errada","spotify:artist:4YqwRbMLqGHRHLS1w2ZKse, spotify:artist:1a3fr7NdeBT4JlGj6YlbDL, spotify:artist:6TPJK8tv3AKKSsw0lENTQk, spotify:artist:0PNcEYeVDBqbywI00Y3ANT, spotify:artist:7saGN6a32YNpiMPo2SWJxE, spotify:artist:3prRKGJz16RRMRSIM97nHw","Veigh, Caio Luccas, Nagalli, Honaiser, Bvga Beatz, Supernova Ent","spotify:album:0D59BFMmnA87oPyk1oSe1b","Dos Prédios Deluxe","spotify:artist:4YqwRbMLqGHRHLS1w2ZKse, spotify:artist:3prRKGJz16RRMRSIM97nHw","Veigh, Supernova Ent","2023-05-19","https://i.scdn.co/image/ab67616d0000b273ce0947b85c30490447dbbd91","1","8","210000","https://p.scdn.co/mp3-preview/82ee3148c26302199b6382f39e53b7211dc71de1?cid=9950ac751e34487dbbe027c4fd7f8e99","true","61","QZMWW2396008","spotify:user:316ye5nphj2c6qd5zczz6wspr4te","2023-11-01T12:18:01Z"
"spotify:track:3gx9a8ea1nI0Wym9hJpdbJ","Hino dos Mlks","spotify:artist:1WXbiUMl1AT9Inb619xPUg, spotify:artist:3rfM2cGqF6DB0kUyytMkXx, spotify:artist:6YzSM19LzpLH0nVKKU6Jsy, spotify:artist:6zGPa2tLMJ5HQYUddZI8di, spotify:artist:25XJqeReVV38w0tR04GGBd","BIN, Orochi, Mc Daniel, Caio Passos, Mainstreet","spotify:album:0oqZQcQBNKWMxTGgi72eMt","Hino dos Mlks","spotify:artist:0LyfQWJT6nXafLPZqxe9Of","Vários intérpretes","2022-10-17","https://i.scdn.co/image/ab67616d0000b2733459cad11e1a4e1d1ff85568","1","1","209032","https://p.scdn.co/mp3-preview/e8e15f7601fc4b0f2f685cae907af096f9f082dd?cid=9950ac751e34487dbbe027c4fd7f8e99","true","52","BCM9A2200049","spotify:user:316ye5nphj2c6qd5zczz6wspr4te","2023-11-01T12:18:06Z"
"spotify:track:1TL33F4bcT9fZPSqvUbFV5","Carro Forte","spotify:artist:1WXbiUMl1AT9Inb619xPUg, spotify:artist:1WQBwwssN6r8DSjUlkyUGW, spotify:artist:25XJqeReVV38w0tR04GGBd, spotify:artist:4LAFtDzlQM89xov636hMVv","BIN, MC Cabelinho, Mainstreet, Dallass","spotify:album:1A0a8bYGqm5tC4vgSnvDmK","Dono das Esquinas","spotify:artist:1WXbiUMl1AT9Inb619xPUg","BIN","2021-09-29","https://i.scdn.co/image/ab67616d0000b273a1e153f3d4ea75dcf8afb08a","1","6","240000","https://p.scdn.co/mp3-preview/39bad60cbfbc232de0537f1d35bb7545743b90b4?cid=9950ac751e34487dbbe027c4fd7f8e99","false","63","BCM9A2100039","spotify:user:316ye5nphj2c6qd5zczz6wspr4te","2023-11-01T12:18:14Z"
"spotify:track:3B4MxQOkvwS5Cx3G4Csn03","Business","spotify:artist:1ZzJx2AgPmbnOE6OXhnn5K, spotify:artist:0NTTVLWsZy8PsDeT2JD1vv, spotify:artist:3eegqYNOBDWAuQME8S5W1q","Ryu\, The Runner, Gu$Z, Salve Crazy","spotify:album:7bBlOZxxwCMSMpFngmSIPO","Essa é a Vida de um Corredor","spotify:artist:1ZzJx2AgPmbnOE6OXhnn5K","Ryu\, The Runner","2023-03-03","https://i.scdn.co/image/ab67616d0000b273f545aba01572f7bd7e42b42b","1","1","132923","https://p.scdn.co/mp3-preview/d4f571f0f96b737470e724d19e58f7608815526b?cid=9950ac751e34487dbbe027c4fd7f8e99","true","44","BCY5N2300001","spotify:user:316ye5nphj2c6qd5zczz6wspr4te","2023-11-01T12:18:20Z"
"spotify:track:0NkOJBVzL0MaU3JgqJRtkv","Ballena","spotify:artist:27azwwkxutWL1BWMkgNIh0, spotify:artist:4PLdCloYxu2bMKfuuB9lI5, spotify:artist:4YqwRbMLqGHRHLS1w2ZKse, spotify:artist:23ot0eI6ByBW6LrlBfr2bm, spotify:artist:5dLqjc2m428QbostsKrUYW","Vulgo FK, MC PH, Veigh, Pedro Lotto, Fepache","spotify:album:6mAOToMxK4q1TfcJlqIJlz","Ballena","spotify:artist:27azwwkxutWL1BWMkgNIh0, spotify:artist:4PLdCloYxu2bMKfuuB9lI5, spotify:artist:4YqwRbMLqGHRHLS1w2ZKse, spotify:artist:23ot0eI6ByBW6LrlBfr2bm","Vulgo FK, MC PH, Veigh, Pedro Lotto","2023-07-13","https://i.scdn.co/image/ab67616d0000b27357be350333912242a0ab32d4","1","1","200000","https://p.scdn.co/mp3-preview/32fa291b9c2cafb71d69239948cb04ae22f866bd?cid=9950ac751e34487dbbe027c4fd7f8e99","false","68","BRRGE2300535","spotify:user:316ye5nphj2c6qd5zczz6wspr4te","2023-11-01T12:18:23Z"
"spotify:track:48yfdCj8t8WuoITwpSXRcQ","Beyoncé 2","spotify:artist:1ZzJx2AgPmbnOE6OXhnn5K, spotify:artist:460m2YG30duLCuHwFdiLgX, spotify:artist:1EMUjMLPKwHMe4tgY2szbF, spotify:artist:7Bcxsb61NAnVziEUPVvbIw","Ryu\, The Runner, Yunk Vino, Stef, Stuani","spotify:album:5BySpyh1QS9qQwHv1Ujaq4","EVDC DELUXE","spotify:artist:1ZzJx2AgPmbnOE6OXhnn5K","Ryu\, The Runner","2023-07-28","https://i.scdn.co/image/ab67616d0000b27303ca350080975c6c49d4d25f","1","1","188160","https://p.scdn.co/mp3-preview/85b5d88bb6642f5b4569fb7fde8cfb47b01e0bce?cid=9950ac751e34487dbbe027c4fd7f8e99","true","57","BRRGE2300565","spotify:user:316ye5nphj2c6qd5zczz6wspr4te","2023-11-01T12:18:30Z"
"spotify:track:7KdVFvjsLG0bBn7LO4ae2I","Diagnóstico","spotify:artist:1ZzJx2AgPmbnOE6OXhnn5K, spotify:artist:1WXbiUMl1AT9Inb619xPUg, spotify:artist:6YEV0RD46iRGwcvKimSGLG","Ryu\, The Runner, BIN, Thiago Sub","spotify:album:5BySpyh1QS9qQwHv1Ujaq4","EVDC DELUXE","spotify:artist:1ZzJx2AgPmbnOE6OXhnn5K","Ryu\, The Runner","2023-07-28","https://i.scdn.co/image/ab67616d0000b27303ca350080975c6c49d4d25f","1","3","178591","https://p.scdn.co/mp3-preview/1fcc18765e9a02aecdc0c8ae45047503aafe62a8?cid=9950ac751e34487dbbe027c4fd7f8e99","true","49","BRRGE2300569","spotify:user:316ye5nphj2c6qd5zczz6wspr4te","2023-11-01T12:18:33Z"
"spotify:track:17VbWFGwifCcaQ695LA45D","FYE","spotify:artist:1ZzJx2AgPmbnOE6OXhnn5K, spotify:artist:4YqwRbMLqGHRHLS1w2ZKse, spotify:artist:6MQ7E3HXWR3Djm3miL79mn, spotify:artist:44sYX4gwGmUZBnNT2AZTPW","Ryu\, The Runner, Veigh, Niink, 6ee","spotify:album:5BySpyh1QS9qQwHv1Ujaq4","EVDC DELUXE","spotify:artist:1ZzJx2AgPmbnOE6OXhnn5K","Ryu\, The Runner","2023-07-28","https://i.scdn.co/image/ab67616d0000b27303ca350080975c6c49d4d25f","1","10","151278","https://p.scdn.co/mp3-preview/3b34a7aab667f1c30d83fcbad9bd51bda30b7ae4?cid=9950ac751e34487dbbe027c4fd7f8e99","true","51","BRRGE2300583","spotify:user:316ye5nphj2c6qd5zczz6wspr4te","2023-11-01T12:18:38Z"
"spotify:track:33pxk7eQUhrZI2tiuMd4zZ","Vandame","spotify:artist:1ZzJx2AgPmbnOE6OXhnn5K, spotify:artist:4Y0VwRwAOyJutxoVpPX4td, spotify:artist:3914e1ewXuF036M63rgK0d","Ryu\, The Runner, Derek, Neckklace","spotify:album:5BySpyh1QS9qQwHv1Ujaq4","EVDC DELUXE","spotify:artist:1ZzJx2AgPmbnOE6OXhnn5K","Ryu\, The Runner","2023-07-28","https://i.scdn.co/image/ab67616d0000b27303ca350080975c6c49d4d25f","1","12","159298","https://p.scdn.co/mp3-preview/624c554e719d4c08f7922b65caa20c6594b7bfb0?cid=9950ac751e34487dbbe027c4fd7f8e99","true","61","BRRGE2300587","spotify:user:316ye5nphj2c6qd5zczz6wspr4te","2023-11-01T12:18:41Z"
"spotify:track:2qLMJ0qjWFPdDcVSB4ChvH","12 Da Maçã","spotify:artist:1ZzJx2AgPmbnOE6OXhnn5K, spotify:artist:44sYX4gwGmUZBnNT2AZTPW","Ryu\, The Runner, 6ee","spotify:album:5BySpyh1QS9qQwHv1Ujaq4","EVDC DELUXE","spotify:artist:1ZzJx2AgPmbnOE6OXhnn5K","Ryu\, The Runner","2023-07-28","https://i.scdn.co/image/ab67616d0000b27303ca350080975c6c49d4d25f","1","8","135163","https://p.scdn.co/mp3-preview/3167eaae75de066db809f6217cab3039c694f91c?cid=9950ac751e34487dbbe027c4fd7f8e99","true","46","BRRGE2300579","spotify:user:316ye5nphj2c6qd5zczz6wspr4te","2023-11-01T12:18:45Z"
"spotify:track:6a6UEfhgIKfzrZu1hqRYup","INEFÁVEL (feat. Leviano)","spotify:artist:1oBkccDqIDMTntIIHKlJBp, spotify:artist:3lIU3RoZiHen1QXAQ3KQ9e, spotify:artist:5YwzDz4RJfTiMHS4tdR5Lf, spotify:artist:0xEdwBYYjxw6wk179Tq2sJ","Long beatz, Tz da Coronel, Xamã, Leviano","spotify:album:1zztQHsfyK0hYA8debeM6X","INEFÁVEL","spotify:artist:1oBkccDqIDMTntIIHKlJBp","Long beatz","2023-02-10","https://i.scdn.co/image/ab67616d0000b273c29fca063fa260e210a25a15","1","1","245987","https://p.scdn.co/mp3-preview/b0522f99d292e6b24b83e9fbdb2866fe8470ce30?cid=9950ac751e34487dbbe027c4fd7f8e99","true","61","BRWMB2300247","spotify:user:316ye5nphj2c6qd5zczz6wspr4te","2023-11-01T12:18:57Z"
"spotify:track:27x579ayIvantoVe6PP97U","Opções","spotify:artist:68PYmgkbRP1qZnEWOry7sB, spotify:artist:4YqwRbMLqGHRHLS1w2ZKse, spotify:artist:2h5Ha0ZiMFmOQD3iYcSXsy, spotify:artist:25XJqeReVV38w0tR04GGBd, spotify:artist:0y7B2G0jNMGWyQJsOoRMUt, spotify:artist:1GYx2LBI5bt0xRUpvdGYYt","Chefin, Veigh, KayBlack, Mainstreet, Ajaxx, Tkd","spotify:album:6bUVIZIeTsNvW9QyWsaqYj","O Mais Novo Romântico","spotify:artist:68PYmgkbRP1qZnEWOry7sB","Chefin","2023-08-03","https://i.scdn.co/image/ab67616d0000b2733e6bce714609d16a8ef308cd","1","3","180821","https://p.scdn.co/mp3-preview/2984717881c55748fdd7bc6f7d95a4c5a4374cbd?cid=9950ac751e34487dbbe027c4fd7f8e99","true","61","BCM9A2300076","spotify:user:316ye5nphj2c6qd5zczz6wspr4te","2023-11-01T12:19:05Z"
"spotify:track:7DROtyR6IMNifyZmyksyE7","3 Dias Virado","spotify:artist:2q9wk5fkeU2C9CgCKdh4AN","Mc IG","spotify:album:3gfYd2A8jDzJCNOamNRJEm","Só Explosão","spotify:artist:0LyfQWJT6nXafLPZqxe9Of","Vários intérpretes","2017-12-22","https://i.scdn.co/image/ab67616d0000b273fb7e57da3d31a219d0d22f45","1","5","207157","https://p.scdn.co/mp3-preview/f3c949d1148ed0612eee2ecf4fadf5782678bfb2?cid=9950ac751e34487dbbe027c4fd7f8e99","true","72","BXG6R1800014","spotify:user:316ye5nphj2c6qd5zczz6wspr4te","2023-11-01T12:19:14Z"
"spotify:track:0GsQzTpegvifzQZ4wXsCZ2","Leans, Pt. 2","spotify:artist:460m2YG30duLCuHwFdiLgX, spotify:artist:6fFgNVTo4bxMf2eswaar7Z","Yunk Vino, Volp","spotify:album:3VGvkH5X8bhjIV0rSohaVU","237","spotify:artist:460m2YG30duLCuHwFdiLgX","Yunk Vino","2020-02-14","https://i.scdn.co/image/ab67616d0000b273f3a58c6acfa80fb8b2e057ba","1","10","172003","","true","13","US7VG2082941","spotify:user:316ye5nphj2c6qd5zczz6wspr4te","2023-11-01T12:19:17Z"
"spotify:track:2InS5VWKJQbsFBKOsf1cJB","Let's Go 4","spotify:artist:0IhzJFf4QBEz0ifqLwScKV, spotify:artist:2q9wk5fkeU2C9CgCKdh4AN, spotify:artist:75i9GaW2MJUgt4BkdUnuUY, spotify:artist:4PLdCloYxu2bMKfuuB9lI5, spotify:artist:1cYhx7ZOhYoVmnDPb9KMwo, spotify:artist:3I44LJGCaI0gSPPz3n16xn, spotify:artist:7Lmrb6KcIzfkmgbtokjsAL, spotify:artist:21ELc2P2rA3Cu6xw3VWqvv, spotify:artist:39QiJaZ1HzRcpY9xlMKCsF, spotify:artist:5s27i7oqhNWIcE4HeoVdq0, spotify:artist:5XUMgbLR3zyRPesnTQY31C","Dj GBR, Mc IG, MC Ryan SP, MC PH, Mc Davi, Mc Luki, Mc Don Juan, Mc Kadu, TrapLaudo, MC GP, MC GH do 7","spotify:album:5bL1JfGehas80YH7qoCyBL","Let's Go 4","spotify:artist:0LyfQWJT6nXafLPZqxe9Of","Vários intérpretes","2023-08-29","https://i.scdn.co/image/ab67616d0000b273a2ab8a2b4cbbf685827eb835","1","1","641941","https://p.scdn.co/mp3-preview/fc4e86371d16c58ff917d0cfea734b82a935caaf?cid=9950ac751e34487dbbe027c4fd7f8e99","true","72","BXG6R2300792","spotify:user:316ye5nphj2c6qd5zczz6wspr4te","2023-11-01T12:19:28Z"
"spotify:track:4ldcxPVAtih8alepJTu8Hx","Faz Completo, Chefe","spotify:artist:2q9wk5fkeU2C9CgCKdh4AN, spotify:artist:3joq445M6f168kb3mkp7BB","Mc IG, DJ WN","spotify:album:3lyZheF7IyPnFduYqBJHMI","Meu Nome Não é Igor %","spotify:artist:2q9wk5fkeU2C9CgCKdh4AN","Mc IG","2023-08-31","https://i.scdn.co/image/ab67616d0000b2732829b8cc15ed83e08892eb19","1","7","127228","https://p.scdn.co/mp3-preview/760c869e6b6ba1c44e062a125befa49814a9d089?cid=9950ac751e34487dbbe027c4fd7f8e99","false","62","BRWMB2301136","spotify:user:316ye5nphj2c6qd5zczz6wspr4te","2023-11-01T12:19:42Z"
"spotify:track:62W2f0QOg20ufNjJQHqnkq","Fernando de Noronha","spotify:artist:2q9wk5fkeU2C9CgCKdh4AN, spotify:artist:75i9GaW2MJUgt4BkdUnuUY, spotify:artist:4PLdCloYxu2bMKfuuB9lI5, spotify:artist:6XX6KGpomRDPmGGm7bofCK, spotify:artist:1b8S7EPzdckRyIh0uSbOMI, spotify:artist:5qyPbwqvOEp7FvR1EeTQQ2, spotify:artist:7IOSPo9oGCLWtDEZtmxgTi, spotify:artist:5s27i7oqhNWIcE4HeoVdq0, spotify:artist:0DfaMTk8VkJ0aWFSyEtdwi, spotify:artist:4J2dAJV1pnSqZIXUhN9615, spotify:artist:39QiJaZ1HzRcpY9xlMKCsF","Mc IG, MC Ryan SP, MC PH, DJ Glenner, DJ Oreia, Gabb MC, MC Bruno MS, MC GP, MC Rhamon, Mc Dena, TrapLaudo","spotify:album:3lyZheF7IyPnFduYqBJHMI","Meu Nome Não é Igor %","spotify:artist:2q9wk5fkeU2C9CgCKdh4AN","Mc IG","2023-08-31","https://i.scdn.co/image/ab67616d0000b2732829b8cc15ed83e08892eb19","1","11","510697","https://p.scdn.co/mp3-preview/40fdf3135dd609da3fbde6e70898e79129edf429?cid=9950ac751e34487dbbe027c4fd7f8e99","true","61","BRWMB2301124","spotify:user:316ye5nphj2c6qd5zczz6wspr4te","2023-11-01T12:19:50Z"
"spotify:track:41vXO1HYd7VywQbpCXaJwM","Sem Gin, Sem Ela 2","spotify:artist:2q9wk5fkeU2C9CgCKdh4AN, spotify:artist:75i9GaW2MJUgt4BkdUnuUY, spotify:artist:4PLdCloYxu2bMKfuuB9lI5, spotify:artist:0KcbRunfjZHfwEnEgd1Dy6, spotify:artist:39QiJaZ1HzRcpY9xlMKCsF","Mc IG, MC Ryan SP, MC PH, Murillo e LT no Beat, TrapLaudo","spotify:album:3lyZheF7IyPnFduYqBJHMI","Meu Nome Não é Igor %","spotify:artist:2q9wk5fkeU2C9CgCKdh4AN","Mc IG","2023-08-31","https://i.scdn.co/image/ab67616d0000b2732829b8cc15ed83e08892eb19","1","8","326871","https://p.scdn.co/mp3-preview/bbbeb17f25c7775bc3206843ef310cfedc936cb1?cid=9950ac751e34487dbbe027c4fd7f8e99","true","61","BRWMB2301116","spotify:user:316ye5nphj2c6qd5zczz6wspr4te","2023-11-01T12:19:55Z"
"spotify:track:5ME83xsz5O9u3A0qhMtKyj","Jogo do Corinthians","spotify:artist:2q9wk5fkeU2C9CgCKdh4AN, spotify:artist:0KcbRunfjZHfwEnEgd1Dy6","Mc IG, Murillo e LT no Beat","spotify:album:3lyZheF7IyPnFduYqBJHMI","Meu Nome Não é Igor %","spotify:artist:2q9wk5fkeU2C9CgCKdh4AN","Mc IG","2023-08-31","https://i.scdn.co/image/ab67616d0000b2732829b8cc15ed83e08892eb19","1","5","146776","https://p.scdn.co/mp3-preview/5559b1c4d0659b228e95c68ed62c34ba3ec3d72a?cid=9950ac751e34487dbbe027c4fd7f8e99","true","58","BRWMB2301342","spotify:user:316ye5nphj2c6qd5zczz6wspr4te","2023-11-01T12:19:58Z"
"spotify:track:54FV2rMVwLusAVnzROB0c1","Mesma História","spotify:artist:3rfM2cGqF6DB0kUyytMkXx, spotify:artist:1a3fr7NdeBT4JlGj6YlbDL, spotify:artist:23ot0eI6ByBW6LrlBfr2bm, spotify:artist:25XJqeReVV38w0tR04GGBd, spotify:artist:0WvTL8PecsD3VxRGuHdSxj, spotify:artist:0QDtEwBuAbylERTOT4PntE","Orochi, Caio Luccas, Pedro Lotto, Mainstreet, Galdino, Ribb","spotify:album:3KvM71DjnZsDr0dxppQNjT","Vida Cara (Deluxe)","spotify:artist:3rfM2cGqF6DB0kUyytMkXx","Orochi","2023-10-06","https://i.scdn.co/image/ab67616d0000b2730a055ce0f9ec5ec8296c411b","1","1","163636","https://p.scdn.co/mp3-preview/d396152e4e2c130f3f2c5a449253d0e378426e7e?cid=9950ac751e34487dbbe027c4fd7f8e99","true","68","BCM9A2300083","spotify:user:316ye5nphj2c6qd5zczz6wspr4te","2023-11-01T12:20:02Z"
"spotify:track:6a35UETcJteB4oVCSFoAqr","Perfeita","spotify:artist:75i9GaW2MJUgt4BkdUnuUY, spotify:artist:3rfM2cGqF6DB0kUyytMkXx, spotify:artist:0pcoadNMmvrUyab1RxWBoV, spotify:artist:5ncITNKBT3RMa1U2NsuE7V, spotify:artist:4yGgbQJMq9orWypwqtdzYT","MC Ryan SP, Orochi, MC Hariel, DJ BOY, Oruam","spotify:album:7ff6CiyF3eKZzZBg5wv2fy","Um Toque de Malandragem","spotify:artist:75i9GaW2MJUgt4BkdUnuUY","MC Ryan SP","2023-09-12","https://i.scdn.co/image/ab67616d0000b27360db4d620b1edfac311f3351","1","2","277411","https://p.scdn.co/mp3-preview/5fd600637e532236121015b852ed9fcb01435719?cid=9950ac751e34487dbbe027c4fd7f8e99","false","58","BRWMB2301152","spotify:user:316ye5nphj2c6qd5zczz6wspr4te","2023-11-01T12:20:12Z"
"spotify:track:7woVi4HBuv0rsO98Ox2Fcq","Doce Veneno","spotify:artist:0gHj4MPwwcZ8Zl9CY0hqT5, spotify:artist:64DTkZLH6KkkMwZEEZ5VWC, spotify:artist:210Sy1oGhvPu929TKoSVcN","Mc Paiva ZS, Love Funk, Kotim","spotify:album:04GVjCszesD4CSwLqyKkFl","Doce Veneno","spotify:artist:0gHj4MPwwcZ8Zl9CY0hqT5, spotify:artist:64DTkZLH6KkkMwZEEZ5VWC, spotify:artist:210Sy1oGhvPu929TKoSVcN","Mc Paiva ZS, Love Funk, Kotim","2022-07-27","https://i.scdn.co/image/ab67616d0000b273c9c8368a31ac432514cefbbf","1","1","208941","https://p.scdn.co/mp3-preview/c03dd74c95bcd2e24c9d3d1ef766f27d8580b148?cid=9950ac751e34487dbbe027c4fd7f8e99","true","57","BXKG22200582","spotify:user:316ye5nphj2c6qd5zczz6wspr4te","2023-11-01T12:20:37Z"
"spotify:track:2PsrJc45N7xbFo2ZrL4bHD","Invisível pt.2","spotify:artist:4YqwRbMLqGHRHLS1w2ZKse, spotify:artist:3prRKGJz16RRMRSIM97nHw, spotify:artist:0PNcEYeVDBqbywI00Y3ANT, spotify:artist:7I4OIWw3Zm4lUmt2QHnz30, spotify:artist:6TPJK8tv3AKKSsw0lENTQk, spotify:artist:7saGN6a32YNpiMPo2SWJxE","Veigh, Supernova Ent, Honaiser, Toledo, Nagalli, Bvga Beatz","spotify:album:0KzFmbHMHXxpa0GUjuMZir","Invisível pt.2","spotify:artist:4YqwRbMLqGHRHLS1w2ZKse, spotify:artist:3prRKGJz16RRMRSIM97nHw","Veigh, Supernova Ent","2023-10-08","https://i.scdn.co/image/ab67616d0000b273aea5a558ec286e3554eb377e","1","1","174556","https://p.scdn.co/mp3-preview/96e615302edc9fd645713109605101b9fed4fd67?cid=9950ac751e34487dbbe027c4fd7f8e99","false","65","QZNMX2397742","spotify:user:316ye5nphj2c6qd5zczz6wspr4te","2023-11-01T12:20:43Z"
"spotify:track:2u2T2sB5Geli45Wh7r4lhr","Hoje Eu Vou Parar Na Gaiola","spotify:artist:7me0S5Z40qVWj3gzyK8aC3, spotify:artist:7ecRwFks8F2vYad383BkKf","Mc Livinho, Rennan da Penha","spotify:album:1OZEMraAZsiMYQGNZjOw8F","Hoje Eu Vou Parar Na Gaiola","spotify:artist:7me0S5Z40qVWj3gzyK8aC3, spotify:artist:7ecRwFks8F2vYad383BkKf","Mc Livinho, Rennan da Penha","2018-10-17","https://i.scdn.co/image/ab67616d0000b2732ecb10822448c3df75a3dccb","1","1","177093","https://p.scdn.co/mp3-preview/ac189633b167d1cfc30c2041701d34d46a0fe7c7?cid=9950ac751e34487dbbe027c4fd7f8e99","true","70","BXG6R1800834","spotify:user:316ye5nphj2c6qd5zczz6wspr4te","2023-11-01T12:20:53Z"
"spotify:track:5DlrNzF7YmK2dZBjfr0qZ2","De Marola","spotify:artist:0wopeyG3WHLoKcmrFD2jrY, spotify:artist:1WQBwwssN6r8DSjUlkyUGW, spotify:artist:4LAFtDzlQM89xov636hMVv, spotify:artist:0X7BxMRCyABTrHo168C09r","Azevedo, MC Cabelinho, Dallass, Skinny Beats","spotify:album:3NeF3Ss8ndyPPXi5XR6f90","Paz Terrível","spotify:artist:0wopeyG3WHLoKcmrFD2jrY","Azevedo","2023-09-22","https://i.scdn.co/image/ab67616d0000b273a8ce4194cb412e0e25782285","1","3","169411","","false","61","BKM2L2300064","spotify:user:316ye5nphj2c6qd5zczz6wspr4te","2023-11-01T12:21:05Z"
"spotify:track:1CJOu4rnX1qOhuVGyAp07h","Castelo de Areia","spotify:artist:3lIU3RoZiHen1QXAQ3KQ9e, spotify:artist:4YqwRbMLqGHRHLS1w2ZKse, spotify:artist:204IwDdaHE4ymGk9Kya2pY, spotify:artist:5e9fQ7H6ynkMPiZM2ADQDm, spotify:artist:6IlN4Mij49rPYznzeOMD1F","Tz da Coronel, Veigh, Djonga, meLLo, Cúpula","spotify:album:2ebjNF9XprvNezRA0z9UrZ","Castelo de Areia","spotify:artist:3lIU3RoZiHen1QXAQ3KQ9e, spotify:artist:4YqwRbMLqGHRHLS1w2ZKse","Tz da Coronel, Veigh","2023-10-17","https://i.scdn.co/image/ab67616d0000b273d62e434de763ab8158da36f1","1","1","222280","https://p.scdn.co/mp3-preview/38f946c7ae24adf79bba95d9b79b9ccde119a3e6?cid=9950ac751e34487dbbe027c4fd7f8e99","false","34","BC2TS2300023","spotify:user:316ye5nphj2c6qd5zczz6wspr4te","2023-11-16T22:19:39Z"
"spotify:track:2twZl1jsRbJRTNCE6VB6eW","10 Carros","spotify:artist:68PYmgkbRP1qZnEWOry7sB, spotify:artist:25XJqeReVV38w0tR04GGBd, spotify:artist:7w1eimo0NMZhuwNZTf4MHY","Chefin, Mainstreet, LB Único","spotify:album:1ZakiImfctMIFKkLNIDlcI","10 Carros","spotify:artist:68PYmgkbRP1qZnEWOry7sB, spotify:artist:25XJqeReVV38w0tR04GGBd, spotify:artist:7w1eimo0NMZhuwNZTf4MHY","Chefin, Mainstreet, LB Único","2023-11-24","https://i.scdn.co/image/ab67616d0000b27389dcaffdbf5aad2a7b0bb623","1","1","141176","https://p.scdn.co/mp3-preview/a3f93ffbaf13b14b3ce7ad0fee47d1360686d9d9?cid=9950ac751e34487dbbe027c4fd7f8e99","true","62","BCM9A2300098","spotify:user:316ye5nphj2c6qd5zczz6wspr4te","2023-11-30T11:26:26Z"
"spotify:track:4m8kG46clzxMxyrDuFo1Uq","Horas Iguais","spotify:artist:3MrDVzg7ZXaYMyQmbDInr7, spotify:artist:4yGgbQJMq9orWypwqtdzYT","WIU, Oruam","spotify:album:75q0lNTV1DIYkLeBqil9EE","Horas Iguais","spotify:artist:3MrDVzg7ZXaYMyQmbDInr7, spotify:artist:4yGgbQJMq9orWypwqtdzYT","WIU, Oruam","2022-10-05","https://i.scdn.co/image/ab67616d0000b27354b7b401a28cfdd00c30cb57","1","1","246942","https://p.scdn.co/mp3-preview/7c218925e41683b5a3044b89ea45bd5793ddcac5?cid=9950ac751e34487dbbe027c4fd7f8e99","false","69","BXW922200024","spotify:user:316ye5nphj2c6qd5zczz6wspr4te","2023-11-30T11:35:53Z"
"spotify:track:35djHlD5VERjzdKzFknuUs","THE BOX MEDLEY 5","spotify:artist:7gHzR22tDNSWGS4HkvvPgw, spotify:artist:1ZzJx2AgPmbnOE6OXhnn5K, spotify:artist:4xUawweuqhjMvoScRGbveR, spotify:artist:7EyzyrMNgqiK8bMrbkOT9l, spotify:artist:6ixe2JpfacOq9BvkwQ9rXM","THE BOX, Ryu\, The Runner, Raffa Moreira, Sidoka, Brocasito","spotify:album:6qqxoTPnsQM5yHapA7WF6u","THE BOX MEDLEY 5","spotify:artist:7gHzR22tDNSWGS4HkvvPgw, spotify:artist:1ZzJx2AgPmbnOE6OXhnn5K, spotify:artist:4xUawweuqhjMvoScRGbveR","THE BOX, Ryu\, The Runner, Raffa Moreira","2023-10-27","https://i.scdn.co/image/ab67616d0000b2730123ac82805dcc3318325ead","1","1","189658","https://p.scdn.co/mp3-preview/4f1fc7e8fed1cedb0ae240758d76eed1095e90c1?cid=9950ac751e34487dbbe027c4fd7f8e99","false","52","BKF5C2300001","spotify:user:316ye5nphj2c6qd5zczz6wspr4te","2024-01-29T21:22:01Z"
"spotify:track:6GqTxofC6xmCHy0j5ThYed","Eternos Alunos","spotify:artist:4PLdCloYxu2bMKfuuB9lI5, spotify:artist:0KcbRunfjZHfwEnEgd1Dy6, spotify:artist:2B4P0FlRtczEUKlMWUnM4g, spotify:artist:0pcoadNMmvrUyab1RxWBoV, spotify:artist:7Lmrb6KcIzfkmgbtokjsAL","MC PH, Murillo e LT no Beat, Solanno, MC Hariel, Mc Don Juan","spotify:album:2GJl4ruFhOBOghvHKVv6wV","O Cara Do Momento","spotify:artist:4PLdCloYxu2bMKfuuB9lI5","MC PH","2023-11-29","https://i.scdn.co/image/ab67616d0000b273c7672809f4efc51cf3b1cc27","1","4","254634","https://p.scdn.co/mp3-preview/54d9a4e69ed865e168fb2e129b68a4635bf1ce3a?cid=9950ac751e34487dbbe027c4fd7f8e99","true","54","BXG6R2301002","spotify:user:316ye5nphj2c6qd5zczz6wspr4te","2024-01-29T21:20:35Z"
"spotify:track:1c09NxroPI9EagoquMbN8r","Os Menino Tá Com o Pacote","spotify:artist:4PLdCloYxu2bMKfuuB9lI5, spotify:artist:0KcbRunfjZHfwEnEgd1Dy6, spotify:artist:2B4P0FlRtczEUKlMWUnM4g, spotify:artist:1HWkitLyqDmRwKAcEqGAA0","MC PH, Murillo e LT no Beat, Solanno, 011Frank","spotify:album:2GJl4ruFhOBOghvHKVv6wV","O Cara Do Momento","spotify:artist:4PLdCloYxu2bMKfuuB9lI5","MC PH","2023-11-29","https://i.scdn.co/image/ab67616d0000b273c7672809f4efc51cf3b1cc27","1","5","183529","https://p.scdn.co/mp3-preview/957a4bf738dbd2db9260a545c96a1801ed11bba6?cid=9950ac751e34487dbbe027c4fd7f8e99","true","59","BXG6R2301049","spotify:user:316ye5nphj2c6qd5zczz6wspr4te","2024-01-29T21:20:36Z"
"spotify:track:697gwO5YoSGVAnlfREIZll","Tenho Que Me Decidir","spotify:artist:4PLdCloYxu2bMKfuuB9lI5, spotify:artist:6jBww4kwlSrjaNYP7AQPtX, spotify:artist:3MrDVzg7ZXaYMyQmbDInr7, spotify:artist:23ot0eI6ByBW6LrlBfr2bm, spotify:artist:6nZ39vMOOOgXQ471Jy5jhR","MC PH, Borges, WIU, Pedro Lotto, WEY","spotify:album:2GJl4ruFhOBOghvHKVv6wV","O Cara Do Momento","spotify:artist:4PLdCloYxu2bMKfuuB9lI5","MC PH","2023-11-29","https://i.scdn.co/image/ab67616d0000b273c7672809f4efc51cf3b1cc27","1","7","232258","https://p.scdn.co/mp3-preview/ed1e1ddd71619d4d72cd10700d8fe30d7737798a?cid=9950ac751e34487dbbe027c4fd7f8e99","true","68","BXG6R2301027","spotify:user:316ye5nphj2c6qd5zczz6wspr4te","2024-01-29T21:20:38Z"
"spotify:track:5NYqvfrt7W4mUMX3FpNO0v","Tipo IG","spotify:artist:4PLdCloYxu2bMKfuuB9lI5, spotify:artist:2B4P0FlRtczEUKlMWUnM4g, spotify:artist:2q9wk5fkeU2C9CgCKdh4AN, spotify:artist:0KcbRunfjZHfwEnEgd1Dy6","MC PH, Solanno, Mc IG, Murillo e LT no Beat","spotify:album:2GJl4ruFhOBOghvHKVv6wV","O Cara Do Momento","spotify:artist:4PLdCloYxu2bMKfuuB9lI5","MC PH","2023-11-29","https://i.scdn.co/image/ab67616d0000b273c7672809f4efc51cf3b1cc27","1","16","146823","https://p.scdn.co/mp3-preview/7de54366ebd4d515708789574e7a77b3f789de6a?cid=9950ac751e34487dbbe027c4fd7f8e99","true","53","BXG6R2301059","spotify:user:316ye5nphj2c6qd5zczz6wspr4te","2024-01-29T21:20:41Z"
"spotify:track:6LSza8vBsCd7xLk13cYhIv","Jovens Milionários (Let's Go 2)","spotify:artist:4PLdCloYxu2bMKfuuB9lI5","MC PH","spotify:album:7woCTKfJUZU1qwgWMZjmlB","Jovens Milionários (Let's Go 2)","spotify:artist:4PLdCloYxu2bMKfuuB9lI5","MC PH","2023-08-09","https://i.scdn.co/image/ab67616d0000b273108d3c43f59980861a682e72","1","1","191320","https://p.scdn.co/mp3-preview/2bf8b4d58f32591206860968449817793cc345a2?cid=9950ac751e34487dbbe027c4fd7f8e99","true","58","BXG6R2300664","spotify:user:316ye5nphj2c6qd5zczz6wspr4te","2024-01-29T21:20:44Z"
"spotify:track:4QCwvUs4ob87Tq9VP07Uo3","Loucura","spotify:artist:6jBww4kwlSrjaNYP7AQPtX, spotify:artist:1WQBwwssN6r8DSjUlkyUGW, spotify:artist:4YqwRbMLqGHRHLS1w2ZKse, spotify:artist:30Hiyu8fW3upjYdoXoXy8i, spotify:artist:5arfYeRczWtKre7ptGoEXp, spotify:artist:2NMYOlZHIEsSq7pp5jBjic","Borges, MC Cabelinho, Veigh, RUXN, Palma, Kizzy","spotify:album:4XjGW9ICzbGHxtWeI7dUAt","Amor e Ódio","spotify:artist:6jBww4kwlSrjaNYP7AQPtX","Borges","2023-12-13","https://i.scdn.co/image/ab67616d0000b273934f0334be6f359e61f69ceb","1","1","179945","https://p.scdn.co/mp3-preview/a36cef44fcf52cd179de48cb46765cece5def17e?cid=9950ac751e34487dbbe027c4fd7f8e99","true","69","BCM9A2300102","spotify:user:316ye5nphj2c6qd5zczz6wspr4te","2024-01-29T21:20:58Z"
"spotify:track:6CQWmtVuHcGGdWLfcpOpbp","Foto da Unha","spotify:artist:0JjPiLQNgAFaEkwoy56B1C, spotify:artist:4YqwRbMLqGHRHLS1w2ZKse, spotify:artist:6TPJK8tv3AKKSsw0lENTQk","L7NNON, Veigh, Nagalli","spotify:album:2ch0bK9veGHOPlDQCYLAln","Foto da Unha","spotify:artist:0JjPiLQNgAFaEkwoy56B1C, spotify:artist:4YqwRbMLqGHRHLS1w2ZKse, spotify:artist:6TPJK8tv3AKKSsw0lENTQk","L7NNON, Veigh, Nagalli","2023-12-15","https://i.scdn.co/image/ab67616d0000b273df049f2975aa258c815cc933","1","1","199680","https://p.scdn.co/mp3-preview/6d157d325bf3e26c8d253499f8edd4f4eb93dab3?cid=9950ac751e34487dbbe027c4fd7f8e99","false","53","BR5TG2300068","spotify:user:316ye5nphj2c6qd5zczz6wspr4te","2024-01-29T21:21:07Z"
"spotify:track:4ODMkKdMusKLAMWolKAchh","Desfile na Favela","spotify:artist:5ZyT4ZJtpQdihQ7MTMTluE, spotify:artist:4tfQzFEhNTBnKUrYueeLKX, spotify:artist:4YqwRbMLqGHRHLS1w2ZKse, spotify:artist:7saGN6a32YNpiMPo2SWJxE, spotify:artist:7I4OIWw3Zm4lUmt2QHnz30","Danzo, Labbel Rec, Veigh, Bvga Beatz, Toledo","spotify:album:7wjzkS9hpvRHEadLHagk4D","O Cenário Certo para o Teatro Perfeito","spotify:artist:5ZyT4ZJtpQdihQ7MTMTluE, spotify:artist:4tfQzFEhNTBnKUrYueeLKX","Danzo, Labbel Rec","2023-08-25","https://i.scdn.co/image/ab67616d0000b273c4b9cc2a9914e0ce6bbe3c83","1","12","160000","https://p.scdn.co/mp3-preview/4a4b17d3607d1add0141bd7002d1580b9c71c2ef?cid=9950ac751e34487dbbe027c4fd7f8e99","true","62","BXBGP2300079","spotify:user:316ye5nphj2c6qd5zczz6wspr4te","2024-01-30T10:01:23Z"
"spotify:track:2cYqizR4lgvp4Qu6IQ3qGN","BUTTERFLY EFFECT","spotify:artist:0Y5tJX1MQlPlqiwlOH1tJY","Travis Scott","spotify:album:41GuZcammIkupMPKH2OJ6I","ASTROWORLD","spotify:artist:0Y5tJX1MQlPlqiwlOH1tJY","Travis Scott","2018-08-03","https://i.scdn.co/image/ab67616d0000b273daec894c14c0ca42d76eeb32","1","15","190557","https://p.scdn.co/mp3-preview/00b13e608cbb8c793a536e2730fd95b61bb71191?cid=9950ac751e34487dbbe027c4fd7f8e99","false","83","USSM11704799","spotify:user:316ye5nphj2c6qd5zczz6wspr4te","2024-05-01T18:32:04Z"
"spotify:track:42VsgItocQwOQC3XWZ8JNA","FE!N (feat. Playboi Carti)","spotify:artist:0Y5tJX1MQlPlqiwlOH1tJY, spotify:artist:699OTQXzgjhIYAHMy9RyPD","Travis Scott, Playboi Carti","spotify:album:18NOKLkZETa4sWwLMIm0UZ","UTOPIA","spotify:artist:0Y5tJX1MQlPlqiwlOH1tJY","Travis Scott","2023-07-28","https://i.scdn.co/image/ab67616d0000b27304481c826dd292e5e4983b3f","1","8","191700","https://p.scdn.co/mp3-preview/c0dc73ed02fee7d4012cd105fdc5ec224a755c2b?cid=9950ac751e34487dbbe027c4fd7f8e99","true","86","USSM12305010","spotify:user:316ye5nphj2c6qd5zczz6wspr4te","2024-05-01T18:32:13Z"
"spotify:track:5cAeyKBtzlQ0EIwPFcIYhT","Embalo","spotify:artist:1ZzJx2AgPmbnOE6OXhnn5K, spotify:artist:460m2YG30duLCuHwFdiLgX, spotify:artist:68YeXpLt3jB7JHQS5ZjMGo","Ryu\, The Runner, Yunk Vino, Teto","spotify:album:7gcHlsouDpaTaP1t03ajdj","Embalo","spotify:artist:1ZzJx2AgPmbnOE6OXhnn5K, spotify:artist:460m2YG30duLCuHwFdiLgX, spotify:artist:68YeXpLt3jB7JHQS5ZjMGo","Ryu\, The Runner, Yunk Vino, Teto","2024-04-25","https://i.scdn.co/image/ab67616d0000b273590ad5b3777e955e0c1fb590","1","1","185138","https://p.scdn.co/mp3-preview/553d784fb2364b5f27df38762fb06baf66730084?cid=9950ac751e34487dbbe027c4fd7f8e99","true","55","BRRGE2400153","spotify:user:316ye5nphj2c6qd5zczz6wspr4te","2024-05-01T18:32:21Z"
"spotify:track:0cKVD74EVBN9Nn949XYaEq","3S","spotify:artist:3eegqYNOBDWAuQME8S5W1q, spotify:artist:1ZzJx2AgPmbnOE6OXhnn5K, spotify:artist:2cb6bVhjolxjqG8xXpn3G3","Salve Crazy, Ryu\, The Runner, Enzo from the Block","spotify:album:7creGSt4XugDqDaiPY6L59","3S","spotify:artist:3eegqYNOBDWAuQME8S5W1q, spotify:artist:1ZzJx2AgPmbnOE6OXhnn5K, spotify:artist:2cb6bVhjolxjqG8xXpn3G3","Salve Crazy, Ryu\, The Runner, Enzo from the Block","2024-02-09","https://i.scdn.co/image/ab67616d0000b273010c8f1c844abf0e172962e9","1","1","145068","https://p.scdn.co/mp3-preview/f01a06392957f8232c7d610f4a0315401748e9d8?cid=9950ac751e34487dbbe027c4fd7f8e99","true","44","QZ5FN2447021","spotify:user:316ye5nphj2c6qd5zczz6wspr4te","2024-05-01T18:32:37Z"
"spotify:track:40IXmplKTcyWPr9HNCik7e","Filho da Noite","spotify:artist:5nP8x4uEFjAAmDzwOEc9b8, spotify:artist:75i9GaW2MJUgt4BkdUnuUY","Matuê, MC Ryan SP","spotify:album:63K61G3WTZrRUHZzAUPqHn","Filho da Noite","spotify:artist:5nP8x4uEFjAAmDzwOEc9b8, spotify:artist:75i9GaW2MJUgt4BkdUnuUY","Matuê, MC Ryan SP","2024-04-30","https://i.scdn.co/image/ab67616d0000b273e4ccfb3ca7ce41b59a4def45","1","1","236666","https://p.scdn.co/mp3-preview/3bb9ae0ae0c65ab30143d4d8c34c6a7c8813e101?cid=9950ac751e34487dbbe027c4fd7f8e99","false","59","BXW922400003","spotify:user:316ye5nphj2c6qd5zczz6wspr4te","2024-05-01T18:32:51Z"
"spotify:track:0VybBobSYSzliyEJ1VqwGR","Problemas de um Milionário","spotify:artist:3MrDVzg7ZXaYMyQmbDInr7, spotify:artist:68YeXpLt3jB7JHQS5ZjMGo","WIU, Teto","spotify:album:37xAMiTNitGXNdcm6v7ZJu","Problemas de um Milionário","spotify:artist:3MrDVzg7ZXaYMyQmbDInr7, spotify:artist:68YeXpLt3jB7JHQS5ZjMGo","WIU, Teto","2024-04-10","https://i.scdn.co/image/ab67616d0000b273a1f2622fdd32c27dda84c64a","1","1","144360","https://p.scdn.co/mp3-preview/597423fa59dd4336d1818d88096db2d0f2c37965?cid=9950ac751e34487dbbe027c4fd7f8e99","true","66","BXW922400001","spotify:user:316ye5nphj2c6qd5zczz6wspr4te","2024-05-01T18:47:06Z"
"spotify:track:2SFLZ4b8md59HSDxmomQxx","Vem Desestressar","spotify:artist:4PLdCloYxu2bMKfuuB9lI5, spotify:artist:27azwwkxutWL1BWMkgNIh0, spotify:artist:4YqwRbMLqGHRHLS1w2ZKse","MC PH, Vulgo FK, Veigh","spotify:album:7mOeU0TxEZhzCFQkjnuRSV","Vem Desestressar","spotify:artist:4PLdCloYxu2bMKfuuB9lI5, spotify:artist:27azwwkxutWL1BWMkgNIh0, spotify:artist:4YqwRbMLqGHRHLS1w2ZKse","MC PH, Vulgo FK, Veigh","2024-04-04","https://i.scdn.co/image/ab67616d0000b27315fa0917ba54ee8c9f7c02ff","1","1","240000","https://p.scdn.co/mp3-preview/7e0e9242ab45f8b87b6a7df39b3eb903148aaf78?cid=9950ac751e34487dbbe027c4fd7f8e99","true","60","BXG6R2400152","spotify:user:316ye5nphj2c6qd5zczz6wspr4te","2024-05-01T18:47:32Z"
"spotify:track:7IFsTX5H1sWcEl8joV0IdD","THE BOX MEDLEY FUNK 2","spotify:artist:7gHzR22tDNSWGS4HkvvPgw, spotify:artist:1SZXYhJz4sqEss888VmWLP, spotify:artist:5Dz2FizMLqV0Cr3c8uhEcF, spotify:artist:6aoGgTKGqtsjj48ymcNs4Z, spotify:artist:1JJq541frMPfUIQiUoVrnp, spotify:artist:1b8S7EPzdckRyIh0uSbOMI","THE BOX, Mc Brinquedo, MC Cebezinho, MC Tuto, Mc Laranjinha, DJ Oreia","spotify:album:0dW6ozKchun19vdN4BSIUy","THE BOX MEDLEY FUNK 2","spotify:artist:7gHzR22tDNSWGS4HkvvPgw, spotify:artist:1SZXYhJz4sqEss888VmWLP, spotify:artist:5Dz2FizMLqV0Cr3c8uhEcF, spotify:artist:6aoGgTKGqtsjj48ymcNs4Z","THE BOX, Mc Brinquedo, MC Cebezinho, MC Tuto","2024-04-18","https://i.scdn.co/image/ab67616d0000b2732bebc038aaf6023c40465646","1","1","266666","https://p.scdn.co/mp3-preview/8eca6f91352aa5a7f7244db492bb75eff4757328?cid=9950ac751e34487dbbe027c4fd7f8e99","false","73","BKF5C2400003","spotify:user:316ye5nphj2c6qd5zczz6wspr4te","2024-05-14T20:05:14Z"
"spotify:track:0Q1ySdDoHDiotYn4nbMXNm","CONFISSÕES PT2","spotify:artist:6TPJK8tv3AKKSsw0lENTQk, spotify:artist:2h5Ha0ZiMFmOQD3iYcSXsy, spotify:artist:4YqwRbMLqGHRHLS1w2ZKse, spotify:artist:3prRKGJz16RRMRSIM97nHw","Nagalli, KayBlack, Veigh, Supernova Ent","spotify:album:5lxnAXkn1mXv4LQSrnVtGW","MAGIC SHOW","spotify:artist:6TPJK8tv3AKKSsw0lENTQk, spotify:artist:3prRKGJz16RRMRSIM97nHw","Nagalli, Supernova Ent","2024-04-25","https://i.scdn.co/image/ab67616d0000b2734b5ceb2515a32f3115323ae8","1","5","145812","https://p.scdn.co/mp3-preview/1e7e133f711abc0fc211caf7cfa83c998bd733c3?cid=9950ac751e34487dbbe027c4fd7f8e99","true","71","BKSUV2400002","spotify:user:316ye5nphj2c6qd5zczz6wspr4te","2024-05-14T20:06:14Z"
"spotify:track:3Q36LH3rlABCEt4JMLbD8p","Vergonha pra Mídia (feat. MC Ryan SP & Mc Lele JP)","spotify:artist:3zUcyANWSbo98ikca4ugrV, spotify:artist:1QAoT8rjnSPy5pXpu3yiHS, spotify:artist:5pBMkZNIlbGTH3hrsQJqAa, spotify:artist:75i9GaW2MJUgt4BkdUnuUY, spotify:artist:1mV9h1AwhRXSjBFcYpajgY","Salvador Da Rima, NOG, Mc Kevin, MC Ryan SP, Mc Lele JP","spotify:album:781LFY8aN7h7hOy95OKKlK","Vergonha pra Mídia (feat. MC Ryan SP & Mc Lele JP)","spotify:artist:3zUcyANWSbo98ikca4ugrV, spotify:artist:1QAoT8rjnSPy5pXpu3yiHS, spotify:artist:5pBMkZNIlbGTH3hrsQJqAa","Salvador Da Rima, NOG, Mc Kevin","2020-04-01","https://i.scdn.co/image/ab67616d0000b273a07d6fd295b19f5581d78be0","1","1","385357","https://p.scdn.co/mp3-preview/cbacb1e91b9bebb6828c3e7f29b54659ecd15bbc?cid=9950ac751e34487dbbe027c4fd7f8e99","true","70","BXKY72000001","spotify:user:316ye5nphj2c6qd5zczz6wspr4te","2024-05-30T16:13:59Z"
"spotify:track:4OMSfAavn8k6HxZ0HwVtV1","CONFISSÕES PT1","spotify:artist:6TPJK8tv3AKKSsw0lENTQk, spotify:artist:78Y1NpgD0yMKoBetaYlUzS, spotify:artist:0oNOkdVXXFaWC9tPb7Ol10, spotify:artist:5qvphJwi72TG198xn5VVYH, spotify:artist:0xEdwBYYjxw6wk179Tq2sJ, spotify:artist:3prRKGJz16RRMRSIM97nHw","Nagalli, Menor MC, Dfideliz, CJota, Leviano, Supernova Ent","spotify:album:5lxnAXkn1mXv4LQSrnVtGW","MAGIC SHOW","spotify:artist:6TPJK8tv3AKKSsw0lENTQk, spotify:artist:3prRKGJz16RRMRSIM97nHw","Nagalli, Supernova Ent","2024-04-25","https://i.scdn.co/image/ab67616d0000b2734b5ceb2515a32f3115323ae8","1","4","213357","https://p.scdn.co/mp3-preview/c58c9dae95fb6bfdc17c499f65ec6b2ac67a7607?cid=9950ac751e34487dbbe027c4fd7f8e99","true","70","BKSUV2400006","spotify:user:316ye5nphj2c6qd5zczz6wspr4te","2024-05-30T16:14:02Z"
"spotify:track:0aff1PeFidGg14bcm0mqlt","MAL INTENCIONADA (JÁ FOI, JÁ ERA)","spotify:artist:6TPJK8tv3AKKSsw0lENTQk, spotify:artist:6jBww4kwlSrjaNYP7AQPtX, spotify:artist:05qCf6M7E7AxizHVmrcPqh, spotify:artist:27azwwkxutWL1BWMkgNIh0, spotify:artist:4YqwRbMLqGHRHLS1w2ZKse, spotify:artist:3prRKGJz16RRMRSIM97nHw","Nagalli, Borges, Kyan, Vulgo FK, Veigh, Supernova Ent","spotify:album:5lxnAXkn1mXv4LQSrnVtGW","MAGIC SHOW","spotify:artist:6TPJK8tv3AKKSsw0lENTQk, spotify:artist:3prRKGJz16RRMRSIM97nHw","Nagalli, Supernova Ent","2024-04-25","https://i.scdn.co/image/ab67616d0000b2734b5ceb2515a32f3115323ae8","1","7","228571","https://p.scdn.co/mp3-preview/ffb6884aac810c2f3ba68663ff38cd2c09027ebe?cid=9950ac751e34487dbbe027c4fd7f8e99","true","57","QZNMT2333884","spotify:user:316ye5nphj2c6qd5zczz6wspr4te","2024-05-30T16:14:04Z"
"spotify:track:5tsKgj1Xbk5bL7t3QiPWOR","Diz Aí Qual é o Plano?","spotify:artist:2q9wk5fkeU2C9CgCKdh4AN, spotify:artist:75i9GaW2MJUgt4BkdUnuUY, spotify:artist:4yGgbQJMq9orWypwqtdzYT, spotify:artist:4PLdCloYxu2bMKfuuB9lI5, spotify:artist:28ie4NNTa2VW2QV4Zray8M, spotify:artist:5s27i7oqhNWIcE4HeoVdq0, spotify:artist:39QiJaZ1HzRcpY9xlMKCsF, spotify:artist:3I44LJGCaI0gSPPz3n16xn, spotify:artist:5XUMgbLR3zyRPesnTQY31C, spotify:artist:6SsSYKLEsf8EfDbFAi5GET, spotify:artist:0KcbRunfjZHfwEnEgd1Dy6","Mc IG, MC Ryan SP, Oruam, MC PH, Mc Poze do Rodo, MC GP, TrapLaudo, Mc Luki, MC GH do 7, MC Nego Micha, Murillo e LT no Beat","spotify:album:0rZQI2wpjiNTxeVCSyZI0M","Diz Aí Qual é o Plano?","spotify:artist:0LyfQWJT6nXafLPZqxe9Of","Vários intérpretes","2024-03-07","https://i.scdn.co/image/ab67616d0000b273a36e612bf447d02af043df26","1","1","703157","https://p.scdn.co/mp3-preview/f9da32cb858dcb04ac529792b82074617f98bf17?cid=9950ac751e34487dbbe027c4fd7f8e99","true","59","BRWMB2400220","spotify:user:316ye5nphj2c6qd5zczz6wspr4te","2024-06-07T18:02:33Z"
"spotify:track:5Z9GMt9W6nh3XWQqQIcGoY","É Isso Bebê, Tá Certa!","spotify:artist:2q9wk5fkeU2C9CgCKdh4AN, spotify:artist:75i9GaW2MJUgt4BkdUnuUY, spotify:artist:4PLdCloYxu2bMKfuuB9lI5, spotify:artist:6XX6KGpomRDPmGGm7bofCK","Mc IG, MC Ryan SP, MC PH, DJ Glenner","spotify:album:6PMogE54ACxYyN6C6Ku8ip","É Isso Bebê, Tá Certa!","spotify:artist:2q9wk5fkeU2C9CgCKdh4AN, spotify:artist:75i9GaW2MJUgt4BkdUnuUY, spotify:artist:4PLdCloYxu2bMKfuuB9lI5","Mc IG, MC Ryan SP, MC PH","2024-03-20","https://i.scdn.co/image/ab67616d0000b2733a96a3a649c7e2fac71a0423","1","1","271058","https://p.scdn.co/mp3-preview/ee0d25caea7a3ce66909cb7e3d456a73cf83a121?cid=9950ac751e34487dbbe027c4fd7f8e99","true","46","BRWMB2400226","spotify:user:316ye5nphj2c6qd5zczz6wspr4te","2024-06-07T18:03:06Z"
"spotify:track:5vhpFROZxMdYAO9PsshEC6","Deus, Por favor","spotify:artist:2q9wk5fkeU2C9CgCKdh4AN, spotify:artist:5pBMkZNIlbGTH3hrsQJqAa, spotify:artist:3joq445M6f168kb3mkp7BB, spotify:artist:4PLdCloYxu2bMKfuuB9lI5","Mc IG, Mc Kevin, DJ WN, MC PH","spotify:album:7wDPBcwnx52665GnH4q6Ld","Deus, Por favor","spotify:artist:2q9wk5fkeU2C9CgCKdh4AN, spotify:artist:5pBMkZNIlbGTH3hrsQJqAa, spotify:artist:3joq445M6f168kb3mkp7BB, spotify:artist:4PLdCloYxu2bMKfuuB9lI5","Mc IG, Mc Kevin, DJ WN, MC PH","2024-03-20","https://i.scdn.co/image/ab67616d0000b273b2c4d737c1fdce6290189b3f","1","1","279000","https://p.scdn.co/mp3-preview/b99e1b9faaad5c3ef69d1aefbc714d5c33b8ed8b?cid=9950ac751e34487dbbe027c4fd7f8e99","false","53","BRWMB2400290","spotify:user:316ye5nphj2c6qd5zczz6wspr4te","2024-06-07T18:03:35Z"
"spotify:track:3kBYuWrGtx1tSHjzr0vlZh","Sorriso no Rosto","spotify:artist:2q9wk5fkeU2C9CgCKdh4AN, spotify:artist:0KcbRunfjZHfwEnEgd1Dy6, spotify:artist:6XX6KGpomRDPmGGm7bofCK","Mc IG, Murillo e LT no Beat, DJ Glenner","spotify:album:7uA5fxR9xIiO5rXx4pkchd","Sorriso no Rosto","spotify:artist:2q9wk5fkeU2C9CgCKdh4AN, spotify:artist:0KcbRunfjZHfwEnEgd1Dy6, spotify:artist:6XX6KGpomRDPmGGm7bofCK","Mc IG, Murillo e LT no Beat, DJ Glenner","2024-05-28","https://i.scdn.co/image/ab67616d0000b2736dfaa030edfee1eaa12cc911","1","1","148000","https://p.scdn.co/mp3-preview/a671158c10847b5d03c809656993455082a5b71b?cid=9950ac751e34487dbbe027c4fd7f8e99","true","61","BRWMB2400738","spotify:user:316ye5nphj2c6qd5zczz6wspr4te","2024-06-09T22:30:41Z"
"spotify:track:1k1egPmIPWQ0J44PWgMDwA","Nois é Nois","spotify:artist:4YqwRbMLqGHRHLS1w2ZKse, spotify:artist:3prRKGJz16RRMRSIM97nHw","Veigh, Supernova Ent","spotify:album:42I7nPQNGF5TxZiP8Esk2X","Nois é Nois","spotify:artist:4YqwRbMLqGHRHLS1w2ZKse, spotify:artist:3prRKGJz16RRMRSIM97nHw","Veigh, Supernova Ent","2024-03-15","https://i.scdn.co/image/ab67616d0000b273b7a59006ed255095b391cb5d","1","1","120000","https://p.scdn.co/mp3-preview/7565daa44fa68712236a9b90b994a00287fe6316?cid=9950ac751e34487dbbe027c4fd7f8e99","true","63","BKSUV2300001","spotify:user:316ye5nphj2c6qd5zczz6wspr4te","2024-06-14T14:19:22Z"
"spotify:track:5RHOhXxMVhpEaBcG6hIydA","Maturidade","spotify:artist:2h5Ha0ZiMFmOQD3iYcSXsy, spotify:artist:5wEgjH2s4SAiffRmzkBqHB, spotify:artist:48r1nXoaPXPSx1LoM0Rnzl","KayBlack, Wall Hein, AMUSIK","spotify:album:2QWzXzDW94VU4E9KBSJehg","Maturidade","spotify:artist:2h5Ha0ZiMFmOQD3iYcSXsy, spotify:artist:5wEgjH2s4SAiffRmzkBqHB, spotify:artist:48r1nXoaPXPSx1LoM0Rnzl","KayBlack, Wall Hein, AMUSIK","2022-09-08","https://i.scdn.co/image/ab67616d0000b273615b2dba646f50105237dbf7","1","1","142026","https://p.scdn.co/mp3-preview/4840df1a59b07242f133cac7e3fcb0a2b042e963?cid=9950ac751e34487dbbe027c4fd7f8e99","true","72","BC3PG2303400","spotify:user:316ye5nphj2c6qd5zczz6wspr4te","2024-06-14T14:19:25Z"
"spotify:track:3imUTMISbkNH55h8KWFQus","Ele Se Morde","spotify:artist:1ZzJx2AgPmbnOE6OXhnn5K, spotify:artist:4z8ieq95PTFrqoxYhozY75, spotify:artist:6dfVDfsJOmrY9Xr0Y936m3","Ryu\, The Runner, Emitê Único, Senndy","spotify:album:2gmRuoOFCAhzOueZ5ORUmC","Ele Se Morde","spotify:artist:1ZzJx2AgPmbnOE6OXhnn5K, spotify:artist:4z8ieq95PTFrqoxYhozY75, spotify:artist:6dfVDfsJOmrY9Xr0Y936m3","Ryu\, The Runner, Emitê Único, Senndy","2024-05-22","https://i.scdn.co/image/ab67616d0000b273d8c69c171d8019cf49718899","1","1","212389","https://p.scdn.co/mp3-preview/3e7c9d06e3892b0e0e4d9fa695a691ce56e173a5?cid=9950ac751e34487dbbe027c4fd7f8e99","true","41","BRRGE2400274","spotify:user:316ye5nphj2c6qd5zczz6wspr4te","2024-06-14T22:44:47Z"
"spotify:track:3khkPvrjpPRDL6xLxANd9Z","SUV","spotify:artist:1ZzJx2AgPmbnOE6OXhnn5K, spotify:artist:44sYX4gwGmUZBnNT2AZTPW, spotify:artist:7CDNHcDbOQU1gK1OxjZlcC, spotify:artist:6XQrv3AiNUS61JFK1VITTU","Ryu\, The Runner, 6ee, Iuri Rio Branco, Jean Tassy","spotify:album:3DeMgSVSQF34jHztkoxYf3","SUV","spotify:artist:1ZzJx2AgPmbnOE6OXhnn5K, spotify:artist:44sYX4gwGmUZBnNT2AZTPW, spotify:artist:7CDNHcDbOQU1gK1OxjZlcC","Ryu\, The Runner, 6ee, Iuri Rio Branco","2024-05-22","https://i.scdn.co/image/ab67616d0000b2730562733fbbf35f0650a658fa","1","1","143910","https://p.scdn.co/mp3-preview/358b86c0f51ad8f36e7436f1073b33b033b981e7?cid=9950ac751e34487dbbe027c4fd7f8e99","true","39","BRRGE2400276","spotify:user:316ye5nphj2c6qd5zczz6wspr4te","2024-06-14T22:45:01Z"
"spotify:track:5dO1AzjYhd8gdC0nzojaYd","a noite chega","spotify:artist:4yFJeWVY6IZLc5KcYCvtBE, spotify:artist:1ZzJx2AgPmbnOE6OXhnn5K, spotify:artist:1pk1stIyHnuK6lXZ8QiNKt, spotify:artist:7saGN6a32YNpiMPo2SWJxE, spotify:artist:3prRKGJz16RRMRSIM97nHw","G.A, Ryu\, The Runner, MC Koringa, Bvga Beatz, Supernova Ent","spotify:album:4osDSPHvkroyYR8qdfdqxq","sua vez de escutar","spotify:artist:4yFJeWVY6IZLc5KcYCvtBE, spotify:artist:3prRKGJz16RRMRSIM97nHw","G.A, Supernova Ent","2024-03-29","https://i.scdn.co/image/ab67616d0000b2730c0374f2f9a17defeb7badf4","1","3","171219","https://p.scdn.co/mp3-preview/1a2c64ae960d54081afc689e073a0b2d77f06e99?cid=9950ac751e34487dbbe027c4fd7f8e99","true","56","BKSUV2400013","spotify:user:316ye5nphj2c6qd5zczz6wspr4te","2024-06-14T22:45:22Z"
"spotify:track:3tGiBHrLSYXuUtaDZ4jmXt","Dentro Da Mala","spotify:artist:4PLdCloYxu2bMKfuuB9lI5, spotify:artist:68YeXpLt3jB7JHQS5ZjMGo, spotify:artist:23ot0eI6ByBW6LrlBfr2bm, spotify:artist:6nZ39vMOOOgXQ471Jy5jhR","MC PH, Teto, Pedro Lotto, WEY","spotify:album:35C0UUdgV8mkuBaJrxbagf","O Cara Do Momento, Vol. 2","spotify:artist:4PLdCloYxu2bMKfuuB9lI5","MC PH","2024-04-10","https://i.scdn.co/image/ab67616d0000b2731a27faa24877544e58d16177","1","4","243200","https://p.scdn.co/mp3-preview/2c9f3c535891a5cbbcfaa17288d97e245c34240b?cid=9950ac751e34487dbbe027c4fd7f8e99","false","64","BXG6R2400263","spotify:user:316ye5nphj2c6qd5zczz6wspr4te","2024-07-21T23:22:12Z"
"spotify:track:1IHYVMeFy76X0Xl2DkLkDh","MVP","spotify:artist:1ZzJx2AgPmbnOE6OXhnn5K, spotify:artist:4YqwRbMLqGHRHLS1w2ZKse, spotify:artist:44sYX4gwGmUZBnNT2AZTPW","Ryu\, The Runner, Veigh, 6ee","spotify:album:2i1FaEQY9JIUS8M0kMhsH9","SEMRÉH (FINAL SPRINT)","spotify:artist:1ZzJx2AgPmbnOE6OXhnn5K","Ryu\, The Runner","2024-07-25","https://i.scdn.co/image/ab67616d0000b273c967743d5f508c547341b6e7","1","10","169571","https://p.scdn.co/mp3-preview/99ce4434e578a156a8e9ff53f4bad63ef6bf3840?cid=9950ac751e34487dbbe027c4fd7f8e99","true","53","BRRGE2400521","spotify:user:316ye5nphj2c6qd5zczz6wspr4te","2024-07-26T03:42:19Z"
"spotify:track:66M8DsLcUXmwKcYeTLz9GS","MVP PT2","spotify:artist:1ZzJx2AgPmbnOE6OXhnn5K, spotify:artist:76hYPcWML9NGEh8LashwT5","Ryu\, The Runner, Major RD","spotify:album:2i1FaEQY9JIUS8M0kMhsH9","SEMRÉH (FINAL SPRINT)","spotify:artist:1ZzJx2AgPmbnOE6OXhnn5K","Ryu\, The Runner","2024-07-25","https://i.scdn.co/image/ab67616d0000b273c967743d5f508c547341b6e7","1","11","140522","https://p.scdn.co/mp3-preview/c77073cbac0066c85861328cf0e45027ebfc2ffe?cid=9950ac751e34487dbbe027c4fd7f8e99","true","41","BRRGE2400523","spotify:user:316ye5nphj2c6qd5zczz6wspr4te","2024-07-26T03:42:25Z"
"spotify:track:5lZS4UU5KbkR1QLRbkWG5W","Eles Me Odeiam","spotify:artist:1ZzJx2AgPmbnOE6OXhnn5K, spotify:artist:0eHkGhhUyp3LZdtZjaA8gd, spotify:artist:1JlC6XG7lkwT6GzgQB9xOx","Ryu\, The Runner, AJULLIACOSTA, Duquesa","spotify:album:2i1FaEQY9JIUS8M0kMhsH9","SEMRÉH (FINAL SPRINT)","spotify:artist:1ZzJx2AgPmbnOE6OXhnn5K","Ryu\, The Runner","2024-07-25","https://i.scdn.co/image/ab67616d0000b273c967743d5f508c547341b6e7","1","12","187480","https://p.scdn.co/mp3-preview/120a7c204eb813fb6e056874a0a14a21892a60d1?cid=9950ac751e34487dbbe027c4fd7f8e99","true","55","BRRGE2400525","spotify:user:316ye5nphj2c6qd5zczz6wspr4te","2024-07-26T03:42:30Z"
"spotify:track:5RTMpECEVHy3H9jtn7HKi5","Qual é seu desejo?","spotify:artist:3lIU3RoZiHen1QXAQ3KQ9e, spotify:artist:1ZzJx2AgPmbnOE6OXhnn5K, spotify:artist:6TPJK8tv3AKKSsw0lENTQk","Tz da Coronel, Ryu\, The Runner, Nagalli","spotify:album:0BLV2fhIeGJmvzBxwz3NxV","Direto da Selva","spotify:artist:3lIU3RoZiHen1QXAQ3KQ9e","Tz da Coronel","2024-06-27","https://i.scdn.co/image/ab67616d0000b273b1181915ae72ed0094e4cf81","1","3","153429","https://p.scdn.co/mp3-preview/3cb37860c7fc44808407f24e604610ec418de20a?cid=9950ac751e34487dbbe027c4fd7f8e99","true","61","BC2TS2400002","spotify:user:316ye5nphj2c6qd5zczz6wspr4te","2024-07-26T03:43:01Z"
"spotify:track:2jOanfmbwcjrcI4MAUcNns","Reza do Milhão","spotify:artist:5nP8x4uEFjAAmDzwOEc9b8","Matuê","spotify:album:1rTbSeEJ9D8doCj60u7RmG","Sabor Overdose no Yakisoba","spotify:artist:5nP8x4uEFjAAmDzwOEc9b8","Matuê","2024-08-05","https://i.scdn.co/image/ab67616d0000b27303607a318e4fd26abd741a89","1","3","184427","https://p.scdn.co/mp3-preview/d3f8646c471f0d235fd7a5d67c4ebed98cf691f8?cid=9950ac751e34487dbbe027c4fd7f8e99","false","52","BXW922400061","spotify:user:316ye5nphj2c6qd5zczz6wspr4te","2024-08-06T12:59:23Z"
"spotify:track:1okn8NTTHVQuP4hghJi2Ec","Os Menino da Nova","spotify:artist:3prRKGJz16RRMRSIM97nHw, spotify:artist:6MQ7E3HXWR3Djm3miL79mn, spotify:artist:4YqwRbMLqGHRHLS1w2ZKse, spotify:artist:4yFJeWVY6IZLc5KcYCvtBE, spotify:artist:32U24zpBrDLj0KMppA1bKf","Supernova Ent, Niink, Veigh, G.A, Ghard","spotify:album:60YBXfUxCUhklWqyPULaY0","Os Menino da Nova","spotify:artist:3prRKGJz16RRMRSIM97nHw, spotify:artist:6MQ7E3HXWR3Djm3miL79mn, spotify:artist:4YqwRbMLqGHRHLS1w2ZKse","Supernova Ent, Niink, Veigh","2024-08-27","https://i.scdn.co/image/ab67616d0000b27375ec028f547906a63888ea73","1","1","137677","https://p.scdn.co/mp3-preview/19f3e627392e7bf7e89a4db941b1d51504d80a7c?cid=9950ac751e34487dbbe027c4fd7f8e99","false","55","BKSUV2400030","spotify:user:316ye5nphj2c6qd5zczz6wspr4te","2024-09-09T00:16:02Z"
"spotify:track:4ssHL7bSnOAE7HjiuLx6Co","Crack com Mussilon","spotify:artist:5nP8x4uEFjAAmDzwOEc9b8","Matuê","spotify:album:5CP84pfi4AFe95UTACFWrk","333","spotify:artist:5nP8x4uEFjAAmDzwOEc9b8","Matuê","2024-09-09","https://i.scdn.co/image/ab67616d0000b273996475bce560ead5737dbda1","1","1","154418","https://p.scdn.co/mp3-preview/30a670988d9d5bbd4697de115f794aa39e92b311?cid=9950ac751e34487dbbe027c4fd7f8e99","true","19","BXW922400045","spotify:user:316ye5nphj2c6qd5zczz6wspr4te","2024-09-16T21:16:05Z"
"spotify:track:2fjqfFUq64thFsqfKN01kS","Imagina esse Cenário","spotify:artist:5nP8x4uEFjAAmDzwOEc9b8, spotify:artist:4YqwRbMLqGHRHLS1w2ZKse","Matuê, Veigh","spotify:album:5CP84pfi4AFe95UTACFWrk","333","spotify:artist:5nP8x4uEFjAAmDzwOEc9b8","Matuê","2024-09-09","https://i.scdn.co/image/ab67616d0000b273996475bce560ead5737dbda1","1","2","155368","https://p.scdn.co/mp3-preview/8dafc05876b92f0cc73fa615f49d93331e02ca35?cid=9950ac751e34487dbbe027c4fd7f8e99","true","17","BXW922400035","spotify:user:316ye5nphj2c6qd5zczz6wspr4te","2024-09-16T21:16:05Z"
"spotify:track:6QsHhB0W9GtLF3cI7mUVkQ","1993","spotify:artist:5nP8x4uEFjAAmDzwOEc9b8","Matuê","spotify:album:5CP84pfi4AFe95UTACFWrk","333","spotify:artist:5nP8x4uEFjAAmDzwOEc9b8","Matuê","2024-09-09","https://i.scdn.co/image/ab67616d0000b273996475bce560ead5737dbda1","1","4","127826","https://p.scdn.co/mp3-preview/f1b2d091a0bcf015ab57d72079ae5566591925c0?cid=9950ac751e34487dbbe027c4fd7f8e99","true","15","BXW922400033","spotify:user:316ye5nphj2c6qd5zczz6wspr4te","2024-09-16T21:16:05Z"
"spotify:track:6OcZP4rUfuxms2r8Mwx5BQ","4Tal","spotify:artist:5nP8x4uEFjAAmDzwOEc9b8, spotify:artist:68YeXpLt3jB7JHQS5ZjMGo","Matuê, Teto","spotify:album:5CP84pfi4AFe95UTACFWrk","333","spotify:artist:5nP8x4uEFjAAmDzwOEc9b8","Matuê","2024-09-09","https://i.scdn.co/image/ab67616d0000b273996475bce560ead5737dbda1","1","5","204923","https://p.scdn.co/mp3-preview/bd149d19edca034ca7c912f2e0ad918a7860d84b?cid=9950ac751e34487dbbe027c4fd7f8e99","true","12","BXW922400037","spotify:user:316ye5nphj2c6qd5zczz6wspr4te","2024-09-16T21:16:05Z"
"spotify:track:2fTTmjyF7pfarDBAbsJkvb","04AM","spotify:artist:5nP8x4uEFjAAmDzwOEc9b8","Matuê","spotify:album:5CP84pfi4AFe95UTACFWrk","333","spotify:artist:5nP8x4uEFjAAmDzwOEc9b8","Matuê","2024-09-09","https://i.scdn.co/image/ab67616d0000b273996475bce560ead5737dbda1","1","7","199389","https://p.scdn.co/mp3-preview/d8c7556a02c005d0f6d5e5e4e56b3465820786dd?cid=9950ac751e34487dbbe027c4fd7f8e99","true","12","BXW922400041","spotify:user:316ye5nphj2c6qd5zczz6wspr4te","2024-09-16T21:16:05Z"
"spotify:track:3Kh5a6vXMiJtC35jMEfmyy","Castlevania","spotify:artist:5nP8x4uEFjAAmDzwOEc9b8","Matuê","spotify:album:5CP84pfi4AFe95UTACFWrk","333","spotify:artist:5nP8x4uEFjAAmDzwOEc9b8","Matuê","2024-09-09","https://i.scdn.co/image/ab67616d0000b273996475bce560ead5737dbda1","1","8","230181","https://p.scdn.co/mp3-preview/b00d256a292e3f9dedf25003f7657f910831278a?cid=9950ac751e34487dbbe027c4fd7f8e99","true","12","BXW922400049","spotify:user:316ye5nphj2c6qd5zczz6wspr4te","2024-09-16T21:16:05Z"
"spotify:track:7pMfMzfYSTbNxj5lJEbQIp","V de Vilão","spotify:artist:5nP8x4uEFjAAmDzwOEc9b8","Matuê","spotify:album:5CP84pfi4AFe95UTACFWrk","333","spotify:artist:5nP8x4uEFjAAmDzwOEc9b8","Matuê","2024-09-09","https://i.scdn.co/image/ab67616d0000b273996475bce560ead5737dbda1","1","9","146160","https://p.scdn.co/mp3-preview/b686791ea7990f2c1df128e1fc366bb4a83cebf3?cid=9950ac751e34487dbbe027c4fd7f8e99","true","12","BXW922400043","spotify:user:316ye5nphj2c6qd5zczz6wspr4te","2024-09-16T21:16:05Z"
"spotify:track:2ux3Sb90r5aA74nLMls1u0","Maria","spotify:artist:5nP8x4uEFjAAmDzwOEc9b8","Matuê","spotify:album:5CP84pfi4AFe95UTACFWrk","333","spotify:artist:5nP8x4uEFjAAmDzwOEc9b8","Matuê","2024-09-09","https://i.scdn.co/image/ab67616d0000b273996475bce560ead5737dbda1","1","10","204339","https://p.scdn.co/mp3-preview/1061f6f16e3e324dfcab762a69f078591b763080?cid=9950ac751e34487dbbe027c4fd7f8e99","true","12","BXW922400039","spotify:user:316ye5nphj2c6qd5zczz6wspr4te","2024-09-16T21:16:05Z"
"spotify:track:7BLjPZwgbxQSLZ4rWbboJY","Vida de Artista","spotify:artist:6XFc29m1ptfUNmaa1UTuBT, spotify:artist:6aoGgTKGqtsjj48ymcNs4Z, spotify:artist:6VOn8xBJH73S7DN8VBAoaN","MC Joãozinho VT, MC Tuto, Deejhay RB","spotify:album:2gMhGYe4x6O1vDG9AUjIwW","Vida de Artista","spotify:artist:6XFc29m1ptfUNmaa1UTuBT, spotify:artist:6aoGgTKGqtsjj48ymcNs4Z, spotify:artist:6VOn8xBJH73S7DN8VBAoaN","MC Joãozinho VT, MC Tuto, Deejhay RB","2024-06-26","https://i.scdn.co/image/ab67616d0000b273700a3fcafbd8498c78f16cb0","1","1","196000","https://p.scdn.co/mp3-preview/75a22d9fc13efbd490a7d647a30059c1760105ff?cid=9950ac751e34487dbbe027c4fd7f8e99","true","65","BCSOR2400052","spotify:user:316ye5nphj2c6qd5zczz6wspr4te","2024-10-24T22:42:08Z"
"spotify:track:2drZGdAOxfE2KoMGTkidmq","365 Dias (Vida Mansa)","spotify:artist:04QHNiih9ZesPvals6II1h, spotify:artist:75i9GaW2MJUgt4BkdUnuUY, spotify:artist:2f8xoxornfSw6ePzgyM9NO, spotify:artist:7IOSPo9oGCLWtDEZtmxgTi, spotify:artist:2FDaBZt51fOXh2rbHL8Afr, spotify:artist:48yaM25WLHmQZXx5NN3DYH, spotify:artist:2A3i7OnSUdZB3FXX5Qv3Wp, spotify:artist:70jpkgy5oGT4YjaGFpCpk7","MC Marks, MC Ryan SP, MC Jvila, MC Bruno MS, Mc Magal, Aaron Modesto, DJ Dael, MC LUUKY","spotify:album:49TkAXV7QtwIAHwJ6Xusjt","365 Dias (Vida Mansa)","spotify:artist:0LyfQWJT6nXafLPZqxe9Of","Vários intérpretes","2024-09-27","https://i.scdn.co/image/ab67616d0000b273d3b379840f6763b41a3a3d11","1","1","527220","https://p.scdn.co/mp3-preview/8e3a5d67eabc8d831e654feb80863940451b2e56?cid=9950ac751e34487dbbe027c4fd7f8e99","false","73","BK4DA2449853","spotify:user:316ye5nphj2c6qd5zczz6wspr4te","2024-10-24T22:44:08Z"
"spotify:track:2Rr2mkxwAGZJFq0wlcEpGP","Sem Topete","spotify:artist:04QHNiih9ZesPvals6II1h, spotify:artist:0KcbRunfjZHfwEnEgd1Dy6, spotify:artist:5dLqjc2m428QbostsKrUYW","MC Marks, Murillo e LT no Beat, Fepache","spotify:album:1RlhyoOvKU2SGMMRa0llrb","Sem Topete","spotify:artist:04QHNiih9ZesPvals6II1h, spotify:artist:0KcbRunfjZHfwEnEgd1Dy6, spotify:artist:5dLqjc2m428QbostsKrUYW","MC Marks, Murillo e LT no Beat, Fepache","2024-09-05","https://i.scdn.co/image/ab67616d0000b273046080254d94a42274eb310f","1","1","175609","https://p.scdn.co/mp3-preview/9703c7e2215bc1ff0f07b23ac0324be6c48dd7ca?cid=9950ac751e34487dbbe027c4fd7f8e99","true","60","BRWMB2401104","spotify:user:316ye5nphj2c6qd5zczz6wspr4te","2024-10-24T22:44:16Z"
"spotify:track:3H7eBmcTJyuEMStfmKuLmG","A Danada Me Ligando","spotify:artist:5Dz2FizMLqV0Cr3c8uhEcF, spotify:artist:1b8S7EPzdckRyIh0uSbOMI, spotify:artist:6aoGgTKGqtsjj48ymcNs4Z, spotify:artist:64DTkZLH6KkkMwZEEZ5VWC, spotify:artist:5InVWl8IZB8zFAoNa5roKm","MC Cebezinho, DJ Oreia, MC Tuto, Love Funk, Kako","spotify:album:5JSy0y2EhIpd2duve74FqE","A Danada Me Ligando","spotify:artist:0LyfQWJT6nXafLPZqxe9Of","Vários intérpretes","2024-08-23","https://i.scdn.co/image/ab67616d0000b273dc16c0b3939b95e09076ec5e","1","1","283636","https://p.scdn.co/mp3-preview/d69b124a3a3925ab873cf1993d9ffaa138f4a887?cid=9950ac751e34487dbbe027c4fd7f8e99","true","72","BXKG22401932","spotify:user:316ye5nphj2c6qd5zczz6wspr4te","2024-10-24T22:44:57Z"
"spotify:track:6s1kzj4EbhFLXbuAGJbhbn","Barbie","spotify:artist:6aoGgTKGqtsjj48ymcNs4Z, spotify:artist:6XX6KGpomRDPmGGm7bofCK","MC Tuto, DJ Glenner","spotify:album:6MNtIXqAF51SJfAyETEtjL","Barbie","spotify:artist:6aoGgTKGqtsjj48ymcNs4Z, spotify:artist:6XX6KGpomRDPmGGm7bofCK","MC Tuto, DJ Glenner","2024-10-18","https://i.scdn.co/image/ab67616d0000b273f412f43fad4c3ffab163287c","1","1","192755","https://p.scdn.co/mp3-preview/636d711a130846595f5e28d3358606058a584624?cid=9950ac751e34487dbbe027c4fd7f8e99","false","71","BCSOR2400154","spotify:user:316ye5nphj2c6qd5zczz6wspr4te","2024-10-24T22:45:12Z"
"spotify:track:02I0Nm97YdmZ8teGFcIHEy","Tropa do Sem K.O","spotify:artist:6XFc29m1ptfUNmaa1UTuBT, spotify:artist:6aoGgTKGqtsjj48ymcNs4Z, spotify:artist:3UfwtvPZZea2HHwI23VtKP, spotify:artist:75i9GaW2MJUgt4BkdUnuUY, spotify:artist:2VTYSgPG0HoSZ4YMx7EeFj, spotify:artist:70jpkgy5oGT4YjaGFpCpk7, spotify:artist:6zGPa2tLMJ5HQYUddZI8di","MC Joãozinho VT, MC Tuto, MC Vine7, MC Ryan SP, Mc Duzinho SP, MC LUUKY, Caio Passos","spotify:album:5SM8mR0LUO5ajfRTGAtU5e","Tropa do Sem K.O","spotify:artist:6XFc29m1ptfUNmaa1UTuBT, spotify:artist:6aoGgTKGqtsjj48ymcNs4Z, spotify:artist:3UfwtvPZZea2HHwI23VtKP","MC Joãozinho VT, MC Tuto, MC Vine7","2024-09-03","https://i.scdn.co/image/ab67616d0000b273613db9edbfa748c16c25fa1d","1","1","376000","https://p.scdn.co/mp3-preview/b36513e5e3f6b686052117f248da3d5cbbaffe7b?cid=9950ac751e34487dbbe027c4fd7f8e99","true","64","BCSOR2400071","spotify:user:316ye5nphj2c6qd5zczz6wspr4te","2024-10-24T22:45:16Z"
"spotify:track:3ODUgIaqdpkMXXlsH1kDLh","300 no 7","spotify:artist:5s27i7oqhNWIcE4HeoVdq0, spotify:artist:2f8xoxornfSw6ePzgyM9NO, spotify:artist:70jpkgy5oGT4YjaGFpCpk7, spotify:artist:3EYuWIltJb3kzoKyRzcTsi","MC GP, MC Jvila, MC LUUKY, Dj Yuri Pedrada","spotify:album:5CHFMrb9SUSjeBiqParhYB","300 no 7","spotify:artist:0LyfQWJT6nXafLPZqxe9Of","Vários intérpretes","2024-06-21","https://i.scdn.co/image/ab67616d0000b27374664f2249046dc73314bcc7","1","1","195572","https://p.scdn.co/mp3-preview/fc8f12f9dfbf1904f9811e96a076820f80234a12?cid=9950ac751e34487dbbe027c4fd7f8e99","true","68","BXG6R2400502","spotify:user:316ye5nphj2c6qd5zczz6wspr4te","2024-10-24T22:47:53Z"
"spotify:track:32L3KPUr7J2qIVGZpaFjsJ","E Aí Como Que Tá ?","spotify:artist:6aoGgTKGqtsjj48ymcNs4Z, spotify:artist:6sW5k31iA8sTy0i2goUKF9","MC Tuto, Oldilla","spotify:album:5BRiXvVnDXU9lMuLKG4Msd","E Aí Como Que Tá ?","spotify:artist:6aoGgTKGqtsjj48ymcNs4Z, spotify:artist:6sW5k31iA8sTy0i2goUKF9","MC Tuto, Oldilla","2024-09-05","https://i.scdn.co/image/ab67616d0000b273b25487716400e713e43f7c66","1","1","134000","https://p.scdn.co/mp3-preview/3eaed7c4f49c6d8c6530048265ba2651024b6243?cid=9950ac751e34487dbbe027c4fd7f8e99","false","43","BCSOR2400072","spotify:user:316ye5nphj2c6qd5zczz6wspr4te","2024-10-24T22:48:03Z"
"spotify:track:2fMm9PrJqhjphXdsNHNoQC","DE VOLTA","spotify:artist:2KwQkyJzT9r6Hh56jtfuse","Brandão85","spotify:album:5AuY1calKQYOa9JBEicUoW","CEO","spotify:artist:2KwQkyJzT9r6Hh56jtfuse","Brandão85","2024-10-23","https://i.scdn.co/image/ab67616d0000b273d6fdb8c2abad44620e46ad02","1","1","241639","https://p.scdn.co/mp3-preview/b53ce1633ee2c3607446d0a53f54e17721b838b4?cid=9950ac751e34487dbbe027c4fd7f8e99","true","65","BXW922400129","spotify:user:316ye5nphj2c6qd5zczz6wspr4te","2024-10-24T22:48:16Z"
"spotify:track:0DFQWMMc8JxhdKm0JL9LBu","ESPAÇONAVE","spotify:artist:2KwQkyJzT9r6Hh56jtfuse, spotify:artist:3MrDVzg7ZXaYMyQmbDInr7, spotify:artist:5nP8x4uEFjAAmDzwOEc9b8","Brandão85, WIU, Matuê","spotify:album:5sJnezbd1ZkFKw5uQjkbZC","ESPAÇONAVE","spotify:artist:2KwQkyJzT9r6Hh56jtfuse, spotify:artist:3MrDVzg7ZXaYMyQmbDInr7, spotify:artist:5nP8x4uEFjAAmDzwOEc9b8","Brandão85, WIU, Matuê","2024-10-22","https://i.scdn.co/image/ab67616d0000b2739c96d67f2faa8466cbd6cef6","1","1","219666","https://p.scdn.co/mp3-preview/c6732787cfb7e26a73b9f9c9eb5ce711bdfb5dd5?cid=9950ac751e34487dbbe027c4fd7f8e99","true","52","BXW922400149","spotify:user:316ye5nphj2c6qd5zczz6wspr4te","2024-10-24T22:48:27Z"
"spotify:track:2FwcM5w6qEiYJCIy8y7sqt","DESTAQUE","spotify:artist:2KwQkyJzT9r6Hh56jtfuse","Brandão85","spotify:album:5AuY1calKQYOa9JBEicUoW","CEO","spotify:artist:2KwQkyJzT9r6Hh56jtfuse","Brandão85","2024-10-23","https://i.scdn.co/image/ab67616d0000b273d6fdb8c2abad44620e46ad02","1","3","164138","https://p.scdn.co/mp3-preview/b0f13dd13fa99da1bfce26d98a5d35a207a160a1?cid=9950ac751e34487dbbe027c4fd7f8e99","true","60","BXW922400139","spotify:user:316ye5nphj2c6qd5zczz6wspr4te","2024-10-24T22:48:39Z"
"spotify:track:5oKmkzYGZSck6AXjKBuLHM","ASTRAL","spotify:artist:2KwQkyJzT9r6Hh56jtfuse","Brandão85","spotify:album:5AuY1calKQYOa9JBEicUoW","CEO","spotify:artist:2KwQkyJzT9r6Hh56jtfuse","Brandão85","2024-10-23","https://i.scdn.co/image/ab67616d0000b273d6fdb8c2abad44620e46ad02","1","5","148185","https://p.scdn.co/mp3-preview/6c1487b48e19224ad0daf12d7a65cec82bb1a60e?cid=9950ac751e34487dbbe027c4fd7f8e99","true","55","BXW922400145","spotify:user:316ye5nphj2c6qd5zczz6wspr4te","2024-10-24T22:48:46Z"
"spotify:track:42arugDXoej6GJHgunVlkq","LÁBIA","spotify:artist:2KwQkyJzT9r6Hh56jtfuse","Brandão85","spotify:album:5AuY1calKQYOa9JBEicUoW","CEO","spotify:artist:2KwQkyJzT9r6Hh56jtfuse","Brandão85","2024-10-23","https://i.scdn.co/image/ab67616d0000b273d6fdb8c2abad44620e46ad02","1","7","149149","https://p.scdn.co/mp3-preview/8f02b7fcf98133a8ab1c270346523170faeccc40?cid=9950ac751e34487dbbe027c4fd7f8e99","true","55","BXW922400143","spotify:user:316ye5nphj2c6qd5zczz6wspr4te","2024-10-24T22:48:52Z"
"spotify:track:2f2dWfxzptwtFdUUNeCvBL","EURO LIBRA","spotify:artist:2KwQkyJzT9r6Hh56jtfuse, spotify:artist:68YeXpLt3jB7JHQS5ZjMGo","Brandão85, Teto","spotify:album:5AuY1calKQYOa9JBEicUoW","CEO","spotify:artist:2KwQkyJzT9r6Hh56jtfuse","Brandão85","2024-10-23","https://i.scdn.co/image/ab67616d0000b273d6fdb8c2abad44620e46ad02","1","8","161032","https://p.scdn.co/mp3-preview/0fb85661e62aced9e24099cd3ad065f799fa5431?cid=9950ac751e34487dbbe027c4fd7f8e99","true","56","BXW922400147","spotify:user:316ye5nphj2c6qd5zczz6wspr4te","2024-10-24T22:49:07Z"
"spotify:track:70E9Lkot8OBYwqAk33ZZzi","EM DIREÇÃO DO SOL","spotify:artist:2KwQkyJzT9r6Hh56jtfuse, spotify:artist:6rk6Izp6o42fUdE0jRqAP4","Brandão85, Alee","spotify:album:5AuY1calKQYOa9JBEicUoW","CEO","spotify:artist:2KwQkyJzT9r6Hh56jtfuse","Brandão85","2024-10-23","https://i.scdn.co/image/ab67616d0000b273d6fdb8c2abad44620e46ad02","1","12","192907","https://p.scdn.co/mp3-preview/5a010bce03a0bbac7c17ab99afe86aa087f84103?cid=9950ac751e34487dbbe027c4fd7f8e99","true","64","BXW922400137","spotify:user:316ye5nphj2c6qd5zczz6wspr4te","2024-10-24T22:49:31Z"
"spotify:track:1IA7U01tZDZmMarnf9QIa4","Rolê de Sempre","spotify:artist:3MrDVzg7ZXaYMyQmbDInr7","WIU","spotify:album:4xemDx7QFi5hUSETm5auUv","Vagabundo de Luxo","spotify:artist:3MrDVzg7ZXaYMyQmbDInr7","WIU","2024-07-10","https://i.scdn.co/image/ab67616d0000b2732bc7126d3c6b848ad747bf7b","1","13","220235","https://p.scdn.co/mp3-preview/0cdeff531b06fcde11fbd9434f7519efd564746d?cid=9950ac751e34487dbbe027c4fd7f8e99","true","72","BXW922400028","spotify:user:316ye5nphj2c6qd5zczz6wspr4te","2024-10-24T22:51:26Z"
"spotify:track:5gXH6r92zVkhgP1BF73J4b","PASSADO DE UM VILÃO","spotify:artist:6rk6Izp6o42fUdE0jRqAP4","Alee","spotify:album:6fgLXQA1I40kOPXy8G4BK8","CAOS","spotify:artist:6rk6Izp6o42fUdE0jRqAP4","Alee","2024-09-23","https://i.scdn.co/image/ab67616d0000b273eb021b18fcead1189954756d","1","3","164704","https://p.scdn.co/mp3-preview/0c6e0bc69413f5be9b9ee54e118ed51201830b30?cid=9950ac751e34487dbbe027c4fd7f8e99","true","63","BKNDN2400089","spotify:user:316ye5nphj2c6qd5zczz6wspr4te","2024-10-24T22:52:36Z"
"spotify:track:7a9sHTuIYHpwiAFUMgm7A7","TEMPO DO OURO","spotify:artist:6rk6Izp6o42fUdE0jRqAP4, spotify:artist:4LAFtDzlQM89xov636hMVv","Alee, Dallass","spotify:album:6fgLXQA1I40kOPXy8G4BK8","CAOS","spotify:artist:6rk6Izp6o42fUdE0jRqAP4","Alee","2024-09-23","https://i.scdn.co/image/ab67616d0000b273eb021b18fcead1189954756d","1","2","177536","https://p.scdn.co/mp3-preview/f3ab16dbf720ae4607cc538b22f91816562e075d?cid=9950ac751e34487dbbe027c4fd7f8e99","true","61","BKNDN2400088","spotify:user:316ye5nphj2c6qd5zczz6wspr4te","2024-10-24T22:52:50Z"
"spotify:track:5SuhtRofSXwsvto7BXUk9z","ALPINISTA SOCIAL","spotify:artist:6rk6Izp6o42fUdE0jRqAP4, spotify:artist:1lpgPh5SV2b2aKmss0AhlY","Alee, Klisman","spotify:album:6fgLXQA1I40kOPXy8G4BK8","CAOS","spotify:artist:6rk6Izp6o42fUdE0jRqAP4","Alee","2024-09-23","https://i.scdn.co/image/ab67616d0000b273eb021b18fcead1189954756d","1","8","140343","https://p.scdn.co/mp3-preview/f7557082633b0aa390a13af9a0940cdbc085255b?cid=9950ac751e34487dbbe027c4fd7f8e99","true","58","BKNDN2400094","spotify:user:316ye5nphj2c6qd5zczz6wspr4te","2024-10-24T22:52:53Z"
"spotify:track:7mT0dfFa2xaBojcdtkIa8B","SEGREDO","spotify:artist:6rk6Izp6o42fUdE0jRqAP4, spotify:artist:2KwQkyJzT9r6Hh56jtfuse","Alee, Brandão85","spotify:album:6fgLXQA1I40kOPXy8G4BK8","CAOS","spotify:artist:6rk6Izp6o42fUdE0jRqAP4","Alee","2024-09-23","https://i.scdn.co/image/ab67616d0000b273eb021b18fcead1189954756d","1","11","151030","https://p.scdn.co/mp3-preview/04c1ced375feeff469ad7336979d4f2b23c921cf?cid=9950ac751e34487dbbe027c4fd7f8e99","true","57","BKNDN2400097","spotify:user:316ye5nphj2c6qd5zczz6wspr4te","2024-10-24T22:52:57Z"
"spotify:track:288t9rSKYUocbR3zxo6Hif","MENINO FATAL","spotify:artist:77JxPSGO8x7rYEWNZMSSIY, spotify:artist:05qCf6M7E7AxizHVmrcPqh, spotify:artist:4R7j2XUkuutFO0MePvfASY, spotify:artist:3DQWLv2DfidEeP4967gDxN","Tchelo, Kyan, retroboy, EAGD","spotify:album:6oaTLvjSYC2VJsq7TijQhO","MENINO FATAL","spotify:artist:77JxPSGO8x7rYEWNZMSSIY, spotify:artist:05qCf6M7E7AxizHVmrcPqh, spotify:artist:4R7j2XUkuutFO0MePvfASY","Tchelo, Kyan, retroboy","2024-06-06","https://i.scdn.co/image/ab67616d0000b273388124f9cb20c5cbeb64ae7a","1","1","172804","https://p.scdn.co/mp3-preview/75a0571f58ec040b6ca1bd34076e20b117e37cda?cid=9950ac751e34487dbbe027c4fd7f8e99","true","43","QZTRX2475407","spotify:user:316ye5nphj2c6qd5zczz6wspr4te","2024-10-24T22:53:10Z"
"spotify:track:4UGOR9VXF9h7frfsamjaca","Kit Exclusivo","spotify:artist:77JxPSGO8x7rYEWNZMSSIY, spotify:artist:5ZyT4ZJtpQdihQ7MTMTluE, spotify:artist:6NPvzQnxY7WwRMoN2qVBHU, spotify:artist:4R7j2XUkuutFO0MePvfASY","Tchelo, Danzo, Massaru, retroboy","spotify:album:1F3KyYMmlf0D0JwhLClxBZ","Kit Exclusivo","spotify:artist:77JxPSGO8x7rYEWNZMSSIY, spotify:artist:6NPvzQnxY7WwRMoN2qVBHU, spotify:artist:5ZyT4ZJtpQdihQ7MTMTluE","Tchelo, Massaru, Danzo","2024-10-03","https://i.scdn.co/image/ab67616d0000b2738b4866fc6864d64288feae3d","1","1","140676","https://p.scdn.co/mp3-preview/21458ef96f51721d3033dda189394a901ee5513a?cid=9950ac751e34487dbbe027c4fd7f8e99","true","40","QZWV32496354","spotify:user:316ye5nphj2c6qd5zczz6wspr4te","2024-10-24T22:53:15Z"
"spotify:track:0w7vodPWFEcuEYvWpbNbOu","Rainha da Finesse","spotify:artist:3MrDVzg7ZXaYMyQmbDInr7","WIU","spotify:album:4xemDx7QFi5hUSETm5auUv","Vagabundo de Luxo","spotify:artist:3MrDVzg7ZXaYMyQmbDInr7","WIU","2024-07-10","https://i.scdn.co/image/ab67616d0000b2732bc7126d3c6b848ad747bf7b","1","3","166153","https://p.scdn.co/mp3-preview/430099992b9e782fa61df6330c4aee4bb3ae71aa?cid=9950ac751e34487dbbe027c4fd7f8e99","true","68","BXW922400005","spotify:user:316ye5nphj2c6qd5zczz6wspr4te","2024-10-24T22:53:30Z"
"spotify:track:4XaLEsmrRGSDkgd7qpn4Nl","Sempre na Simplicidade","spotify:artist:70jpkgy5oGT4YjaGFpCpk7, spotify:artist:75i9GaW2MJUgt4BkdUnuUY, spotify:artist:5kKzlgNRX8FgC6Bni5DNNC, spotify:artist:2xOLGU5UNLV3KQSFteF8ZW, spotify:artist:3UfwtvPZZea2HHwI23VtKP","MC LUUKY, MC Ryan SP, Dj Victor, Boladin 211, MC Vine7","spotify:album:28vY5m1Agyk9IdbgWacYow","Sempre na Simplicidade","spotify:artist:70jpkgy5oGT4YjaGFpCpk7, spotify:artist:75i9GaW2MJUgt4BkdUnuUY, spotify:artist:5kKzlgNRX8FgC6Bni5DNNC","MC LUUKY, MC Ryan SP, Dj Victor","2024-07-17","https://i.scdn.co/image/ab67616d0000b2735f630cbffc794e23f8abfef9","1","1","300000","https://p.scdn.co/mp3-preview/6f130d37fdb0a277a7c63074fc088539ce2af1e1?cid=9950ac751e34487dbbe027c4fd7f8e99","true","59","BKBSS2400624","spotify:user:316ye5nphj2c6qd5zczz6wspr4te","2024-10-24T22:55:33Z"
"spotify:track:73BxcpQnUWiipj7enBaS4v","Cavalo de Tróia","spotify:artist:5pBMkZNIlbGTH3hrsQJqAa, spotify:artist:5nkzLizeD93QtabjeK4oyl","Mc Kevin, Djay W","spotify:album:5W1ltWfdmWDucR35CqnBmJ","Cavalo de Tróia","spotify:artist:5pBMkZNIlbGTH3hrsQJqAa, spotify:artist:5nkzLizeD93QtabjeK4oyl","Mc Kevin, Djay W","2018-12-06","https://i.scdn.co/image/ab67616d0000b273a2eec11860faa68906e8e9c1","1","1","162066","https://p.scdn.co/mp3-preview/54fa79c82fdf132a1d14ef1902b2611368ecfe8b?cid=9950ac751e34487dbbe027c4fd7f8e99","false","70","BXG6R1800255","spotify:user:316ye5nphj2c6qd5zczz6wspr4te","2024-10-24T22:57:06Z"
"spotify:track:4RkBJDTvjDxPMAU1Oydz34","Só Menina Linda","spotify:artist:70jpkgy5oGT4YjaGFpCpk7, spotify:artist:7IOSPo9oGCLWtDEZtmxgTi, spotify:artist:2xOLGU5UNLV3KQSFteF8ZW, spotify:artist:4LHTgACY32k94VDjenF0nP, spotify:artist:5XUMgbLR3zyRPesnTQY31C, spotify:artist:6YzSM19LzpLH0nVKKU6Jsy, spotify:artist:1bpnl8qbR9GxmiNlkEufW6, spotify:artist:5ffbqOCrcxCejQ7oqfWXm9, spotify:artist:75i9GaW2MJUgt4BkdUnuUY","MC LUUKY, MC Bruno MS, Boladin 211, Mc Negão Original, MC GH do 7, Mc Daniel, DJ Japa NK, DJ DAVI DOGDOG, MC Ryan SP","spotify:album:47xjuDxtbIbRhppuFb7pf1","Só Menina Linda","spotify:artist:70jpkgy5oGT4YjaGFpCpk7, spotify:artist:7IOSPo9oGCLWtDEZtmxgTi, spotify:artist:2xOLGU5UNLV3KQSFteF8ZW","MC LUUKY, MC Bruno MS, Boladin 211","2024-09-11","https://i.scdn.co/image/ab67616d0000b273cbc31f53d94f1c5651088e2e","1","1","490163","https://p.scdn.co/mp3-preview/761f8f9a0dd0bfd930eb6689bd24fdb3e98a41e5?cid=9950ac751e34487dbbe027c4fd7f8e99","true","59","BKBSS2400838","spotify:user:316ye5nphj2c6qd5zczz6wspr4te","2024-11-12T19:35:44Z"
"spotify:track:3D06dCZbYilOFAB8kR5tYF","Malvadinho","spotify:artist:70jpkgy5oGT4YjaGFpCpk7, spotify:artist:7wLAecYIgstxcjqe6JwT3w","MC LUUKY, DJ JB Mix","spotify:album:0OSgbe5GNzV5ShonkfL6Ev","Malvadinho","spotify:artist:70jpkgy5oGT4YjaGFpCpk7, spotify:artist:7wLAecYIgstxcjqe6JwT3w","MC LUUKY, DJ JB Mix","2024-11-01","https://i.scdn.co/image/ab67616d0000b273a36f7f7c86677d4ec13b6683","1","1","120115","https://p.scdn.co/mp3-preview/7a7564dafe083b8adba39aff12010e5cbe6b04ae?cid=9950ac751e34487dbbe027c4fd7f8e99","true","64","BKBSS2401028","spotify:user:316ye5nphj2c6qd5zczz6wspr4te","2024-11-12T19:38:04Z"
"spotify:track:5rIv8Ya5G1bLQoXwIKTn80","Nem Ligo Pro Amor","spotify:artist:70jpkgy5oGT4YjaGFpCpk7, spotify:artist:6sW5k31iA8sTy0i2goUKF9","MC LUUKY, Oldilla","spotify:album:4aDHZ1X3DFmHBVV4RkNNaN","Nem Ligo Pro Amor","spotify:artist:70jpkgy5oGT4YjaGFpCpk7, spotify:artist:6sW5k31iA8sTy0i2goUKF9","MC LUUKY, Oldilla","2024-08-30","https://i.scdn.co/image/ab67616d0000b2735340669c34d7e5e565fb1d2f","1","1","164307","https://p.scdn.co/mp3-preview/92a4c2ba9ffc305468d3ccfb131aaba6643e48b5?cid=9950ac751e34487dbbe027c4fd7f8e99","true","56","BKBSS2400822","spotify:user:316ye5nphj2c6qd5zczz6wspr4te","2024-11-12T19:39:37Z"
"spotify:track:2wXqRqVGiGB2fyy9eoPJbP","Eu sou Cantor Não Sou Bandido","spotify:artist:1mV9h1AwhRXSjBFcYpajgY, spotify:artist:04QHNiih9ZesPvals6II1h, spotify:artist:6VyttZwyEMGBl90oGdKCB8, spotify:artist:6XFc29m1ptfUNmaa1UTuBT","Mc Lele JP, MC Marks, MC Leozinho ZS, MC Joãozinho VT","spotify:album:2hP5V6Xu71tHrg7bmlSS89","Eu sou Cantor Não Sou Bandido","spotify:artist:1mV9h1AwhRXSjBFcYpajgY, spotify:artist:04QHNiih9ZesPvals6II1h, spotify:artist:6VyttZwyEMGBl90oGdKCB8","Mc Lele JP, MC Marks, MC Leozinho ZS","2024-07-10","https://i.scdn.co/image/ab67616d0000b273e5c25fcdb63baa6d46288933","1","1","266666","https://p.scdn.co/mp3-preview/49eb6d6a1ee7c43a0ff4ddbc1aee618db8436982?cid=9950ac751e34487dbbe027c4fd7f8e99","false","67","BCA5Z2400060","spotify:user:316ye5nphj2c6qd5zczz6wspr4te","2024-11-12T19:42:06Z"
"spotify:track:2i3MSMA7vSXPeVS6Zyb4wy","Nois Já Tá Rico","spotify:artist:2q9wk5fkeU2C9CgCKdh4AN, spotify:artist:75i9GaW2MJUgt4BkdUnuUY, spotify:artist:3rfM2cGqF6DB0kUyytMkXx, spotify:artist:6XX6KGpomRDPmGGm7bofCK, spotify:artist:2QjuiqjrRDISMbPYSNKRna","Mc IG, MC Ryan SP, Orochi, DJ Glenner, DJ Negret","spotify:album:5seVWzVgUasO5YUeaQ7oaL","Bad Boys","spotify:artist:2q9wk5fkeU2C9CgCKdh4AN, spotify:artist:75i9GaW2MJUgt4BkdUnuUY","Mc IG, MC Ryan SP","2024-08-21","https://i.scdn.co/image/ab67616d0000b2730c61bc9667d777823d012971","1","2","288000","https://p.scdn.co/mp3-preview/5da200ce4eb8b2c24c94c4ef9f8f48e02d386bcf?cid=9950ac751e34487dbbe027c4fd7f8e99","false","55","BRWMB2401061","spotify:user:316ye5nphj2c6qd5zczz6wspr4te","2024-11-12T19:42:43Z"
"spotify:track:47OSM2U3bRS1cFDc26TpKw","Tchau Obrigado","spotify:artist:75i9GaW2MJUgt4BkdUnuUY, spotify:artist:21ELc2P2rA3Cu6xw3VWqvv, spotify:artist:5s27i7oqhNWIcE4HeoVdq0, spotify:artist:3bpbNht7qJCmPo8sjVF3tA, spotify:artist:0gHj4MPwwcZ8Zl9CY0hqT5, spotify:artist:2q9wk5fkeU2C9CgCKdh4AN, spotify:artist:5kKzlgNRX8FgC6Bni5DNNC","MC Ryan SP, Mc Kadu, MC GP, Mc Kanhoto, Mc Paiva ZS, Mc IG, Dj Victor","spotify:album:3oIGkML53AcKmIqe3iaZSd","Tchau Obrigado","spotify:artist:0LyfQWJT6nXafLPZqxe9Of","Vários intérpretes","2021-12-20","https://i.scdn.co/image/ab67616d0000b273e1bfc24ab3c2748cb1547d84","1","1","350117","https://p.scdn.co/mp3-preview/2b6109c24248ac15a6c7d6124783242dd3b726dc?cid=9950ac751e34487dbbe027c4fd7f8e99","true","63","BXG6R2101190","spotify:user:316ye5nphj2c6qd5zczz6wspr4te","2024-11-12T19:42:49Z"
"spotify:track:2XPUl05bHm0B8upUng1YRQ","Até o Sol Raiar","spotify:artist:0pcoadNMmvrUyab1RxWBoV","MC Hariel","spotify:album:0b5NtNnW0uYEhNichM1KNc","Até o Sol Raiar","spotify:artist:0pcoadNMmvrUyab1RxWBoV","MC Hariel","2024-01-24","https://i.scdn.co/image/ab67616d0000b27398fa6caa0fa4a33bc70c516e","1","1","173566","https://p.scdn.co/mp3-preview/e16d29e46fac97ba032f716cf5b34be471f9eee3?cid=9950ac751e34487dbbe027c4fd7f8e99","false","65","BRWMB2400005","spotify:user:316ye5nphj2c6qd5zczz6wspr4te","2024-11-12T19:58:58Z"
"spotify:track:0OFWfxaRyyXe3zNUwDf7i8","Poesia Acústica #10 Recomeçar","spotify:artist:09U6hmCerKcIJrixubiBjm, spotify:artist:1WQBwwssN6r8DSjUlkyUGW, spotify:artist:3rfM2cGqF6DB0kUyytMkXx, spotify:artist:4oxFgud0qa3A1tE6JFpFVp, spotify:artist:5xYkM2vMrE23taj6tl7qkm, spotify:artist:2UzbrOSDiSjcLFN8wZ4bz2, spotify:artist:1MzXJ8AaHdidMAnjgcahS4, spotify:artist:1YOVBTvznjiDvtAj4ExHeo, spotify:artist:3CDoRporvSjdzTrm99a3gi, spotify:artist:7zxFc10N9BP2lg73b8cwZ0","Pineapple StormTv, MC Cabelinho, Orochi, JayA Luuck, Pk, Black, Delacruz, BK, LUDMILLA, Salve Malak","spotify:album:6XzpdOdLfRWWpH1Eh5rra8","Poesia Acústica #10 Recomeçar","spotify:artist:0LyfQWJT6nXafLPZqxe9Of","Vários intérpretes","2020-11-27","https://i.scdn.co/image/ab67616d0000b2730e9be5fff3527db7e2c82abf","1","1","682816","https://p.scdn.co/mp3-preview/5fce9bb3dd3e67d9de73d9fa2ec6ba5df266fcf7?cid=9950ac751e34487dbbe027c4fd7f8e99","false","53","BXYVJ2000048","spotify:user:316ye5nphj2c6qd5zczz6wspr4te","2024-11-12T20:00:00Z"
"spotify:track:4W87Hv4pBFsE0JEi7enRBQ","Malvada","spotify:artist:39QiJaZ1HzRcpY9xlMKCsF, spotify:artist:2q9wk5fkeU2C9CgCKdh4AN, spotify:artist:4PLdCloYxu2bMKfuuB9lI5, spotify:artist:75i9GaW2MJUgt4BkdUnuUY, spotify:artist:7Lmrb6KcIzfkmgbtokjsAL, spotify:artist:0KcbRunfjZHfwEnEgd1Dy6","TrapLaudo, Mc IG, MC PH, MC Ryan SP, Mc Don Juan, Murillo e LT no Beat","spotify:album:0kMDUt8bGLJfHRyXiUnBnJ","Magia Azul","spotify:artist:39QiJaZ1HzRcpY9xlMKCsF","TrapLaudo","2024-06-20","https://i.scdn.co/image/ab67616d0000b273b77946bf7c35ebb4bc1b2e39","1","4","300487","https://p.scdn.co/mp3-preview/7e06180f5b083e0b13b3d99dcc4f2f7c1de5c156?cid=9950ac751e34487dbbe027c4fd7f8e99","false","59","BK4442400131","spotify:user:316ye5nphj2c6qd5zczz6wspr4te","2024-11-12T20:04:36Z"
"spotify:track:3Sa2gVQioE31DcG4nKNDqD","Isso é Sério","spotify:artist:5nP8x4uEFjAAmDzwOEc9b8, spotify:artist:2KwQkyJzT9r6Hh56jtfuse","Matuê, Brandão85","spotify:album:5CP84pfi4AFe95UTACFWrk","333","spotify:artist:5nP8x4uEFjAAmDzwOEc9b8","Matuê","2024-09-09","https://i.scdn.co/image/ab67616d0000b273996475bce560ead5737dbda1","1","3","285000","https://p.scdn.co/mp3-preview/78d6262393b1303c13e6086294a135b1aee3b4a9?cid=9950ac751e34487dbbe027c4fd7f8e99","true","16","BXW922400055","spotify:user:316ye5nphj2c6qd5zczz6wspr4te","2024-11-24T01:27:28Z"
"spotify:track:0qsKefQyXCzaxjHbOcd8IU","333","spotify:artist:5nP8x4uEFjAAmDzwOEc9b8","Matuê","spotify:album:5CP84pfi4AFe95UTACFWrk","333","spotify:artist:5nP8x4uEFjAAmDzwOEc9b8","Matuê","2024-09-09","https://i.scdn.co/image/ab67616d0000b273996475bce560ead5737dbda1","1","11","324000","https://p.scdn.co/mp3-preview/318a5bff06c6afbfd3d1c87fbff27102041931f4?cid=9950ac751e34487dbbe027c4fd7f8e99","true","17","BXW922400051","spotify:user:316ye5nphj2c6qd5zczz6wspr4te","2024-11-24T01:27:37Z"
"spotify:track:49gGZLLm1d7fBFQkTqskXo","Like This!","spotify:artist:5nP8x4uEFjAAmDzwOEc9b8","Matuê","spotify:album:5CP84pfi4AFe95UTACFWrk","333","spotify:artist:5nP8x4uEFjAAmDzwOEc9b8","Matuê","2024-09-09","https://i.scdn.co/image/ab67616d0000b273996475bce560ead5737dbda1","1","12","208495","https://p.scdn.co/mp3-preview/567a4b522e85f2456cb7fe8d7028a6695e85673d?cid=9950ac751e34487dbbe027c4fd7f8e99","true","9","BXW922400053","spotify:user:316ye5nphj2c6qd5zczz6wspr4te","2024-11-24T01:27:40Z"
"spotify:track:4v0VOuuaZSQHjnjzkC3cnk","O Som","spotify:artist:5nP8x4uEFjAAmDzwOEc9b8","Matuê","spotify:album:5CP84pfi4AFe95UTACFWrk","333","spotify:artist:5nP8x4uEFjAAmDzwOEc9b8","Matuê","2024-09-09","https://i.scdn.co/image/ab67616d0000b273996475bce560ead5737dbda1","1","6","312480","https://p.scdn.co/mp3-preview/034f9224415ab1e1b8b892b030fcba8a791ebc03?cid=9950ac751e34487dbbe027c4fd7f8e99","true","11","BXW922400047","spotify:user:316ye5nphj2c6qd5zczz6wspr4te","2025-01-14T04:18:31Z"
"spotify:track:6isHalUdU4dVvJrSa7bfKK","THE BOX MEDLEY 8","spotify:artist:7gHzR22tDNSWGS4HkvvPgw, spotify:artist:3zUcyANWSbo98ikca4ugrV, spotify:artist:6jBww4kwlSrjaNYP7AQPtX, spotify:artist:5Ynf8bbQV9ICbK3vZoPxGF, spotify:artist:5K854sjdzabwOy9KltU3Po, spotify:artist:1mohmQWtxDNZcBGkfxG4eW","THE BOX, Salvador Da Rima, Borges, Dudu, MC Igu, Ecologyk","spotify:album:76uk8PJEw73A8ElxrSCqFk","THE BOX MEDLEY 8","spotify:artist:7gHzR22tDNSWGS4HkvvPgw, spotify:artist:3zUcyANWSbo98ikca4ugrV, spotify:artist:6jBww4kwlSrjaNYP7AQPtX","THE BOX, Salvador Da Rima, Borges","2024-11-26","https://i.scdn.co/image/ab67616d0000b273247126ea4b897f4c334280f8","1","1","293337","https://p.scdn.co/mp3-preview/cc3e277be30d41d98e8f5e7da44d66acc7ee3a1a?cid=9950ac751e34487dbbe027c4fd7f8e99","true","54","BKTBX2400001","spotify:user:316ye5nphj2c6qd5zczz6wspr4te","2024-11-27T23:21:45Z"
"spotify:track:0cHflpV8SSGbE0NKaasEfT","F* F* M*","spotify:artist:7gJN8W0589FisSYJS17K54, spotify:artist:4LAFtDzlQM89xov636hMVv","Filipe Ret, Dallass","spotify:album:74v9BLECHPqKGRLfa24LRn","Imaterial (Deluxe)","spotify:artist:7gJN8W0589FisSYJS17K54","Filipe Ret","2021-04-22","https://i.scdn.co/image/ab67616d0000b273b68bba41e4749b1bdb55c169","1","6","176000","https://p.scdn.co/mp3-preview/f1dcea8652288ba3891e83a68fe7846fdb7ed006?cid=9950ac751e34487dbbe027c4fd7f8e99","true","66","BRRGE2100756","spotify:user:316ye5nphj2c6qd5zczz6wspr4te","2024-11-28T15:54:43Z"
"spotify:track:6MEDqys4CFyW9Y95LR6qGC","The Box Medley 2","spotify:artist:7gHzR22tDNSWGS4HkvvPgw, spotify:artist:460m2YG30duLCuHwFdiLgX, spotify:artist:05qCf6M7E7AxizHVmrcPqh, spotify:artist:1ZcIMjx9kP46pUdFOdjWKQ, spotify:artist:1Jqziieqyx94PNBfIJlj6R, spotify:artist:1beK7BpUs2hTagfzLUb1HB","THE BOX, Yunk Vino, Kyan, Abbot, Ojizzy, Aka Rasta","spotify:album:1Rm56TQw5OpOICfF4WCwM6","The Box Medley 2","spotify:artist:7gHzR22tDNSWGS4HkvvPgw, spotify:artist:05qCf6M7E7AxizHVmrcPqh, spotify:artist:460m2YG30duLCuHwFdiLgX","THE BOX, Kyan, Yunk Vino","2021-06-01","https://i.scdn.co/image/ab67616d0000b273c3c72d6df8a9c7a0e336dfdf","1","1","237000","https://p.scdn.co/mp3-preview/85f2779d283f87867ee092ab6edf0669d15b1f0c?cid=9950ac751e34487dbbe027c4fd7f8e99","false","57","BXIV82129434","spotify:user:316ye5nphj2c6qd5zczz6wspr4te","2024-11-28T16:02:35Z"
"spotify:track:46qHgbF1rORAXzwzSU5vbt","The Box Medley Funk","spotify:artist:7gHzR22tDNSWGS4HkvvPgw, spotify:artist:5s27i7oqhNWIcE4HeoVdq0, spotify:artist:2q9wk5fkeU2C9CgCKdh4AN, spotify:artist:21ELc2P2rA3Cu6xw3VWqvv, spotify:artist:1Lnkg5HIiYBd5szvhLVnEO","THE BOX, MC GP, Mc IG, Mc Kadu, Mc Ruzika","spotify:album:2fMZBQingxx3s1vYlfdiWf","The Box Medley Funk","spotify:artist:7gHzR22tDNSWGS4HkvvPgw, spotify:artist:5s27i7oqhNWIcE4HeoVdq0, spotify:artist:2q9wk5fkeU2C9CgCKdh4AN","THE BOX, MC GP, Mc IG","2021-12-22","https://i.scdn.co/image/ab67616d0000b273e2264a318e38960b3812ff99","1","1","310588","https://p.scdn.co/mp3-preview/230a9dd8b1057c2edccf10d1c3fe14b48ab9dda6?cid=9950ac751e34487dbbe027c4fd7f8e99","false","57","BXIV82165409","spotify:user:316ye5nphj2c6qd5zczz6wspr4te","2024-11-28T16:02:43Z"
"spotify:track:3IjUrdmAjmjiSY7LUbYXVd","Mó Fita","spotify:artist:5kKzlgNRX8FgC6Bni5DNNC, spotify:artist:6aoGgTKGqtsjj48ymcNs4Z, spotify:artist:70jpkgy5oGT4YjaGFpCpk7, spotify:artist:21ELc2P2rA3Cu6xw3VWqvv","Dj Victor, MC Tuto, MC LUUKY, Mc Kadu","spotify:album:7ws4sJauck3uVokJ7T2JEr","Mó Fita","spotify:artist:0LyfQWJT6nXafLPZqxe9Of","Vários intérpretes","2024-04-04","https://i.scdn.co/image/ab67616d0000b27312d096992d1a94a34672ecd2","1","1","256000","https://p.scdn.co/mp3-preview/9edcb28d4643a8dcbffb67ac20f11fbeaa7aaaf3?cid=9950ac751e34487dbbe027c4fd7f8e99","true","65","BX7P32300810","spotify:user:316ye5nphj2c6qd5zczz6wspr4te","2024-11-28T16:08:31Z"
"spotify:track:3ZNjlT5zR0jkEVzSSZCQeJ","Ritmista 1.0","spotify:artist:3joq445M6f168kb3mkp7BB, spotify:artist:0pcoadNMmvrUyab1RxWBoV, spotify:artist:75i9GaW2MJUgt4BkdUnuUY, spotify:artist:592JnViQ2tot63c1SbtgK2, spotify:artist:0cjkWe9VXcECGiOEHFuTfc, spotify:artist:0dNyaMJp0r9zBYG86JgRDI, spotify:artist:5qyPbwqvOEp7FvR1EeTQQ2, spotify:artist:21ELc2P2rA3Cu6xw3VWqvv, spotify:artist:6YzSM19LzpLH0nVKKU6Jsy, spotify:artist:5XUMgbLR3zyRPesnTQY31C, spotify:artist:1QAoT8rjnSPy5pXpu3yiHS, spotify:artist:64DTkZLH6KkkMwZEEZ5VWC","DJ WN, MC Hariel, MC Ryan SP, MC Paulin da Capital, Mc Lipi, MC Vinny, Gabb MC, Mc Kadu, Mc Daniel, MC GH do 7, NOG, Love Funk","spotify:album:3WGjmOFzUrvNmkiiqevMbJ","Ritmista 1.0","spotify:artist:0LyfQWJT6nXafLPZqxe9Of","Vários intérpretes","2023-11-22","https://i.scdn.co/image/ab67616d0000b27337d0fcf5475d51e9f9826892","1","1","615810","https://p.scdn.co/mp3-preview/0ff3b5c15df30245834fbadb0c84a8c8d6bf004f?cid=9950ac751e34487dbbe027c4fd7f8e99","true","60","BXKG22302486","spotify:user:316ye5nphj2c6qd5zczz6wspr4te","2024-11-28T16:08:36Z"
"spotify:track:5KnGDIGzxFCZz87q7nkDds","ESQV","spotify:artist:1ZzJx2AgPmbnOE6OXhnn5K, spotify:artist:4z8ieq95PTFrqoxYhozY75, spotify:artist:44sYX4gwGmUZBnNT2AZTPW","Ryu\, The Runner, Emitê Único, 6ee","spotify:album:7gbBD8I0aWWzngQm5P4g7i","ESQV","spotify:artist:1ZzJx2AgPmbnOE6OXhnn5K, spotify:artist:4z8ieq95PTFrqoxYhozY75, spotify:artist:44sYX4gwGmUZBnNT2AZTPW","Ryu\, The Runner, Emitê Único, 6ee","2024-12-03","https://i.scdn.co/image/ab67616d0000b2732cb9ff0aa53e33039b126699","1","1","144533","https://p.scdn.co/mp3-preview/0e52c6c33f11b5fbf2d38ae29ec523ec75b381e9?cid=9950ac751e34487dbbe027c4fd7f8e99","true","53","BRRGE2401224","spotify:user:316ye5nphj2c6qd5zczz6wspr4te","2024-12-03T18:24:05Z"
"spotify:track:507tluWzOtxx58Kb13L9qu","THE BOX MEDLEY 6","spotify:artist:7gHzR22tDNSWGS4HkvvPgw, spotify:artist:0BMccF4OSgl180EzdVFY9m, spotify:artist:77JxPSGO8x7rYEWNZMSSIY, spotify:artist:3l3kTDXnvYNA4u1kLLvLn2, spotify:artist:3tgFm4QrXC1zIicYXUqi5q","THE BOX, Raffé, Tchelo, TOKIODK, Lipinho Oficial","spotify:album:2PmiISLrQtoayEgazfOEXQ","THE BOX MEDLEY 6","spotify:artist:7gHzR22tDNSWGS4HkvvPgw, spotify:artist:0BMccF4OSgl180EzdVFY9m, spotify:artist:77JxPSGO8x7rYEWNZMSSIY","THE BOX, Raffé, Tchelo","2023-12-07","https://i.scdn.co/image/ab67616d0000b273880e7101e590cbe3b83a04cd","1","1","241799","https://p.scdn.co/mp3-preview/0e87d93588d6320051380c69ba6560331f982857?cid=9950ac751e34487dbbe027c4fd7f8e99","false","66","BKF5C2300021","spotify:user:316ye5nphj2c6qd5zczz6wspr4te","2024-12-05T02:03:42Z"
"spotify:track:2liHTN02pSJPhSOViN3T5v","Jingle Bell Hype","spotify:artist:3MrDVzg7ZXaYMyQmbDInr7","WIU","spotify:album:2Wo40ErDS87wfkSbGqxt5O","Um Pequeno Álbum de Natal","spotify:artist:3MrDVzg7ZXaYMyQmbDInr7","WIU","2023-12-23","https://i.scdn.co/image/ab67616d0000b273467bd8f83f3a0ed4e9f7ce75","1","4","201807","https://p.scdn.co/mp3-preview/db003c3cdb0ad0438e09534e0addab1dd4e61d76?cid=9950ac751e34487dbbe027c4fd7f8e99","true","44","BXW922300015","spotify:user:316ye5nphj2c6qd5zczz6wspr4te","2024-12-09T00:53:01Z"
"spotify:track:7tcO4ICvtftGWI19MnUJXM","Honey Babe","spotify:artist:5nP8x4uEFjAAmDzwOEc9b8","Matuê","spotify:album:5NcK5mHbg6e6GkxRatRASw","Honey Babe","spotify:artist:5nP8x4uEFjAAmDzwOEc9b8","Matuê","2024-08-04","https://i.scdn.co/image/ab67616d0000b27368ed98c68cfdbe5224f08950","1","1","176571","https://p.scdn.co/mp3-preview/f9be33d89c8966755dc07ebea8ddbcf8ff8be0f6?cid=9950ac751e34487dbbe027c4fd7f8e99","false","65","BXW922400057","spotify:user:316ye5nphj2c6qd5zczz6wspr4te","2024-12-09T01:03:08Z"
"spotify:track:1T524gnYNnw5Ac35eyW5TR","Não Temos Medo - Remix","spotify:artist:3lIU3RoZiHen1QXAQ3KQ9e, spotify:artist:7gJN8W0589FisSYJS17K54, spotify:artist:3rfM2cGqF6DB0kUyytMkXx","Tz da Coronel, Filipe Ret, Orochi","spotify:album:1yK0Tu6gE5cup2SLcxAJV1","Direto da Selva Deluxe","spotify:artist:3lIU3RoZiHen1QXAQ3KQ9e","Tz da Coronel","2024-11-28","https://i.scdn.co/image/ab67616d0000b27344b598b42ec2a265d07a592d","1","6","256618","https://p.scdn.co/mp3-preview/fbc7e61498bb66017ea733428ddd4d81ad8eb6fe?cid=9950ac751e34487dbbe027c4fd7f8e99","true","62","BC2TS2400053","spotify:user:316ye5nphj2c6qd5zczz6wspr4te","2024-12-12T03:43:39Z"
"spotify:track:4IdcxaEb9gfR3064T8AOgu","Menor Quente (feat. Veigh & Ghard)","spotify:artist:3prRKGJz16RRMRSIM97nHw, spotify:artist:6MQ7E3HXWR3Djm3miL79mn, spotify:artist:4yFJeWVY6IZLc5KcYCvtBE, spotify:artist:4YqwRbMLqGHRHLS1w2ZKse, spotify:artist:32U24zpBrDLj0KMppA1bKf","Supernova Ent, Niink, G.A, Veigh, Ghard","spotify:album:0YjB0YhxamEA5CgPJrWdAb","Mixtape Supernova Vol.1","spotify:artist:3prRKGJz16RRMRSIM97nHw","Supernova Ent","2024-12-12","https://i.scdn.co/image/ab67616d0000b273713d95d98ccacb9f6f4f14d1","1","1","198656","https://p.scdn.co/mp3-preview/f17c9857fb252f490c2b2686e5b950c3860b3ac1?cid=9950ac751e34487dbbe027c4fd7f8e99","false","53","BKSUV2400089","spotify:user:316ye5nphj2c6qd5zczz6wspr4te","2024-12-13T01:51:52Z"
"spotify:track:5p0xBbD3UOlsA7AgECeLZw","Novo Império (feat. Veigh & Ghard)","spotify:artist:3prRKGJz16RRMRSIM97nHw, spotify:artist:4yFJeWVY6IZLc5KcYCvtBE, spotify:artist:6MQ7E3HXWR3Djm3miL79mn, spotify:artist:4YqwRbMLqGHRHLS1w2ZKse, spotify:artist:32U24zpBrDLj0KMppA1bKf","Supernova Ent, G.A, Niink, Veigh, Ghard","spotify:album:0YjB0YhxamEA5CgPJrWdAb","Mixtape Supernova Vol.1","spotify:artist:3prRKGJz16RRMRSIM97nHw","Supernova Ent","2024-12-12","https://i.scdn.co/image/ab67616d0000b273713d95d98ccacb9f6f4f14d1","1","2","189400","https://p.scdn.co/mp3-preview/20ccb35be17806bc268a3aa1cb1fa347c6174329?cid=9950ac751e34487dbbe027c4fd7f8e99","false","51","BKSUV2400091","spotify:user:316ye5nphj2c6qd5zczz6wspr4te","2024-12-13T01:51:52Z"
"spotify:track:1HhHVYJHmsVyZvBR1nmY29","Esquema de Pirâmide (feat. Veigh)","spotify:artist:3prRKGJz16RRMRSIM97nHw, spotify:artist:6MQ7E3HXWR3Djm3miL79mn, spotify:artist:32U24zpBrDLj0KMppA1bKf, spotify:artist:4YqwRbMLqGHRHLS1w2ZKse","Supernova Ent, Niink, Ghard, Veigh","spotify:album:0YjB0YhxamEA5CgPJrWdAb","Mixtape Supernova Vol.1","spotify:artist:3prRKGJz16RRMRSIM97nHw","Supernova Ent","2024-12-12","https://i.scdn.co/image/ab67616d0000b273713d95d98ccacb9f6f4f14d1","1","3","123996","https://p.scdn.co/mp3-preview/6fe760d5a217073daaef020be59d05aa029459d1?cid=9950ac751e34487dbbe027c4fd7f8e99","false","57","BKSUV2400093","spotify:user:316ye5nphj2c6qd5zczz6wspr4te","2024-12-13T01:51:52Z"
"spotify:track:6Lgqcjgo0vYFSzdR8f15Gm","Dembélé (feat. Niink & Veigh)","spotify:artist:3prRKGJz16RRMRSIM97nHw, spotify:artist:32U24zpBrDLj0KMppA1bKf, spotify:artist:4yFJeWVY6IZLc5KcYCvtBE, spotify:artist:6MQ7E3HXWR3Djm3miL79mn, spotify:artist:4YqwRbMLqGHRHLS1w2ZKse","Supernova Ent, Ghard, G.A, Niink, Veigh","spotify:album:0YjB0YhxamEA5CgPJrWdAb","Mixtape Supernova Vol.1","spotify:artist:3prRKGJz16RRMRSIM97nHw","Supernova Ent","2024-12-12","https://i.scdn.co/image/ab67616d0000b273713d95d98ccacb9f6f4f14d1","1","4","150822","https://p.scdn.co/mp3-preview/f3baf8089741c9f5e2f2a26d343feb6ae3e8e39c?cid=9950ac751e34487dbbe027c4fd7f8e99","false","52","BKSUV2400095","spotify:user:316ye5nphj2c6qd5zczz6wspr4te","2024-12-13T01:51:52Z"
"spotify:track:2I930q22UY4zvVnpkSgsfD","Modo Carreira (feat. Veigh)","spotify:artist:3prRKGJz16RRMRSIM97nHw, spotify:artist:6MQ7E3HXWR3Djm3miL79mn, spotify:artist:4yFJeWVY6IZLc5KcYCvtBE, spotify:artist:4YqwRbMLqGHRHLS1w2ZKse","Supernova Ent, Niink, G.A, Veigh","spotify:album:0YjB0YhxamEA5CgPJrWdAb","Mixtape Supernova Vol.1","spotify:artist:3prRKGJz16RRMRSIM97nHw","Supernova Ent","2024-12-12","https://i.scdn.co/image/ab67616d0000b273713d95d98ccacb9f6f4f14d1","1","5","182012","https://p.scdn.co/mp3-preview/bc91656c46a082294b17706f021a66607e11fcd0?cid=9950ac751e34487dbbe027c4fd7f8e99","false","52","BKSUV2400097","spotify:user:316ye5nphj2c6qd5zczz6wspr4te","2024-12-13T01:51:52Z"
"spotify:track:6dWGBv0DMNa7sa2y7bGS2r","Tango (feat. Veigh & Niink)","spotify:artist:3prRKGJz16RRMRSIM97nHw, spotify:artist:32U24zpBrDLj0KMppA1bKf, spotify:artist:4yFJeWVY6IZLc5KcYCvtBE, spotify:artist:4YqwRbMLqGHRHLS1w2ZKse, spotify:artist:6MQ7E3HXWR3Djm3miL79mn","Supernova Ent, Ghard, G.A, Veigh, Niink","spotify:album:0YjB0YhxamEA5CgPJrWdAb","Mixtape Supernova Vol.1","spotify:artist:3prRKGJz16RRMRSIM97nHw","Supernova Ent","2024-12-12","https://i.scdn.co/image/ab67616d0000b273713d95d98ccacb9f6f4f14d1","1","6","164223","https://p.scdn.co/mp3-preview/099a0dbe0d04692fb1de3b70f26fd2f188139b96?cid=9950ac751e34487dbbe027c4fd7f8e99","false","61","BKSUV2400099","spotify:user:316ye5nphj2c6qd5zczz6wspr4te","2024-12-13T01:51:52Z"
"spotify:track:2WdV619lpewERqKr0V2G5f","Vivendo Igual IG (feat. Veigh & Niink)","spotify:artist:3prRKGJz16RRMRSIM97nHw, spotify:artist:1ZzJx2AgPmbnOE6OXhnn5K, spotify:artist:4z8ieq95PTFrqoxYhozY75, spotify:artist:4YqwRbMLqGHRHLS1w2ZKse, spotify:artist:6MQ7E3HXWR3Djm3miL79mn","Supernova Ent, Ryu\, The Runner, Emitê Único, Veigh, Niink","spotify:album:0YjB0YhxamEA5CgPJrWdAb","Mixtape Supernova Vol.1","spotify:artist:3prRKGJz16RRMRSIM97nHw","Supernova Ent","2024-12-12","https://i.scdn.co/image/ab67616d0000b273713d95d98ccacb9f6f4f14d1","1","7","202303","https://p.scdn.co/mp3-preview/959beba52216277ea751f0a5d9bf1d2f08188f43?cid=9950ac751e34487dbbe027c4fd7f8e99","false","53","BKSUV2400101","spotify:user:316ye5nphj2c6qd5zczz6wspr4te","2024-12-13T01:51:52Z"
"spotify:track:7kexCUP26MJzOjq5NtqRaa","Pobre Juan (feat. Veigh & G.A)","spotify:artist:3prRKGJz16RRMRSIM97nHw, spotify:artist:32U24zpBrDLj0KMppA1bKf, spotify:artist:6MQ7E3HXWR3Djm3miL79mn, spotify:artist:4YqwRbMLqGHRHLS1w2ZKse, spotify:artist:4yFJeWVY6IZLc5KcYCvtBE","Supernova Ent, Ghard, Niink, Veigh, G.A","spotify:album:0YjB0YhxamEA5CgPJrWdAb","Mixtape Supernova Vol.1","spotify:artist:3prRKGJz16RRMRSIM97nHw","Supernova Ent","2024-12-12","https://i.scdn.co/image/ab67616d0000b273713d95d98ccacb9f6f4f14d1","1","9","236141","https://p.scdn.co/mp3-preview/5ae4d6f8e1e66ec94b003c4695f409b394238d2a?cid=9950ac751e34487dbbe027c4fd7f8e99","false","57","BKSUV2400103","spotify:user:316ye5nphj2c6qd5zczz6wspr4te","2024-12-13T01:51:52Z"
"spotify:track:7tFHqw01PJ16Q7KBWzSDdT","Plug da Nova (feat. Veigh & Ghard)","spotify:artist:3prRKGJz16RRMRSIM97nHw, spotify:artist:4yFJeWVY6IZLc5KcYCvtBE, spotify:artist:6MQ7E3HXWR3Djm3miL79mn, spotify:artist:4YqwRbMLqGHRHLS1w2ZKse, spotify:artist:32U24zpBrDLj0KMppA1bKf","Supernova Ent, G.A, Niink, Veigh, Ghard","spotify:album:0YjB0YhxamEA5CgPJrWdAb","Mixtape Supernova Vol.1","spotify:artist:3prRKGJz16RRMRSIM97nHw","Supernova Ent","2024-12-12","https://i.scdn.co/image/ab67616d0000b273713d95d98ccacb9f6f4f14d1","1","10","201081","https://p.scdn.co/mp3-preview/586af0f927064c2279804560d884c762446c2416?cid=9950ac751e34487dbbe027c4fd7f8e99","false","52","BKSUV2400105","spotify:user:316ye5nphj2c6qd5zczz6wspr4te","2024-12-13T01:51:52Z"
"spotify:track:48vVVCikPLX7q7qMaATDaJ","VADIA (feat. Veigh & G.A)","spotify:artist:3prRKGJz16RRMRSIM97nHw, spotify:artist:27azwwkxutWL1BWMkgNIh0, spotify:artist:6MQ7E3HXWR3Djm3miL79mn, spotify:artist:4YqwRbMLqGHRHLS1w2ZKse, spotify:artist:4yFJeWVY6IZLc5KcYCvtBE","Supernova Ent, Vulgo FK, Niink, Veigh, G.A","spotify:album:0YjB0YhxamEA5CgPJrWdAb","Mixtape Supernova Vol.1","spotify:artist:3prRKGJz16RRMRSIM97nHw","Supernova Ent","2024-12-12","https://i.scdn.co/image/ab67616d0000b273713d95d98ccacb9f6f4f14d1","1","11","174550","https://p.scdn.co/mp3-preview/1d4cc91f18c297ab064c2c456da198da2f35d8bd?cid=9950ac751e34487dbbe027c4fd7f8e99","false","59","BKSUV2400107","spotify:user:316ye5nphj2c6qd5zczz6wspr4te","2024-12-13T01:51:52Z"
"spotify:track:5Bp7TFENcgsdLCL8fMOSKs","Adora a bunda, odeia o rosto (feat. Veigh & Niink)","spotify:artist:3prRKGJz16RRMRSIM97nHw, spotify:artist:4yFJeWVY6IZLc5KcYCvtBE, spotify:artist:32U24zpBrDLj0KMppA1bKf, spotify:artist:4YqwRbMLqGHRHLS1w2ZKse, spotify:artist:6MQ7E3HXWR3Djm3miL79mn","Supernova Ent, G.A, Ghard, Veigh, Niink","spotify:album:0YjB0YhxamEA5CgPJrWdAb","Mixtape Supernova Vol.1","spotify:artist:3prRKGJz16RRMRSIM97nHw","Supernova Ent","2024-12-12","https://i.scdn.co/image/ab67616d0000b273713d95d98ccacb9f6f4f14d1","1","12","173859","https://p.scdn.co/mp3-preview/30ec6fc9b393b769f71916955d458851ccdc44c6?cid=9950ac751e34487dbbe027c4fd7f8e99","false","67","BKSUV2400109","spotify:user:316ye5nphj2c6qd5zczz6wspr4te","2024-12-13T01:51:52Z"
"spotify:track:208uGOTT6zCnhx6YM7B7OF","Atitudes de um Gangsta (feat. Veigh)","spotify:artist:3prRKGJz16RRMRSIM97nHw, spotify:artist:460m2YG30duLCuHwFdiLgX, spotify:artist:6MQ7E3HXWR3Djm3miL79mn, spotify:artist:4YqwRbMLqGHRHLS1w2ZKse","Supernova Ent, Yunk Vino, Niink, Veigh","spotify:album:0YjB0YhxamEA5CgPJrWdAb","Mixtape Supernova Vol.1","spotify:artist:3prRKGJz16RRMRSIM97nHw","Supernova Ent","2024-12-12","https://i.scdn.co/image/ab67616d0000b273713d95d98ccacb9f6f4f14d1","1","13","183527","https://p.scdn.co/mp3-preview/d31efa8412d3bfecf38dbba043aef05f3cef1880?cid=9950ac751e34487dbbe027c4fd7f8e99","false","55","BKSUV2400111","spotify:user:316ye5nphj2c6qd5zczz6wspr4te","2024-12-13T01:51:52Z"
"spotify:track:2yipsqLP0A846JLTnYNIuG","Chicago (feat. Veigh)","spotify:artist:3prRKGJz16RRMRSIM97nHw, spotify:artist:4yFJeWVY6IZLc5KcYCvtBE, spotify:artist:6MQ7E3HXWR3Djm3miL79mn, spotify:artist:4YqwRbMLqGHRHLS1w2ZKse","Supernova Ent, G.A, Niink, Veigh","spotify:album:0YjB0YhxamEA5CgPJrWdAb","Mixtape Supernova Vol.1","spotify:artist:3prRKGJz16RRMRSIM97nHw","Supernova Ent","2024-12-12","https://i.scdn.co/image/ab67616d0000b273713d95d98ccacb9f6f4f14d1","1","14","162634","https://p.scdn.co/mp3-preview/0878a234206a29d1748ee203e7120de862a2a5f1?cid=9950ac751e34487dbbe027c4fd7f8e99","false","53","BKSUV2400113","spotify:user:316ye5nphj2c6qd5zczz6wspr4te","2024-12-13T01:51:52Z"
"spotify:track:4W9pw6UTxzvCZ9bmylsg12","Sempre Forte (bônus)","spotify:artist:3prRKGJz16RRMRSIM97nHw, spotify:artist:06DkLIR1RQFV7kEom04Frt, spotify:artist:0PNcEYeVDBqbywI00Y3ANT","Supernova Ent, Stick, Honaiser","spotify:album:0YjB0YhxamEA5CgPJrWdAb","Mixtape Supernova Vol.1","spotify:artist:3prRKGJz16RRMRSIM97nHw","Supernova Ent","2024-12-12","https://i.scdn.co/image/ab67616d0000b273713d95d98ccacb9f6f4f14d1","1","15","142657","https://p.scdn.co/mp3-preview/b1bcf269f8e5d3273f62bd3c9aca93e1d80d85b9?cid=9950ac751e34487dbbe027c4fd7f8e99","false","48","BKSUV2400115","spotify:user:316ye5nphj2c6qd5zczz6wspr4te","2024-12-13T01:51:52Z"
"spotify:track:60kz0YZsW7N4gCBnkcUpFV","Mente do Coringa","spotify:artist:5qvphJwi72TG198xn5VVYH, spotify:artist:32U24zpBrDLj0KMppA1bKf, spotify:artist:1ZzJx2AgPmbnOE6OXhnn5K, spotify:artist:0PNcEYeVDBqbywI00Y3ANT, spotify:artist:4Z9aFsrQeXQbKIOryEkfqe, spotify:artist:5YMGTiKafkJq2cgzBuXkYi, spotify:artist:1aiooQGjujU5tpc42EdHN7","CJota, Ghard, Ryu\, The Runner, Honaiser, Marquinho no Beat, Young Chencs, Roddy Beatz","spotify:album:7w2reeKFOSHAsU3CfIxtK2","Traumas e Vícios (Deluxe)","spotify:artist:5qvphJwi72TG198xn5VVYH","CJota","2024-12-12","https://i.scdn.co/image/ab67616d0000b27363d13adb1a73af0fb54eaa60","1","4","161095","https://p.scdn.co/mp3-preview/cef4b0d36613dede4bec55c2eb2ec206746fcd8e?cid=9950ac751e34487dbbe027c4fd7f8e99","true","38","BKLY42400149","spotify:user:316ye5nphj2c6qd5zczz6wspr4te","2024-12-16T18:21:27Z"
"spotify:track:2EMEUDqh1JuZabORVw1KkX","THE BOX MEDLEY FUNK 4","spotify:artist:7gHzR22tDNSWGS4HkvvPgw, spotify:artist:1dMvEh0mf2B6t4LvnzyXp4, spotify:artist:1CbQrKvCpEnekM3QMGJtXK, spotify:artist:70jpkgy5oGT4YjaGFpCpk7, spotify:artist:4885EF8HYSK3OyCRe7yZIp, spotify:artist:5xtHPJpaKmn16wr3JNA0na","THE BOX, Mc Rodson, MC Meno K, MC LUUKY, MC Rodolfinho, Dj Felipe Maia","spotify:album:5a8OsWg13Cy4QrhZho8Vha","THE BOX MEDLEY FUNK 4","spotify:artist:7gHzR22tDNSWGS4HkvvPgw, spotify:artist:1dMvEh0mf2B6t4LvnzyXp4, spotify:artist:1CbQrKvCpEnekM3QMGJtXK","THE BOX, Mc Rodson, MC Meno K","2024-12-19","https://i.scdn.co/image/ab67616d0000b2731caaf0b2d235f200990fc7ad","1","1","294098","https://p.scdn.co/mp3-preview/a1594042869b40b2602c163ddeee7a12d1de0bf5?cid=9950ac751e34487dbbe027c4fd7f8e99","false","58","BKTBX2400003","spotify:user:316ye5nphj2c6qd5zczz6wspr4te","2024-12-25T22:50:07Z"
"spotify:track:2MHQdlPaIcD49dJXHd6MYI","Hoje o Dia Tá Bonito","spotify:artist:04QHNiih9ZesPvals6II1h, spotify:artist:5H2zqAv4kVidX9S98sanYa","MC Marks, GringoBeats808","spotify:album:4yhFvEgprV0ERYI7KYBDL8","Hoje o Dia Tá Bonito","spotify:artist:04QHNiih9ZesPvals6II1h, spotify:artist:5H2zqAv4kVidX9S98sanYa","MC Marks, GringoBeats808","2024-09-30","https://i.scdn.co/image/ab67616d0000b273db77c3a80aa4394868861609","1","1","109571","https://p.scdn.co/mp3-preview/eb5587304f0f82323d513cb655f31e09e7b7aa07?cid=9950ac751e34487dbbe027c4fd7f8e99","false","61","BRWMB2401328","spotify:user:316ye5nphj2c6qd5zczz6wspr4te","2024-12-25T22:50:27Z"
"spotify:track:7c2zWmVMYkqd86M1pL82rS","Longe de Magnata","spotify:artist:6VOn8xBJH73S7DN8VBAoaN, spotify:artist:6aoGgTKGqtsjj48ymcNs4Z, spotify:artist:6XFc29m1ptfUNmaa1UTuBT, spotify:artist:6jBww4kwlSrjaNYP7AQPtX, spotify:artist:68PYmgkbRP1qZnEWOry7sB, spotify:artist:5InVWl8IZB8zFAoNa5roKm, spotify:artist:3UfwtvPZZea2HHwI23VtKP","Deejhay RB, MC Tuto, MC Joãozinho VT, Borges, Chefin, Kako, MC Vine7","spotify:album:3VfRuv1P76YLIJ1HksojUQ","Longe de Magnata","spotify:artist:6VOn8xBJH73S7DN8VBAoaN, spotify:artist:6aoGgTKGqtsjj48ymcNs4Z, spotify:artist:6XFc29m1ptfUNmaa1UTuBT","Deejhay RB, MC Tuto, MC Joãozinho VT","2024-12-17","https://i.scdn.co/image/ab67616d0000b2736dbd87177ebbf5acf3b93914","1","1","452762","https://p.scdn.co/mp3-preview/73307babfac38bbd771955334e918c6c8e57f173?cid=9950ac751e34487dbbe027c4fd7f8e99","true","69","BCSOR2400209","spotify:user:316ye5nphj2c6qd5zczz6wspr4te","2024-12-30T18:06:34Z"
"spotify:track:0hWzBcYtmwsL1TwByzjiUG","Boy Besta","spotify:artist:6XFc29m1ptfUNmaa1UTuBT, spotify:artist:4LHTgACY32k94VDjenF0nP, spotify:artist:6aoGgTKGqtsjj48ymcNs4Z, spotify:artist:3InqACcEpcWEHMTiQcwB4Y, spotify:artist:5InVWl8IZB8zFAoNa5roKm, spotify:artist:75i9GaW2MJUgt4BkdUnuUY","MC Joãozinho VT, Mc Negão Original, MC Tuto, Matheuszin DJ, Kako, MC Ryan SP","spotify:album:5XfjDQo9PArfozuQ5SBSp9","Boy Besta","spotify:artist:6XFc29m1ptfUNmaa1UTuBT, spotify:artist:4LHTgACY32k94VDjenF0nP, spotify:artist:6aoGgTKGqtsjj48ymcNs4Z, spotify:artist:3InqACcEpcWEHMTiQcwB4Y","MC Joãozinho VT, Mc Negão Original, MC Tuto, Matheuszin DJ","2024-11-12","https://i.scdn.co/image/ab67616d0000b27302a121b4f1603e4a1890a71b","1","1","424615","https://p.scdn.co/mp3-preview/f2431b7e9308c86702d7d52b61bbe206422015e7?cid=9950ac751e34487dbbe027c4fd7f8e99","true","70","BCSOR2400165","spotify:user:316ye5nphj2c6qd5zczz6wspr4te","2024-12-30T18:06:38Z"
"spotify:track:0ycjYQkQ7lJpZf47BEiDLx","2024","spotify:artist:27azwwkxutWL1BWMkgNIh0, spotify:artist:75i9GaW2MJUgt4BkdUnuUY, spotify:artist:0nzfP49X2nrzmmkwZf180L, spotify:artist:23ot0eI6ByBW6LrlBfr2bm","Vulgo FK, MC Ryan SP, Gustah, Pedro Lotto","spotify:album:6CNjfS2dgmIIzqM4knWvNl","2024","spotify:artist:27azwwkxutWL1BWMkgNIh0, spotify:artist:75i9GaW2MJUgt4BkdUnuUY, spotify:artist:0nzfP49X2nrzmmkwZf180L","Vulgo FK, MC Ryan SP, Gustah","2024-09-24","https://i.scdn.co/image/ab67616d0000b2734057fc748925f6134cdc20be","1","1","160399","https://p.scdn.co/mp3-preview/bc0b7d6568bb3438df170c784446de11485ad248?cid=9950ac751e34487dbbe027c4fd7f8e99","false","42","BRRGE2400714","spotify:user:316ye5nphj2c6qd5zczz6wspr4te","2024-12-30T18:08:15Z"
"spotify:track:4pOGEJRVOuaa9oyy7qTGf6","Fui Mlk","spotify:artist:5uD6uRKj2xYxpqx8bscaco, spotify:artist:0gHj4MPwwcZ8Zl9CY0hqT5, spotify:artist:4CJ3CnKb8dSlzci7eaSOcV, spotify:artist:1APqNiQUA2XpwLEbywSWmZ, spotify:artist:6neX3m8RObh5N8X6AEBYiw","Nilo, Mc Paiva ZS, DJ Di Marques, Tropa da W&S, FamousKyo","spotify:album:7mEKSrjUwJjp4QaZD8fp8r","Fui Mlk","spotify:artist:5uD6uRKj2xYxpqx8bscaco, spotify:artist:0gHj4MPwwcZ8Zl9CY0hqT5, spotify:artist:4CJ3CnKb8dSlzci7eaSOcV, spotify:artist:1APqNiQUA2XpwLEbywSWmZ","Nilo, Mc Paiva ZS, DJ Di Marques, Tropa da W&S","2024-11-22","https://i.scdn.co/image/ab67616d0000b27347cbd521916fc422be1a5c9a","1","1","174110","https://p.scdn.co/mp3-preview/d541bcb36ed3e93cb0561413e24161a2e4324c75?cid=9950ac751e34487dbbe027c4fd7f8e99","false","75","BCE7P2402941","spotify:user:316ye5nphj2c6qd5zczz6wspr4te","2025-01-01T20:29:56Z"
"spotify:track:0UGGLKM970ymsBBN5TKjsD","2025","spotify:artist:6aoGgTKGqtsjj48ymcNs4Z, spotify:artist:1b8S7EPzdckRyIh0uSbOMI","MC Tuto, DJ Oreia","spotify:album:5Ta3QXRvo45oLDWUozwncl","2025","spotify:artist:6aoGgTKGqtsjj48ymcNs4Z, spotify:artist:1b8S7EPzdckRyIh0uSbOMI","MC Tuto, DJ Oreia","2024-12-16","https://i.scdn.co/image/ab67616d0000b27399ca4be43858f41a3bad9728","1","1","172820","https://p.scdn.co/mp3-preview/de80f9c0db5a55abcf5f2d1386e1017f9838a0dd?cid=9950ac751e34487dbbe027c4fd7f8e99","false","66","BCSOR2400221","spotify:user:316ye5nphj2c6qd5zczz6wspr4te","2025-01-01T20:30:12Z"
"spotify:track:0a0QuJ8ck468zbNnKE5AB8","Festa No Cassino","spotify:artist:4PLdCloYxu2bMKfuuB9lI5, spotify:artist:2q9wk5fkeU2C9CgCKdh4AN, spotify:artist:39QiJaZ1HzRcpY9xlMKCsF, spotify:artist:3joq445M6f168kb3mkp7BB","MC PH, Mc IG, TrapLaudo, DJ WN","spotify:album:4i0io4utlMTWVPKc7N11QY","ECLÉTICO - LADO A","spotify:artist:4PLdCloYxu2bMKfuuB9lI5","MC PH","2023-02-09","https://i.scdn.co/image/ab67616d0000b273b78ae818c93ba54b44050928","1","2","173999","https://p.scdn.co/mp3-preview/e95ba259ea105bac60569d67a2bb14fb6598072a?cid=9950ac751e34487dbbe027c4fd7f8e99","true","53","BXG6R2300003","spotify:user:316ye5nphj2c6qd5zczz6wspr4te","2025-01-03T04:02:27Z"
"spotify:track:64R6X0CQM5Nbbc7NtzQdfw","brinco de diamante","spotify:artist:68YeXpLt3jB7JHQS5ZjMGo","Teto","spotify:album:3AJvminfxx0wpM3dpF3vaY","tempo.zip","spotify:artist:68YeXpLt3jB7JHQS5ZjMGo","Teto","2025-01-15","https://i.scdn.co/image/ab67616d0000b2734bb2a8ea2bbaf3cf02b969ca","1","1","152000","https://p.scdn.co/mp3-preview/60bfeebd467fbc542747b85798d2515cdff2ccdd?cid=9950ac751e34487dbbe027c4fd7f8e99","true","57","BXW922500007","spotify:user:316ye5nphj2c6qd5zczz6wspr4te","2025-01-16T00:30:10Z"
"spotify:track:2zjSEHhLqyRoNHrNcGewMO","doce mágico","spotify:artist:68YeXpLt3jB7JHQS5ZjMGo, spotify:artist:78Y1NpgD0yMKoBetaYlUzS, spotify:artist:1rIc4yTieeRq25NA3T8RQ5","Teto, Menor MC, DJ Matt D","spotify:album:3AJvminfxx0wpM3dpF3vaY","tempo.zip","spotify:artist:68YeXpLt3jB7JHQS5ZjMGo","Teto","2025-01-15","https://i.scdn.co/image/ab67616d0000b2734bb2a8ea2bbaf3cf02b969ca","1","5","139428","https://p.scdn.co/mp3-preview/801288dd285df71a993dd029cf804b61baf8f58b?cid=9950ac751e34487dbbe027c4fd7f8e99","true","59","BXW922500003","spotify:user:316ye5nphj2c6qd5zczz6wspr4te","2025-01-16T00:34:33Z"
"spotify:track:3RKxR4ylugvzHU0S8AhVaz","eu vou ser rico","spotify:artist:68YeXpLt3jB7JHQS5ZjMGo","Teto","spotify:album:3AJvminfxx0wpM3dpF3vaY","tempo.zip","spotify:artist:68YeXpLt3jB7JHQS5ZjMGo","Teto","2025-01-15","https://i.scdn.co/image/ab67616d0000b2734bb2a8ea2bbaf3cf02b969ca","1","2","181960","https://p.scdn.co/mp3-preview/86fbfe9d09ef255afc4a077cbe89674f60b3fcb8?cid=9950ac751e34487dbbe027c4fd7f8e99","true","62","BXW922500005","spotify:user:316ye5nphj2c6qd5zczz6wspr4te","2025-01-16T00:57:08Z"
"spotify:track:49RRBsYse5dBDRubOhCEkE","espelho","spotify:artist:68YeXpLt3jB7JHQS5ZjMGo","Teto","spotify:album:3AJvminfxx0wpM3dpF3vaY","tempo.zip","spotify:artist:68YeXpLt3jB7JHQS5ZjMGo","Teto","2025-01-15","https://i.scdn.co/image/ab67616d0000b2734bb2a8ea2bbaf3cf02b969ca","1","3","130909","https://p.scdn.co/mp3-preview/04f3f23fbaf2f0fa639b2d8454eddf67b8b467af?cid=9950ac751e34487dbbe027c4fd7f8e99","true","58","BXW922500009","spotify:user:316ye5nphj2c6qd5zczz6wspr4te","2025-01-16T01:00:10Z"
"spotify:track:0sWIDSVPVN0fkuZs0C8wp4","bolas de haxi","spotify:artist:68YeXpLt3jB7JHQS5ZjMGo","Teto","spotify:album:3AJvminfxx0wpM3dpF3vaY","tempo.zip","spotify:artist:68YeXpLt3jB7JHQS5ZjMGo","Teto","2025-01-15","https://i.scdn.co/image/ab67616d0000b2734bb2a8ea2bbaf3cf02b969ca","1","4","138240","https://p.scdn.co/mp3-preview/a8c393aa5357381f62604b1cfe141ccf77a4c283?cid=9950ac751e34487dbbe027c4fd7f8e99","true","56","BXW922400165","spotify:user:316ye5nphj2c6qd5zczz6wspr4te","2025-01-16T01:02:37Z"
"spotify:track:2Jf18O92JYa0Bs2SV71pUR","atoa","spotify:artist:68YeXpLt3jB7JHQS5ZjMGo, spotify:artist:7HgyUDF9EbhOCBc0l29PD8","Teto, EarKid","spotify:album:3AJvminfxx0wpM3dpF3vaY","tempo.zip","spotify:artist:68YeXpLt3jB7JHQS5ZjMGo","Teto","2025-01-15","https://i.scdn.co/image/ab67616d0000b2734bb2a8ea2bbaf3cf02b969ca","1","6","165473","https://p.scdn.co/mp3-preview/6686207ee654b9c8b7db2a2b466284309b16bc01?cid=9950ac751e34487dbbe027c4fd7f8e99","true","53","BXW922500011","spotify:user:316ye5nphj2c6qd5zczz6wspr4te","2025-01-16T01:05:24Z"
"spotify:track:1GwIdru4LQrMAVVflX7H1k","T BUM","spotify:artist:6dfVDfsJOmrY9Xr0Y936m3, spotify:artist:1ZzJx2AgPmbnOE6OXhnn5K, spotify:artist:3eegqYNOBDWAuQME8S5W1q","Senndy, Ryu\, The Runner, Salve Crazy","spotify:album:0hE66nDoXCyqof92HyomEn","T BUM","spotify:artist:6dfVDfsJOmrY9Xr0Y936m3, spotify:artist:1ZzJx2AgPmbnOE6OXhnn5K, spotify:artist:3eegqYNOBDWAuQME8S5W1q","Senndy, Ryu\, The Runner, Salve Crazy","2025-01-17","https://i.scdn.co/image/ab67616d0000b2738bc1e8664ce15b3e45d34730","1","1","166000","https://p.scdn.co/mp3-preview/61b926b4f287dfd45fa619fe8f235c60859df4c9?cid=9950ac751e34487dbbe027c4fd7f8e99","true","49","BKB8A2400024","spotify:user:316ye5nphj2c6qd5zczz6wspr4te","2025-01-26T17:41:13Z"
"spotify:track:2s7vtyL03FsuzbR2CXWIsc","To de Volta","spotify:artist:5U55IfWwerZXAqb1WNNfCX, spotify:artist:79oTF8wB34af3vzzBLCqPJ, spotify:artist:1aZEF5IIFQAA2Z4bGFGihH, spotify:artist:5wEgjH2s4SAiffRmzkBqHB","LPT Zlatan, Bradockdan, GDM, Wall Hein","spotify:album:08UroWWdsjAgraYexnmtDx","Nunca Foi Sorte","spotify:artist:5U55IfWwerZXAqb1WNNfCX, spotify:artist:1aZEF5IIFQAA2Z4bGFGihH","LPT Zlatan, GDM","2024-10-18","https://i.scdn.co/image/ab67616d0000b273f980c38f14d40e14e2752430","1","5","139285","https://p.scdn.co/mp3-preview/d5a8c8940629ad06b3de142eb6183f51dac19e31?cid=9950ac751e34487dbbe027c4fd7f8e99","true","57","BKGFO2417029","spotify:user:316ye5nphj2c6qd5zczz6wspr4te","2025-01-26T17:42:44Z"
"spotify:track:4Q0j8IUJaSxNROmna9IWWX","PARTY","spotify:artist:6rk6Izp6o42fUdE0jRqAP4, spotify:artist:7MbiFVDZ7SKyG18Im8WGLn, spotify:artist:7LmOCHdwrnGpDho9EdrwVJ, spotify:artist:1RaUlYy9nsEiDlucisa5Bk, spotify:artist:1lpgPh5SV2b2aKmss0AhlY, spotify:artist:65m0g6XjsnSYsalksAnkz8","Alee, Qualywav1, saboya, Anezzi, Klisman, Del Jay","spotify:album:6fgLXQA1I40kOPXy8G4BK8","CAOS","spotify:artist:6rk6Izp6o42fUdE0jRqAP4","Alee","2024-09-23","https://i.scdn.co/image/ab67616d0000b273eb021b18fcead1189954756d","1","10","232188","https://p.scdn.co/mp3-preview/5f1527ea263b0134067e9f176cfcaac6ff35ad93?cid=9950ac751e34487dbbe027c4fd7f8e99","true","65","BKNDN2400096","spotify:user:316ye5nphj2c6qd5zczz6wspr4te","2025-01-26T17:43:19Z"
"spotify:track:7jCgslBhuPF61B6yk90VYb","Sexta Feira Hoje Tem","spotify:artist:75i9GaW2MJUgt4BkdUnuUY, spotify:artist:2q9wk5fkeU2C9CgCKdh4AN, spotify:artist:1bpnl8qbR9GxmiNlkEufW6, spotify:artist:5uD6uRKj2xYxpqx8bscaco, spotify:artist:2xOLGU5UNLV3KQSFteF8ZW, spotify:artist:70jpkgy5oGT4YjaGFpCpk7, spotify:artist:4LHTgACY32k94VDjenF0nP","MC Ryan SP, Mc IG, DJ Japa NK, Nilo, Boladin 211, MC LUUKY, Mc Negão Original","spotify:album:3QDz4QyC01WzuUaYi6BOin","Sexta Feira Hoje Tem","spotify:artist:75i9GaW2MJUgt4BkdUnuUY, spotify:artist:2q9wk5fkeU2C9CgCKdh4AN, spotify:artist:1bpnl8qbR9GxmiNlkEufW6, spotify:artist:5uD6uRKj2xYxpqx8bscaco","MC Ryan SP, Mc IG, DJ Japa NK, Nilo","2025-01-10","https://i.scdn.co/image/ab67616d0000b273befae4df495acc31d619d593","1","1","387711","https://p.scdn.co/mp3-preview/44037a5ccb0ab7bc44a24305f6a7e611405370ee?cid=9950ac751e34487dbbe027c4fd7f8e99","true","74","BRWMB2500004","spotify:user:316ye5nphj2c6qd5zczz6wspr4te","2025-01-26T17:48:50Z"
"spotify:track:361DsT1rBpJKIYVJNSP0pk","Não Bebo Não Fumo Mais","spotify:artist:75i9GaW2MJUgt4BkdUnuUY, spotify:artist:2q9wk5fkeU2C9CgCKdh4AN, spotify:artist:7Lmrb6KcIzfkmgbtokjsAL, spotify:artist:2xOLGU5UNLV3KQSFteF8ZW, spotify:artist:70jpkgy5oGT4YjaGFpCpk7, spotify:artist:27mVhYvJa7apj1zCoZ9TF2, spotify:artist:6sW5k31iA8sTy0i2goUKF9","MC Ryan SP, Mc IG, Mc Don Juan, Boladin 211, MC LUUKY, MC Neguinho do Kaxeta, Oldilla","spotify:album:1PUtB9es4WIqcEJb5LnmDr","Não Bebo Não Fumo Mais","spotify:artist:75i9GaW2MJUgt4BkdUnuUY, spotify:artist:2q9wk5fkeU2C9CgCKdh4AN, spotify:artist:7Lmrb6KcIzfkmgbtokjsAL","MC Ryan SP, Mc IG, Mc Don Juan","2025-01-21","https://i.scdn.co/image/ab67616d0000b27339e1d62a6fdc08ced14d9b26","1","1","520615","https://p.scdn.co/mp3-preview/57f340393582206c27b2a1db8fbc0ed259ce5955?cid=9950ac751e34487dbbe027c4fd7f8e99","true","63","BRWMB2500046","spotify:user:316ye5nphj2c6qd5zczz6wspr4te","2025-01-26T17:49:39Z"
"spotify:track:6T75k8RdUYiAbrjnOgSlYU","Toma Que Toma","spotify:artist:4LHTgACY32k94VDjenF0nP, spotify:artist:5Dz2FizMLqV0Cr3c8uhEcF, spotify:artist:3EYuWIltJb3kzoKyRzcTsi, spotify:artist:35u49FPLiVvk4TmpPLbJGu, spotify:artist:5s27i7oqhNWIcE4HeoVdq0, spotify:artist:2f8xoxornfSw6ePzgyM9NO, spotify:artist:75i9GaW2MJUgt4BkdUnuUY","Mc Negão Original, MC Cebezinho, Dj Yuri Pedrada, Mc Fidelis, MC GP, MC Jvila, MC Ryan SP","spotify:album:5xVl95R6DL0cdg0lN6jaDG","Toma Que Toma","spotify:artist:0LyfQWJT6nXafLPZqxe9Of","Vários intérpretes","2024-12-23","https://i.scdn.co/image/ab67616d0000b273ad332418887ffba4693e2412","1","1","461538","https://p.scdn.co/mp3-preview/4da655843e235d3335c1b57d04d452287bbe9cf1?cid=9950ac751e34487dbbe027c4fd7f8e99","true","59","BC3PG2404701","spotify:user:316ye5nphj2c6qd5zczz6wspr4te","2025-01-26T17:49:55Z"
"spotify:track:3yCtRV7LMeGBpvSHDR8uMV","Chapa Máxima","spotify:artist:2xOLGU5UNLV3KQSFteF8ZW, spotify:artist:1mvpEXClANunyiHFtAXCxt, spotify:artist:6VyttZwyEMGBl90oGdKCB8, spotify:artist:46X4pYJUu5L7QsDIa3EP6t, spotify:artist:01CFmzv28eTtJAjhrvOsiW, spotify:artist:2GAcS9WZyORyDBzd5bwfU5","Boladin 211, MC Rick, MC Leozinho ZS, CAO$, Dj Lv Mdp, Dj Vitin do Pc","spotify:album:1DkRzC3vCBaHoiddVsZozN","Chapa Máxima","spotify:artist:0LyfQWJT6nXafLPZqxe9Of","Vários intérpretes","2024-12-05","https://i.scdn.co/image/ab67616d0000b2734da45af4033c4948d472b4ef","1","1","151384","https://p.scdn.co/mp3-preview/06d57ba9179ffa6ce5041eb8cf6a9d53afe833e4?cid=9950ac751e34487dbbe027c4fd7f8e99","false","64","BXTQW2400017","spotify:user:316ye5nphj2c6qd5zczz6wspr4te","2025-01-26T17:50:05Z"
"spotify:track:5JX23868UTT3DBgj7i5yrK","FNB","spotify:artist:3455RNeKZ9giouA4pde2qA, spotify:artist:1ZzJx2AgPmbnOE6OXhnn5K, spotify:artist:3914e1ewXuF036M63rgK0d, spotify:artist:2w2YbWSulMlPaCCSjNmMBR","Japa, Ryu\, The Runner, Neckklace, Lucchini","spotify:album:6Y6PHaGPDkAYVuOxGfISi0","FNB>BKB","spotify:artist:3455RNeKZ9giouA4pde2qA, spotify:artist:1ZzJx2AgPmbnOE6OXhnn5K","Japa, Ryu\, The Runner","2024-09-26","https://i.scdn.co/image/ab67616d0000b2734e42b1e123ed51b4a00110f3","1","1","168196","https://p.scdn.co/mp3-preview/27f8b5f109e23fa63492884ea3ae718aa3dc9418?cid=9950ac751e34487dbbe027c4fd7f8e99","true","52","BCMUB2400003","spotify:user:316ye5nphj2c6qd5zczz6wspr4te","2025-01-26T17:54:43Z"
"spotify:track:0vrUXMImjUJ511YAJrVo3d","BKB","spotify:artist:3455RNeKZ9giouA4pde2qA, spotify:artist:1ZzJx2AgPmbnOE6OXhnn5K, spotify:artist:44sYX4gwGmUZBnNT2AZTPW, spotify:artist:6BY8aKKdrEbzOYWoD2EOAZ, spotify:artist:2w2YbWSulMlPaCCSjNmMBR","Japa, Ryu\, The Runner, 6ee, Hobb The Goat, Lucchini","spotify:album:6Y6PHaGPDkAYVuOxGfISi0","FNB>BKB","spotify:artist:3455RNeKZ9giouA4pde2qA, spotify:artist:1ZzJx2AgPmbnOE6OXhnn5K","Japa, Ryu\, The Runner","2024-09-26","https://i.scdn.co/image/ab67616d0000b2734e42b1e123ed51b4a00110f3","1","2","178000","https://p.scdn.co/mp3-preview/3cc1b70e807046251c44be8516773c803c6ffdc5?cid=9950ac751e34487dbbe027c4fd7f8e99","true","54","BCMUB2400004","spotify:user:316ye5nphj2c6qd5zczz6wspr4te","2025-01-26T17:54:52Z"
"spotify:track:2LrW0DJcN0yYHloF6mvMlP","OI","spotify:artist:27azwwkxutWL1BWMkgNIh0, spotify:artist:1ZzJx2AgPmbnOE6OXhnn5K, spotify:artist:7saGN6a32YNpiMPo2SWJxE, spotify:artist:7lr4WifTmPssQJgBmbjiJq, spotify:artist:5OvehyyUJ5edWaogL9o4Ka","Vulgo FK, Ryu\, The Runner, Bvga Beatz, Viper, Rocco","spotify:album:46QYZWj14pTdNBfFiep3JP","OI","spotify:artist:27azwwkxutWL1BWMkgNIh0, spotify:artist:1ZzJx2AgPmbnOE6OXhnn5K, spotify:artist:7saGN6a32YNpiMPo2SWJxE","Vulgo FK, Ryu\, The Runner, Bvga Beatz","2024-10-23","https://i.scdn.co/image/ab67616d0000b2738e45eb445350c348d8253ad2","1","1","181434","https://p.scdn.co/mp3-preview/8cb3b3c023c8413dfcc9ca838e0f5366af715257?cid=9950ac751e34487dbbe027c4fd7f8e99","true","45","BRRGE2400890","spotify:user:316ye5nphj2c6qd5zczz6wspr4te","2025-01-26T17:55:48Z"
"spotify:track:0BLU6ZLfShdBHucQgXcqUs","Pura Nata","spotify:artist:77JxPSGO8x7rYEWNZMSSIY, spotify:artist:05qCf6M7E7AxizHVmrcPqh, spotify:artist:4R7j2XUkuutFO0MePvfASY","Tchelo, Kyan, retroboy","spotify:album:1DS0PtUi2w4r3LqsvDsOKm","Pura Nata","spotify:artist:77JxPSGO8x7rYEWNZMSSIY, spotify:artist:05qCf6M7E7AxizHVmrcPqh, spotify:artist:4R7j2XUkuutFO0MePvfASY","Tchelo, Kyan, retroboy","2024-10-03","https://i.scdn.co/image/ab67616d0000b27303f2fa979ede32380f976ea2","1","1","168655","https://p.scdn.co/mp3-preview/f7c81970151ed40868b581c3e18f69c3313078cf?cid=9950ac751e34487dbbe027c4fd7f8e99","true","32","QZWV32496350","spotify:user:316ye5nphj2c6qd5zczz6wspr4te","2025-01-26T17:57:28Z"
"spotify:track:7Erh3JIeGJ7zWVhuFXcZ28","Os Mlk É Ruim","spotify:artist:4LHTgACY32k94VDjenF0nP, spotify:artist:4YqwRbMLqGHRHLS1w2ZKse, spotify:artist:7I4OIWw3Zm4lUmt2QHnz30, spotify:artist:3zG4hHVlA4xIX5jwvOa2KD, spotify:artist:4tdmp3YXtKZU6mk91K9yJb","Mc Negão Original, Veigh, Toledo, DJ Guh Mix, DJ Yago","spotify:album:3S91wF3EWG7OvRjsK9F2lx","A Nata de Tudo - A Ovelha Negra","spotify:artist:4LHTgACY32k94VDjenF0nP","Mc Negão Original","2025-02-07","https://i.scdn.co/image/ab67616d0000b27314564c5d5987242d4bc3b41a","1","4","192000","https://p.scdn.co/mp3-preview/244ae0af08387343591ef25bf125f6fc99959440?cid=9950ac751e34487dbbe027c4fd7f8e99","true","63","BC3PG2500348","spotify:user:316ye5nphj2c6qd5zczz6wspr4te","2025-02-11T00:02:40Z"
"spotify:track:2iJ6CT5jxBcErhEyduEtdz","A Nata","spotify:artist:4LHTgACY32k94VDjenF0nP, spotify:artist:5s27i7oqhNWIcE4HeoVdq0, spotify:artist:3zG4hHVlA4xIX5jwvOa2KD, spotify:artist:4J2dAJV1pnSqZIXUhN9615, spotify:artist:7IOSPo9oGCLWtDEZtmxgTi","Mc Negão Original, MC GP, DJ Guh Mix, Mc Dena, MC Bruno MS","spotify:album:3S91wF3EWG7OvRjsK9F2lx","A Nata de Tudo - A Ovelha Negra","spotify:artist:4LHTgACY32k94VDjenF0nP","Mc Negão Original","2025-02-07","https://i.scdn.co/image/ab67616d0000b27314564c5d5987242d4bc3b41a","1","2","238153","https://p.scdn.co/mp3-preview/b5f478d5b5d062f454b53561c53c811a808d7564?cid=9950ac751e34487dbbe027c4fd7f8e99","true","64","BC3PG2500346","spotify:user:316ye5nphj2c6qd5zczz6wspr4te","2025-02-11T00:03:18Z"
"spotify:track:4WXVqLSRHF4ypdiBngbcqU","Set Dj Gm 6.0","spotify:artist:03PnQHlbH5nDDVX3hNg628, spotify:artist:0gHj4MPwwcZ8Zl9CY0hqT5, spotify:artist:4ACGdFl6mPI3lntaYef1gc, spotify:artist:592JnViQ2tot63c1SbtgK2, spotify:artist:0cjkWe9VXcECGiOEHFuTfc, spotify:artist:1mV9h1AwhRXSjBFcYpajgY, spotify:artist:75i9GaW2MJUgt4BkdUnuUY, spotify:artist:5qyPbwqvOEp7FvR1EeTQQ2, spotify:artist:6YzSM19LzpLH0nVKKU6Jsy, spotify:artist:5Dz2FizMLqV0Cr3c8uhEcF, spotify:artist:5XUMgbLR3zyRPesnTQY31C, spotify:artist:04QHNiih9ZesPvals6II1h, spotify:artist:4LHTgACY32k94VDjenF0nP, spotify:artist:4v4g6B3AmczdtPlNE4t39X","Dj GM, Mc Paiva ZS, Triz, MC Paulin da Capital, Mc Lipi, Mc Lele JP, MC Ryan SP, Gabb MC, Mc Daniel, MC Cebezinho, MC GH do 7, MC Marks, Mc Negão Original, GREGO","spotify:album:3PJWTYXjCCatdpiSKNUY9N","Set Dj Gm 6.0","spotify:artist:0LyfQWJT6nXafLPZqxe9Of","Vários intérpretes","2023-12-22","https://i.scdn.co/image/ab67616d0000b273467261cc4c5133a0fc8e2854","1","1","624000","https://p.scdn.co/mp3-preview/57d68b42ab9bbec4ac7e43da73f2d68721f9a6de?cid=9950ac751e34487dbbe027c4fd7f8e99","false","76","BXKG22302778","spotify:user:316ye5nphj2c6qd5zczz6wspr4te","2025-02-11T00:03:53Z"
"spotify:track:2M5dL30uouNRi8kwhI5QRD","MUNDO DO WIU","spotify:artist:3MrDVzg7ZXaYMyQmbDInr7","WIU","spotify:album:155txpbYywt6aLgZIQSAwq","808 CLUB","spotify:artist:3MrDVzg7ZXaYMyQmbDInr7","WIU","2025-01-30","https://i.scdn.co/image/ab67616d0000b273579f466c5440da475393fdff","1","1","196800","https://p.scdn.co/mp3-preview/4cea0011d9a617a22e9eeff3573ece547bef9d29?cid=9950ac751e34487dbbe027c4fd7f8e99","true","55","BXW922500013","spotify:user:316ye5nphj2c6qd5zczz6wspr4te","2025-02-21T18:11:49Z"
"spotify:track:5cDPJ6gEUwkpfCjHkD2gDb","FREESTYLE DE LUXO (feat. Yunk Vino)","spotify:artist:3MrDVzg7ZXaYMyQmbDInr7, spotify:artist:460m2YG30duLCuHwFdiLgX","WIU, Yunk Vino","spotify:album:155txpbYywt6aLgZIQSAwq","808 CLUB","spotify:artist:3MrDVzg7ZXaYMyQmbDInr7","WIU","2025-01-30","https://i.scdn.co/image/ab67616d0000b273579f466c5440da475393fdff","1","2","194095","https://p.scdn.co/mp3-preview/9193c344f911baa352037a995fe6dd2287b232b3?cid=9950ac751e34487dbbe027c4fd7f8e99","true","54","BXW922500015","spotify:user:316ye5nphj2c6qd5zczz6wspr4te","2025-02-21T18:11:53Z"
"spotify:track:3f6sD0ixZTFHToSjAj79jM","RUAS DE FORTAL (feat. Brandão85)","spotify:artist:3MrDVzg7ZXaYMyQmbDInr7, spotify:artist:2KwQkyJzT9r6Hh56jtfuse","WIU, Brandão85","spotify:album:155txpbYywt6aLgZIQSAwq","808 CLUB","spotify:artist:3MrDVzg7ZXaYMyQmbDInr7","WIU","2025-01-30","https://i.scdn.co/image/ab67616d0000b273579f466c5440da475393fdff","1","3","202107","https://p.scdn.co/mp3-preview/f403aedea0e6e7dfa6202ca69e90bd48e77f11e0?cid=9950ac751e34487dbbe027c4fd7f8e99","true","58","BXW922500029","spotify:user:316ye5nphj2c6qd5zczz6wspr4te","2025-02-21T18:11:57Z"
"spotify:track:2vv7B1aqBlivQIGf5ua2oi","CHICK","spotify:artist:3MrDVzg7ZXaYMyQmbDInr7","WIU","spotify:album:155txpbYywt6aLgZIQSAwq","808 CLUB","spotify:artist:3MrDVzg7ZXaYMyQmbDInr7","WIU","2025-01-30","https://i.scdn.co/image/ab67616d0000b273579f466c5440da475393fdff","1","6","168174","https://p.scdn.co/mp3-preview/f828c50940aa04c40ae4a5ee4f58655dbcde05df?cid=9950ac751e34487dbbe027c4fd7f8e99","true","55","BXW922500021","spotify:user:316ye5nphj2c6qd5zczz6wspr4te","2025-02-21T18:12:01Z"
"spotify:track:1mhgqpCAnVZarcA65K6L0h","PUTO (feat. Alee)","spotify:artist:3MrDVzg7ZXaYMyQmbDInr7, spotify:artist:6rk6Izp6o42fUdE0jRqAP4","WIU, Alee","spotify:album:155txpbYywt6aLgZIQSAwq","808 CLUB","spotify:artist:3MrDVzg7ZXaYMyQmbDInr7","WIU","2025-01-30","https://i.scdn.co/image/ab67616d0000b273579f466c5440da475393fdff","1","7","186000","https://p.scdn.co/mp3-preview/4b41e8844a5772ebc7ae8b7f72b09541e4742c2e?cid=9950ac751e34487dbbe027c4fd7f8e99","true","64","BXW922500017","spotify:user:316ye5nphj2c6qd5zczz6wspr4te","2025-02-21T18:12:04Z"
"spotify:track:0f4QnSC3ObuKug2XIwMAVt","POUQUINHO DA MINHA VIBE (feat. Japa)","spotify:artist:3MrDVzg7ZXaYMyQmbDInr7, spotify:artist:3455RNeKZ9giouA4pde2qA","WIU, Japa","spotify:album:155txpbYywt6aLgZIQSAwq","808 CLUB","spotify:artist:3MrDVzg7ZXaYMyQmbDInr7","WIU","2025-01-30","https://i.scdn.co/image/ab67616d0000b273579f466c5440da475393fdff","1","8","220682","https://p.scdn.co/mp3-preview/7b1bb4876ec2d08949da6621dfec7b1aed89a988?cid=9950ac751e34487dbbe027c4fd7f8e99","true","54","BXW922500025","spotify:user:316ye5nphj2c6qd5zczz6wspr4te","2025-02-21T18:12:11Z"
"spotify:track:7K9j6LICm02OlSjEu026qN","Espinafre","spotify:artist:2KwQkyJzT9r6Hh56jtfuse","Brandão85","spotify:album:5KPaukm9Azb2UdjdIAPf9O","Espinafre","spotify:artist:2KwQkyJzT9r6Hh56jtfuse","Brandão85","2025-02-20","https://i.scdn.co/image/ab67616d0000b273e6bd5f90a4cdd7bab09cb07d","1","1","152115","","true","0","BXW922500031","spotify:user:316ye5nphj2c6qd5zczz6wspr4te","2025-02-22T02:32:52Z"
"spotify:track:05GL0js4ONij9y35v6wIpT","Plaqtudum","spotify:artist:1QBWA6tuiZ0JuDluPqbe71, spotify:artist:4Y0VwRwAOyJutxoVpPX4td, spotify:artist:0oNOkdVXXFaWC9tPb7Ol10, spotify:artist:4Q9gKGm1BtS9t8j4MRUzMr, spotify:artist:4xKfNBUXa00go8RU9TwwkI","Recayd Mob, Derek, Dfideliz, Jé Santiago, Jé","spotify:album:1NY7ILuIMcViFh3qpjlzaH","Plaqtudum","spotify:artist:1QBWA6tuiZ0JuDluPqbe71","Recayd Mob","2018-09-19","https://i.scdn.co/image/ab67616d0000b273bba9bd522dddc501dc7196b9","1","1","175440","https://p.scdn.co/mp3-preview/0623bc95e2f6dfd96e4adb5442f5ababada59871?cid=9950ac751e34487dbbe027c4fd7f8e99","true","61","QZ5AB2078951","spotify:user:316ye5nphj2c6qd5zczz6wspr4te","2025-02-22T02:34:10Z"
"spotify:track:2HWogzHGTVaCYoj3ZRVwRa","Goodnight Menina 3","spotify:artist:2q9wk5fkeU2C9CgCKdh4AN, spotify:artist:6XX6KGpomRDPmGGm7bofCK","Mc IG, DJ Glenner","spotify:album:5DgYAKr0iKOHjwEf9nKMs4","Todo Mundo Odeia o IG","spotify:artist:2q9wk5fkeU2C9CgCKdh4AN","Mc IG","2024-03-21","https://i.scdn.co/image/ab67616d0000b273391df1a903f7607215e5ccba","1","4","209032","https://p.scdn.co/mp3-preview/bda3c966f6a045909f4d8ff34c726d32832bc666?cid=9950ac751e34487dbbe027c4fd7f8e99","true","65","BRWMB2400286","spotify:user:316ye5nphj2c6qd5zczz6wspr4te","2025-02-22T02:35:35Z"
"spotify:track:2rFi57mXQTm8Di4DJ8WPKi","Goodnight Menina 4","spotify:artist:2q9wk5fkeU2C9CgCKdh4AN, spotify:artist:6XX6KGpomRDPmGGm7bofCK, spotify:artist:5dLqjc2m428QbostsKrUYW","Mc IG, DJ Glenner, Fepache","spotify:album:6v0KM0h9wtgD7EcToXVvPl","Goodnight Menina 4","spotify:artist:2q9wk5fkeU2C9CgCKdh4AN, spotify:artist:6XX6KGpomRDPmGGm7bofCK, spotify:artist:5dLqjc2m428QbostsKrUYW","Mc IG, DJ Glenner, Fepache","2024-12-05","https://i.scdn.co/image/ab67616d0000b27367ab7e48598057f011746851","1","1","169090","https://p.scdn.co/mp3-preview/4e4e0c8bc30fdc5d29f9ce5e3a9ff85907ec03ab?cid=9950ac751e34487dbbe027c4fd7f8e99","true","50","BRWMB2401850","spotify:user:316ye5nphj2c6qd5zczz6wspr4te","2025-02-22T02:35:39Z"
"spotify:track:0d7oIw2t0f6oCXJUfWYw8E","Mônaco Freestyle","spotify:artist:4YqwRbMLqGHRHLS1w2ZKse, spotify:artist:3prRKGJz16RRMRSIM97nHw","Veigh, Supernova Ent","spotify:album:6Otfotttr4Eym1WvTyxk1z","Mônaco Freestyle","spotify:artist:4YqwRbMLqGHRHLS1w2ZKse, spotify:artist:3prRKGJz16RRMRSIM97nHw","Veigh, Supernova Ent","2025-02-25","https://i.scdn.co/image/ab67616d0000b27363c7f6e727b12ac8e7ce2bfb","1","1","112000","https://p.scdn.co/mp3-preview/b590c9c5e6c91006f64850cf9091b35d42151110?cid=9950ac751e34487dbbe027c4fd7f8e99","false","56","BKSUV2500001","spotify:user:316ye5nphj2c6qd5zczz6wspr4te","2025-02-26T16:18:02Z"
"spotify:track:52EYWdjiulHaehpexuowyh","FOGO E GASOLINA","spotify:artist:1WQBwwssN6r8DSjUlkyUGW, spotify:artist:0VQRHmzky5fo3E5LZB0x3e, spotify:artist:4h7R7VHRgyc9Y9fApmbq9S, spotify:artist:5e9fQ7H6ynkMPiZM2ADQDm","MC Cabelinho, Cyclope Beatz, Red, meLLo","spotify:album:0YSpRv5TQFxz2im8ijEglV","LITTLE LOVE","spotify:artist:1WQBwwssN6r8DSjUlkyUGW","MC Cabelinho","2022-12-20","https://i.scdn.co/image/ab67616d0000b2735384a1eed3cf01a9f11e0aaa","1","5","181767","https://p.scdn.co/mp3-preview/457d15d061eabbaf52a3ae872406f583f3d1871f?cid=9950ac751e34487dbbe027c4fd7f8e99","true","68","BXVOC2200005","spotify:user:316ye5nphj2c6qd5zczz6wspr4te","2025-02-28T21:13:17Z"
"spotify:track:6SXgLTXFwsmF4s6xRt2CRu","Falando com as Favelas","spotify:artist:6vHeztszLzqchlxlfUnwAo, spotify:artist:0pcoadNMmvrUyab1RxWBoV, spotify:artist:5cc7XCY3YdVmFDYw9LklMq","Memphis Depay, MC Hariel, André Nine","spotify:album:0J0bz5R86cW6QQ2jg0218D","Falando com as Favelas","spotify:artist:6vHeztszLzqchlxlfUnwAo, spotify:artist:0pcoadNMmvrUyab1RxWBoV, spotify:artist:5cc7XCY3YdVmFDYw9LklMq","Memphis Depay, MC Hariel, André Nine","2025-02-16","https://i.scdn.co/image/ab67616d0000b2732fc4812f34df98b8cfb70781","1","1","190549","https://p.scdn.co/mp3-preview/9d1cf1e610d6a730f1e813d5ea6946c77ae48eb7?cid=9950ac751e34487dbbe027c4fd7f8e99","false","47","BKXXA2500009","spotify:user:316ye5nphj2c6qd5zczz6wspr4te","2025-03-02T00:02:28Z"
"spotify:track:3lanafMuQh8VOmJHuANWBz","Peita do Coringão","spotify:artist:6vHeztszLzqchlxlfUnwAo, spotify:artist:0pcoadNMmvrUyab1RxWBoV, spotify:artist:1Bp5RHQ2K9k986YoxNvACB, spotify:artist:04QHNiih9ZesPvals6II1h","Memphis Depay, MC Hariel, Perera DJ, MC Marks","spotify:album:7HOPqLPlQcrR3PYVo5Nhnu","Falando com as Favelas","spotify:artist:6vHeztszLzqchlxlfUnwAo, spotify:artist:0pcoadNMmvrUyab1RxWBoV","Memphis Depay, MC Hariel","2025-02-17","https://i.scdn.co/image/ab67616d0000b2731dc760e18312cef8deacfcd1","1","2","245500","https://p.scdn.co/mp3-preview/6f4d30f07b68234c2eb30ec85a44b65bf69a6c5e?cid=9950ac751e34487dbbe027c4fd7f8e99","false","40","BKXXA2500010","spotify:user:316ye5nphj2c6qd5zczz6wspr4te","2025-03-02T00:02:35Z"
"spotify:track:3iDZj9V0RSElRwVgtmMYgJ","Lei Anti O.R.U.A.M","spotify:artist:4yGgbQJMq9orWypwqtdzYT, spotify:artist:1ew4rMO5r0Oon1R9xZxo8Q, spotify:artist:3tczhGs2LfnH9mwrmG9cRI","Oruam, Victor WAO, Maurin","spotify:album:6vFQ9dJq1sFwBm9SvKirzi","Liberdade","spotify:artist:4yGgbQJMq9orWypwqtdzYT","Oruam","2025-02-21","https://i.scdn.co/image/ab67616d0000b273cc69f756f9f159a8b1f9152a","1","4","158608","https://p.scdn.co/mp3-preview/7d6b102ad5f4130913b0eba52eaf159c1a2ac5e2?cid=9950ac751e34487dbbe027c4fd7f8e99","false","3","BK7652500017","spotify:user:316ye5nphj2c6qd5zczz6wspr4te","2025-03-10T16:44:38Z"
"spotify:track:15CoBMXezZjfJuFpvuhYK3","22 Meu Vulgo","spotify:artist:4yGgbQJMq9orWypwqtdzYT, spotify:artist:5mqAb7k2TMZxOP5GjH0rcl, spotify:artist:078qvuSjdEnKuq3i3FRo6O, spotify:artist:0rdH38zGBwIvpet2oBi9SC","Oruam, nobuddy, Gigant, Goldgrain","spotify:album:6vFQ9dJq1sFwBm9SvKirzi","Liberdade","spotify:artist:4yGgbQJMq9orWypwqtdzYT","Oruam","2025-02-21","https://i.scdn.co/image/ab67616d0000b273cc69f756f9f159a8b1f9152a","1","1","219677","https://p.scdn.co/mp3-preview/2763026495d7d8766a5a6492c76ea86f42ba7c09?cid=9950ac751e34487dbbe027c4fd7f8e99","true","1","BK7652500002","spotify:user:316ye5nphj2c6qd5zczz6wspr4te","2025-03-10T16:46:47Z"
"spotify:track:3Uc1umNQVfi2HjywAbxwDX","Velho da Lancha","spotify:artist:2q9wk5fkeU2C9CgCKdh4AN, spotify:artist:5UN3G2aFCOyez0SBlRkRZt, spotify:artist:5dLqjc2m428QbostsKrUYW, spotify:artist:5b5iPEtmmilqQQJ673Va4s","Mc IG, Mc Neguinho PRT, Fepache, Dj TC","spotify:album:3sgqa68z2HshbrxQ6UnYw3","Dr. Igor Guilherme","spotify:artist:2q9wk5fkeU2C9CgCKdh4AN","Mc IG","2024-12-12","https://i.scdn.co/image/ab67616d0000b2734a3a0175bd565bd1f35a25cc","1","8","200000","https://p.scdn.co/mp3-preview/f743f3bf5cdf65af3812d584d272b7a6691b8d41?cid=9950ac751e34487dbbe027c4fd7f8e99","true","57","BRWMB2401922","spotify:user:316ye5nphj2c6qd5zczz6wspr4te","2025-03-15T00:06:23Z"
"spotify:track:2ZyZnlSYXvWzTDafpuTepq","Camarote 25 (feat. MC Joãozinho VT)","spotify:artist:2f8xoxornfSw6ePzgyM9NO, spotify:artist:75i9GaW2MJUgt4BkdUnuUY, spotify:artist:4LHTgACY32k94VDjenF0nP, spotify:artist:2A3i7OnSUdZB3FXX5Qv3Wp, spotify:artist:6XFc29m1ptfUNmaa1UTuBT","MC Jvila, MC Ryan SP, Mc Negão Original, DJ Dael, MC Joãozinho VT","spotify:album:04ptgzIKqqINNMhbt194Ue","Camarote 25 (feat. MC Joãozinho VT)","spotify:artist:2f8xoxornfSw6ePzgyM9NO, spotify:artist:75i9GaW2MJUgt4BkdUnuUY, spotify:artist:4LHTgACY32k94VDjenF0nP, spotify:artist:2A3i7OnSUdZB3FXX5Qv3Wp","MC Jvila, MC Ryan SP, Mc Negão Original, DJ Dael","2025-03-07","https://i.scdn.co/image/ab67616d0000b273279fedc028c8db6529690779","1","1","304615","https://p.scdn.co/mp3-preview/948ad0a4d6ea12c886381bf442e3c1392cbfa5ea?cid=9950ac751e34487dbbe027c4fd7f8e99","true","58","BK4DA2507695","spotify:user:316ye5nphj2c6qd5zczz6wspr4te","2025-03-15T00:06:32Z"
"spotify:track:4hWQJndCBdhTmW7RSA9wm0","Onze Horas no Relógio","spotify:artist:4LHTgACY32k94VDjenF0nP, spotify:artist:6XFc29m1ptfUNmaa1UTuBT, spotify:artist:2USsSQ3y5IXIRqgPLyFGIO","Mc Negão Original, MC Joãozinho VT, DJ David LP","spotify:album:64adKNWTrkJgjuok1jEkrD","Onze Horas no Relógio","spotify:artist:4LHTgACY32k94VDjenF0nP, spotify:artist:6XFc29m1ptfUNmaa1UTuBT, spotify:artist:2USsSQ3y5IXIRqgPLyFGIO","Mc Negão Original, MC Joãozinho VT, DJ David LP","2025-02-07","https://i.scdn.co/image/ab67616d0000b2736f9ed8a56dffd292233e7ca9","1","1","160615","https://p.scdn.co/mp3-preview/2ca2389cb8ba253d2cb5547288e6fb890327ec09?cid=9950ac751e34487dbbe027c4fd7f8e99","true","44","BC3PG2500351","spotify:user:316ye5nphj2c6qd5zczz6wspr4te","2025-03-15T00:06:42Z"
"spotify:track:5UBCGftdDXdaxomn1eloLC","PRETTY LET GIRL","spotify:artist:68YeXpLt3jB7JHQS5ZjMGo, spotify:artist:3MrDVzg7ZXaYMyQmbDInr7","Teto, WIU","spotify:album:3Cjn6aliQrVp6MPiU4oAdw","MAIOR QUE O TEMPO","spotify:artist:68YeXpLt3jB7JHQS5ZjMGo","Teto","2025-03-27","https://i.scdn.co/image/ab67616d0000b27309ccc7efb57bca034b528410","1","3","164307","https://p.scdn.co/mp3-preview/e8cd2762b24db735c83d200e610398cdf17a0d27?cid=9950ac751e34487dbbe027c4fd7f8e99","false","58","BXW922500035","spotify:user:316ye5nphj2c6qd5zczz6wspr4te","2025-03-28T22:46:21Z"
"spotify:track:7BGhllQfISbfkwYSkp5nRC","YES OR NO","spotify:artist:68YeXpLt3jB7JHQS5ZjMGo","Teto","spotify:album:3Cjn6aliQrVp6MPiU4oAdw","MAIOR QUE O TEMPO","spotify:artist:68YeXpLt3jB7JHQS5ZjMGo","Teto","2025-03-27","https://i.scdn.co/image/ab67616d0000b27309ccc7efb57bca034b528410","1","5","188571","https://p.scdn.co/mp3-preview/6568548dec29ac054b8e0947a31fad849973fb0c?cid=9950ac751e34487dbbe027c4fd7f8e99","false","70","BXW922500039","spotify:user:316ye5nphj2c6qd5zczz6wspr4te","2025-03-28T22:49:38Z"
"spotify:track:66WeFkFXdWoDaKgk8SrnBs","GRÉCIA","spotify:artist:68YeXpLt3jB7JHQS5ZjMGo","Teto","spotify:album:3Cjn6aliQrVp6MPiU4oAdw","MAIOR QUE O TEMPO","spotify:artist:68YeXpLt3jB7JHQS5ZjMGo","Teto","2025-03-27","https://i.scdn.co/image/ab67616d0000b27309ccc7efb57bca034b528410","2","4","222371","https://p.scdn.co/mp3-preview/d49f342bd879b76af224b0daec3a8e62c36c6af9?cid=9950ac751e34487dbbe027c4fd7f8e99","false","58","BXW922500045","spotify:user:316ye5nphj2c6qd5zczz6wspr4te","2025-03-28T22:58:09Z"
"spotify:track:7IrWDPYP9rwNq1N4aUF3nG","MULHER SECRETA","spotify:artist:68YeXpLt3jB7JHQS5ZjMGo, spotify:artist:5nP8x4uEFjAAmDzwOEc9b8, spotify:artist:3MrDVzg7ZXaYMyQmbDInr7","Teto, Matuê, WIU","spotify:album:3Cjn6aliQrVp6MPiU4oAdw","MAIOR QUE O TEMPO","spotify:artist:68YeXpLt3jB7JHQS5ZjMGo","Teto","2025-03-27","https://i.scdn.co/image/ab67616d0000b27309ccc7efb57bca034b528410","2","5","228349","https://p.scdn.co/mp3-preview/78907f5ecdc1c06643bf68c01013c1008f936dba?cid=9950ac751e34487dbbe027c4fd7f8e99","false","63","BXW922400161","spotify:user:316ye5nphj2c6qd5zczz6wspr4te","2025-03-29T23:44:11Z"
"spotify:track:5brVlCCt8gp4pP0iJOOctj","Melhor Vibe","spotify:artist:75i9GaW2MJUgt4BkdUnuUY, spotify:artist:7gJN8W0589FisSYJS17K54, spotify:artist:1a3fr7NdeBT4JlGj6YlbDL, spotify:artist:68PYmgkbRP1qZnEWOry7sB, spotify:artist:4LAFtDzlQM89xov636hMVv, spotify:artist:4zKB9haJu1T5h1H8zB1rxd","MC Ryan SP, Filipe Ret, Caio Luccas, Chefin, Dallass, Rocco","spotify:album:4ZoSMD7wD1xMzq0iXlEach","Melhor Vibe","spotify:artist:75i9GaW2MJUgt4BkdUnuUY, spotify:artist:7gJN8W0589FisSYJS17K54, spotify:artist:1a3fr7NdeBT4JlGj6YlbDL, spotify:artist:68PYmgkbRP1qZnEWOry7sB","MC Ryan SP, Filipe Ret, Caio Luccas, Chefin","2024-03-20","https://i.scdn.co/image/ab67616d0000b273f44d3980cf05bed838db0b4c","1","1","341408","https://p.scdn.co/mp3-preview/d626115afb4b0de576a1b7f80722369edbaecffc?cid=9950ac751e34487dbbe027c4fd7f8e99","true","70","BRWMB2400319","spotify:user:316ye5nphj2c6qd5zczz6wspr4te","2025-04-02T16:31:45Z"
"spotify:track:0JPpScEAtvRvWQ38nifwO9","USD, é USD!","spotify:artist:05qCf6M7E7AxizHVmrcPqh, spotify:artist:13yQqjPy4Esq0Ru3R1fipU, spotify:artist:7b2orftrm2hU49EZKOD2Tz","Kyan, Mu540, DJ Mzl Ori","spotify:album:5leihKxCDkW9o25unr3j6S","USD, é USD!","spotify:artist:05qCf6M7E7AxizHVmrcPqh, spotify:artist:13yQqjPy4Esq0Ru3R1fipU","Kyan, Mu540","2025-04-03","https://i.scdn.co/image/ab67616d0000b273df5198ca30eaf4dd12607111","1","1","181629","https://p.scdn.co/mp3-preview/47a038c3a15f0cb35b6d8a68fbfbec837106b1a5?cid=9950ac751e34487dbbe027c4fd7f8e99","true","0","BKRQM2500001","spotify:user:316ye5nphj2c6qd5zczz6wspr4te","2025-04-05T00:51:54Z"
"spotify:track:1HPQtDNiXB8gSFWX0nG3wA","NÃO PARE","spotify:artist:68YeXpLt3jB7JHQS5ZjMGo","Teto","spotify:album:3Cjn6aliQrVp6MPiU4oAdw","MAIOR QUE O TEMPO","spotify:artist:68YeXpLt3jB7JHQS5ZjMGo","Teto","2025-03-27","https://i.scdn.co/image/ab67616d0000b27309ccc7efb57bca034b528410","1","1","237037","https://p.scdn.co/mp3-preview/892320c827510c99c379d8a374abf69c29e7d48c?cid=9950ac751e34487dbbe027c4fd7f8e99","false","57","BXW922500033","spotify:user:316ye5nphj2c6qd5zczz6wspr4te","2025-04-05T00:52:18Z"
"spotify:track:2Z1DmmPWD3Lm0dWAxMfjxG","Pirocada Quente","spotify:artist:2f8xoxornfSw6ePzgyM9NO, spotify:artist:4LHTgACY32k94VDjenF0nP, spotify:artist:2A3i7OnSUdZB3FXX5Qv3Wp, spotify:artist:3zG4hHVlA4xIX5jwvOa2KD","MC Jvila, Mc Negão Original, DJ Dael, DJ Guh Mix","spotify:album:1KhJdFsGysry0ClG5S8t16","Pirocada Quente","spotify:artist:2f8xoxornfSw6ePzgyM9NO, spotify:artist:4LHTgACY32k94VDjenF0nP, spotify:artist:2A3i7OnSUdZB3FXX5Qv3Wp, spotify:artist:3zG4hHVlA4xIX5jwvOa2KD","MC Jvila, Mc Negão Original, DJ Dael, DJ Guh Mix","2025-01-28","https://i.scdn.co/image/ab67616d0000b2734845b542d9b350a085aff720","1","1","195692","https://p.scdn.co/mp3-preview/e395a419673dc932807b376ad13ef04953029510?cid=9950ac751e34487dbbe027c4fd7f8e99","true","75","BK4DA2502895","spotify:user:316ye5nphj2c6qd5zczz6wspr4te","2025-04-08T21:26:37Z"
"spotify:track:1i2kguziI3ZbUZnZMKNhQ2","400K","spotify:artist:2q9wk5fkeU2C9CgCKdh4AN, spotify:artist:5bZh8YQDUYXGHrkWwjakNF","Mc IG, DJ Jorgin","spotify:album:0JDZhfDT24lh3OYX0NKU9I","Ninguém Tá Puro!","spotify:artist:2q9wk5fkeU2C9CgCKdh4AN","Mc IG","2023-03-15","https://i.scdn.co/image/ab67616d0000b2738300cdbeea20648d9f664823","1","6","163500","https://p.scdn.co/mp3-preview/3818535f1cc93cc8764ccffa588981cd9716d9e9?cid=9950ac751e34487dbbe027c4fd7f8e99","false","68","BXG6R2300222","spotify:user:316ye5nphj2c6qd5zczz6wspr4te","2025-05-01T14:04:48Z"
"spotify:track:5nLbkYr8XYVT915bd02NQm","Taylor","spotify:artist:4YqwRbMLqGHRHLS1w2ZKse, spotify:artist:3prRKGJz16RRMRSIM97nHw","Veigh, Supernova Ent","spotify:album:6q72fGs82aYlWkqJUNddTp","Taylor","spotify:artist:4YqwRbMLqGHRHLS1w2ZKse, spotify:artist:3prRKGJz16RRMRSIM97nHw","Veigh, Supernova Ent","2025-04-30","https://i.scdn.co/image/ab67616d0000b273cc6ec6c56cc60f97f6edc303","1","1","123206","https://p.scdn.co/mp3-preview/91988a3020d6d3aaddf2ade6431dc7099aab7a45?cid=9950ac751e34487dbbe027c4fd7f8e99","true","53","BKSUV2500041","spotify:user:316ye5nphj2c6qd5zczz6wspr4te","2025-05-12T00:45:21Z"
"spotify:track:0WFA9Klvxj0rFc9YFe7Zgv","Ta Rico Os Menino Do Gueto 🍀","spotify:artist:2q9wk5fkeU2C9CgCKdh4AN, spotify:artist:75i9GaW2MJUgt4BkdUnuUY, spotify:artist:4LHTgACY32k94VDjenF0nP, spotify:artist:5s27i7oqhNWIcE4HeoVdq0, spotify:artist:5ffbqOCrcxCejQ7oqfWXm9, spotify:artist:1bpnl8qbR9GxmiNlkEufW6, spotify:artist:4bJqqUCbQmRxziUoxUz5mS, spotify:artist:1CbQrKvCpEnekM3QMGJtXK, spotify:artist:6iUG0pMyifNBudO9B1s7cD, spotify:artist:3EwCyH36uCmBdntay44KAT, spotify:artist:2fq90a9LyDsSfhAmAx8iYh","Mc IG, MC Ryan SP, Mc Negão Original, MC GP, DJ DAVI DOGDOG, DJ Japa NK, DU'L, MC Meno K, Mc guizinho niazi, Nickz Beatz, SiarBeats","spotify:album:4YisWbLzD5ZviyVQ3zLSmO","Ta Rico Os Menino Do Gueto 🍀","spotify:artist:2q9wk5fkeU2C9CgCKdh4AN, spotify:artist:75i9GaW2MJUgt4BkdUnuUY, spotify:artist:4LHTgACY32k94VDjenF0nP, spotify:artist:5s27i7oqhNWIcE4HeoVdq0","Mc IG, MC Ryan SP, Mc Negão Original, MC GP","2025-04-30","https://i.scdn.co/image/ab67616d0000b273864cd01bc5e0b482b4b5b89c","1","1","459692","https://p.scdn.co/mp3-preview/ba9ae678fb58c383217ae3ee09b4c5866deb14fb?cid=9950ac751e34487dbbe027c4fd7f8e99","true","66","BCGWP2500017","spotify:user:316ye5nphj2c6qd5zczz6wspr4te","2025-05-12T00:45:38Z"
"spotify:track:6LD5vzCqfDlGmXBXqHcYcP","ADORO ESSA VIDA $$$","spotify:artist:68PYmgkbRP1qZnEWOry7sB, spotify:artist:6XFc29m1ptfUNmaa1UTuBT, spotify:artist:70jpkgy5oGT4YjaGFpCpk7, spotify:artist:0AADVotaayIqi0PVeZjCYQ","Chefin, MC Joãozinho VT, MC LUUKY, DJ Rafinha","spotify:album:0mD9L1fF0zQqZmpNzNYVl9","Nós Era Duro","spotify:artist:68PYmgkbRP1qZnEWOry7sB","Chefin","2024-12-10","https://i.scdn.co/image/ab67616d0000b2730ef46ba306dd4d30f96847d1","1","8","280615","https://p.scdn.co/mp3-preview/824c9c364da75f92e6d7beccfb36a584816ffda9?cid=9950ac751e34487dbbe027c4fd7f8e99","false","23","BK7652400010","spotify:user:316ye5nphj2c6qd5zczz6wspr4te","2025-05-12T00:47:11Z"
"spotify:track:2UXVcGqOp64OmTWJJXLNTV","Março","spotify:artist:1ZzJx2AgPmbnOE6OXhnn5K, spotify:artist:1xn0u925Z25C7ZW8FstGRX, spotify:artist:3eegqYNOBDWAuQME8S5W1q","Ryu\, The Runner, Liam Fenti, Salve Crazy","spotify:album:7bBlOZxxwCMSMpFngmSIPO","Essa é a Vida de um Corredor","spotify:artist:1ZzJx2AgPmbnOE6OXhnn5K","Ryu\, The Runner","2023-03-03","https://i.scdn.co/image/ab67616d0000b273f545aba01572f7bd7e42b42b","1","8","109306","https://p.scdn.co/mp3-preview/343c414572259bfa3211774015cae6fc0da8dbca?cid=9950ac751e34487dbbe027c4fd7f8e99","true","30","BCY5N2300006","spotify:user:316ye5nphj2c6qd5zczz6wspr4te","2025-05-12T00:53:30Z"
"spotify:track:1Gz5kwxKAZ0FBHIy6q2uS8","Mecaniota","spotify:artist:1ZzJx2AgPmbnOE6OXhnn5K","Ryu\, The Runner","spotify:album:2xTJzFHszAuE5hAq0Q1Rpw","SEMRÉH","spotify:artist:1ZzJx2AgPmbnOE6OXhnn5K","Ryu\, The Runner","2024-05-23","https://i.scdn.co/image/ab67616d0000b273d0bb1213ab848550ce36246e","1","7","120833","https://p.scdn.co/mp3-preview/7912b35b85b95d8edfbb86c6552e33451b03887e?cid=9950ac751e34487dbbe027c4fd7f8e99","true","48","BRRGE2400272","spotify:user:316ye5nphj2c6qd5zczz6wspr4te","2025-05-12T00:54:12Z"
"spotify:track:28FHjHkRYO25VCCZHI7rjr","Novela","spotify:artist:1ZzJx2AgPmbnOE6OXhnn5K, spotify:artist:52kl7ONbAN2muyMvyzW491","Ryu\, The Runner, ByNickstar","spotify:album:5BySpyh1QS9qQwHv1Ujaq4","EVDC DELUXE","spotify:artist:1ZzJx2AgPmbnOE6OXhnn5K","Ryu\, The Runner","2023-07-28","https://i.scdn.co/image/ab67616d0000b27303ca350080975c6c49d4d25f","1","9","67500","https://p.scdn.co/mp3-preview/9ac24acaad907b4e3c39220543552d4ad9b9e940?cid=9950ac751e34487dbbe027c4fd7f8e99","true","43","BRRGE2300581","spotify:user:316ye5nphj2c6qd5zczz6wspr4te","2025-05-12T00:55:59Z"
"spotify:track:3CvpnVAV75lKCcaTtUTpgW","Se Essa Bunda For Uma Empresa","spotify:artist:68PYmgkbRP1qZnEWOry7sB, spotify:artist:7w1eimo0NMZhuwNZTf4MHY","Chefin, LB Único","spotify:album:5RnXjWZ6rCEjxtuXUgvfOa","Se Essa Bunda For Uma Empresa","spotify:artist:68PYmgkbRP1qZnEWOry7sB, spotify:artist:7w1eimo0NMZhuwNZTf4MHY","Chefin, LB Único","2025-02-18","https://i.scdn.co/image/ab67616d0000b27379c506405581ccbea056c311","1","1","162461","https://p.scdn.co/mp3-preview/3a64442550a71e077d2763deb441571fc013ef12?cid=9950ac751e34487dbbe027c4fd7f8e99","true","31","BK7652500001","spotify:user:316ye5nphj2c6qd5zczz6wspr4te","2025-05-12T00:58:55Z"
"spotify:track:0lArWym57y3wiT7qcLUj7r","Sem Gin, Sem Ela 3 🍀","spotify:artist:2q9wk5fkeU2C9CgCKdh4AN, spotify:artist:39QiJaZ1HzRcpY9xlMKCsF, spotify:artist:7Lmrb6KcIzfkmgbtokjsAL, spotify:artist:4PLdCloYxu2bMKfuuB9lI5, spotify:artist:0dNyaMJp0r9zBYG86JgRDI, spotify:artist:0KcbRunfjZHfwEnEgd1Dy6","Mc IG, TrapLaudo, Mc Don Juan, MC PH, MC Vinny, Murillo e LT no Beat","spotify:album:5ANUMlfnRL0wLnb0WWb6TC","Feliz no Simples 🍀","spotify:artist:2q9wk5fkeU2C9CgCKdh4AN","Mc IG","2025-05-13","https://i.scdn.co/image/ab67616d0000b273d554287ac048b4277ddb6794","1","10","340122","https://p.scdn.co/mp3-preview/22b8b68530f81f7432efeabf3a53f3bf729768eb?cid=9950ac751e34487dbbe027c4fd7f8e99","false","48","BRWMB2500361","spotify:user:316ye5nphj2c6qd5zczz6wspr4te","2025-05-17T01:40:41Z"
"spotify:track:5zMfekMDiwhJZHCGjh6LLB","Bailarina da Favela 🍀","spotify:artist:2q9wk5fkeU2C9CgCKdh4AN, spotify:artist:5s27i7oqhNWIcE4HeoVdq0, spotify:artist:75i9GaW2MJUgt4BkdUnuUY, spotify:artist:4PLdCloYxu2bMKfuuB9lI5, spotify:artist:1b8S7EPzdckRyIh0uSbOMI, spotify:artist:5Dz2FizMLqV0Cr3c8uhEcF","Mc IG, MC GP, MC Ryan SP, MC PH, DJ Oreia, MC Cebezinho","spotify:album:2NCy7VRJzHOLO9hWsDlQIx","Bailarina da Favela 🍀","spotify:artist:2q9wk5fkeU2C9CgCKdh4AN, spotify:artist:5s27i7oqhNWIcE4HeoVdq0, spotify:artist:75i9GaW2MJUgt4BkdUnuUY, spotify:artist:4PLdCloYxu2bMKfuuB9lI5","Mc IG, MC GP, MC Ryan SP, MC PH","2025-05-12","https://i.scdn.co/image/ab67616d0000b273931247d3382659db0c1f4489","1","1","366829","","false","44","BRWMB2500367","spotify:user:316ye5nphj2c6qd5zczz6wspr4te","2025-05-17T01:41:07Z"
"spotify:track:4t5Z9FZP99S7vwfGfV8qFQ","Tipo Aladin 🍀","spotify:artist:2q9wk5fkeU2C9CgCKdh4AN, spotify:artist:39QiJaZ1HzRcpY9xlMKCsF, spotify:artist:5s27i7oqhNWIcE4HeoVdq0, spotify:artist:1pw0iln4IURG9wsJuwUlp2","Mc IG, TrapLaudo, MC GP, DJ Express","spotify:album:5ANUMlfnRL0wLnb0WWb6TC","Feliz no Simples 🍀","spotify:artist:2q9wk5fkeU2C9CgCKdh4AN","Mc IG","2025-05-13","https://i.scdn.co/image/ab67616d0000b273d554287ac048b4277ddb6794","1","16","207889","https://p.scdn.co/mp3-preview/3e858d1eedb8880454eb8f44ba626290c9c4dc60?cid=9950ac751e34487dbbe027c4fd7f8e99","false","48","BRWMB2500379","spotify:user:316ye5nphj2c6qd5zczz6wspr4te","2025-05-17T01:50:54Z"
"spotify:track:7mXDwdVAha7ZnDRzXGiEof","Protagonista","spotify:artist:1ZzJx2AgPmbnOE6OXhnn5K, spotify:artist:1xn0u925Z25C7ZW8FstGRX","Ryu\, The Runner, Liam Fenti","spotify:album:5BySpyh1QS9qQwHv1Ujaq4","EVDC DELUXE","spotify:artist:1ZzJx2AgPmbnOE6OXhnn5K","Ryu\, The Runner","2023-07-28","https://i.scdn.co/image/ab67616d0000b27303ca350080975c6c49d4d25f","1","13","124162","https://p.scdn.co/mp3-preview/c6487456abc5a2629e202d818f3d2ac63719bfd1?cid=9950ac751e34487dbbe027c4fd7f8e99","true","47","BRRGE2300589","spotify:user:316ye5nphj2c6qd5zczz6wspr4te","2025-05-17T02:03:27Z"
"spotify:track:3IbztmgBw5OwtVhKfzhuWp","Modelo","spotify:artist:1ZzJx2AgPmbnOE6OXhnn5K, spotify:artist:5K854sjdzabwOy9KltU3Po, spotify:artist:2KwQkyJzT9r6Hh56jtfuse, spotify:artist:7Bcxsb61NAnVziEUPVvbIw","Ryu\, The Runner, MC Igu, Brandão85, Stuani","spotify:album:5BySpyh1QS9qQwHv1Ujaq4","EVDC DELUXE","spotify:artist:1ZzJx2AgPmbnOE6OXhnn5K","Ryu\, The Runner","2023-07-28","https://i.scdn.co/image/ab67616d0000b27303ca350080975c6c49d4d25f","1","2","168000","https://p.scdn.co/mp3-preview/248bf8d64b971e2f098438ff713db4c809ebfa1d?cid=9950ac751e34487dbbe027c4fd7f8e99","true","53","BRRGE2300567","spotify:user:316ye5nphj2c6qd5zczz6wspr4te","2025-05-17T02:03:40Z"
"spotify:track:68qeaZhtMZ6abrJCYt6nQn","RATHER LIE (with The Weeknd)","spotify:artist:699OTQXzgjhIYAHMy9RyPD, spotify:artist:1Xyo4u8uXC1ZmMpatF05PJ","Playboi Carti, The Weeknd","spotify:album:0fSfkmx0tdPqFYkJuNX74a","MUSIC","spotify:artist:699OTQXzgjhIYAHMy9RyPD","Playboi Carti","2025-03-14","https://i.scdn.co/image/ab67616d0000b2736b219c8d8462bfe254a20469","1","8","209680","","true","80","USUM72414871","spotify:user:316ye5nphj2c6qd5zczz6wspr4te","2025-05-23T17:25:09Z"
"spotify:track:52eIcoLUM25zbQupAZYoFh","redrum","spotify:artist:1URnnhqYAYcrqrcwql10ft","21 Savage","spotify:album:2RRYaYHY7fIIdvFlvgb5vq","american dream","spotify:artist:1URnnhqYAYcrqrcwql10ft","21 Savage","2024-01-12","https://i.scdn.co/image/ab67616d0000b2731e146244cf70b7aab703c057","1","3","270697","https://p.scdn.co/mp3-preview/89c38a2f8144beeec30654649336695e5e226f95?cid=9950ac751e34487dbbe027c4fd7f8e99","true","81","USSM12309164","spotify:user:316ye5nphj2c6qd5zczz6wspr4te","2025-05-23T17:30:04Z"
"spotify:track:3eekarcy7kvN4yt5ZFzltW","HIGHEST IN THE ROOM","spotify:artist:0Y5tJX1MQlPlqiwlOH1tJY","Travis Scott","spotify:album:2uDTi1PlpSpvAv7IRAoAEU","HIGHEST IN THE ROOM","spotify:artist:0Y5tJX1MQlPlqiwlOH1tJY","Travis Scott","2019-10-04","https://i.scdn.co/image/ab67616d0000b273cc7bfe087a97a09f54c92b28","1","1","175720","https://p.scdn.co/mp3-preview/ae94a5026c2bb8673e34f96395ccb1385fa95399?cid=9950ac751e34487dbbe027c4fd7f8e99","true","85","USSM11904276","spotify:user:316ye5nphj2c6qd5zczz6wspr4te","2025-05-23T17:30:22Z"
"spotify:track:6gBFPUFcJLzWGx4lenP6h2","goosebumps","spotify:artist:0Y5tJX1MQlPlqiwlOH1tJY","Travis Scott","spotify:album:42WVQWuf1teDysXiOupIZt","Birds In The Trap Sing McKnight","spotify:artist:0Y5tJX1MQlPlqiwlOH1tJY","Travis Scott","2016-09-16","https://i.scdn.co/image/ab67616d0000b2738752a7355996e64709247c53","1","9","243836","https://p.scdn.co/mp3-preview/be92130f4427d93764889a8f9b711cf32ada0d5e?cid=9950ac751e34487dbbe027c4fd7f8e99","true","88","USSM11607555","spotify:user:316ye5nphj2c6qd5zczz6wspr4te","2025-05-23T17:30:45Z"
"spotify:track:51EC3I1nQXpec4gDk0mQyP","90210 (feat. Kacy Hill)","spotify:artist:0Y5tJX1MQlPlqiwlOH1tJY, spotify:artist:4dYQmk5ma04mZ1KJ9KkAQK","Travis Scott, Kacy Hill","spotify:album:4PWBTB6NYSKQwfo79I3prg","Rodeo","spotify:artist:0Y5tJX1MQlPlqiwlOH1tJY","Travis Scott","2015-09-04","https://i.scdn.co/image/ab67616d0000b273d3b5affd8824b4ed301b7137","1","5","339066","https://p.scdn.co/mp3-preview/b211baf7df5a56b09307c9631d50709baa80cab6?cid=9950ac751e34487dbbe027c4fd7f8e99","true","83","USSM11506731","spotify:user:316ye5nphj2c6qd5zczz6wspr4te","2025-05-23T22:01:29Z"
"spotify:track:67nepsnrcZkowTxMWigSbb","MELTDOWN (feat. Drake)","spotify:artist:0Y5tJX1MQlPlqiwlOH1tJY, spotify:artist:3TVXtAsR1Inumwj472S9r4","Travis Scott, Drake","spotify:album:18NOKLkZETa4sWwLMIm0UZ","UTOPIA","spotify:artist:0Y5tJX1MQlPlqiwlOH1tJY","Travis Scott","2023-07-28","https://i.scdn.co/image/ab67616d0000b27304481c826dd292e5e4983b3f","1","7","246133","https://p.scdn.co/mp3-preview/51c167f900b8b4a192373903688545fc72a24bcf?cid=9950ac751e34487dbbe027c4fd7f8e99","true","76","USSM12305021","spotify:user:316ye5nphj2c6qd5zczz6wspr4te","2025-05-23T22:10:49Z"
"spotify:track:0hL9gOw6XBWsygEUcVjxEc","HYAENA","spotify:artist:0Y5tJX1MQlPlqiwlOH1tJY","Travis Scott","spotify:album:18NOKLkZETa4sWwLMIm0UZ","UTOPIA","spotify:artist:0Y5tJX1MQlPlqiwlOH1tJY","Travis Scott","2023-07-28","https://i.scdn.co/image/ab67616d0000b27304481c826dd292e5e4983b3f","1","1","222085","https://p.scdn.co/mp3-preview/37c1ae3c93607cf25e277b86d082819efbab31ac?cid=9950ac751e34487dbbe027c4fd7f8e99","true","69","USSM12305004","spotify:user:316ye5nphj2c6qd5zczz6wspr4te","2025-05-23T22:15:24Z"
"spotify:track:1xYpVRspgaLxdJLOTQkTjg","STOP TRYING TO BE GOD","spotify:artist:0Y5tJX1MQlPlqiwlOH1tJY","Travis Scott","spotify:album:41GuZcammIkupMPKH2OJ6I","ASTROWORLD","spotify:artist:0Y5tJX1MQlPlqiwlOH1tJY","Travis Scott","2018-08-03","https://i.scdn.co/image/ab67616d0000b273daec894c14c0ca42d76eeb32","1","5","338438","https://p.scdn.co/mp3-preview/6ad551f797221af9b2b64789c8d3ba6342fb4a9e?cid=9950ac751e34487dbbe027c4fd7f8e99","true","68","USSM11806662","spotify:user:316ye5nphj2c6qd5zczz6wspr4te","2025-05-23T22:19:02Z"
"spotify:track:4MXhiYIRDMGAuvZc5IFTwC","ASTROTHUNDER","spotify:artist:0Y5tJX1MQlPlqiwlOH1tJY","Travis Scott","spotify:album:41GuZcammIkupMPKH2OJ6I","ASTROWORLD","spotify:artist:0Y5tJX1MQlPlqiwlOH1tJY","Travis Scott","2018-08-03","https://i.scdn.co/image/ab67616d0000b273daec894c14c0ca42d76eeb32","1","11","142969","https://p.scdn.co/mp3-preview/4a5a2066c5526362d32264180d1b106ab2146ba6?cid=9950ac751e34487dbbe027c4fd7f8e99","true","77","USSM11806668","spotify:user:316ye5nphj2c6qd5zczz6wspr4te","2025-05-23T22:25:04Z"
"spotify:track:6OaVWaGfhXn70ZJfdVcabn","NO BYSTANDERS","spotify:artist:0Y5tJX1MQlPlqiwlOH1tJY","Travis Scott","spotify:album:41GuZcammIkupMPKH2OJ6I","ASTROWORLD","spotify:artist:0Y5tJX1MQlPlqiwlOH1tJY","Travis Scott","2018-08-03","https://i.scdn.co/image/ab67616d0000b273daec894c14c0ca42d76eeb32","1","6","218283","https://p.scdn.co/mp3-preview/53fa250424e3fe25fa13e0ae36614295ea799b22?cid=9950ac751e34487dbbe027c4fd7f8e99","true","73","USSM11806663","spotify:user:316ye5nphj2c6qd5zczz6wspr4te","2025-05-23T22:28:48Z"
"spotify:track:1uu28Lfdt5B5JBvvKWV5qq","NÓIS TA FORGANO","spotify:artist:4Y0VwRwAOyJutxoVpPX4td, spotify:artist:05qCf6M7E7AxizHVmrcPqh, spotify:artist:6RC5tRbakJ46EExHuPmxzK, spotify:artist:3914e1ewXuF036M63rgK0d, spotify:artist:71YqA2qY3ZzGdPAEOf4k7A","Derek, Kyan, Celo1st, Neckklace, TTF","spotify:album:2Gb9tOJBTIkiXfdQq1cLgo","Trap The Fato","spotify:artist:4Y0VwRwAOyJutxoVpPX4td, spotify:artist:71YqA2qY3ZzGdPAEOf4k7A","Derek, TTF","2022-12-08","https://i.scdn.co/image/ab67616d0000b27302e44464bcac91d2414582ab","1","4","164892","https://p.scdn.co/mp3-preview/32807128e5e78ed6e0c920e487842cbb0dc78558?cid=9950ac751e34487dbbe027c4fd7f8e99","true","47","QZWDD2287261","spotify:user:316ye5nphj2c6qd5zczz6wspr4te","2025-05-24T00:33:11Z"
"spotify:track:1vA9ABK1CiAyQXjAnnyqOs","Vou Viver Pra Ver","spotify:artist:4PLdCloYxu2bMKfuuB9lI5","MC PH","spotify:album:5INDL0mbwcHIxCpnOlPKhF","Vou Viver Pra Ver","spotify:artist:4PLdCloYxu2bMKfuuB9lI5","MC PH","2020-02-29","https://i.scdn.co/image/ab67616d0000b273ba287946e42c3ed5b79df08e","1","1","162000","https://p.scdn.co/mp3-preview/776126a2a5f5d3981c896c6a7cce24507c9cc68d?cid=9950ac751e34487dbbe027c4fd7f8e99","true","51","BXG6R2000247","spotify:user:316ye5nphj2c6qd5zczz6wspr4te","2025-05-24T01:47:54Z"
"spotify:track:6s8WSX1MxNThrot8ThI6fG","4X4","spotify:artist:0Y5tJX1MQlPlqiwlOH1tJY","Travis Scott","spotify:album:5HAxzyUfyay8NElNaehsNe","4X4","spotify:artist:0Y5tJX1MQlPlqiwlOH1tJY","Travis Scott","2025-01-24","https://i.scdn.co/image/ab67616d0000b273b03d28fd5a76c2c30e7ac288","1","1","190581","https://p.scdn.co/mp3-preview/ec16060a393470c0969eb54fa15b8c3846e89262?cid=9950ac751e34487dbbe027c4fd7f8e99","true","74","USSM12410202","spotify:user:316ye5nphj2c6qd5zczz6wspr4te","2025-05-24T01:50:44Z"
"spotify:track:2Hh3ETdQKrmSI3QS0hme7g","Too Many Nights (feat. Don Toliver & with Future)","spotify:artist:0iEtIxbK0KxaSlF7G42ZOp, spotify:artist:1RyvyyTE3xzB2ZywiAwp0i, spotify:artist:4Gso3d4CscCijv0lmajZWs","Metro Boomin, Future, Don Toliver","spotify:album:7txGsnDSqVMoRl6RQ9XyZP","HEROES & VILLAINS","spotify:artist:0iEtIxbK0KxaSlF7G42ZOp","Metro Boomin","2022-12-02","https://i.scdn.co/image/ab67616d0000b273c4fee55d7b51479627c31f89","1","3","199920","","true","86","USUG12208784","spotify:user:316ye5nphj2c6qd5zczz6wspr4te","2025-05-24T01:54:30Z"
"spotify:track:0vjeOZ3Ft5jvAi9SBFJm1j","Superhero (Heroes & Villains) [with Future & Chris Brown]","spotify:artist:0iEtIxbK0KxaSlF7G42ZOp, spotify:artist:1RyvyyTE3xzB2ZywiAwp0i, spotify:artist:7bXgB6jMjp9ATFy66eO08Z","Metro Boomin, Future, Chris Brown","spotify:album:7txGsnDSqVMoRl6RQ9XyZP","HEROES & VILLAINS","spotify:artist:0iEtIxbK0KxaSlF7G42ZOp","Metro Boomin","2022-12-02","https://i.scdn.co/image/ab67616d0000b273c4fee55d7b51479627c31f89","1","2","182666","","true","80","USUG12208783","spotify:user:316ye5nphj2c6qd5zczz6wspr4te","2025-05-24T02:15:17Z"
"spotify:track:5TRPicyLGbAF2LGBFbHGvO","Flashing Lights","spotify:artist:5K4W6rqBFWDnAN6FQUkS6x, spotify:artist:7u6LfVyYpEzMpHLL7jTyvU","Kanye West, Dwele","spotify:album:4SZko61aMnmgvNhfhgTuD3","Graduation","spotify:artist:5K4W6rqBFWDnAN6FQUkS6x","Kanye West","2007-09-11","https://i.scdn.co/image/ab67616d0000b27326f7f19c7f0381e56156c94a","1","9","237506","","true","91","USUM70749095","spotify:user:316ye5nphj2c6qd5zczz6wspr4te","2025-05-24T02:16:04Z"
"spotify:track:0mEdbdeRFQwBhN4xfyIeUM","Can't Tell Me Nothing","spotify:artist:5K4W6rqBFWDnAN6FQUkS6x","Kanye West","spotify:album:4SZko61aMnmgvNhfhgTuD3","Graduation","spotify:artist:5K4W6rqBFWDnAN6FQUkS6x","Kanye West","2007-09-11","https://i.scdn.co/image/ab67616d0000b27326f7f19c7f0381e56156c94a","1","6","271600","","true","87","USUM70739239","spotify:user:316ye5nphj2c6qd5zczz6wspr4te","2025-05-24T02:19:04Z"
"spotify:track:3s7MCdXyWmwjdcWh7GWXas","Violent Crimes","spotify:artist:5K4W6rqBFWDnAN6FQUkS6x","Kanye West","spotify:album:2Ek1q2haOnxVqhvVKqMvJe","ye","spotify:artist:5K4W6rqBFWDnAN6FQUkS6x","Kanye West","2018-06-01","https://i.scdn.co/image/ab67616d0000b2730cd942c1a864afa4e92d04f2","1","7","215320","","true","82","USUM71807795","spotify:user:316ye5nphj2c6qd5zczz6wspr4te","2025-05-24T02:20:52Z"
"spotify:track:4EWCNWgDS8707fNSZ1oaA5","Heartless","spotify:artist:5K4W6rqBFWDnAN6FQUkS6x","Kanye West","spotify:album:3WFTGIO6E3Xh4paEOBY9OU","808s & Heartbreak","spotify:artist:5K4W6rqBFWDnAN6FQUkS6x","Kanye West","2008-11-24","https://i.scdn.co/image/ab67616d0000b273346d77e155d854735410ed18","1","3","211000","","false","88","USUM70840511","spotify:user:316ye5nphj2c6qd5zczz6wspr4te","2025-05-24T02:20:56Z"
"spotify:track:7KA4W4McWYRpgf0fWsJZWB","See You Again (feat. Kali Uchis)","spotify:artist:4V8LLVI7PbaPR0K2TGSxFF, spotify:artist:1U1el3k54VvEUzo3ybLPlM","Tyler\, The Creator, Kali Uchis","spotify:album:2nkto6YNI4rUYTLqEwWJ3o","Flower Boy","spotify:artist:4V8LLVI7PbaPR0K2TGSxFF","Tyler\, The Creator","2017-07-21","https://i.scdn.co/image/ab67616d0000b2738940ac99f49e44f59e6f7fb3","1","4","180386","https://p.scdn.co/mp3-preview/c703198293891e3b276800ea6b187cf7951d3d7d?cid=9950ac751e34487dbbe027c4fd7f8e99","true","92","USQX91701275","spotify:user:316ye5nphj2c6qd5zczz6wspr4te","2025-05-24T02:24:04Z"
"spotify:track:74tLlkN3rgVzRqQJgPfink","Money Trees","spotify:artist:2YZyLoL8N0Wb9xBt1NhZWg, spotify:artist:28ExwzUQsvgJooOI0X1mr3","Kendrick Lamar, Jay Rock","spotify:album:0Oq3mWfexhsjUh0aNNBB5u","good kid, m.A.A.d city","spotify:artist:2YZyLoL8N0Wb9xBt1NhZWg","Kendrick Lamar","2012","https://i.scdn.co/image/ab67616d0000b2732cd55246d935a8a77cb4859e","1","5","386906","","true","83","USUM71210785","spotify:user:316ye5nphj2c6qd5zczz6wspr4te","2025-05-24T02:28:15Z"
"spotify:track:7KXjTSCq5nL1LoYtL7XAwS","HUMBLE.","spotify:artist:2YZyLoL8N0Wb9xBt1NhZWg","Kendrick Lamar","spotify:album:4eLPsYPBmXABThSJ821sqY","DAMN.","spotify:artist:2YZyLoL8N0Wb9xBt1NhZWg","Kendrick Lamar","2017-04-14","https://i.scdn.co/image/ab67616d0000b2738b52c6b9bc4e43d873869699","1","8","177000","","true","86","USUM71703085","spotify:user:316ye5nphj2c6qd5zczz6wspr4te","2025-05-24T02:29:26Z"
"spotify:track:2tudvzsrR56uom6smgOcSf","Like That","spotify:artist:1RyvyyTE3xzB2ZywiAwp0i, spotify:artist:0iEtIxbK0KxaSlF7G42ZOp, spotify:artist:2YZyLoL8N0Wb9xBt1NhZWg","Future, Metro Boomin, Kendrick Lamar","spotify:album:4iqbFIdGOTzXeDtt9owjQn","WE DON'T TRUST YOU","spotify:artist:1RyvyyTE3xzB2ZywiAwp0i, spotify:artist:0iEtIxbK0KxaSlF7G42ZOp","Future, Metro Boomin","2024-03-22","https://i.scdn.co/image/ab67616d0000b273cec3fc072352b5f4f637d9fa","1","6","267706","https://p.scdn.co/mp3-preview/47d05511b21d4fdbd8846fb491bb120e1777c0c7?cid=9950ac751e34487dbbe027c4fd7f8e99","true","83","USSM12402041","spotify:user:316ye5nphj2c6qd5zczz6wspr4te","2025-05-24T17:16:40Z"
"spotify:track:7rbECVPkY5UODxoOUVKZnA","I Wonder","spotify:artist:5K4W6rqBFWDnAN6FQUkS6x","Kanye West","spotify:album:4SZko61aMnmgvNhfhgTuD3","Graduation","spotify:artist:5K4W6rqBFWDnAN6FQUkS6x","Kanye West","2007-09-11","https://i.scdn.co/image/ab67616d0000b27326f7f19c7f0381e56156c94a","1","4","243440","","true","86","USUM70749085","spotify:user:316ye5nphj2c6qd5zczz6wspr4te","2025-05-24T20:59:31Z"
"spotify:track:6cRyy0XvzIdbSNzjYAOoFf","zumzumzum","spotify:artist:68YeXpLt3jB7JHQS5ZjMGo","Teto","spotify:album:11NxigNYgrmmNMBXcqjJyx","zumzumzum","spotify:artist:68YeXpLt3jB7JHQS5ZjMGo","Teto","2024-01-31","https://i.scdn.co/image/ab67616d0000b2735d38ecbac1b0bda2ea577183","1","1","150000","https://p.scdn.co/mp3-preview/ebe57cba8639e101a18970382e63222d27429b1d?cid=9950ac751e34487dbbe027c4fd7f8e99","true","59","BXW922300021","spotify:user:316ye5nphj2c6qd5zczz6wspr4te","2025-05-24T21:22:25Z"
"spotify:track:285pBltuF7vW8TeWk8hdRR","Lucid Dreams","spotify:artist:4MCBfE4596Uoi2O4DtmEMz","Juice WRLD","spotify:album:6tkjU4Umpo79wwkgPMV3nZ","Goodbye & Good Riddance","spotify:artist:4MCBfE4596Uoi2O4DtmEMz","Juice WRLD","2018-12-10","https://i.scdn.co/image/ab67616d0000b273f7db43292a6a99b21b51d5b4","1","3","239835","","true","86","USUG11800685","spotify:user:316ye5nphj2c6qd5zczz6wspr4te","2025-05-25T03:12:17Z"
"spotify:track:7GX5flRQZVHRAGd6B4TmDO","XO Tour Llif3","spotify:artist:4O15NlyKLIASxsJ0PrXPfz","Lil Uzi Vert","spotify:album:733e1ZfktLSwj96X5rsMeE","Luv Is Rage 2","spotify:artist:4O15NlyKLIASxsJ0PrXPfz","Lil Uzi Vert","2017-08-25","https://i.scdn.co/image/ab67616d0000b273f23aee9d3be9fcbca1bc6352","1","16","182706","https://p.scdn.co/mp3-preview/115d957b81400862451425d9591dfa938da476da?cid=9950ac751e34487dbbe027c4fd7f8e99","true","85","USAT21703440","spotify:user:316ye5nphj2c6qd5zczz6wspr4te","2025-05-25T03:12:53Z"
"spotify:track:4VXIryQMWpIdGgYR4TrjT1","All Girls Are The Same","spotify:artist:4MCBfE4596Uoi2O4DtmEMz","Juice WRLD","spotify:album:6tkjU4Umpo79wwkgPMV3nZ","Goodbye & Good Riddance","spotify:artist:4MCBfE4596Uoi2O4DtmEMz","Juice WRLD","2018-12-10","https://i.scdn.co/image/ab67616d0000b273f7db43292a6a99b21b51d5b4","1","2","165819","","true","84","USUG11800651","spotify:user:316ye5nphj2c6qd5zczz6wspr4te","2025-05-25T03:17:29Z"
"spotify:track:2QxekHjOYDnzNO5w8hu2D9","Empty Out Your Pockets","spotify:artist:4MCBfE4596Uoi2O4DtmEMz","Juice WRLD","spotify:album:7kOpqRCEqTTzcGc4CwEFph","The Party Never Ends 2.0","spotify:artist:4MCBfE4596Uoi2O4DtmEMz","Juice WRLD","2024-11-30","https://i.scdn.co/image/ab67616d0000b273c435ae51e1d314f3ecea02a0","1","6","135653","","true","75","USUG12407299","spotify:user:316ye5nphj2c6qd5zczz6wspr4te","2025-05-25T03:24:23Z"
"spotify:track:6Gg1gjgKi2AK4e0qzsR7sd","Bandit (with YoungBoy Never Broke Again)","spotify:artist:4MCBfE4596Uoi2O4DtmEMz, spotify:artist:7wlFDEWiM5OoIAt8RSli8b","Juice WRLD, YoungBoy Never Broke Again","spotify:album:3t6Z2qoBVCS4NHNI25XECH","Bandit (with YoungBoy Never Broke Again)","spotify:artist:4MCBfE4596Uoi2O4DtmEMz, spotify:artist:7wlFDEWiM5OoIAt8RSli8b","Juice WRLD, YoungBoy Never Broke Again","2019-10-04","https://i.scdn.co/image/ab67616d0000b2735b4bee4c0dfe7f1ec4b2cc6d","1","1","189322","","true","70","USUG11903492","spotify:user:316ye5nphj2c6qd5zczz6wspr4te","2025-05-25T03:27:37Z"
"spotify:track:4ea9w8c4ROqiZpJVhfBA3m","Hot (Remix) [feat. Gunna and Travis Scott]","spotify:artist:50co4Is1HCEo8bhOyUWKpn, spotify:artist:0Y5tJX1MQlPlqiwlOH1tJY, spotify:artist:2hlmm7s2ICUX0LVIhVFlZQ","Young Thug, Travis Scott, Gunna","spotify:album:24jAbLMFzCTlIv3kQ94HwK","So Much Fun (Deluxe)","spotify:artist:50co4Is1HCEo8bhOyUWKpn","Young Thug","2019-12-20","https://i.scdn.co/image/ab67616d0000b273caca74e1aa8e32cd44bb5c8f","1","5","279906","https://p.scdn.co/mp3-preview/0f08dc1b3544ee9225a5868445db29fdec5b5a26?cid=9950ac751e34487dbbe027c4fd7f8e99","true","78","USAT21906512","spotify:user:316ye5nphj2c6qd5zczz6wspr4te","2025-05-25T03:30:43Z"
"spotify:track:6igOR5QCn09zAVF2ikZjsV","Surf (feat. Gunna)","spotify:artist:50co4Is1HCEo8bhOyUWKpn, spotify:artist:2hlmm7s2ICUX0LVIhVFlZQ","Young Thug, Gunna","spotify:album:1bnHPO4dKK7IjvgrtVBcQh","So Much Fun","spotify:artist:50co4Is1HCEo8bhOyUWKpn","Young Thug","2019-08-16","https://i.scdn.co/image/ab67616d0000b2738da62aa4aa86bb58f67196e9","1","6","184093","https://p.scdn.co/mp3-preview/26897471c9887ce14cc73afc6efa170eb65366b7?cid=9950ac751e34487dbbe027c4fd7f8e99","true","69","USAT21903328","spotify:user:316ye5nphj2c6qd5zczz6wspr4te","2025-05-25T03:39:02Z"
"spotify:track:1lOe9qE0vR9zwWQAOk6CoO","Ransom","spotify:artist:4Ga1P7PMIsmqEZqhYZQgDo","Lil Tecca","spotify:album:1I6FpscJIfwf4T56VxGVsB","We Love You Tecca","spotify:artist:4Ga1P7PMIsmqEZqhYZQgDo","Lil Tecca","2019-08-30","https://i.scdn.co/image/ab67616d0000b273bd69bbde4aeee723d6d08058","1","1","131240","","true","85","QZ85M1940160","spotify:user:316ye5nphj2c6qd5zczz6wspr4te","2025-05-25T03:45:34Z"
"spotify:track:0uxSUdBrJy9Un0EYoBowng","20 Min","spotify:artist:4O15NlyKLIASxsJ0PrXPfz","Lil Uzi Vert","spotify:album:0zicd2mBV8HTzSubByj4vP","Luv Is Rage 2 (Deluxe)","spotify:artist:4O15NlyKLIASxsJ0PrXPfz","Lil Uzi Vert","2017-08-25","https://i.scdn.co/image/ab67616d0000b273d7e1c68ed8e464b03095afda","1","20","220586","https://p.scdn.co/mp3-preview/3dd55d0ccc147f9a655048af71275a345ad54c7f?cid=9950ac751e34487dbbe027c4fd7f8e99","true","87","USAT21704166","spotify:user:316ye5nphj2c6qd5zczz6wspr4te","2025-05-25T03:47:02Z"
"spotify:track:6REbwUNlppTfcnV4d4ZoZi","Swimming Pools (Drank)","spotify:artist:2YZyLoL8N0Wb9xBt1NhZWg","Kendrick Lamar","spotify:album:2XPrwlaAHHXnJzP9tBcIzH","Swimming Pools (Drank)","spotify:artist:2YZyLoL8N0Wb9xBt1NhZWg","Kendrick Lamar","2012-01-01","https://i.scdn.co/image/ab67616d0000b273b5ef185d28724c5573c2ac9c","1","1","247800","","true","85","USUM71207642","spotify:user:316ye5nphj2c6qd5zczz6wspr4te","2025-05-25T03:55:51Z"
"spotify:track:3iVcZ5G6tvkXZkZKlMpIUs","Alright","spotify:artist:2YZyLoL8N0Wb9xBt1NhZWg","Kendrick Lamar","spotify:album:7ycBtnsMtyVbbwTfJwRjSP","To Pimp A Butterfly","spotify:artist:2YZyLoL8N0Wb9xBt1NhZWg","Kendrick Lamar","2015-03-16","https://i.scdn.co/image/ab67616d0000b273cdb645498cd3d8a2db4d05e1","1","7","219333","","true","80","USUM71502498","spotify:user:316ye5nphj2c6qd5zczz6wspr4te","2025-05-25T03:57:06Z"
"spotify:track:6IZvVAP7VPPnsGX6bvgkqg","PRIDE.","spotify:artist:2YZyLoL8N0Wb9xBt1NhZWg","Kendrick Lamar","spotify:album:4eLPsYPBmXABThSJ821sqY","DAMN.","spotify:artist:2YZyLoL8N0Wb9xBt1NhZWg","Kendrick Lamar","2017-04-14","https://i.scdn.co/image/ab67616d0000b2738b52c6b9bc4e43d873869699","1","7","275253","","true","82","USUM71703084","spotify:user:316ye5nphj2c6qd5zczz6wspr4te","2025-05-25T03:59:56Z"
"spotify:track:0fX4oNGBWO3dSGUZcVdVV2","N95","spotify:artist:2YZyLoL8N0Wb9xBt1NhZWg","Kendrick Lamar","spotify:album:79ONNoS4M9tfIA1mYLBYVX","Mr. Morale & The Big Steppers","spotify:artist:2YZyLoL8N0Wb9xBt1NhZWg","Kendrick Lamar","2022-05-13","https://i.scdn.co/image/ab67616d0000b2732e02117d76426a08ac7c174f","1","2","195950","","true","74","USUM72208963","spotify:user:316ye5nphj2c6qd5zczz6wspr4te","2025-05-25T04:09:13Z"
"spotify:track:6AI3ezQ4o3HUoP6Dhudph3","Not Like Us","spotify:artist:2YZyLoL8N0Wb9xBt1NhZWg","Kendrick Lamar","spotify:album:5JjnoGJyOxfSZUZtk2rRwZ","Not Like Us","spotify:artist:2YZyLoL8N0Wb9xBt1NhZWg","Kendrick Lamar","2024-05-04","https://i.scdn.co/image/ab67616d0000b2731ea0c62b2339cbf493a999ad","1","1","274192","","true","88","USUG12400910","spotify:user:316ye5nphj2c6qd5zczz6wspr4te","2025-05-25T04:23:59Z"
"spotify:track:1fewSx2d5KIZ04wsooEBOz","Space Cadet (feat. Gunna)","spotify:artist:0iEtIxbK0KxaSlF7G42ZOp, spotify:artist:2hlmm7s2ICUX0LVIhVFlZQ","Metro Boomin, Gunna","spotify:album:3IO8IPjwXuzPJnoaqkwYrj","NOT ALL HEROES WEAR CAPES (Deluxe)","spotify:artist:0iEtIxbK0KxaSlF7G42ZOp, spotify:artist:1URnnhqYAYcrqrcwql10ft","Metro Boomin, 21 Savage","2018-11-06","https://i.scdn.co/image/ab67616d0000b2732887f8c05b5a9f1cb105be29","1","5","203266","","true","78","USUG11802484","spotify:user:316ye5nphj2c6qd5zczz6wspr4te","2025-05-26T02:09:53Z"
"spotify:track:17rF54WvGGqPVxDheq8PP8","Mantém","spotify:artist:3MrDVzg7ZXaYMyQmbDInr7, spotify:artist:5nP8x4uEFjAAmDzwOEc9b8","WIU, Matuê","spotify:album:2e15uAU6zg3r8zAUlFKv0G","Mantém","spotify:artist:3MrDVzg7ZXaYMyQmbDInr7, spotify:artist:5nP8x4uEFjAAmDzwOEc9b8","WIU, Matuê","2019-10-09","https://i.scdn.co/image/ab67616d0000b273c751b050a1fee5161b608283","1","1","195692","https://p.scdn.co/mp3-preview/108ed5e4b4ac55c119aa043e8f2a422581df0469?cid=9950ac751e34487dbbe027c4fd7f8e99","false","65","BXW921900001","spotify:user:316ye5nphj2c6qd5zczz6wspr4te","2025-05-29T21:26:41Z"
"spotify:track:2xebCnKCjYWBhJ4Ai8hO5E","Set dos Casados","spotify:artist:1cYhx7ZOhYoVmnDPb9KMwo, spotify:artist:5pBMkZNIlbGTH3hrsQJqAa, spotify:artist:7Lmrb6KcIzfkmgbtokjsAL, spotify:artist:0pcoadNMmvrUyab1RxWBoV, spotify:artist:04QHNiih9ZesPvals6II1h, spotify:artist:3Nipsl6GVwwGyeAk0J29C6, spotify:artist:6lpzj8HzoVgeA24NN1GnPV, spotify:artist:2iK1rsbYstkSVn57M4s8ut, spotify:artist:4maKTxhTIDEnWKra7wEIMR, spotify:artist:75i9GaW2MJUgt4BkdUnuUY, spotify:artist:2MKq3nQOfCRUwxtmmAOpqR, spotify:artist:1Bp5RHQ2K9k986YoxNvACB, spotify:artist:7Iojib0lifaGJnw2oip1pu","Mc Davi, Mc Kevin, Mc Don Juan, MC Hariel, MC Marks, MC G15, Mc Phe Cachorrera, Gaab, MC Menor da VG, MC Ryan SP, MC Kapela, Perera DJ, Veiga no Beat","spotify:album:4CNrRgC3wHmIRIWABYaiZP","Set dos Casados","spotify:artist:0LyfQWJT6nXafLPZqxe9Of","Vários intérpretes","2021-09-17","https://i.scdn.co/image/ab67616d0000b2736c0c8fdf92c40838b5bb70cf","1","1","643200","https://p.scdn.co/mp3-preview/a15c22bbf6e03a2d2f054acd13893da2c17e099f?cid=9950ac751e34487dbbe027c4fd7f8e99","true","72","BXG6R2100936","spotify:user:316ye5nphj2c6qd5zczz6wspr4te","2025-05-30T21:53:50Z"
"spotify:track:6EfnotM8sRsjXEsOgtZbCG","Tem Café","spotify:artist:2iK1rsbYstkSVn57M4s8ut, spotify:artist:0pcoadNMmvrUyab1RxWBoV","Gaab, MC Hariel","spotify:album:5NqdRURgrYqmk8H1GKGueM","Melhor Viagem","spotify:artist:2iK1rsbYstkSVn57M4s8ut","Gaab","2017-01-01","https://i.scdn.co/image/ab67616d0000b2733a71f0992498543d0b1cf0ad","1","3","262733","https://p.scdn.co/mp3-preview/512f3ff161d6a02ec747ad8038ac31ce87745f81?cid=9950ac751e34487dbbe027c4fd7f8e99","true","70","BXG6R1700207","spotify:user:316ye5nphj2c6qd5zczz6wspr4te","2025-05-30T21:54:11Z"
"spotify:track:1K14aw84e0i5IHFHkq7aNn","Mistérios","spotify:artist:2h5Ha0ZiMFmOQD3iYcSXsy, spotify:artist:0KcbRunfjZHfwEnEgd1Dy6","KayBlack, Murillo e LT no Beat","spotify:album:7EXbbKbkFrFFGqWIV7vEhH","Mistérios","spotify:artist:2h5Ha0ZiMFmOQD3iYcSXsy, spotify:artist:0KcbRunfjZHfwEnEgd1Dy6","KayBlack, Murillo e LT no Beat","2024-07-16","https://i.scdn.co/image/ab67616d0000b2738c1e9a02140f003cae3dbeb5","1","1","136695","https://p.scdn.co/mp3-preview/27b2e43b2eec6de330fc1a246d1adb402a0b4264?cid=9950ac751e34487dbbe027c4fd7f8e99","false","71","BRWMB2400877","spotify:user:316ye5nphj2c6qd5zczz6wspr4te","2025-05-30T21:56:18Z"
"spotify:track:4jVBIpuOiMj1crqd8LoCrJ","FRANCHISE (feat. Young Thug & M.I.A.)","spotify:artist:0Y5tJX1MQlPlqiwlOH1tJY, spotify:artist:50co4Is1HCEo8bhOyUWKpn, spotify:artist:0QJIPDAEDILuo8AIq3pMuU","Travis Scott, Young Thug, M.I.A.","spotify:album:4Bp7LKA5Afo1PRoXuQe8qZ","FRANCHISE (feat. Young Thug & M.I.A.)","spotify:artist:0Y5tJX1MQlPlqiwlOH1tJY, spotify:artist:50co4Is1HCEo8bhOyUWKpn, spotify:artist:0QJIPDAEDILuo8AIq3pMuU","Travis Scott, Young Thug, M.I.A.","2020-09-25","https://i.scdn.co/image/ab67616d0000b273ffbe25fb3b119bda9a2ba0ee","1","1","202794","https://p.scdn.co/mp3-preview/a02b59377069cf757ba72e1954294853f4175410?cid=9950ac751e34487dbbe027c4fd7f8e99","true","74","USSM12004756","spotify:user:316ye5nphj2c6qd5zczz6wspr4te","2025-05-30T22:18:36Z"
"spotify:track:5BA4HUyjhg6ock2zEjxEjw","Vilão da Mídia!","spotify:artist:05qCf6M7E7AxizHVmrcPqh, spotify:artist:13yQqjPy4Esq0Ru3R1fipU","Kyan, Mu540","spotify:album:00pkLBvnhBT2avjAwmcSwY","DOIS Quebrada Inteligente","spotify:artist:05qCf6M7E7AxizHVmrcPqh, spotify:artist:13yQqjPy4Esq0Ru3R1fipU","Kyan, Mu540","2025-05-29","https://i.scdn.co/image/ab67616d0000b273f17550bba7d838a65d5054a7","1","1","242007","https://p.scdn.co/mp3-preview/2664db96380c8ded06e052e8850da29f31c9b52a?cid=9950ac751e34487dbbe027c4fd7f8e99","true","53","BKRQM2400012","spotify:user:316ye5nphj2c6qd5zczz6wspr4te","2025-05-30T22:36:52Z"
"spotify:track:2j7pQPTsRj2k3XFU6Vkb8g","Pente 270!","spotify:artist:05qCf6M7E7AxizHVmrcPqh, spotify:artist:13yQqjPy4Esq0Ru3R1fipU, spotify:artist:4YqwRbMLqGHRHLS1w2ZKse","Kyan, Mu540, Veigh","spotify:album:00pkLBvnhBT2avjAwmcSwY","DOIS Quebrada Inteligente","spotify:artist:05qCf6M7E7AxizHVmrcPqh, spotify:artist:13yQqjPy4Esq0Ru3R1fipU","Kyan, Mu540","2025-05-29","https://i.scdn.co/image/ab67616d0000b273f17550bba7d838a65d5054a7","1","4","221706","https://p.scdn.co/mp3-preview/96fdf805891896db06fb1dd038abb4e71a60f667?cid=9950ac751e34487dbbe027c4fd7f8e99","true","60","BKRQM2500004","spotify:user:316ye5nphj2c6qd5zczz6wspr4te","2025-05-30T22:51:06Z"
"spotify:track:0VgkVdmE4gld66l8iyGjgx","Mask Off","spotify:artist:1RyvyyTE3xzB2ZywiAwp0i","Future","spotify:album:17FBoXK1NU2rvJBbzdzw0r","FUTURE","spotify:artist:1RyvyyTE3xzB2ZywiAwp0i","Future","2017-06-30","https://i.scdn.co/image/ab67616d0000b273e0b64c8be3c4e804abcb2696","1","7","204600","https://p.scdn.co/mp3-preview/e0b0055e0d5d4c6513741b840028c0c5579af7f2?cid=9950ac751e34487dbbe027c4fd7f8e99","true","84","USSM11701444","spotify:user:316ye5nphj2c6qd5zczz6wspr4te","2025-06-06T01:55:34Z"
"spotify:track:4V1MOX0xhbRroh6YBmAVZg","Feirão dos 23","spotify:artist:1S2Wiv7Swqnnvp1ktoWaul, spotify:artist:68PYmgkbRP1qZnEWOry7sB, spotify:artist:7w1eimo0NMZhuwNZTf4MHY, spotify:artist:5itNRAG8DPcD6Yrm1rFPLv, spotify:artist:6NHJLHGyF86wd4DT8fNqD0","Babidi, Chefin, LB Único, Distrito 23, Raflow","spotify:album:0ZYNF7WWXHIzVj7iVri3st","Feirão dos 23","spotify:artist:0LyfQWJT6nXafLPZqxe9Of","Vários intérpretes","2023-04-28","https://i.scdn.co/image/ab67616d0000b2733a971faa56b72ab96d126e9c","1","1","157608","https://p.scdn.co/mp3-preview/487d10738d6ba3275d1d77a1005006e7263fcb8d?cid=9950ac751e34487dbbe027c4fd7f8e99","true","53","BC32K2300008","spotify:user:316ye5nphj2c6qd5zczz6wspr4te","2025-06-06T01:56:21Z"
"spotify:track:7EW7Yivb93qKAtp5qEm5of","Dark Thoughts","spotify:artist:4Ga1P7PMIsmqEZqhYZQgDo","Lil Tecca","spotify:album:7BnNV4WZAG7rFqUeMHRdUP","Dark Thoughts","spotify:artist:4Ga1P7PMIsmqEZqhYZQgDo","Lil Tecca","2025-03-14","https://i.scdn.co/image/ab67616d0000b273f9a2359739728d2af3284a8e","1","1","136991","","true","77","USUM72502156","spotify:user:316ye5nphj2c6qd5zczz6wspr4te","2025-06-14T14:02:33Z"
"spotify:track:643vObUYZSfmkNZyJd43V5","Alee On The Radar Freestyle","spotify:artist:24dIBlB22aVJyMNmLSEVZz, spotify:artist:6rk6Izp6o42fUdE0jRqAP4, spotify:artist:4LAFtDzlQM89xov636hMVv, spotify:artist:3YVxmhkewoRHu8WFgWlCb7","On The Radar, Alee, Dallass, NADAMAL","spotify:album:7s1nobZpIfPP785AvtyiG0","Alee On The Radar Freestyle","spotify:artist:24dIBlB22aVJyMNmLSEVZz, spotify:artist:6rk6Izp6o42fUdE0jRqAP4, spotify:artist:4LAFtDzlQM89xov636hMVv","On The Radar, Alee, Dallass","2025-06-13","https://i.scdn.co/image/ab67616d0000b2736aa1aab88ac3bf04777ff707","1","1","152330","https://p.scdn.co/mp3-preview/761cb3d7d878da0c009e1f0dc78250b0424cf656?cid=9950ac751e34487dbbe027c4fd7f8e99","false","60","QT4K52514878","spotify:user:316ye5nphj2c6qd5zczz6wspr4te","2025-06-14T14:08:21Z"
"spotify:track:6IWmm0WTHTwHAgRv4QyRrn","Elefante","spotify:artist:2KwQkyJzT9r6Hh56jtfuse","Brandão85","spotify:album:41iP9KWnSyKFPuWB767mtG","Zoo","spotify:artist:2KwQkyJzT9r6Hh56jtfuse","Brandão85","2022-02-17","https://i.scdn.co/image/ab67616d0000b27372815d108fd8093fafcfce85","1","2","192054","https://p.scdn.co/mp3-preview/da5be2dbbb0de7a1e3432c7cd20ffc60dc0f4b8b?cid=9950ac751e34487dbbe027c4fd7f8e99","false","48","BXXCT2200005","spotify:user:316ye5nphj2c6qd5zczz6wspr4te","2025-06-14T22:12:11Z"
"spotify:track:0HC4vNSHdqrpkRe3xJFe3y","LPT Zlatan On The Radar Freestyle","spotify:artist:24dIBlB22aVJyMNmLSEVZz, spotify:artist:5U55IfWwerZXAqb1WNNfCX, spotify:artist:5wEgjH2s4SAiffRmzkBqHB","On The Radar, LPT Zlatan, Wall Hein","spotify:album:0GQ16Lgguy1UhKmzXh5dCh","LPT Zlatan On The Radar Freestyle","spotify:artist:24dIBlB22aVJyMNmLSEVZz, spotify:artist:5U55IfWwerZXAqb1WNNfCX, spotify:artist:5wEgjH2s4SAiffRmzkBqHB","On The Radar, LPT Zlatan, Wall Hein","2025-06-13","https://i.scdn.co/image/ab67616d0000b273416dfc136c985cdd408a3ca6","1","1","134896","https://p.scdn.co/mp3-preview/06a29ded91552b774b02b0b169bbc3cf72fa0cd1?cid=9950ac751e34487dbbe027c4fd7f8e99","false","54","QT4K52514876","spotify:user:316ye5nphj2c6qd5zczz6wspr4te","2025-06-15T01:07:04Z"
"spotify:track:7baYqYOACZucN0YJkqZwyx","CEO","spotify:artist:2KwQkyJzT9r6Hh56jtfuse","Brandão85","spotify:album:5AuY1calKQYOa9JBEicUoW","CEO","spotify:artist:2KwQkyJzT9r6Hh56jtfuse","Brandão85","2024-10-23","https://i.scdn.co/image/ab67616d0000b273d6fdb8c2abad44620e46ad02","1","9","133121","https://p.scdn.co/mp3-preview/89f74e3b36e11b503d82239c87547698a62c8d2a?cid=9950ac751e34487dbbe027c4fd7f8e99","true","58","BXW922400127","spotify:user:316ye5nphj2c6qd5zczz6wspr4te","2025-06-15T01:29:56Z"
"spotify:track:7hxJhpzlaUou6MxCunDvlz","C.E.O'S (BÔNUS TRACK)","spotify:artist:6TPJK8tv3AKKSsw0lENTQk, spotify:artist:6rk6Izp6o42fUdE0jRqAP4, spotify:artist:204IwDdaHE4ymGk9Kya2pY, spotify:artist:3prRKGJz16RRMRSIM97nHw","Nagalli, Alee, Djonga, Supernova Ent","spotify:album:2YRtowuYbra1oKTID6oA1R","C.E.O'S (BÔNUS TRACK)","spotify:artist:6TPJK8tv3AKKSsw0lENTQk, spotify:artist:6rk6Izp6o42fUdE0jRqAP4, spotify:artist:204IwDdaHE4ymGk9Kya2pY","Nagalli, Alee, Djonga","2024-05-25","https://i.scdn.co/image/ab67616d0000b273b4cf377febc53e035f27d29b","1","1","166449","https://p.scdn.co/mp3-preview/cdd17fbdc46f5ddb3ca5c7d146134b012faba91e?cid=9950ac751e34487dbbe027c4fd7f8e99","true","37","BKSUV2400025","spotify:user:316ye5nphj2c6qd5zczz6wspr4te","2025-06-15T01:30:46Z"
"spotify:track:3FHx4TFMtV4NdMc3ZJQhvB","Phl Noturnboy On The Radar Freestyle","spotify:artist:24dIBlB22aVJyMNmLSEVZz, spotify:artist:6OR5QDOXtB0dAKK3VEmXHr","On The Radar, Phl Notunrboy","spotify:album:0dvSadlRF0m4TA7cqn0Jlq","Phl Noturnboy On The Radar Freestyle","spotify:artist:24dIBlB22aVJyMNmLSEVZz, spotify:artist:6OR5QDOXtB0dAKK3VEmXHr","On The Radar, Phl Notunrboy","2025-04-24","https://i.scdn.co/image/ab67616d0000b2736cc65e467982bd16b94b4797","1","1","172453","https://p.scdn.co/mp3-preview/c8ce087c40f8141849047e5779a534c26988748f?cid=9950ac751e34487dbbe027c4fd7f8e99","false","54","QZPEW2597167","spotify:user:316ye5nphj2c6qd5zczz6wspr4te","2025-06-17T00:49:10Z"
"spotify:track:0Q7G37oCrVtEQUKpQCgcDe","Planetária","spotify:artist:5U55IfWwerZXAqb1WNNfCX, spotify:artist:5wEgjH2s4SAiffRmzkBqHB","LPT Zlatan, Wall Hein","spotify:album:2KLXDzdhtlXARb2Xj45v0q","Nunca Tenha Medo","spotify:artist:5U55IfWwerZXAqb1WNNfCX, spotify:artist:5wEgjH2s4SAiffRmzkBqHB","LPT Zlatan, Wall Hein","2025-02-06","https://i.scdn.co/image/ab67616d0000b27394d7043ca4e4d397baadb5c9","1","8","146110","https://p.scdn.co/mp3-preview/4919d2c69f2931fd367fa3800d3aede336e46551?cid=9950ac751e34487dbbe027c4fd7f8e99","false","48","BRWMB2500040","spotify:user:316ye5nphj2c6qd5zczz6wspr4te","2025-06-17T00:52:50Z"
"spotify:track:5WTyRT29obNOzxaIrKn7AS","Vulgo FK On the Radar Freestyle","spotify:artist:24dIBlB22aVJyMNmLSEVZz, spotify:artist:27azwwkxutWL1BWMkgNIh0, spotify:artist:23ot0eI6ByBW6LrlBfr2bm","On The Radar, Vulgo FK, Pedro Lotto","spotify:album:5mZuXxgQa2OZx1z60bGXhe","Vulgo FK On the Radar Freestyle","spotify:artist:24dIBlB22aVJyMNmLSEVZz, spotify:artist:27azwwkxutWL1BWMkgNIh0, spotify:artist:23ot0eI6ByBW6LrlBfr2bm","On The Radar, Vulgo FK, Pedro Lotto","2025-05-23","https://i.scdn.co/image/ab67616d0000b273d16aeb7a27ebb13b6f38e492","1","1","127769","https://p.scdn.co/mp3-preview/aaee33e6a19ad481e92f3ebf6de70f2c400b2dfa?cid=9950ac751e34487dbbe027c4fd7f8e99","false","40","QT4K32560055","spotify:user:316ye5nphj2c6qd5zczz6wspr4te","2025-06-18T00:54:28Z"
"spotify:track:0Ncw19NyVuxNsKaQmUnNg6","PIRÂMIDE","spotify:artist:1lpgPh5SV2b2aKmss0AhlY, spotify:artist:3YVxmhkewoRHu8WFgWlCb7, spotify:artist:6rk6Izp6o42fUdE0jRqAP4","Klisman, NADAMAL, Alee","spotify:album:1vEV2f6XN0j4hhDHIXf5I4","CHTC?","spotify:artist:1lpgPh5SV2b2aKmss0AhlY, spotify:artist:3YVxmhkewoRHu8WFgWlCb7","Klisman, NADAMAL","2025-05-22","https://i.scdn.co/image/ab67616d0000b273afe7300597741b020ae964cb","1","9","158400","https://p.scdn.co/mp3-preview/ce327bbbe8353f7fad1afabf2b6673ad1ffbc9ae?cid=9950ac751e34487dbbe027c4fd7f8e99","true","56","BKNDN2500063","spotify:user:316ye5nphj2c6qd5zczz6wspr4te","2025-06-18T00:55:19Z"
"spotify:track:4WSCewLvDigOI5d0OhqifG","ÍCONES GLOBAIS","spotify:artist:32U24zpBrDLj0KMppA1bKf, spotify:artist:27azwwkxutWL1BWMkgNIh0, spotify:artist:3prRKGJz16RRMRSIM97nHw","Ghard, Vulgo FK, Supernova Ent","spotify:album:0BhKkqYbGb1tZsX61tLRJV","H.A.R.D","spotify:artist:32U24zpBrDLj0KMppA1bKf","Ghard","2025-06-13","https://i.scdn.co/image/ab67616d0000b273fb9be4357b203f291c533ce4","1","5","167547","https://p.scdn.co/mp3-preview/24d360e33df65735ce5db5d915d42db671f14eea?cid=9950ac751e34487dbbe027c4fd7f8e99","false","0","BKSUV2500088","spotify:user:316ye5nphj2c6qd5zczz6wspr4te","2025-06-18T00:59:26Z"
"spotify:track:1l39EzEGJkEfgaHTj03zeI","MENOR PEÇA","spotify:artist:32U24zpBrDLj0KMppA1bKf, spotify:artist:5U55IfWwerZXAqb1WNNfCX","Ghard, LPT Zlatan","spotify:album:0BhKkqYbGb1tZsX61tLRJV","H.A.R.D","spotify:artist:32U24zpBrDLj0KMppA1bKf","Ghard","2025-06-13","https://i.scdn.co/image/ab67616d0000b273fb9be4357b203f291c533ce4","1","2","133333","https://p.scdn.co/mp3-preview/341166236d54b892fc60c71cee46e0decbfa887a?cid=9950ac751e34487dbbe027c4fd7f8e99","true","0","BKSUV2500084","spotify:user:316ye5nphj2c6qd5zczz6wspr4te","2025-06-18T00:59:53Z"
"spotify:track:2L1bZYisZdTzxFDgyBzDnU","PERGAMINHO","spotify:artist:32U24zpBrDLj0KMppA1bKf, spotify:artist:3prRKGJz16RRMRSIM97nHw","Ghard, Supernova Ent","spotify:album:0BhKkqYbGb1tZsX61tLRJV","H.A.R.D","spotify:artist:32U24zpBrDLj0KMppA1bKf","Ghard","2025-06-13","https://i.scdn.co/image/ab67616d0000b273fb9be4357b203f291c533ce4","1","3","140800","https://p.scdn.co/mp3-preview/db54243c172dd30873b6422c3f55041314998c32?cid=9950ac751e34487dbbe027c4fd7f8e99","true","0","BKSUV2500082","spotify:user:316ye5nphj2c6qd5zczz6wspr4te","2025-06-18T01:01:46Z"
"spotify:track:5xYbR943WcIBxiGDZKNuxz","ei mô","spotify:artist:4yFJeWVY6IZLc5KcYCvtBE, spotify:artist:3MrDVzg7ZXaYMyQmbDInr7, spotify:artist:3prRKGJz16RRMRSIM97nHw, spotify:artist:5f1o3wuKLKC2X4qz3P18f1, spotify:artist:2JypXtaUBCwZgyHcrVYruu","G.A, WIU, Supernova Ent, Slaasty, Azin","spotify:album:4osDSPHvkroyYR8qdfdqxq","sua vez de escutar","spotify:artist:4yFJeWVY6IZLc5KcYCvtBE, spotify:artist:3prRKGJz16RRMRSIM97nHw","G.A, Supernova Ent","2024-03-29","https://i.scdn.co/image/ab67616d0000b2730c0374f2f9a17defeb7badf4","1","2","201362","https://p.scdn.co/mp3-preview/e09a7795339dde9ebcdfa6cde9a18e87704c2a03?cid=9950ac751e34487dbbe027c4fd7f8e99","false","55","BKSUV2400012","spotify:user:316ye5nphj2c6qd5zczz6wspr4te","2025-06-18T01:08:11Z"
"spotify:track:4cDnflcgSQGiTa1WJhUMoP","Primeiro Capítulo","spotify:artist:6MQ7E3HXWR3Djm3miL79mn, spotify:artist:3prRKGJz16RRMRSIM97nHw, spotify:artist:06DkLIR1RQFV7kEom04Frt, spotify:artist:6TPJK8tv3AKKSsw0lENTQk, spotify:artist:0WvTL8PecsD3VxRGuHdSxj","Niink, Supernova Ent, Stick, Nagalli, Galdino","spotify:album:0MgSMuYtpk9VLGrR5h3LcG","AINDA NO MESMO BAIRRO","spotify:artist:6MQ7E3HXWR3Djm3miL79mn, spotify:artist:3prRKGJz16RRMRSIM97nHw","Niink, Supernova Ent","2024-10-31","https://i.scdn.co/image/ab67616d0000b273b41d758a518e0ed7b9ac8438","1","1","181111","https://p.scdn.co/mp3-preview/bad94aa0d1bea9f6ca806fc3eb19c8cfc9a021de?cid=9950ac751e34487dbbe027c4fd7f8e99","true","47","BKSUV2400047","spotify:user:316ye5nphj2c6qd5zczz6wspr4te","2025-06-18T16:15:36Z"
"spotify:track:5nHVWm4pRi46eT3lJ2QXpa","Sacrifício","spotify:artist:6MQ7E3HXWR3Djm3miL79mn, spotify:artist:3prRKGJz16RRMRSIM97nHw, spotify:artist:06DkLIR1RQFV7kEom04Frt, spotify:artist:7saGN6a32YNpiMPo2SWJxE","Niink, Supernova Ent, Stick, Bvga Beatz","spotify:album:0MgSMuYtpk9VLGrR5h3LcG","AINDA NO MESMO BAIRRO","spotify:artist:6MQ7E3HXWR3Djm3miL79mn, spotify:artist:3prRKGJz16RRMRSIM97nHw","Niink, Supernova Ent","2024-10-31","https://i.scdn.co/image/ab67616d0000b273b41d758a518e0ed7b9ac8438","1","2","116005","https://p.scdn.co/mp3-preview/53b637c59530710be14fd20304405513d31b26dc?cid=9950ac751e34487dbbe027c4fd7f8e99","true","45","BKSUV2400048","spotify:user:316ye5nphj2c6qd5zczz6wspr4te","2025-06-18T16:19:16Z"
"spotify:track:1FSvqHzMs4v8vb17Cwuf5U","Não Morro Cedo","spotify:artist:6MQ7E3HXWR3Djm3miL79mn, spotify:artist:3prRKGJz16RRMRSIM97nHw, spotify:artist:06DkLIR1RQFV7kEom04Frt, spotify:artist:6eBQDBWq5rlP76s4TpOHCC","Niink, Supernova Ent, Stick, Fahel","spotify:album:0MgSMuYtpk9VLGrR5h3LcG","AINDA NO MESMO BAIRRO","spotify:artist:6MQ7E3HXWR3Djm3miL79mn, spotify:artist:3prRKGJz16RRMRSIM97nHw","Niink, Supernova Ent","2024-10-31","https://i.scdn.co/image/ab67616d0000b273b41d758a518e0ed7b9ac8438","1","3","148225","https://p.scdn.co/mp3-preview/59218438825a747d71af6626a632c4a92b821ca2?cid=9950ac751e34487dbbe027c4fd7f8e99","true","43","BKSUV2400049","spotify:user:316ye5nphj2c6qd5zczz6wspr4te","2025-06-18T16:21:09Z"
"spotify:track:4sjm7JF5RAfxdYEh0nBUVv","Jetski","spotify:artist:6MQ7E3HXWR3Djm3miL79mn, spotify:artist:1ZzJx2AgPmbnOE6OXhnn5K, spotify:artist:3prRKGJz16RRMRSIM97nHw, spotify:artist:06DkLIR1RQFV7kEom04Frt, spotify:artist:0WvTL8PecsD3VxRGuHdSxj","Niink, Ryu\, The Runner, Supernova Ent, Stick, Galdino","spotify:album:0MgSMuYtpk9VLGrR5h3LcG","AINDA NO MESMO BAIRRO","spotify:artist:6MQ7E3HXWR3Djm3miL79mn, spotify:artist:3prRKGJz16RRMRSIM97nHw","Niink, Supernova Ent","2024-10-31","https://i.scdn.co/image/ab67616d0000b273b41d758a518e0ed7b9ac8438","1","5","158797","https://p.scdn.co/mp3-preview/2fae9de2a14350b730ff8640f1df580b9e3ec2e7?cid=9950ac751e34487dbbe027c4fd7f8e99","true","43","BKSUV2400051","spotify:user:316ye5nphj2c6qd5zczz6wspr4te","2025-06-18T16:27:12Z"
"spotify:track:7utOZloEGOqiZQLZt3g2zA","Olhos de Sangue","spotify:artist:6MQ7E3HXWR3Djm3miL79mn, spotify:artist:4I5Y9NX4RZ5KA78a5UKsVY, spotify:artist:3prRKGJz16RRMRSIM97nHw, spotify:artist:37b8Vb9pAoBPgvNWkri90g","Niink, Fabiow011, Supernova Ent, Luskin","spotify:album:0MgSMuYtpk9VLGrR5h3LcG","AINDA NO MESMO BAIRRO","spotify:artist:6MQ7E3HXWR3Djm3miL79mn, spotify:artist:3prRKGJz16RRMRSIM97nHw","Niink, Supernova Ent","2024-10-31","https://i.scdn.co/image/ab67616d0000b273b41d758a518e0ed7b9ac8438","1","7","155306","https://p.scdn.co/mp3-preview/1f45da2c0c6e2b694cd5b29ac6099f6ffc11713a?cid=9950ac751e34487dbbe027c4fd7f8e99","true","44","BKSUV2400053","spotify:user:316ye5nphj2c6qd5zczz6wspr4te","2025-06-18T16:31:38Z"
"spotify:track:5Y6LrdrVV52nIhfxzej2cv","100 Neurose, 100 Ganhos","spotify:artist:6MQ7E3HXWR3Djm3miL79mn, spotify:artist:3prRKGJz16RRMRSIM97nHw, spotify:artist:06DkLIR1RQFV7kEom04Frt, spotify:artist:0PNcEYeVDBqbywI00Y3ANT","Niink, Supernova Ent, Stick, Honaiser","spotify:album:0MgSMuYtpk9VLGrR5h3LcG","AINDA NO MESMO BAIRRO","spotify:artist:6MQ7E3HXWR3Djm3miL79mn, spotify:artist:3prRKGJz16RRMRSIM97nHw","Niink, Supernova Ent","2024-10-31","https://i.scdn.co/image/ab67616d0000b273b41d758a518e0ed7b9ac8438","1","8","118354","https://p.scdn.co/mp3-preview/d30041e53d821d4bc557ca13f98f1d0ebbac3e2a?cid=9950ac751e34487dbbe027c4fd7f8e99","false","43","BKSUV2400054","spotify:user:316ye5nphj2c6qd5zczz6wspr4te","2025-06-18T16:32:23Z"
"spotify:track:5Em1teXpQJvQUrcmkfDQ0W","Numa Balada Qualquer","spotify:artist:6MQ7E3HXWR3Djm3miL79mn, spotify:artist:4yFJeWVY6IZLc5KcYCvtBE, spotify:artist:3prRKGJz16RRMRSIM97nHw, spotify:artist:7saGN6a32YNpiMPo2SWJxE, spotify:artist:7I4OIWw3Zm4lUmt2QHnz30, spotify:artist:0WvTL8PecsD3VxRGuHdSxj","Niink, G.A, Supernova Ent, Bvga Beatz, Toledo, Galdino","spotify:album:0MgSMuYtpk9VLGrR5h3LcG","AINDA NO MESMO BAIRRO","spotify:artist:6MQ7E3HXWR3Djm3miL79mn, spotify:artist:3prRKGJz16RRMRSIM97nHw","Niink, Supernova Ent","2024-10-31","https://i.scdn.co/image/ab67616d0000b273b41d758a518e0ed7b9ac8438","2","2","198462","https://p.scdn.co/mp3-preview/a8b92acb020a5ae1dd098ca28ee41fb2e6b1cf2e?cid=9950ac751e34487dbbe027c4fd7f8e99","false","43","BKSUV2400056","spotify:user:316ye5nphj2c6qd5zczz6wspr4te","2025-06-18T16:36:16Z"
"spotify:track:7pmLik6qMsjV32hTn7hogB","Seja Bem-Vinda","spotify:artist:6MQ7E3HXWR3Djm3miL79mn, spotify:artist:4YqwRbMLqGHRHLS1w2ZKse, spotify:artist:3prRKGJz16RRMRSIM97nHw, spotify:artist:6TPJK8tv3AKKSsw0lENTQk, spotify:artist:7saGN6a32YNpiMPo2SWJxE, spotify:artist:7I4OIWw3Zm4lUmt2QHnz30, spotify:artist:0WvTL8PecsD3VxRGuHdSxj, spotify:artist:0PNcEYeVDBqbywI00Y3ANT","Niink, Veigh, Supernova Ent, Nagalli, Bvga Beatz, Toledo, Galdino, Honaiser","spotify:album:0MgSMuYtpk9VLGrR5h3LcG","AINDA NO MESMO BAIRRO","spotify:artist:6MQ7E3HXWR3Djm3miL79mn, spotify:artist:3prRKGJz16RRMRSIM97nHw","Niink, Supernova Ent","2024-10-31","https://i.scdn.co/image/ab67616d0000b273b41d758a518e0ed7b9ac8438","2","4","140858","https://p.scdn.co/mp3-preview/00f1915209c9d8f62a0af7c7c3a69b9310802980?cid=9950ac751e34487dbbe027c4fd7f8e99","true","51","BKSUV2400058","spotify:user:316ye5nphj2c6qd5zczz6wspr4te","2025-06-18T16:43:03Z"
"spotify:track:5CLWuY6NeZKBc0xeo7qpXq","Me Perdoe Kendrick","spotify:artist:6MQ7E3HXWR3Djm3miL79mn, spotify:artist:3prRKGJz16RRMRSIM97nHw, spotify:artist:7saGN6a32YNpiMPo2SWJxE, spotify:artist:7I4OIWw3Zm4lUmt2QHnz30, spotify:artist:1WZNkLRhjvZKzZlSKL7FxX","Niink, Supernova Ent, Bvga Beatz, Toledo, LeodoKick","spotify:album:0MgSMuYtpk9VLGrR5h3LcG","AINDA NO MESMO BAIRRO","spotify:artist:6MQ7E3HXWR3Djm3miL79mn, spotify:artist:3prRKGJz16RRMRSIM97nHw","Niink, Supernova Ent","2024-10-31","https://i.scdn.co/image/ab67616d0000b273b41d758a518e0ed7b9ac8438","2","5","148837","https://p.scdn.co/mp3-preview/75749e6f8c2b9bcd8c5bb30cde75e9c301c50f9a?cid=9950ac751e34487dbbe027c4fd7f8e99","true","47","BKSUV2400059","spotify:user:316ye5nphj2c6qd5zczz6wspr4te","2025-06-18T16:45:03Z"
"spotify:track:2jlxHxjd7f3XOckGsiNwzO","BOLANDO UM PLANO","spotify:artist:2KwQkyJzT9r6Hh56jtfuse","Brandão85","spotify:album:1OFfFTFjfF5NLcbJTgLXLC","ISSO É TRAP","spotify:artist:2KwQkyJzT9r6Hh56jtfuse","Brandão85","2025-06-18","https://i.scdn.co/image/ab67616d0000b27351f1bdb15406e4706081c00d","1","1","128791","https://p.scdn.co/mp3-preview/5fbbe5e758e1d80b62698aca5c9b14dea144f6c5?cid=9950ac751e34487dbbe027c4fd7f8e99","true","53","BXW922500056","spotify:user:316ye5nphj2c6qd5zczz6wspr4te","2025-06-19T00:57:39Z"
"spotify:track:6PMFRImayWVHs9rXA7bOsu","100% MOLHO","spotify:artist:2KwQkyJzT9r6Hh56jtfuse, spotify:artist:0OLpdla9YvZOtlPnQkXScl, spotify:artist:0xEdwBYYjxw6wk179Tq2sJ, spotify:artist:6rk6Izp6o42fUdE0jRqAP4","Brandão85, Jovem Dex, Leviano, Alee","spotify:album:1OFfFTFjfF5NLcbJTgLXLC","ISSO É TRAP","spotify:artist:2KwQkyJzT9r6Hh56jtfuse","Brandão85","2025-06-18","https://i.scdn.co/image/ab67616d0000b27351f1bdb15406e4706081c00d","1","2","291374","https://p.scdn.co/mp3-preview/cc7bdf7a5b48d9422e658b8bb90a4f163086a026?cid=9950ac751e34487dbbe027c4fd7f8e99","true","65","BXW922500083","spotify:user:316ye5nphj2c6qd5zczz6wspr4te","2025-06-19T01:00:25Z"
"spotify:track:6zvAJgg2tEfumDgf0Gzxpa","TRAPLIFE","spotify:artist:2KwQkyJzT9r6Hh56jtfuse","Brandão85","spotify:album:1OFfFTFjfF5NLcbJTgLXLC","ISSO É TRAP","spotify:artist:2KwQkyJzT9r6Hh56jtfuse","Brandão85","2025-06-18","https://i.scdn.co/image/ab67616d0000b27351f1bdb15406e4706081c00d","1","3","179571","https://p.scdn.co/mp3-preview/0c2b2bc915585596cdb72d737b0f68a1c8516267?cid=9950ac751e34487dbbe027c4fd7f8e99","true","53","BXW922500058","spotify:user:316ye5nphj2c6qd5zczz6wspr4te","2025-06-19T01:05:17Z"
"spotify:track:3wiobiogqwBNp5YsEDg6g9","JUICY","spotify:artist:2KwQkyJzT9r6Hh56jtfuse","Brandão85","spotify:album:1OFfFTFjfF5NLcbJTgLXLC","ISSO É TRAP","spotify:artist:2KwQkyJzT9r6Hh56jtfuse","Brandão85","2025-06-18","https://i.scdn.co/image/ab67616d0000b27351f1bdb15406e4706081c00d","1","4","153600","https://p.scdn.co/mp3-preview/d280d2b31d251a78d39f8a3998366800f88e2518?cid=9950ac751e34487dbbe027c4fd7f8e99","true","55","BXW922500060","spotify:user:316ye5nphj2c6qd5zczz6wspr4te","2025-06-19T01:10:04Z"
"spotify:track:4u12LEOOS1sQZMZuol7SMT","JOGO ELA NO JATINHO","spotify:artist:2KwQkyJzT9r6Hh56jtfuse","Brandão85","spotify:album:1OFfFTFjfF5NLcbJTgLXLC","ISSO É TRAP","spotify:artist:2KwQkyJzT9r6Hh56jtfuse","Brandão85","2025-06-18","https://i.scdn.co/image/ab67616d0000b27351f1bdb15406e4706081c00d","1","5","142138","https://p.scdn.co/mp3-preview/3ff525baf141b3c6a5e26b36ba59f458f1a4637d?cid=9950ac751e34487dbbe027c4fd7f8e99","true","52","BXW922500062","spotify:user:316ye5nphj2c6qd5zczz6wspr4te","2025-06-19T01:12:17Z"
"spotify:track:53cwkbZIw0QUDB1pEPNJpo","ACIMA DAS NUVENS","spotify:artist:2KwQkyJzT9r6Hh56jtfuse, spotify:artist:1BJxBoP5maNMIbKiBpiOIb","Brandão85, Desiree","spotify:album:1OFfFTFjfF5NLcbJTgLXLC","ISSO É TRAP","spotify:artist:2KwQkyJzT9r6Hh56jtfuse","Brandão85","2025-06-18","https://i.scdn.co/image/ab67616d0000b27351f1bdb15406e4706081c00d","1","6","173061","https://p.scdn.co/mp3-preview/4238ff063f217cfe6be5f07efe4db3aef35cb64f?cid=9950ac751e34487dbbe027c4fd7f8e99","true","57","BXW922500085","spotify:user:316ye5nphj2c6qd5zczz6wspr4te","2025-06-19T01:14:58Z"
"spotify:track:3Rc0BGklC1QmiNIq7FeKay","MIGOS","spotify:artist:2KwQkyJzT9r6Hh56jtfuse, spotify:artist:4xKfNBUXa00go8RU9TwwkI","Brandão85, Jé","spotify:album:1OFfFTFjfF5NLcbJTgLXLC","ISSO É TRAP","spotify:artist:2KwQkyJzT9r6Hh56jtfuse","Brandão85","2025-06-18","https://i.scdn.co/image/ab67616d0000b27351f1bdb15406e4706081c00d","1","8","148732","https://p.scdn.co/mp3-preview/22267fabfc6411658c345d33c5c17d72b63ace50?cid=9950ac751e34487dbbe027c4fd7f8e99","true","61","BXW922500090","spotify:user:316ye5nphj2c6qd5zczz6wspr4te","2025-06-19T01:18:44Z"
"spotify:track:2hOg4o13xNbp9ugW1u1uLW","BÁSICO","spotify:artist:2KwQkyJzT9r6Hh56jtfuse, spotify:artist:5Ab6bK59NFkGzMQbaHkdmC","Brandão85, Jimyy","spotify:album:1OFfFTFjfF5NLcbJTgLXLC","ISSO É TRAP","spotify:artist:2KwQkyJzT9r6Hh56jtfuse","Brandão85","2025-06-18","https://i.scdn.co/image/ab67616d0000b27351f1bdb15406e4706081c00d","1","9","161221","https://p.scdn.co/mp3-preview/8783b0bb4cd17db88f31f304eadb80145c1fc1e4?cid=9950ac751e34487dbbe027c4fd7f8e99","true","54","BXW922500092","spotify:user:316ye5nphj2c6qd5zczz6wspr4te","2025-06-19T01:26:10Z"
"spotify:track:5I5ioMZ1aTUmzUZpLZYoAF","BASEADO IGNORANTE","spotify:artist:2KwQkyJzT9r6Hh56jtfuse, spotify:artist:6os1temnovzJIEGRUmn3fG","Brandão85, BNYX®","spotify:album:1OFfFTFjfF5NLcbJTgLXLC","ISSO É TRAP","spotify:artist:2KwQkyJzT9r6Hh56jtfuse","Brandão85","2025-06-18","https://i.scdn.co/image/ab67616d0000b27351f1bdb15406e4706081c00d","1","10","142500","https://p.scdn.co/mp3-preview/6e2784fc052453f628be9fb6c102183bcc073ad9?cid=9950ac751e34487dbbe027c4fd7f8e99","true","51","BXW922500094","spotify:user:316ye5nphj2c6qd5zczz6wspr4te","2025-06-19T01:26:13Z"
"spotify:track:6dZy2yZTQrpaY8s6kCHLXx","TUDO BEM","spotify:artist:2KwQkyJzT9r6Hh56jtfuse, spotify:artist:6os1temnovzJIEGRUmn3fG","Brandão85, BNYX®","spotify:album:1OFfFTFjfF5NLcbJTgLXLC","ISSO É TRAP","spotify:artist:2KwQkyJzT9r6Hh56jtfuse","Brandão85","2025-06-18","https://i.scdn.co/image/ab67616d0000b27351f1bdb15406e4706081c00d","1","11","143264","https://p.scdn.co/mp3-preview/9a13a6ca757acd6b84808524952e82bcdd2c7146?cid=9950ac751e34487dbbe027c4fd7f8e99","true","50","BXW922500096","spotify:user:316ye5nphj2c6qd5zczz6wspr4te","2025-06-19T01:28:20Z"
"spotify:track:555rmZC4fMJDkVavXReVf7","NOITE PERFEITA","spotify:artist:2KwQkyJzT9r6Hh56jtfuse","Brandão85","spotify:album:1OFfFTFjfF5NLcbJTgLXLC","ISSO É TRAP","spotify:artist:2KwQkyJzT9r6Hh56jtfuse","Brandão85","2025-06-18","https://i.scdn.co/image/ab67616d0000b27351f1bdb15406e4706081c00d","1","12","168960","https://p.scdn.co/mp3-preview/be68128aac5b3d57f3c18edd5cc6cfd7e25a1136?cid=9950ac751e34487dbbe027c4fd7f8e99","true","76","BXW922500066","spotify:user:316ye5nphj2c6qd5zczz6wspr4te","2025-06-19T01:56:05Z"
"spotify:track:0Wjkwg7C7ch95ubHhiWDvn","OH MY BABY (feat. Che Ecru)","spotify:artist:2KwQkyJzT9r6Hh56jtfuse, spotify:artist:45AMD9qU0ERQY5RvR7deHR","Brandão85, Che Ecru","spotify:album:1OFfFTFjfF5NLcbJTgLXLC","ISSO É TRAP","spotify:artist:2KwQkyJzT9r6Hh56jtfuse","Brandão85","2025-06-18","https://i.scdn.co/image/ab67616d0000b27351f1bdb15406e4706081c00d","1","13","211500","https://p.scdn.co/mp3-preview/398da46aa5d0deb83e906f6c033fd87021963eb2?cid=9950ac751e34487dbbe027c4fd7f8e99","true","65","BXW922500086","spotify:user:316ye5nphj2c6qd5zczz6wspr4te","2025-06-19T01:57:48Z"
"spotify:track:7B5JlHqbk6bfhErn1nerVK","MINHA MENTE","spotify:artist:2KwQkyJzT9r6Hh56jtfuse","Brandão85","spotify:album:1OFfFTFjfF5NLcbJTgLXLC","ISSO É TRAP","spotify:artist:2KwQkyJzT9r6Hh56jtfuse","Brandão85","2025-06-18","https://i.scdn.co/image/ab67616d0000b27351f1bdb15406e4706081c00d","1","14","132920","https://p.scdn.co/mp3-preview/faaf1d0def8fbb0cb2fc047eb7d09844face6706?cid=9950ac751e34487dbbe027c4fd7f8e99","true","62","BXW922500070","spotify:user:316ye5nphj2c6qd5zczz6wspr4te","2025-06-19T02:02:47Z"
"spotify:track:4Q09OBcO02fzPPJ9XqeZmS","PRIMAVERA","spotify:artist:2KwQkyJzT9r6Hh56jtfuse","Brandão85","spotify:album:1OFfFTFjfF5NLcbJTgLXLC","ISSO É TRAP","spotify:artist:2KwQkyJzT9r6Hh56jtfuse","Brandão85","2025-06-18","https://i.scdn.co/image/ab67616d0000b27351f1bdb15406e4706081c00d","1","15","155076","https://p.scdn.co/mp3-preview/22c23824538c1b12157d4c2f8a847fbb4919172e?cid=9950ac751e34487dbbe027c4fd7f8e99","true","52","BXW922500068","spotify:user:316ye5nphj2c6qd5zczz6wspr4te","2025-06-19T02:05:23Z"
"spotify:track:4oXBsFLHQ9RluNdrmSmn5H","RAGE","spotify:artist:2KwQkyJzT9r6Hh56jtfuse","Brandão85","spotify:album:1OFfFTFjfF5NLcbJTgLXLC","ISSO É TRAP","spotify:artist:2KwQkyJzT9r6Hh56jtfuse","Brandão85","2025-06-18","https://i.scdn.co/image/ab67616d0000b27351f1bdb15406e4706081c00d","1","16","129729","https://p.scdn.co/mp3-preview/ddc4b578f08695d2079545d535ec23e6a213e0aa?cid=9950ac751e34487dbbe027c4fd7f8e99","true","53","BXW922500072","spotify:user:316ye5nphj2c6qd5zczz6wspr4te","2025-06-19T02:09:14Z"
"spotify:track:14D2c3VOCeelsR25ElvukU","MAZE BANK","spotify:artist:2KwQkyJzT9r6Hh56jtfuse","Brandão85","spotify:album:1OFfFTFjfF5NLcbJTgLXLC","ISSO É TRAP","spotify:artist:2KwQkyJzT9r6Hh56jtfuse","Brandão85","2025-06-18","https://i.scdn.co/image/ab67616d0000b27351f1bdb15406e4706081c00d","1","17","148965","https://p.scdn.co/mp3-preview/b87a7c9b29551aea217d5265ed6d2036413febe6?cid=9950ac751e34487dbbe027c4fd7f8e99","true","56","BXW922500074","spotify:user:316ye5nphj2c6qd5zczz6wspr4te","2025-06-19T02:10:27Z"
"spotify:track:4w31pDwje7L4iLZVtvqxT9","DE ONDE EU VENHO","spotify:artist:2KwQkyJzT9r6Hh56jtfuse","Brandão85","spotify:album:1OFfFTFjfF5NLcbJTgLXLC","ISSO É TRAP","spotify:artist:2KwQkyJzT9r6Hh56jtfuse","Brandão85","2025-06-18","https://i.scdn.co/image/ab67616d0000b27351f1bdb15406e4706081c00d","1","18","159333","https://p.scdn.co/mp3-preview/ac118740f34d93542c92002c65e03130a825e40f?cid=9950ac751e34487dbbe027c4fd7f8e99","true","57","BXW922500098","spotify:user:316ye5nphj2c6qd5zczz6wspr4te","2025-06-19T02:15:25Z"
"spotify:track:5suksQYwvqFAFd3Q2QRsnd","DROPA UM DOCE","spotify:artist:2KwQkyJzT9r6Hh56jtfuse","Brandão85","spotify:album:1OFfFTFjfF5NLcbJTgLXLC","ISSO É TRAP","spotify:artist:2KwQkyJzT9r6Hh56jtfuse","Brandão85","2025-06-18","https://i.scdn.co/image/ab67616d0000b27351f1bdb15406e4706081c00d","1","19","150857","https://p.scdn.co/mp3-preview/3140c71724d88f69bda6d1a87e6195531fce2887?cid=9950ac751e34487dbbe027c4fd7f8e99","true","57","BXW922500088","spotify:user:316ye5nphj2c6qd5zczz6wspr4te","2025-06-19T02:15:56Z"
"spotify:track:4Juasl9R8UoahUHYm3tu6h","BABY GIRL","spotify:artist:2KwQkyJzT9r6Hh56jtfuse","Brandão85","spotify:album:1OFfFTFjfF5NLcbJTgLXLC","ISSO É TRAP","spotify:artist:2KwQkyJzT9r6Hh56jtfuse","Brandão85","2025-06-18","https://i.scdn.co/image/ab67616d0000b27351f1bdb15406e4706081c00d","1","20","186854","https://p.scdn.co/mp3-preview/47d47616bc455c3b70e016ac0b393cc7a1dd7fff?cid=9950ac751e34487dbbe027c4fd7f8e99","true","49","BXW922500080","spotify:user:316ye5nphj2c6qd5zczz6wspr4te","2025-06-19T02:18:26Z"
"spotify:track:1bG1qNZhycbXudYeE8bswq","BENZ","spotify:artist:2KwQkyJzT9r6Hh56jtfuse","Brandão85","spotify:album:1OFfFTFjfF5NLcbJTgLXLC","ISSO É TRAP","spotify:artist:2KwQkyJzT9r6Hh56jtfuse","Brandão85","2025-06-18","https://i.scdn.co/image/ab67616d0000b27351f1bdb15406e4706081c00d","1","21","138666","https://p.scdn.co/mp3-preview/bbf202d6836284f1727be37be5a62fc2059c881c?cid=9950ac751e34487dbbe027c4fd7f8e99","true","53","BXW922500076","spotify:user:316ye5nphj2c6qd5zczz6wspr4te","2025-06-19T02:21:55Z"
"spotify:track:0OnUUuGpREQgkTR55LMwfZ","Reuniões comigo mesmo","spotify:artist:4YqwRbMLqGHRHLS1w2ZKse, spotify:artist:3prRKGJz16RRMRSIM97nHw","Veigh, Supernova Ent","spotify:album:21FP96bn6KdYTSe5zCbhZT","Eu Venci o Mundo","spotify:artist:4YqwRbMLqGHRHLS1w2ZKse, spotify:artist:3prRKGJz16RRMRSIM97nHw","Veigh, Supernova Ent","2025-06-26","https://i.scdn.co/image/ab67616d0000b27385889b9e026c0c175d73c381","1","1","130466","https://p.scdn.co/mp3-preview/d1413f212177b18198a47d013c7f8afb6f581535?cid=9950ac751e34487dbbe027c4fd7f8e99","true","59","BKSUV2500054","spotify:user:316ye5nphj2c6qd5zczz6wspr4te","2025-06-27T00:04:05Z"
"spotify:track:1rO0uD1DwejqeZLNXTroJK","Hiperfoco","spotify:artist:4YqwRbMLqGHRHLS1w2ZKse, spotify:artist:3prRKGJz16RRMRSIM97nHw","Veigh, Supernova Ent","spotify:album:21FP96bn6KdYTSe5zCbhZT","Eu Venci o Mundo","spotify:artist:4YqwRbMLqGHRHLS1w2ZKse, spotify:artist:3prRKGJz16RRMRSIM97nHw","Veigh, Supernova Ent","2025-06-26","https://i.scdn.co/image/ab67616d0000b27385889b9e026c0c175d73c381","1","2","140155","https://p.scdn.co/mp3-preview/662ffd3dc4b37dae8b31ae2f75535744307f07d9?cid=9950ac751e34487dbbe027c4fd7f8e99","true","62","BKSUV2500056","spotify:user:316ye5nphj2c6qd5zczz6wspr4te","2025-06-27T00:09:08Z"
"spotify:track:7yRlmQTjZ5pdtlq7ska9mj","Artista Genérico","spotify:artist:4YqwRbMLqGHRHLS1w2ZKse, spotify:artist:3prRKGJz16RRMRSIM97nHw","Veigh, Supernova Ent","spotify:album:21FP96bn6KdYTSe5zCbhZT","Eu Venci o Mundo","spotify:artist:4YqwRbMLqGHRHLS1w2ZKse, spotify:artist:3prRKGJz16RRMRSIM97nHw","Veigh, Supernova Ent","2025-06-26","https://i.scdn.co/image/ab67616d0000b27385889b9e026c0c175d73c381","1","4","150861","https://p.scdn.co/mp3-preview/c5ece864332186b9ed768d2d328c6c41d96fa3bf?cid=9950ac751e34487dbbe027c4fd7f8e99","true","73","BKSUV2500060","spotify:user:316ye5nphj2c6qd5zczz6wspr4te","2025-06-27T00:12:39Z"
"spotify:track:2De1EHbIhepIVLHZ16bySE","Talvez você precise de mim","spotify:artist:4YqwRbMLqGHRHLS1w2ZKse, spotify:artist:3prRKGJz16RRMRSIM97nHw","Veigh, Supernova Ent","spotify:album:21FP96bn6KdYTSe5zCbhZT","Eu Venci o Mundo","spotify:artist:4YqwRbMLqGHRHLS1w2ZKse, spotify:artist:3prRKGJz16RRMRSIM97nHw","Veigh, Supernova Ent","2025-06-26","https://i.scdn.co/image/ab67616d0000b27385889b9e026c0c175d73c381","1","7","126800","https://p.scdn.co/mp3-preview/1288ce61a62d3397650f649ae4a73338ceef31d0?cid=9950ac751e34487dbbe027c4fd7f8e99","true","78","BKSUV2500064","spotify:user:316ye5nphj2c6qd5zczz6wspr4te","2025-06-27T00:18:46Z"
"spotify:track:277a7QeHcxctrKjvVVvrQv","Dono da Verdade","spotify:artist:4YqwRbMLqGHRHLS1w2ZKse, spotify:artist:3prRKGJz16RRMRSIM97nHw","Veigh, Supernova Ent","spotify:album:21FP96bn6KdYTSe5zCbhZT","Eu Venci o Mundo","spotify:artist:4YqwRbMLqGHRHLS1w2ZKse, spotify:artist:3prRKGJz16RRMRSIM97nHw","Veigh, Supernova Ent","2025-06-26","https://i.scdn.co/image/ab67616d0000b27385889b9e026c0c175d73c381","1","8","144813","https://p.scdn.co/mp3-preview/9c47dac415308f7cc3f0c8dd04adf072a9d61b5d?cid=9950ac751e34487dbbe027c4fd7f8e99","true","58","BKSUV2500066","spotify:user:316ye5nphj2c6qd5zczz6wspr4te","2025-06-27T00:24:20Z"
"spotify:track:0Y71gSv3vx7grfOUyaaGXH","Filho da Promessa","spotify:artist:4YqwRbMLqGHRHLS1w2ZKse, spotify:artist:3prRKGJz16RRMRSIM97nHw","Veigh, Supernova Ent","spotify:album:21FP96bn6KdYTSe5zCbhZT","Eu Venci o Mundo","spotify:artist:4YqwRbMLqGHRHLS1w2ZKse, spotify:artist:3prRKGJz16RRMRSIM97nHw","Veigh, Supernova Ent","2025-06-26","https://i.scdn.co/image/ab67616d0000b27385889b9e026c0c175d73c381","1","10","131050","https://p.scdn.co/mp3-preview/16094ab13871a08bce05b8378d12174ed86dde64?cid=9950ac751e34487dbbe027c4fd7f8e99","true","57","BKSUV2500068","spotify:user:316ye5nphj2c6qd5zczz6wspr4te","2025-06-27T00:27:43Z"
"spotify:track:298ionVvjnAHlD0IqYVYfC","Visões","spotify:artist:4YqwRbMLqGHRHLS1w2ZKse, spotify:artist:3prRKGJz16RRMRSIM97nHw","Veigh, Supernova Ent","spotify:album:21FP96bn6KdYTSe5zCbhZT","Eu Venci o Mundo","spotify:artist:4YqwRbMLqGHRHLS1w2ZKse, spotify:artist:3prRKGJz16RRMRSIM97nHw","Veigh, Supernova Ent","2025-06-26","https://i.scdn.co/image/ab67616d0000b27385889b9e026c0c175d73c381","1","13","163192","https://p.scdn.co/mp3-preview/7347cf1352d855406042cc6e7b8130b04458e0f3?cid=9950ac751e34487dbbe027c4fd7f8e99","true","60","BKSUV2500074","spotify:user:316ye5nphj2c6qd5zczz6wspr4te","2025-06-27T00:32:31Z"
"spotify:track:1jiFg1lHo4DezwMpR9ktwC","Influencie","spotify:artist:4YqwRbMLqGHRHLS1w2ZKse, spotify:artist:3prRKGJz16RRMRSIM97nHw","Veigh, Supernova Ent","spotify:album:21FP96bn6KdYTSe5zCbhZT","Eu Venci o Mundo","spotify:artist:4YqwRbMLqGHRHLS1w2ZKse, spotify:artist:3prRKGJz16RRMRSIM97nHw","Veigh, Supernova Ent","2025-06-26","https://i.scdn.co/image/ab67616d0000b27385889b9e026c0c175d73c381","1","15","159562","https://p.scdn.co/mp3-preview/6d5590cb41501042edf0268416f62c5c364f8719?cid=9950ac751e34487dbbe027c4fd7f8e99","true","58","BKSUV2500058","spotify:user:316ye5nphj2c6qd5zczz6wspr4te","2025-06-27T00:36:59Z"
"spotify:track:1jxQFCC0ukN7AaUwXWK0N8","Tipo Nino Vs Kabrinha","spotify:artist:4nWyeZK6CbH0eAQ5tRWf9o, spotify:artist:06e0gXtUpvgPUZFrR2ywsg, spotify:artist:19yiaMgl4Z5TFhUNp7R1JJ","DJ Biel Divulga, DJ Dozabri, Mc Lekão","spotify:album:3kdrIdpP89aiYsJW2e3BYH","Tipo Nino Vs Kabrinha","spotify:artist:4nWyeZK6CbH0eAQ5tRWf9o, spotify:artist:06e0gXtUpvgPUZFrR2ywsg, spotify:artist:19yiaMgl4Z5TFhUNp7R1JJ","DJ Biel Divulga, DJ Dozabri, Mc Lekão","2025-05-31","https://i.scdn.co/image/ab67616d0000b27337f1ef969a18127c546a9a02","1","1","201230","https://p.scdn.co/mp3-preview/c8eb13c89d6d0f6a101da0b41d2cbd7e85f97d3e?cid=9950ac751e34487dbbe027c4fd7f8e99","true","71","QZNJW2532904","spotify:user:316ye5nphj2c6qd5zczz6wspr4te","2025-06-27T23:41:28Z"
"spotify:track:269mikUM1jTJuQl7LIdkM2","Meus Filhos","spotify:artist:0xEdwBYYjxw6wk179Tq2sJ","Leviano","spotify:album:1HP4nFKl3w4NO5bVPmZiPp","Meus Filhos","spotify:artist:0xEdwBYYjxw6wk179Tq2sJ","Leviano","2024-12-19","https://i.scdn.co/image/ab67616d0000b27304205ceb0596b410446b4899","1","1","161255","","true","0","PT1R82401243","spotify:user:316ye5nphj2c6qd5zczz6wspr4te","2025-06-27T23:44:34Z"
"spotify:track:1dbbsdG9zmgfxgSfPfldg4","Aruanda","spotify:artist:6dfVDfsJOmrY9Xr0Y936m3, spotify:artist:6rk6Izp6o42fUdE0jRqAP4, spotify:artist:3eegqYNOBDWAuQME8S5W1q","Senndy, Alee, Salve Crazy","spotify:album:3yAkAVR4BaXNxtSuzzXtHU","Aruanda","spotify:artist:6dfVDfsJOmrY9Xr0Y936m3, spotify:artist:3eegqYNOBDWAuQME8S5W1q","Senndy, Salve Crazy","2025-06-27","https://i.scdn.co/image/ab67616d0000b2732e170027a938a411cdf2cdca","1","2","168000","https://p.scdn.co/mp3-preview/c16d1a277777818c072fb78432e7a7368a533e5b?cid=9950ac751e34487dbbe027c4fd7f8e99","true","46","BKB8A2500009","spotify:user:316ye5nphj2c6qd5zczz6wspr4te","2025-06-28T22:51:26Z"
"spotify:track:5dFKpAFCZo6WxKC2Ggpwy2","Neguinho Quente","spotify:artist:6dfVDfsJOmrY9Xr0Y936m3, spotify:artist:4z8ieq95PTFrqoxYhozY75, spotify:artist:3eegqYNOBDWAuQME8S5W1q, spotify:artist:1ZzJx2AgPmbnOE6OXhnn5K, spotify:artist:7JswWkHCTMyEgHlNXOvK6p","Senndy, Emitê Único, Salve Crazy, Ryu\, The Runner, Cassin","spotify:album:3yAkAVR4BaXNxtSuzzXtHU","Aruanda","spotify:artist:6dfVDfsJOmrY9Xr0Y936m3, spotify:artist:3eegqYNOBDWAuQME8S5W1q","Senndy, Salve Crazy","2025-06-27","https://i.scdn.co/image/ab67616d0000b2732e170027a938a411cdf2cdca","1","6","169500","https://p.scdn.co/mp3-preview/e727e1a933adb02299303fd49b20795488067a24?cid=9950ac751e34487dbbe027c4fd7f8e99","false","39","BKB8A2500019","spotify:user:316ye5nphj2c6qd5zczz6wspr4te","2025-06-28T23:02:57Z"
"spotify:track:7cngWHx5JYYonhSf5yn2bR","Dandara","spotify:artist:6dfVDfsJOmrY9Xr0Y936m3, spotify:artist:68YeXpLt3jB7JHQS5ZjMGo, spotify:artist:3eegqYNOBDWAuQME8S5W1q, spotify:artist:0JgRvvrS6TEtj3t3cvEXE3, spotify:artist:7JswWkHCTMyEgHlNXOvK6p","Senndy, Teto, Salve Crazy, Cheek, Cassin","spotify:album:3yAkAVR4BaXNxtSuzzXtHU","Aruanda","spotify:artist:6dfVDfsJOmrY9Xr0Y936m3, spotify:artist:3eegqYNOBDWAuQME8S5W1q","Senndy, Salve Crazy","2025-06-27","https://i.scdn.co/image/ab67616d0000b2732e170027a938a411cdf2cdca","1","12","188938","https://p.scdn.co/mp3-preview/7e957a254008cf4a295c11882ab01207fd626f01?cid=9950ac751e34487dbbe027c4fd7f8e99","false","37","BKB8A2500023","spotify:user:316ye5nphj2c6qd5zczz6wspr4te","2025-06-28T23:22:26Z"
"spotify:track:1UoDg4cTqp6zJbwHCfJj5Q","Deus Abençoe o Trap","spotify:artist:6dfVDfsJOmrY9Xr0Y936m3, spotify:artist:6MQ7E3HXWR3Djm3miL79mn, spotify:artist:6TPJK8tv3AKKSsw0lENTQk, spotify:artist:3eegqYNOBDWAuQME8S5W1q","Senndy, Niink, Nagalli, Salve Crazy","spotify:album:3yAkAVR4BaXNxtSuzzXtHU","Aruanda","spotify:artist:6dfVDfsJOmrY9Xr0Y936m3, spotify:artist:3eegqYNOBDWAuQME8S5W1q","Senndy, Salve Crazy","2025-06-27","https://i.scdn.co/image/ab67616d0000b2732e170027a938a411cdf2cdca","1","13","131908","https://p.scdn.co/mp3-preview/93a627541be5d46672038671ea3fc20677a95268?cid=9950ac751e34487dbbe027c4fd7f8e99","false","38","BKB8A2500022","spotify:user:316ye5nphj2c6qd5zczz6wspr4te","2025-06-28T23:55:33Z"
"spotify:track:1eUroITcNroW3plXlvt6ZV","Modelo Brasileiro","spotify:artist:6dfVDfsJOmrY9Xr0Y936m3, spotify:artist:0pVJXCGsBydS7rq0R4w4hm, spotify:artist:4tdmp3YXtKZU6mk91K9yJb, spotify:artist:3eegqYNOBDWAuQME8S5W1q","Senndy, Yuri Redicopa, DJ Yago, Salve Crazy","spotify:album:3yAkAVR4BaXNxtSuzzXtHU","Aruanda","spotify:artist:6dfVDfsJOmrY9Xr0Y936m3, spotify:artist:3eegqYNOBDWAuQME8S5W1q","Senndy, Salve Crazy","2025-06-27","https://i.scdn.co/image/ab67616d0000b2732e170027a938a411cdf2cdca","1","15","153600","https://p.scdn.co/mp3-preview/8fc738f5ca48a61566e6b9128cae1767710d2ce2?cid=9950ac751e34487dbbe027c4fd7f8e99","true","43","BKB8A2500026","spotify:user:316ye5nphj2c6qd5zczz6wspr4te","2025-06-29T00:00:18Z"
"spotify:track:2HEz8ZjpxnJ328u99lnbpK","Princípios de um Campeão","spotify:artist:68PYmgkbRP1qZnEWOry7sB","Chefin","spotify:album:3FK9YCzB1XuzEsHg0iX360","Princípios de um Campeão","spotify:artist:68PYmgkbRP1qZnEWOry7sB","Chefin","2025-06-03","https://i.scdn.co/image/ab67616d0000b2731f45f0f74537438f73c79c25","1","1","193770","https://p.scdn.co/mp3-preview/3c7ae2dae640e99ea49f9896719ed9d821d69098?cid=9950ac751e34487dbbe027c4fd7f8e99","false","2","BK7652500023","spotify:user:316ye5nphj2c6qd5zczz6wspr4te","2025-06-30T18:33:38Z"
"spotify:track:5yjfKQKXQ9CiIPQjIKiueK","Isso Que É Bom","spotify:artist:6rk6Izp6o42fUdE0jRqAP4, spotify:artist:4BZ0ACrHCLropCpHJypPvV","Alee, Hash Produções","spotify:album:4anmN3JdMTPVPHWpBzBPyE","Isso Que É Bom","spotify:artist:6rk6Izp6o42fUdE0jRqAP4, spotify:artist:4BZ0ACrHCLropCpHJypPvV","Alee, Hash Produções","2022-02-25","https://i.scdn.co/image/ab67616d0000b273318c4494c31895fd42d08dae","1","1","155258","https://p.scdn.co/mp3-preview/b431c5d0b0a5d86d83e4d04614c380f4e83bdd58?cid=9950ac751e34487dbbe027c4fd7f8e99","false","55","BXXCT2200017","spotify:user:316ye5nphj2c6qd5zczz6wspr4te","2025-07-02T15:20:20Z"
"spotify:track:2yZdR5hDKc9jGtATdoXvUX","RANDANDAN","spotify:artist:05qCf6M7E7AxizHVmrcPqh, spotify:artist:5U55IfWwerZXAqb1WNNfCX, spotify:artist:5wEgjH2s4SAiffRmzkBqHB","Kyan, LPT Zlatan, Wall Hein","spotify:album:2vMgIV8p4Lo4ZlaclzOyqt","Só Vilão, Aqui Não Tem Herói","spotify:artist:05qCf6M7E7AxizHVmrcPqh","Kyan","2024-06-20","https://i.scdn.co/image/ab67616d0000b27392e2eeeec1da05bfd7f7487e","1","7","160000","https://p.scdn.co/mp3-preview/09084a56668dfe7d363b2ac3736ce6d6958aa8e9?cid=9950ac751e34487dbbe027c4fd7f8e99","true","0","BKRQM2400007","spotify:user:316ye5nphj2c6qd5zczz6wspr4te","2025-07-09T23:02:54Z"
"spotify:track:6zHljzSIv7lHW4krlOC1hy","Latino Americano","spotify:artist:6MQ7E3HXWR3Djm3miL79mn, spotify:artist:3prRKGJz16RRMRSIM97nHw","Niink, Supernova Ent","spotify:album:5Cc1z7x5KA1eo20fmWG4Zi","PRA SEMPRE NO MESMO BAIRRO","spotify:artist:6MQ7E3HXWR3Djm3miL79mn, spotify:artist:3prRKGJz16RRMRSIM97nHw","Niink, Supernova Ent","2025-03-27","https://i.scdn.co/image/ab67616d0000b2734d643be788a4de0673d6037e","1","4","152107","https://p.scdn.co/mp3-preview/dad78e24c23dbcb0496e89581022597d5075c0e4?cid=9950ac751e34487dbbe027c4fd7f8e99","true","44","BKSUV2500011","spotify:user:316ye5nphj2c6qd5zczz6wspr4te","2025-07-09T23:06:41Z"
"spotify:track:7oc808pfRXitYbpDVlUkUI","Amarelinha de 2002","spotify:artist:6MQ7E3HXWR3Djm3miL79mn, spotify:artist:79oTF8wB34af3vzzBLCqPJ, spotify:artist:5U55IfWwerZXAqb1WNNfCX, spotify:artist:3prRKGJz16RRMRSIM97nHw","Niink, Bradockdan, LPT Zlatan, Supernova Ent","spotify:album:5Cc1z7x5KA1eo20fmWG4Zi","PRA SEMPRE NO MESMO BAIRRO","spotify:artist:6MQ7E3HXWR3Djm3miL79mn, spotify:artist:3prRKGJz16RRMRSIM97nHw","Niink, Supernova Ent","2025-03-27","https://i.scdn.co/image/ab67616d0000b2734d643be788a4de0673d6037e","1","5","202779","https://p.scdn.co/mp3-preview/63bb19c6b7f9618714682e3c193380bdac24354e?cid=9950ac751e34487dbbe027c4fd7f8e99","false","45","BKSUV2500013","spotify:user:316ye5nphj2c6qd5zczz6wspr4te","2025-07-09T23:06:44Z"
"spotify:track:5oaazO5DgHcb5gwp9uu5Jb","Pra que tudo isso ?","spotify:artist:6MQ7E3HXWR3Djm3miL79mn, spotify:artist:3prRKGJz16RRMRSIM97nHw","Niink, Supernova Ent","spotify:album:5Cc1z7x5KA1eo20fmWG4Zi","PRA SEMPRE NO MESMO BAIRRO","spotify:artist:6MQ7E3HXWR3Djm3miL79mn, spotify:artist:3prRKGJz16RRMRSIM97nHw","Niink, Supernova Ent","2025-03-27","https://i.scdn.co/image/ab67616d0000b2734d643be788a4de0673d6037e","1","13","149997","https://p.scdn.co/mp3-preview/62942a0fe414710d2a0cfa0d90d68f5c663e5d27?cid=9950ac751e34487dbbe027c4fd7f8e99","false","46","BKSUV2500025","spotify:user:316ye5nphj2c6qd5zczz6wspr4te","2025-07-09T23:25:59Z"
"spotify:track:06VStvBWfFbepR97LhRo8D","Contagem Regressiva","spotify:artist:2q9wk5fkeU2C9CgCKdh4AN, spotify:artist:4LHTgACY32k94VDjenF0nP, spotify:artist:75i9GaW2MJUgt4BkdUnuUY, spotify:artist:2f8xoxornfSw6ePzgyM9NO, spotify:artist:3zG4hHVlA4xIX5jwvOa2KD, spotify:artist:1mV9h1AwhRXSjBFcYpajgY, spotify:artist:0KcbRunfjZHfwEnEgd1Dy6","Mc IG, Mc Negão Original, MC Ryan SP, MC Jvila, DJ Guh Mix, Mc Lele JP, Murillo e LT no Beat","spotify:album:38JEuaMFWcy6N2yDexZ2VQ","Contagem Regressiva","spotify:artist:2q9wk5fkeU2C9CgCKdh4AN, spotify:artist:4LHTgACY32k94VDjenF0nP, spotify:artist:75i9GaW2MJUgt4BkdUnuUY, spotify:artist:2f8xoxornfSw6ePzgyM9NO","Mc IG, Mc Negão Original, MC Ryan SP, MC Jvila","2025-03-24","https://i.scdn.co/image/ab67616d0000b273145253db3e8f88cb943db1f7","1","1","288372","https://p.scdn.co/mp3-preview/c231ff52d3b8046b8b8191257335a962a68d4ee4?cid=9950ac751e34487dbbe027c4fd7f8e99","true","71","BRWMB2500220","spotify:user:316ye5nphj2c6qd5zczz6wspr4te","2025-07-14T05:53:31Z"
"spotify:track:5Nj2UVsxXAvhfYNpcre3al","FAMOSINHA","spotify:artist:4Kv35Xnw1ODjO2nIHLhdBY, spotify:artist:1CbQrKvCpEnekM3QMGJtXK, spotify:artist:54bV1pHNm5h5EcEgMis1RC","Dj Caio Vieira, MC Meno K, Mc Rodrigo do CN","spotify:album:1hOcmOgX024gR2IkB7Xg26","FAMOSINHA","spotify:artist:4Kv35Xnw1ODjO2nIHLhdBY, spotify:artist:1CbQrKvCpEnekM3QMGJtXK, spotify:artist:54bV1pHNm5h5EcEgMis1RC","Dj Caio Vieira, MC Meno K, Mc Rodrigo do CN","2025-02-28","https://i.scdn.co/image/ab67616d0000b273a9a95c2c1cdf65c0225be992","1","1","133384","https://p.scdn.co/mp3-preview/620d77c76e4d7221910d57b5bb4a3a80b93dc6f9?cid=9950ac751e34487dbbe027c4fd7f8e99","true","77","GBRKQ2577665","spotify:user:316ye5nphj2c6qd5zczz6wspr4te","2025-07-16T02:28:19Z"
"spotify:track:4kjI1gwQZRKNDkw1nI475M","MY EYES","spotify:artist:0Y5tJX1MQlPlqiwlOH1tJY","Travis Scott","spotify:album:18NOKLkZETa4sWwLMIm0UZ","UTOPIA","spotify:artist:0Y5tJX1MQlPlqiwlOH1tJY","Travis Scott","2023-07-28","https://i.scdn.co/image/ab67616d0000b27304481c826dd292e5e4983b3f","1","4","251249","https://p.scdn.co/mp3-preview/870083f5b5b1493d84779f96a5a7e8428602eec8?cid=9950ac751e34487dbbe027c4fd7f8e99","true","82","USSM12305007","spotify:user:316ye5nphj2c6qd5zczz6wspr4te","2025-07-16T13:42:49Z"
"spotify:track:6Gp3pYkydEOkl8EHHJxa9s","2000 EXCURSION","spotify:artist:0Y5tJX1MQlPlqiwlOH1tJY, spotify:artist:2RDOrhPqAM4jzTRCEb19qX, spotify:artist:4Gso3d4CscCijv0lmajZWs","Travis Scott, Sheck Wes, Don Toliver","spotify:album:32lGAqeVkdJxEj2iv2Q01B","JACKBOYS 2","spotify:artist:7A8S43ryYdbWpJKeHRZRcq, spotify:artist:0Y5tJX1MQlPlqiwlOH1tJY","JACKBOYS, Travis Scott","2025-07-13","https://i.scdn.co/image/ab67616d0000b2735d0f8a4c3623e02a79928288","1","3","222986","https://p.scdn.co/mp3-preview/87d1c8608889f14e00e50b513377a37fa116d4f9?cid=9950ac751e34487dbbe027c4fd7f8e99","true","63","USSM12503072","spotify:user:316ye5nphj2c6qd5zczz6wspr4te","2025-07-16T13:45:37Z"
"spotify:track:5P03xImM2uFukzoty7NDw7","KICK OUT","spotify:artist:0Y5tJX1MQlPlqiwlOH1tJY","Travis Scott","spotify:album:32lGAqeVkdJxEj2iv2Q01B","JACKBOYS 2","spotify:artist:7A8S43ryYdbWpJKeHRZRcq, spotify:artist:0Y5tJX1MQlPlqiwlOH1tJY","JACKBOYS, Travis Scott","2025-07-13","https://i.scdn.co/image/ab67616d0000b2735d0f8a4c3623e02a79928288","1","4","170498","https://p.scdn.co/mp3-preview/51ab9e97dda48dfdff8b3741782532bde4a72958?cid=9950ac751e34487dbbe027c4fd7f8e99","true","71","USSM12503073","spotify:user:316ye5nphj2c6qd5zczz6wspr4te","2025-07-16T13:48:27Z"
"spotify:track:1rQEgtQNsj63xIUzEmKbML","DUMBO","spotify:artist:0Y5tJX1MQlPlqiwlOH1tJY","Travis Scott","spotify:album:32lGAqeVkdJxEj2iv2Q01B","JACKBOYS 2","spotify:artist:7A8S43ryYdbWpJKeHRZRcq, spotify:artist:0Y5tJX1MQlPlqiwlOH1tJY","JACKBOYS, Travis Scott","2025-07-13","https://i.scdn.co/image/ab67616d0000b2735d0f8a4c3623e02a79928288","1","5","238249","https://p.scdn.co/mp3-preview/cc6eac468354c3303d04abc202a542ba4ee2b8ca?cid=9950ac751e34487dbbe027c4fd7f8e99","true","71","USSM12503074","spotify:user:316ye5nphj2c6qd5zczz6wspr4te","2025-07-16T13:52:07Z"
"spotify:track:0V6PvG2I9IyS8Z8EsKtexg","DISCO DE PLATINA","spotify:artist:6rk6Izp6o42fUdE0jRqAP4, spotify:artist:3914e1ewXuF036M63rgK0d","Alee, Neckklace","spotify:album:4F0IyhC2CjV5DtBK0uo5eM","CAOS DLX","spotify:artist:6rk6Izp6o42fUdE0jRqAP4","Alee","2025-07-24","https://i.scdn.co/image/ab67616d0000b2733d0c0a54ae4d46f8cbe496a5","1","6","164628","https://p.scdn.co/mp3-preview/8da4e4b33549c66f0ae99e9882336694815b43c1?cid=9950ac751e34487dbbe027c4fd7f8e99","true","51","BKNDN2400092","spotify:user:316ye5nphj2c6qd5zczz6wspr4te","2025-07-25T15:56:35Z"
"spotify:track:6vatSE0iZJeR92ilaO6rVJ","AMOR E ÓDIO","spotify:artist:6rk6Izp6o42fUdE0jRqAP4, spotify:artist:44sYX4gwGmUZBnNT2AZTPW, spotify:artist:3eWxQW2OossK1uJMMb927J, spotify:artist:6dfVDfsJOmrY9Xr0Y936m3, spotify:artist:5lhE76UOmRgymO8trdoYCH","Alee, 6ee, PMM, Senndy, Ike Avila","spotify:album:4F0IyhC2CjV5DtBK0uo5eM","CAOS DLX","spotify:artist:6rk6Izp6o42fUdE0jRqAP4","Alee","2025-07-24","https://i.scdn.co/image/ab67616d0000b2733d0c0a54ae4d46f8cbe496a5","1","7","143602","https://p.scdn.co/mp3-preview/adad1f12294422175aa09486a0df8c65a55c660f?cid=9950ac751e34487dbbe027c4fd7f8e99","true","51","BKNDN2400093","spotify:user:316ye5nphj2c6qd5zczz6wspr4te","2025-07-25T15:58:39Z"
"spotify:track:2spI6lnTlAU0eAXD8ZCLhg","ÚLTIMA VEZ","spotify:artist:6rk6Izp6o42fUdE0jRqAP4, spotify:artist:3914e1ewXuF036M63rgK0d","Alee, Neckklace","spotify:album:4F0IyhC2CjV5DtBK0uo5eM","CAOS DLX","spotify:artist:6rk6Izp6o42fUdE0jRqAP4","Alee","2025-07-24","https://i.scdn.co/image/ab67616d0000b2733d0c0a54ae4d46f8cbe496a5","1","13","152912","https://p.scdn.co/mp3-preview/1e9b8f8d820138b7d08a9adc4998ceab4b136e81?cid=9950ac751e34487dbbe027c4fd7f8e99","true","55","BKNDN2400099","spotify:user:316ye5nphj2c6qd5zczz6wspr4te","2025-07-25T16:04:20Z"
"spotify:track:6sZLfLvCVWYIR6GCwejYAQ","ESTRESSE","spotify:artist:6rk6Izp6o42fUdE0jRqAP4","Alee","spotify:album:4F0IyhC2CjV5DtBK0uo5eM","CAOS DLX","spotify:artist:6rk6Izp6o42fUdE0jRqAP4","Alee","2025-07-24","https://i.scdn.co/image/ab67616d0000b2733d0c0a54ae4d46f8cbe496a5","1","14","164871","https://p.scdn.co/mp3-preview/e2f3fbd6ca5db6936da68dfb920c3b81d2e9048a?cid=9950ac751e34487dbbe027c4fd7f8e99","true","52","BKNDN2400100","spotify:user:316ye5nphj2c6qd5zczz6wspr4te","2025-07-25T16:07:17Z"
"spotify:track:1FdjZ2MUFy1wj9cULYN1Ux","DISCOVERY","spotify:artist:6rk6Izp6o42fUdE0jRqAP4, spotify:artist:7gJN8W0589FisSYJS17K54","Alee, Filipe Ret","spotify:album:4F0IyhC2CjV5DtBK0uo5eM","CAOS DLX","spotify:artist:6rk6Izp6o42fUdE0jRqAP4","Alee","2025-07-24","https://i.scdn.co/image/ab67616d0000b2733d0c0a54ae4d46f8cbe496a5","1","21","154751","https://p.scdn.co/mp3-preview/3f2150a3a758783feb9677c53f27892e849f12e7?cid=9950ac751e34487dbbe027c4fd7f8e99","true","55","BKNDN2500113","spotify:user:316ye5nphj2c6qd5zczz6wspr4te","2025-07-25T23:30:08Z"
"spotify:track:5gLmMNEvDcl0Kb1EX8b69m","LUZ, CAMA E AÇÃO","spotify:artist:6rk6Izp6o42fUdE0jRqAP4, spotify:artist:1WQBwwssN6r8DSjUlkyUGW, spotify:artist:7MbiFVDZ7SKyG18Im8WGLn","Alee, MC Cabelinho, Qualywav1","spotify:album:4F0IyhC2CjV5DtBK0uo5eM","CAOS DLX","spotify:artist:6rk6Izp6o42fUdE0jRqAP4","Alee","2025-07-24","https://i.scdn.co/image/ab67616d0000b2733d0c0a54ae4d46f8cbe496a5","1","23","182000","https://p.scdn.co/mp3-preview/319c9cd3cbe6b81f4844bfb0af22bee8365c9f58?cid=9950ac751e34487dbbe027c4fd7f8e99","true","69","BKNDN2500117","spotify:user:316ye5nphj2c6qd5zczz6wspr4te","2025-07-26T01:22:50Z"
"spotify:track:31X6ihiAWsNnKRky0R8532","TUDO DE NOVO","spotify:artist:6rk6Izp6o42fUdE0jRqAP4, spotify:artist:7gJN8W0589FisSYJS17K54, spotify:artist:7MbiFVDZ7SKyG18Im8WGLn","Alee, Filipe Ret, Qualywav1","spotify:album:4F0IyhC2CjV5DtBK0uo5eM","CAOS DLX","spotify:artist:6rk6Izp6o42fUdE0jRqAP4","Alee","2025-07-24","https://i.scdn.co/image/ab67616d0000b2733d0c0a54ae4d46f8cbe496a5","1","24","225391","https://p.scdn.co/mp3-preview/2129f6c260062b785bd790b2ad23f0775a3f5ef0?cid=9950ac751e34487dbbe027c4fd7f8e99","false","70","BKNDN2500119","spotify:user:316ye5nphj2c6qd5zczz6wspr4te","2025-07-26T01:24:27Z"
"spotify:track:3GXnIt9ELJUYtxtkfiVx2j","THE BOX MEDLEY 10","spotify:artist:7gHzR22tDNSWGS4HkvvPgw, spotify:artist:4yGgbQJMq9orWypwqtdzYT, spotify:artist:6jBww4kwlSrjaNYP7AQPtX, spotify:artist:2mNP0EIVZICxF8NJ46SG0L, spotify:artist:2iNFFCEAFdfAV5hPdpMk6x, spotify:artist:7nhTCM7Tuu7NRQZsmpBIBg, spotify:artist:4HSHSwbclouX2q2qw4cEC2, spotify:artist:6PERJZF7wohA034PAxDK0b, spotify:artist:1ew4rMO5r0Oon1R9xZxo8Q, spotify:artist:26B7Vxj9wBzF8wsDTK6IHh, spotify:artist:2KHYG7vNRKtN0e3xdueQdz, spotify:artist:2yMTlcrLja7mjJnYVTY1Sb","THE BOX, Oruam, Borges, Meno Tody, NGC Daddy, Pedrin, Js da Torre, Neo Beats, Victor WAO, Joab Beats, Bebeto, Cordeiro","spotify:album:5SgslEzgfpXXwrpnFeUHiL","THE BOX MEDLEY 10","spotify:artist:7gHzR22tDNSWGS4HkvvPgw, spotify:artist:4yGgbQJMq9orWypwqtdzYT, spotify:artist:6jBww4kwlSrjaNYP7AQPtX, spotify:artist:2mNP0EIVZICxF8NJ46SG0L","THE BOX, Oruam, Borges, Meno Tody","2025-09-25","https://i.scdn.co/image/ab67616d0000b273f2d6e47aff165145291a88f7","1","1","336000","https://p.scdn.co/mp3-preview/34d694b07cc39469c8b0908d694415397d30af43?cid=9950ac751e34487dbbe027c4fd7f8e99","true","59","BKTBX2500005","spotify:user:316ye5nphj2c6qd5zczz6wspr4te","2025-08-01T05:10:47Z"
"spotify:track:1DSIxfRL65T2CMiT4csTUW","Pavuna 2","spotify:artist:7nhTCM7Tuu7NRQZsmpBIBg, spotify:artist:4HSHSwbclouX2q2qw4cEC2, spotify:artist:5k9CYypxcHvZKIztYvtmCx","Pedrin, Js da Torre, PAVUNA","spotify:album:2BFhx41px1ENh9bgACYTYF","Pavuna 2","spotify:artist:7nhTCM7Tuu7NRQZsmpBIBg, spotify:artist:4HSHSwbclouX2q2qw4cEC2, spotify:artist:5k9CYypxcHvZKIztYvtmCx","Pedrin, Js da Torre, PAVUNA","2024-10-10","https://i.scdn.co/image/ab67616d0000b273ee680df1e6e858cfaf1075c0","1","1","197971","https://p.scdn.co/mp3-preview/9b5dd7e8dcf769dfb818afc643238fa2c62abb40?cid=9950ac751e34487dbbe027c4fd7f8e99","true","61","QZTVM2461119","spotify:user:316ye5nphj2c6qd5zczz6wspr4te","2025-08-08T01:12:17Z"
"spotify:track:3c3JcAioFbRXXWQwkdfmZH","Veterano","spotify:artist:3tgFm4QrXC1zIicYXUqi5q, spotify:artist:5XEiZVyQHpIDjhkIBbpf2G, spotify:artist:5AMeLwKDeR7h8z6ai0IPnX, spotify:artist:1hRr8Cy8VOjr7qdw1Z52OU, spotify:artist:6fSoEkQM8gF5YhRV5fIDj3, spotify:artist:08F5AzsBBUfIxbtQzUIZQ9","Lipinho Oficial, Vinicin, Surfista, Ryuchi, Ian Durso, JVMVO","spotify:album:7gQcxmCrqOUtx0cxlPhxx3","Veterano","spotify:artist:3tgFm4QrXC1zIicYXUqi5q, spotify:artist:5XEiZVyQHpIDjhkIBbpf2G, spotify:artist:5AMeLwKDeR7h8z6ai0IPnX, spotify:artist:1hRr8Cy8VOjr7qdw1Z52OU","Lipinho Oficial, Vinicin, Surfista, Ryuchi","2025-04-03","https://i.scdn.co/image/ab67616d0000b273f289235144bb0f83e9f65c9a","1","1","240000","https://p.scdn.co/mp3-preview/2b78d771275112cc617422b03f25a4a961d30395?cid=9950ac751e34487dbbe027c4fd7f8e99","true","73","BCD592500084","spotify:user:316ye5nphj2c6qd5zczz6wspr4te","2025-08-11T21:48:46Z"
"spotify:track:1ic5raNHZd8GAxkQbGD8XU","GRG","spotify:artist:1ZzJx2AgPmbnOE6OXhnn5K, spotify:artist:3914e1ewXuF036M63rgK0d","Ryu\, The Runner, Neckklace","spotify:album:3fabgcse8DMKk4jOdZmf87","GRG","spotify:artist:1ZzJx2AgPmbnOE6OXhnn5K","Ryu\, The Runner","2025-08-07","https://i.scdn.co/image/ab67616d0000b2731c48af4949c60579d39a7385","1","1","120408","https://p.scdn.co/mp3-preview/b5911e978c3e65b874b3e09ff9c5888b475bc834?cid=9950ac751e34487dbbe027c4fd7f8e99","false","0","BRRGE2500204","spotify:user:316ye5nphj2c6qd5zczz6wspr4te","2025-08-15T17:12:18Z"
"spotify:track:2Ki2eKWyUq0a75yDNlreQA","Pé na Areia 🍀","spotify:artist:2q9wk5fkeU2C9CgCKdh4AN, spotify:artist:5kKzlgNRX8FgC6Bni5DNNC","Mc IG, Dj Victor","spotify:album:1OLQjH7XeZDm51XYpjbrTY","Pé na Areia 🍀","spotify:artist:2q9wk5fkeU2C9CgCKdh4AN, spotify:artist:5kKzlgNRX8FgC6Bni5DNNC","Mc IG, Dj Victor","2025-08-19","https://i.scdn.co/image/ab67616d0000b273f4db416633a08ad5b74345b0","1","1","178203","https://p.scdn.co/mp3-preview/990e8ff0d417a44fadc97c5035b0362700edd1f5?cid=9950ac751e34487dbbe027c4fd7f8e99","true","58","BRWMB2500946","spotify:user:316ye5nphj2c6qd5zczz6wspr4te","2025-08-30T03:45:54Z"
"spotify:track:7cmCX8M8z9GZerCgVG1dyU","Ninguém Entende Nada (feat. Teto & MC PH)","spotify:artist:0QoKkMC6uy7fUng96fab1I, spotify:artist:68YeXpLt3jB7JHQS5ZjMGo, spotify:artist:4PLdCloYxu2bMKfuuB9lI5","Mizzy Miles, Teto, MC PH","spotify:album:2OIxd2V2LTFqqu7JL9a9US","Ninguém Entende Nada (feat. Teto & MC PH)","spotify:artist:0QoKkMC6uy7fUng96fab1I, spotify:artist:68YeXpLt3jB7JHQS5ZjMGo, spotify:artist:4PLdCloYxu2bMKfuuB9lI5","Mizzy Miles, Teto, MC PH","2024-05-31","https://i.scdn.co/image/ab67616d0000b27332cbe48bea07da1a5b671b14","1","1","192000","https://p.scdn.co/mp3-preview/dab19754cd4fabf877f71d43353a98da762fcf0e?cid=9950ac751e34487dbbe027c4fd7f8e99","false","47","PTBM12400085","spotify:user:316ye5nphj2c6qd5zczz6wspr4te","2025-08-30T15:34:15Z"
"spotify:track:5mPn4ueXc1oua018FDvknz","Calculista","spotify:artist:6XFc29m1ptfUNmaa1UTuBT, spotify:artist:7eFJ773gGquYX3tKYa6ZUb","MC Joãozinho VT, DJ JR No Beat","spotify:album:06JmpvXoHG2dFMvmIGRvi1","Coração de Ouro","spotify:artist:6XFc29m1ptfUNmaa1UTuBT","MC Joãozinho VT","2024-10-11","https://i.scdn.co/image/ab67616d0000b27385fb097ee8f85b4e98727c84","1","4","186165","https://p.scdn.co/mp3-preview/66ff96542d125f9b50eec59a79fa4373b44f9d12?cid=9950ac751e34487dbbe027c4fd7f8e99","true","67","BCSOR2400137","spotify:user:316ye5nphj2c6qd5zczz6wspr4te","2025-09-05T20:51:25Z"
"spotify:track:3p58wJmZqIc9RjsdeZ5Jfq","Vou pela Madrugada","spotify:artist:4LHTgACY32k94VDjenF0nP, spotify:artist:2f8xoxornfSw6ePzgyM9NO, spotify:artist:5eJi7nckPalxu8R7AAyfuO, spotify:artist:1bpnl8qbR9GxmiNlkEufW6, spotify:artist:1CbQrKvCpEnekM3QMGJtXK, spotify:artist:3zG4hHVlA4xIX5jwvOa2KD","Mc Negão Original, MC Jvila, MC Willian, DJ Japa NK, MC Meno K, DJ Guh Mix","spotify:album:3S91wF3EWG7OvRjsK9F2lx","A Nata de Tudo - A Ovelha Negra","spotify:artist:4LHTgACY32k94VDjenF0nP","Mc Negão Original","2025-02-07","https://i.scdn.co/image/ab67616d0000b27314564c5d5987242d4bc3b41a","1","8","281774","https://p.scdn.co/mp3-preview/c0c420a7c571445d6d8a7cfc6a2597791b765ab9?cid=9950ac751e34487dbbe027c4fd7f8e99","true","78","BC3PG2500352","spotify:user:316ye5nphj2c6qd5zczz6wspr4te","2025-09-07T18:43:52Z"
"spotify:track:0ByixslA2m1tDhBJTHv7Gw","Boomzim","spotify:artist:5nP8x4uEFjAAmDzwOEc9b8","Matuê","spotify:album:55jo0m9wGopxRtY60oNabV","Boomzim","spotify:artist:5nP8x4uEFjAAmDzwOEc9b8","Matuê","2017-01-18","https://i.scdn.co/image/ab67616d0000b2731021f064e7e656ca3f57f730","1","1","185178","https://p.scdn.co/mp3-preview/8ee264a5af5946726a09a1575e08db85cd50dccf?cid=9950ac751e34487dbbe027c4fd7f8e99","true","66","US7VG1709132","spotify:user:316ye5nphj2c6qd5zczz6wspr4te","2025-09-08T19:27:40Z"
"spotify:track:3XyaK9KYY1XEW6MGDxYcBn","Chá de Vida","spotify:artist:04QHNiih9ZesPvals6II1h, spotify:artist:0pcoadNMmvrUyab1RxWBoV, spotify:artist:1Bp5RHQ2K9k986YoxNvACB","MC Marks, MC Hariel, Perera DJ","spotify:album:59HH9iho68EhHX7I1DlgC1","Chá de Vida","spotify:artist:04QHNiih9ZesPvals6II1h, spotify:artist:0pcoadNMmvrUyab1RxWBoV, spotify:artist:1Bp5RHQ2K9k986YoxNvACB","MC Marks, MC Hariel, Perera DJ","2023-08-10","https://i.scdn.co/image/ab67616d0000b273fdaa493bfbed6c9b32a8bf2b","1","1","231529","https://p.scdn.co/mp3-preview/d2330ffacda0d856772026ebf7ffb5ffd0c99275?cid=9950ac751e34487dbbe027c4fd7f8e99","false","67","BRWMB2301160","spotify:user:316ye5nphj2c6qd5zczz6wspr4te","2025-09-08T19:27:51Z"
"spotify:track:1mH3uSZus9IiMagMCJa4vB","Tropa Do Pisa","spotify:artist:39QiJaZ1HzRcpY9xlMKCsF, spotify:artist:4PLdCloYxu2bMKfuuB9lI5, spotify:artist:0KcbRunfjZHfwEnEgd1Dy6","TrapLaudo, MC PH, Murillo e LT no Beat","spotify:album:55rdHEbpvgrl0ghYgRY4ZS","Tropa Do Pisa","spotify:artist:39QiJaZ1HzRcpY9xlMKCsF, spotify:artist:4PLdCloYxu2bMKfuuB9lI5, spotify:artist:0KcbRunfjZHfwEnEgd1Dy6","TrapLaudo, MC PH, Murillo e LT no Beat","2023-12-15","https://i.scdn.co/image/ab67616d0000b273cd6ad37657747cc3b0d387fd","1","1","133333","https://p.scdn.co/mp3-preview/b91c09d464e1bd7a8cbd745f5b2c9c6f9765b188?cid=9950ac751e34487dbbe027c4fd7f8e99","true","61","BXG6R2301123","spotify:user:316ye5nphj2c6qd5zczz6wspr4te","2025-09-13T02:43:55Z"
"spotify:track:02kDW379Yfd5PzW5A6vuGt","Lemonade","spotify:artist:6MPCFvOQv5cIGfw3jODMF0, spotify:artist:2hlmm7s2ICUX0LVIhVFlZQ, spotify:artist:4Gso3d4CscCijv0lmajZWs, spotify:artist:7rkW85dBwwrJtlHRDkJDAC","Internet Money, Gunna, Don Toliver, NAV","spotify:album:1pFaEu56zqpzSviJc3htZN","Lemonade (feat. Gunna, Don Toliver & NAV)","spotify:artist:6MPCFvOQv5cIGfw3jODMF0, spotify:artist:2hlmm7s2ICUX0LVIhVFlZQ, spotify:artist:4Gso3d4CscCijv0lmajZWs","Internet Money, Gunna, Don Toliver","2020-08-14","https://i.scdn.co/image/ab67616d0000b273d46a8fffbe6c8630784f04da","1","1","195428","https://p.scdn.co/mp3-preview/2c70ae554b0019f3780af30177c211e40aea0512?cid=9950ac751e34487dbbe027c4fd7f8e99","true","4","QZJ842000368","spotify:user:316ye5nphj2c6qd5zczz6wspr4te","2025-09-13T02:45:18Z"
"spotify:track:6wJYhPfqk3KGhHRG76WzOh","Blueberry Faygo","spotify:artist:5zctI4wO9XSKS8XwcnqEHk","Lil Mosey","spotify:album:6rBennOYWR1OZQnsU39PKL","Blueberry Faygo","spotify:artist:5zctI4wO9XSKS8XwcnqEHk","Lil Mosey","2020-02-07","https://i.scdn.co/image/ab67616d0000b273ab3f9995f4f3a83e0591c940","1","1","162546","","true","74","USUM72001714","spotify:user:316ye5nphj2c6qd5zczz6wspr4te","2025-09-13T02:45:21Z"
"spotify:track:2QvH1FPHBBWRYA0K9X89le","Fame - A COLORS ENCORE","spotify:artist:46pWGuE3dSwY3bMMXGBvVS, spotify:artist:3FvwVFWRyvxmLyVBO9nBmM","Rema, COLORS","spotify:album:2ftWbyBuXI9qbHG5GkeUlL","Fame - A COLORS ENCORE","spotify:artist:46pWGuE3dSwY3bMMXGBvVS, spotify:artist:3FvwVFWRyvxmLyVBO9nBmM","Rema, COLORS","2020-05-21","https://i.scdn.co/image/ab67616d0000b2731c426e4a73de316c90eec296","1","1","111074","https://p.scdn.co/mp3-preview/bf105cb5ba88194112691f31752f76fcb90fa46c?cid=9950ac751e34487dbbe027c4fd7f8e99","true","65","DEXC82000027","spotify:user:316ye5nphj2c6qd5zczz6wspr4te","2025-09-13T02:45:32Z"
"spotify:track:0dyJ7rDk995cRo1ktfVmkP","TÁ TARDE","spotify:artist:27azwwkxutWL1BWMkgNIh0, spotify:artist:1YOVBTvznjiDvtAj4ExHeo, spotify:artist:0KcbRunfjZHfwEnEgd1Dy6, spotify:artist:5dLqjc2m428QbostsKrUYW","Vulgo FK, BK, Murillo e LT no Beat, Fepache","spotify:album:2ysqT6MYBNQrrJI6fKeJPi","F**K SONGS","spotify:artist:27azwwkxutWL1BWMkgNIh0","Vulgo FK","2024-10-24","https://i.scdn.co/image/ab67616d0000b273d7e6ac3704f854f9912b345e","1","4","200586","https://p.scdn.co/mp3-preview/cd5e4b7bbe68d4948d3a9b3d27c73a48c036c9b3?cid=9950ac751e34487dbbe027c4fd7f8e99","true","68","BRRGE2400886","spotify:user:316ye5nphj2c6qd5zczz6wspr4te","2025-09-13T02:49:56Z"
"spotify:track:26h6K2Gt901Sny78SU4kJS","MÉNAGE","spotify:artist:27azwwkxutWL1BWMkgNIh0, spotify:artist:2h5Ha0ZiMFmOQD3iYcSXsy, spotify:artist:23ot0eI6ByBW6LrlBfr2bm","Vulgo FK, KayBlack, Pedro Lotto","spotify:album:2ysqT6MYBNQrrJI6fKeJPi","F**K SONGS","spotify:artist:27azwwkxutWL1BWMkgNIh0","Vulgo FK","2024-10-24","https://i.scdn.co/image/ab67616d0000b273d7e6ac3704f854f9912b345e","1","9","153601","https://p.scdn.co/mp3-preview/fd8bab0c3c52e4960c0b2549e97a11f9b447e39d?cid=9950ac751e34487dbbe027c4fd7f8e99","true","64","BRRGE2400898","spotify:user:316ye5nphj2c6qd5zczz6wspr4te","2025-09-13T02:50:10Z"
"spotify:track:6DCZcSspjsKoFjzjrWoCdn","God's Plan","spotify:artist:3TVXtAsR1Inumwj472S9r4","Drake","spotify:album:1ATL5GLyefJaxhQzSPVrLX","Scorpion","spotify:artist:3TVXtAsR1Inumwj472S9r4","Drake","2018-06-29","https://i.scdn.co/image/ab67616d0000b273f907de96b9a4fbc04accc0d5","1","5","198973","","true","88","USCM51800004","spotify:user:316ye5nphj2c6qd5zczz6wspr4te","2025-09-13T02:51:07Z"
"spotify:track:7eBqSVxrzQZtK2mmgRG6lC","Murder on My Mind","spotify:artist:1cNDP5yjU5vjeR8qMf4grg","YNW Melly","spotify:album:7naY6j4wcgUxfHB98G79CW","I AM YOU","spotify:artist:1cNDP5yjU5vjeR8qMf4grg","YNW Melly","2018-08-03","https://i.scdn.co/image/ab67616d0000b2730f5397dc6aa91374897182e0","1","13","268434","https://p.scdn.co/mp3-preview/c177cf9cc65ab2364123707e1784ca72d8e7b39e?cid=9950ac751e34487dbbe027c4fd7f8e99","true","81","QMCE31801827","spotify:user:316ye5nphj2c6qd5zczz6wspr4te","2025-09-13T02:52:24Z"
"spotify:track:7AQim7LbvFVZJE3O8TYgf2","Fuck Love","spotify:artist:15UsOTVnJzReFVN1VCnxy4, spotify:artist:6Xgp2XMz1fhVYe7i6yNAax","XXXTENTACION, Trippie Redd","spotify:album:5VdyJkLe3yvOs0l4xXbWp0","17","spotify:artist:15UsOTVnJzReFVN1VCnxy4","XXXTENTACION","2017-08-25","https://i.scdn.co/image/ab67616d0000b273203c89bd4391468eea4cc3f5","1","8","146520","https://p.scdn.co/mp3-preview/ad4d23afd3b92325c442f036322a05f5f35385dc?cid=9950ac751e34487dbbe027c4fd7f8e99","true","83","USUYG1156898","spotify:user:316ye5nphj2c6qd5zczz6wspr4te","2025-09-13T02:55:52Z"
"spotify:track:5XhG8HGyxLrkJAASxLA463","Champagne","spotify:artist:3rfM2cGqF6DB0kUyytMkXx, spotify:artist:6J6U2JAv7LUF0cSQ98gpjM, spotify:artist:1WXbiUMl1AT9Inb619xPUg, spotify:artist:2NMYOlZHIEsSq7pp5jBjic, spotify:artist:25XJqeReVV38w0tR04GGBd","Orochi, PL Quest, BIN, Kizzy, Mainstreet","spotify:album:7g1gfivaZsOOuf0a6Z1vsj","Lobo","spotify:artist:3rfM2cGqF6DB0kUyytMkXx","Orochi","2021-04-29","https://i.scdn.co/image/ab67616d0000b273bc7b684486f82e85e5d93156","1","5","245070","https://p.scdn.co/mp3-preview/9c0712e71556cf4aa2f95784fd35ee1cc984fd7a?cid=9950ac751e34487dbbe027c4fd7f8e99","true","73","BCM9A2100014","spotify:user:316ye5nphj2c6qd5zczz6wspr4te","2025-09-17T00:27:19Z"
"spotify:track:1jKXjxMWlq4BhH6f9GtZbu","TORE UP","spotify:artist:4Gso3d4CscCijv0lmajZWs","Don Toliver","spotify:album:0Kzb3u6kMnOJOZXYFSk33F","HARDSTONE PSYCHO","spotify:artist:4Gso3d4CscCijv0lmajZWs","Don Toliver","2024-06-14","https://i.scdn.co/image/ab67616d0000b273b5050e0d58c704da6bb519e1","1","2","126986","https://p.scdn.co/mp3-preview/6bca1d918ec8376ed78befeb0e88b2e1d8342703?cid=9950ac751e34487dbbe027c4fd7f8e99","true","80","USAT22402804","spotify:user:316ye5nphj2c6qd5zczz6wspr4te","2025-09-17T02:49:36Z"
"spotify:track:7AzlLxHn24DxjgQX73F9fU","No Idea","spotify:artist:4Gso3d4CscCijv0lmajZWs","Don Toliver","spotify:album:7z4GhRfLqfSkqrj5F3Yt2B","Heaven Or Hell","spotify:artist:4Gso3d4CscCijv0lmajZWs","Don Toliver","2020-03-13","https://i.scdn.co/image/ab67616d0000b2739d04d25e732c593fb94e7193","1","12","154424","https://p.scdn.co/mp3-preview/f4ee5e6bf77ea5ac81de6a5b7de4b695aefe8ef1?cid=9950ac751e34487dbbe027c4fd7f8e99","false","84","USAT21903300","spotify:user:316ye5nphj2c6qd5zczz6wspr4te","2025-09-17T02:49:48Z"
"spotify:track:7LGWmZaoS7jZJ5tEi9EcDi","HAD ENOUGH (feat. Quavo & Offset)","spotify:artist:4Gso3d4CscCijv0lmajZWs, spotify:artist:0VRj0yCOv2FXJNP47XQnx5, spotify:artist:4DdkRBBYG6Yk9Ka8tdJ9BW","Don Toliver, Quavo, Offset","spotify:album:1Sf8GsXG32t0jNrX11xqWx","JACKBOYS","spotify:artist:7A8S43ryYdbWpJKeHRZRcq, spotify:artist:0Y5tJX1MQlPlqiwlOH1tJY","JACKBOYS, Travis Scott","2019-12-27","https://i.scdn.co/image/ab67616d0000b273b920fc01c37be38130418a34","1","4","157133","https://p.scdn.co/mp3-preview/03f4bbef3497de0f483e81a628e8733cf1f38b3d?cid=9950ac751e34487dbbe027c4fd7f8e99","true","61","USAT21907692","spotify:user:316ye5nphj2c6qd5zczz6wspr4te","2025-09-17T02:50:34Z"
"spotify:track:3mLDq0hbHkafZoy4GvF7EG","KRYPTONITE","spotify:artist:4Gso3d4CscCijv0lmajZWs","Don Toliver","spotify:album:0Kzb3u6kMnOJOZXYFSk33F","HARDSTONE PSYCHO","spotify:artist:4Gso3d4CscCijv0lmajZWs","Don Toliver","2024-06-14","https://i.scdn.co/image/ab67616d0000b273b5050e0d58c704da6bb519e1","1","1","182320","https://p.scdn.co/mp3-preview/454d20d381d36e8f2670f40841fdd42a41655028?cid=9950ac751e34487dbbe027c4fd7f8e99","true","74","USAT22405395","spotify:user:316ye5nphj2c6qd5zczz6wspr4te","2025-09-17T02:51:36Z"
"spotify:track:0eaVIYo2zeOaGJeqZ5TwYz","No Pole","spotify:artist:4Gso3d4CscCijv0lmajZWs","Don Toliver","spotify:album:2Q2TRdT994vTzGE3Grmmht","Love Sick (Deluxe)","spotify:artist:4Gso3d4CscCijv0lmajZWs","Don Toliver","2023-02-28","https://i.scdn.co/image/ab67616d0000b273307323fa550564b0201b1d76","1","1","187613","https://p.scdn.co/mp3-preview/bb025edbea020ade019e710784b5d6828ae6f20e?cid=9950ac751e34487dbbe027c4fd7f8e99","true","89","USAT22302146","spotify:user:316ye5nphj2c6qd5zczz6wspr4te","2025-09-17T02:51:47Z"
"spotify:track:1NpHJ96ljWvqdbjlyc9GtT","FWU","spotify:artist:4Gso3d4CscCijv0lmajZWs, spotify:artist:0YinUQ50QDB7ZxSCLyQ40k","Don Toliver, Mustard","spotify:album:7zJFjXfJQfezdDfp0rqAt4","FWU","spotify:artist:4Gso3d4CscCijv0lmajZWs, spotify:artist:0YinUQ50QDB7ZxSCLyQ40k","Don Toliver, Mustard","2025-06-27","https://i.scdn.co/image/ab67616d0000b273867fbde5755d14967df3e7d5","1","1","171000","https://p.scdn.co/mp3-preview/b410489394b0ef6e6e5211da5e736306926113af?cid=9950ac751e34487dbbe027c4fd7f8e99","true","78","USAT22504476","spotify:user:316ye5nphj2c6qd5zczz6wspr4te","2025-09-17T02:54:55Z"
"spotify:track:1iSqfoUFnQwV0QW1EfUit8","Suicidal","spotify:artist:1cNDP5yjU5vjeR8qMf4grg","YNW Melly","spotify:album:5xq6RMHNIBA73qld03dR6V","Melly vs. Melvin","spotify:artist:1cNDP5yjU5vjeR8qMf4grg","YNW Melly","2019-11-22","https://i.scdn.co/image/ab67616d0000b273c945e5741f61e867c75aa97e","1","2","222997","https://p.scdn.co/mp3-preview/06fa9b2f19c842f5bb90aefb01e88c8b2842af3a?cid=9950ac751e34487dbbe027c4fd7f8e99","true","79","QMCE31902585","spotify:user:316ye5nphj2c6qd5zczz6wspr4te","2025-09-17T03:02:07Z"
"spotify:track:2d5jCiGXCavhcgBtYSm9Wj","Lemon Haze","spotify:artist:34rgignjHUgWbOZAlf4ZLs","TET0","spotify:album:7KUABKAyC5iRNqpbxlJ3Dx","Lemon Haze","spotify:artist:34rgignjHUgWbOZAlf4ZLs","TET0","2023-12-11","https://i.scdn.co/image/ab67616d0000b273661accaa485107895561af9b","1","1","153177","","true","0","AEA0D2301832","spotify:user:316ye5nphj2c6qd5zczz6wspr4te","2025-09-17T03:03:06Z"
"spotify:track:2coYmtA0EDUHS7P24CFzcW","Imaginando Coisas","spotify:artist:4yFJeWVY6IZLc5KcYCvtBE, spotify:artist:2c6lGDjkOP3A9RsFP4DVrz, spotify:artist:7I4OIWw3Zm4lUmt2QHnz30, spotify:artist:2yj5kYctrH6DViY3gKGUUm","G.A, icedmob, Toledo, Cold","spotify:album:19fl2xItHFfkV3zzZtGYXf","Imaginando Coisas","spotify:artist:4yFJeWVY6IZLc5KcYCvtBE, spotify:artist:7I4OIWw3Zm4lUmt2QHnz30, spotify:artist:2c6lGDjkOP3A9RsFP4DVrz, spotify:artist:2yj5kYctrH6DViY3gKGUUm","G.A, Toledo, icedmob, Cold","2023-11-24","https://i.scdn.co/image/ab67616d0000b273960168f66ecfb510dbf41d28","1","1","213333","https://p.scdn.co/mp3-preview/c0cb114510e18a9d5b223ae57bb08f971c1bd626?cid=9950ac751e34487dbbe027c4fd7f8e99","true","56","QZZ8A2397693","spotify:user:316ye5nphj2c6qd5zczz6wspr4te","2025-09-18T00:38:56Z"
"spotify:track:2CzIoSG4eDkstyTiXzjryy","Paladar Infantil","spotify:artist:4yFJeWVY6IZLc5KcYCvtBE, spotify:artist:7saGN6a32YNpiMPo2SWJxE, spotify:artist:3prRKGJz16RRMRSIM97nHw, spotify:artist:7I4OIWw3Zm4lUmt2QHnz30","G.A, Bvga Beatz, Supernova Ent, Toledo","spotify:album:6y1V62Msb6V5oiVJkYa9Dx","Paladar Infantil","spotify:artist:4yFJeWVY6IZLc5KcYCvtBE, spotify:artist:7saGN6a32YNpiMPo2SWJxE, spotify:artist:3prRKGJz16RRMRSIM97nHw","G.A, Bvga Beatz, Supernova Ent","2023-07-21","https://i.scdn.co/image/ab67616d0000b2734eb84f11783c6ccb819670b3","1","1","143283","https://p.scdn.co/mp3-preview/e3fae871281558e156a400480d3b36ebdffcb99e?cid=9950ac751e34487dbbe027c4fd7f8e99","true","63","QZTV32343127","spotify:user:316ye5nphj2c6qd5zczz6wspr4te","2025-09-18T00:40:08Z"
"spotify:track:2dHHgzDwk4BJdRwy9uXhTO","Creepin' (with The Weeknd & 21 Savage)","spotify:artist:0iEtIxbK0KxaSlF7G42ZOp, spotify:artist:1Xyo4u8uXC1ZmMpatF05PJ, spotify:artist:1URnnhqYAYcrqrcwql10ft","Metro Boomin, The Weeknd, 21 Savage","spotify:album:7txGsnDSqVMoRl6RQ9XyZP","HEROES & VILLAINS","spotify:artist:0iEtIxbK0KxaSlF7G42ZOp","Metro Boomin","2022-12-02","https://i.scdn.co/image/ab67616d0000b273c4fee55d7b51479627c31f89","1","10","221520","","true","85","USUG12208791","spotify:user:316ye5nphj2c6qd5zczz6wspr4te","2025-09-25T22:27:54Z"
"spotify:track:0FIDCNYYjNvPVimz5icugS","Timeless (feat Playboi Carti)","spotify:artist:1Xyo4u8uXC1ZmMpatF05PJ, spotify:artist:699OTQXzgjhIYAHMy9RyPD","The Weeknd, Playboi Carti","spotify:album:3OxfaVgvTxUTy7276t7SPU","Hurry Up Tomorrow","spotify:artist:1Xyo4u8uXC1ZmMpatF05PJ","The Weeknd","2025-01-31","https://i.scdn.co/image/ab67616d0000b273de79f330bc297af3fae736da","1","13","256000","","true","91","USUG12406536","spotify:user:316ye5nphj2c6qd5zczz6wspr4te","2025-09-25T22:32:18Z"
"spotify:track:3u1VG564LJUHKj8QohFjfN","Chute No Balde","spotify:artist:6XFc29m1ptfUNmaa1UTuBT, spotify:artist:2q9wk5fkeU2C9CgCKdh4AN, spotify:artist:5InVWl8IZB8zFAoNa5roKm, spotify:artist:5ncITNKBT3RMa1U2NsuE7V, spotify:artist:3joq445M6f168kb3mkp7BB, spotify:artist:3bpbNht7qJCmPo8sjVF3tA, spotify:artist:1mvpEXClANunyiHFtAXCxt, spotify:artist:6VyttZwyEMGBl90oGdKCB8, spotify:artist:75i9GaW2MJUgt4BkdUnuUY, spotify:artist:6aoGgTKGqtsjj48ymcNs4Z","MC Joãozinho VT, Mc IG, Kako, DJ BOY, DJ WN, Mc Kanhoto, MC Rick, MC Leozinho ZS, MC Ryan SP, MC Tuto","spotify:album:6PFHGV92WzfzDrEE5qA6SV","Meu Momento","spotify:artist:6XFc29m1ptfUNmaa1UTuBT","MC Joãozinho VT","2022-08-05","https://i.scdn.co/image/ab67616d0000b273fe388365b4b492058d4a3672","1","1","474785","https://p.scdn.co/mp3-preview/14607894b29e277b3455ecad11399caeda2e630e?cid=9950ac751e34487dbbe027c4fd7f8e99","false","58","BCSOR2200086","spotify:user:316ye5nphj2c6qd5zczz6wspr4te","2025-09-26T20:40:44Z"
"spotify:track:5poQXGnGdCQgk62Qgsm5cn","Faz Uns Dias / Jeito Que Te Faço Poderosa","spotify:artist:4PLdCloYxu2bMKfuuB9lI5, spotify:artist:39QiJaZ1HzRcpY9xlMKCsF, spotify:artist:0KcbRunfjZHfwEnEgd1Dy6, spotify:artist:2B4P0FlRtczEUKlMWUnM4g, spotify:artist:1HWkitLyqDmRwKAcEqGAA0, spotify:artist:2q9wk5fkeU2C9CgCKdh4AN, spotify:artist:5I7db10XSG06FrAHzC36Wq","MC PH, TrapLaudo, Murillo e LT no Beat, Solanno, 011Frank, Mc IG, Prado","spotify:album:2GJl4ruFhOBOghvHKVv6wV","O Cara Do Momento","spotify:artist:4PLdCloYxu2bMKfuuB9lI5","MC PH","2023-11-29","https://i.scdn.co/image/ab67616d0000b273c7672809f4efc51cf3b1cc27","1","10","277590","https://p.scdn.co/mp3-preview/211ffde616772914a1ec5c16206f6487e2cb2e2a?cid=9950ac751e34487dbbe027c4fd7f8e99","true","66","BXG6R2301054","spotify:user:316ye5nphj2c6qd5zczz6wspr4te","2025-10-02T21:04:37Z"
"spotify:track:27a1mYSG5tYg7dmEjWBcmL","CAN'T SAY","spotify:artist:0Y5tJX1MQlPlqiwlOH1tJY","Travis Scott","spotify:album:41GuZcammIkupMPKH2OJ6I","ASTROWORLD","spotify:artist:0Y5tJX1MQlPlqiwlOH1tJY","Travis Scott","2018-08-03","https://i.scdn.co/image/ab67616d0000b273daec894c14c0ca42d76eeb32","1","13","198408","https://p.scdn.co/mp3-preview/ac0b7b8c1e7328e76f0e20d49ca3e6d7ac7c01b4?cid=9950ac751e34487dbbe027c4fd7f8e99","true","81","USSM11806670","spotify:user:316ye5nphj2c6qd5zczz6wspr4te","2025-10-03T23:31:25Z"
"spotify:track:0LZkDuucd7c8eAaj9S4RJR","Ak do Flamengo","spotify:artist:6jBww4kwlSrjaNYP7AQPtX, spotify:artist:6r1OIJXsdVTkhH6ueDzOew, spotify:artist:4pZ2z5NE2z1vvdRqf7q0Gq","Borges, Flacko, BlakkClout","spotify:album:0Bbpcn15ExytumjXtNLuPF","Ak do Flamengo","spotify:artist:6jBww4kwlSrjaNYP7AQPtX, spotify:artist:6r1OIJXsdVTkhH6ueDzOew, spotify:artist:4pZ2z5NE2z1vvdRqf7q0Gq","Borges, Flacko, BlakkClout","2019-12-09","https://i.scdn.co/image/ab67616d0000b2738b83f4468bb757f7c7789772","1","1","141764","https://p.scdn.co/mp3-preview/012a3c986758e01c3044acd12d7e4c4c35185d0f?cid=9950ac751e34487dbbe027c4fd7f8e99","true","55","QZHZ51966257","spotify:user:316ye5nphj2c6qd5zczz6wspr4te","2025-10-06T23:16:05Z"
"spotify:track:6waUquCrhpwvG6T6nPTtH9","MLK RUIM","spotify:artist:0pVJXCGsBydS7rq0R4w4hm, spotify:artist:2FpB5tjz0EJTGFbABdxdqo, spotify:artist:080V3gE1BkD80exWugkFvq","Yuri Redicopa, DJ MAVERICK, NARC","spotify:album:1UB5OIBdEiR7y9ggpdJJJT","MLK RUIM","spotify:artist:0pVJXCGsBydS7rq0R4w4hm, spotify:artist:2FpB5tjz0EJTGFbABdxdqo, spotify:artist:080V3gE1BkD80exWugkFvq","Yuri Redicopa, DJ MAVERICK, NARC","2025-08-18","https://i.scdn.co/image/ab67616d0000b27364643445b8e0e15c54f7578d","1","1","149351","https://p.scdn.co/mp3-preview/9f25f09f96d518a41fd9357cd45e74eb7793cea9?cid=9950ac751e34487dbbe027c4fd7f8e99","true","18","QT5M22547892","spotify:user:316ye5nphj2c6qd5zczz6wspr4te","2025-10-07T20:32:21Z"
"spotify:track:3eYOxLGAl20agLMeP8s3Fw","Mlks de Sp","spotify:artist:1QBWA6tuiZ0JuDluPqbe71, spotify:artist:0oNOkdVXXFaWC9tPb7Ol10, spotify:artist:5K854sjdzabwOy9KltU3Po, spotify:artist:4xKfNBUXa00go8RU9TwwkI, spotify:artist:4Y0VwRwAOyJutxoVpPX4td","Recayd Mob, Dfideliz, MC Igu, Jé, Derek","spotify:album:6Nptpi9ptJMmDIsBWf5BTl","Mlks de Sp","spotify:artist:1QBWA6tuiZ0JuDluPqbe71","Recayd Mob","2020-06-05","https://i.scdn.co/image/ab67616d0000b273fb5705443107c1ebaccfa8ce","1","1","195767","https://p.scdn.co/mp3-preview/3c7e795c0acd3f5c4b17ecd37d6b9af31b8ee381?cid=9950ac751e34487dbbe027c4fd7f8e99","true","60","QZHZ42015253","spotify:user:316ye5nphj2c6qd5zczz6wspr4te","2025-10-07T20:32:25Z"
"spotify:track:4V43mdZCFdpZvdDoUHpHUZ","Bandana 2","spotify:artist:4YqwRbMLqGHRHLS1w2ZKse, spotify:artist:5OvehyyUJ5edWaogL9o4Ka, spotify:artist:6TPJK8tv3AKKSsw0lENTQk, spotify:artist:3prRKGJz16RRMRSIM97nHw, spotify:artist:460m2YG30duLCuHwFdiLgX, spotify:artist:20EHnmoCDJFL4mnot2ad3M","Veigh, Rocco, Nagalli, Supernova Ent, Yunk Vino, Lp067","spotify:album:4WTmjVL1HD0QQCiht2scSM","Dos Prédios","spotify:artist:4YqwRbMLqGHRHLS1w2ZKse, spotify:artist:3prRKGJz16RRMRSIM97nHw","Veigh, Supernova Ent","2022-11-18","https://i.scdn.co/image/ab67616d0000b2736ac996c7c01c601a8edc08c7","1","13","132923","https://p.scdn.co/mp3-preview/eac055b59711ef14756c861ad19e2e518142e27e?cid=9950ac751e34487dbbe027c4fd7f8e99","true","62","QZNMY2242351","spotify:user:316ye5nphj2c6qd5zczz6wspr4te","2025-10-07T22:12:51Z"
"spotify:track:7w3YbypHdkd89bb2ixdZZG","loira de medicina","spotify:artist:4yFJeWVY6IZLc5KcYCvtBE, spotify:artist:3prRKGJz16RRMRSIM97nHw","G.A, Supernova Ent","spotify:album:4lOFJ0TuaGBAFkYWKMKkxf","pq elas preferem os canalhas?","spotify:artist:4yFJeWVY6IZLc5KcYCvtBE, spotify:artist:3prRKGJz16RRMRSIM97nHw","G.A, Supernova Ent","2025-10-09","https://i.scdn.co/image/ab67616d0000b273b4b353579bb1f11ac72b4ef4","1","2","153472","https://p.scdn.co/mp3-preview/0e128fd8ef4ed3840395ba69e266391e4cb1d7b8?cid=9950ac751e34487dbbe027c4fd7f8e99","true","52","DGA052543150","spotify:user:316ye5nphj2c6qd5zczz6wspr4te","2025-10-10T17:13:19Z"
"spotify:track:43Fjl7saEUHXKusaQiDDdt","gelo no stanley","spotify:artist:4yFJeWVY6IZLc5KcYCvtBE, spotify:artist:3prRKGJz16RRMRSIM97nHw, spotify:artist:6MQ7E3HXWR3Djm3miL79mn","G.A, Supernova Ent, Niink","spotify:album:4lOFJ0TuaGBAFkYWKMKkxf","pq elas preferem os canalhas?","spotify:artist:4yFJeWVY6IZLc5KcYCvtBE, spotify:artist:3prRKGJz16RRMRSIM97nHw","G.A, Supernova Ent","2025-10-09","https://i.scdn.co/image/ab67616d0000b273b4b353579bb1f11ac72b4ef4","1","5","160000","https://p.scdn.co/mp3-preview/4802adde94a84a9dd35e88345824a46ea9662502?cid=9950ac751e34487dbbe027c4fd7f8e99","true","48","BKSUV2500106","spotify:user:316ye5nphj2c6qd5zczz6wspr4te","2025-10-10T17:16:55Z"
"spotify:track:5WajNAqF8PSM90utq0YGAR","escalade","spotify:artist:4yFJeWVY6IZLc5KcYCvtBE, spotify:artist:3prRKGJz16RRMRSIM97nHw, spotify:artist:32U24zpBrDLj0KMppA1bKf, spotify:artist:1ZzJx2AgPmbnOE6OXhnn5K","G.A, Supernova Ent, Ghard, Ryu\, The Runner","spotify:album:4lOFJ0TuaGBAFkYWKMKkxf","pq elas preferem os canalhas?","spotify:artist:4yFJeWVY6IZLc5KcYCvtBE, spotify:artist:3prRKGJz16RRMRSIM97nHw","G.A, Supernova Ent","2025-10-09","https://i.scdn.co/image/ab67616d0000b273b4b353579bb1f11ac72b4ef4","1","6","184192","https://p.scdn.co/mp3-preview/9032629904972de532cebe3529dfd571f063cfe4?cid=9950ac751e34487dbbe027c4fd7f8e99","true","49","BKSUV2500120","spotify:user:316ye5nphj2c6qd5zczz6wspr4te","2025-10-10T17:22:22Z"
"spotify:track:0nNomdaQK56y8Rvf8yLmCr","ciumes retroativo","spotify:artist:4yFJeWVY6IZLc5KcYCvtBE, spotify:artist:3prRKGJz16RRMRSIM97nHw, spotify:artist:4YqwRbMLqGHRHLS1w2ZKse","G.A, Supernova Ent, Veigh","spotify:album:4lOFJ0TuaGBAFkYWKMKkxf","pq elas preferem os canalhas?","spotify:artist:4yFJeWVY6IZLc5KcYCvtBE, spotify:artist:3prRKGJz16RRMRSIM97nHw","G.A, Supernova Ent","2025-10-09","https://i.scdn.co/image/ab67616d0000b273b4b353579bb1f11ac72b4ef4","1","13","157808","https://p.scdn.co/mp3-preview/ff073c63bceb06071f24cbd55e43ce32062170b7?cid=9950ac751e34487dbbe027c4fd7f8e99","true","57","BKSUV2500116","spotify:user:316ye5nphj2c6qd5zczz6wspr4te","2025-10-10T17:37:29Z"
"spotify:track:7c4BkyPU1x4PuZkjX1oYVf","SWAG EVERY DAY","spotify:artist:1ZzJx2AgPmbnOE6OXhnn5K, spotify:artist:44sYX4gwGmUZBnNT2AZTPW, spotify:artist:3914e1ewXuF036M63rgK0d","Ryu\, The Runner, 6ee, Neckklace","spotify:album:4lIHGfXPW6OxM1U4B3L7qH","ADULTO IDEAL","spotify:artist:1ZzJx2AgPmbnOE6OXhnn5K","Ryu\, The Runner","2025-10-16","https://i.scdn.co/image/ab67616d0000b273dd587d8795de8f5a22fae40b","1","1","128012","https://p.scdn.co/mp3-preview/e4154ef184f50fb2fb87aaff20a0fe3b74d56435?cid=9950ac751e34487dbbe027c4fd7f8e99","true","49","BRRGE2506602","spotify:user:316ye5nphj2c6qd5zczz6wspr4te","2025-10-17T01:19:17Z"
"spotify:track:4XpANlo98wALkY34dUOVGW","DNA","spotify:artist:1ZzJx2AgPmbnOE6OXhnn5K, spotify:artist:44sYX4gwGmUZBnNT2AZTPW, spotify:artist:6OR5QDOXtB0dAKK3VEmXHr","Ryu\, The Runner, 6ee, Phl Notunrboy","spotify:album:4lIHGfXPW6OxM1U4B3L7qH","ADULTO IDEAL","spotify:artist:1ZzJx2AgPmbnOE6OXhnn5K","Ryu\, The Runner","2025-10-16","https://i.scdn.co/image/ab67616d0000b273dd587d8795de8f5a22fae40b","1","2","145920","https://p.scdn.co/mp3-preview/b0d470628cf7ab5e3b175a25c928f161311fc718?cid=9950ac751e34487dbbe027c4fd7f8e99","true","45","BRRGE2506603","spotify:user:316ye5nphj2c6qd5zczz6wspr4te","2025-10-17T03:52:06Z"
"spotify:track:6oTeO9Q9uISYUe0TbgVmIp","EDWARD","spotify:artist:1ZzJx2AgPmbnOE6OXhnn5K, spotify:artist:2KwQkyJzT9r6Hh56jtfuse, spotify:artist:460m2YG30duLCuHwFdiLgX, spotify:artist:3Ff18fP2gp1bup70cxOaYM, spotify:artist:7gQSUv8yp5lKdxra1Dvk9L, spotify:artist:3914e1ewXuF036M63rgK0d","Ryu\, The Runner, Brandão85, Yunk Vino, Tuti, NovaChance, Neckklace","spotify:album:4lIHGfXPW6OxM1U4B3L7qH","ADULTO IDEAL","spotify:artist:1ZzJx2AgPmbnOE6OXhnn5K","Ryu\, The Runner","2025-10-16","https://i.scdn.co/image/ab67616d0000b273dd587d8795de8f5a22fae40b","1","3","190588","https://p.scdn.co/mp3-preview/a40e30ab3c5a1fabf0b2ac8247a22cbd7b2b427d?cid=9950ac751e34487dbbe027c4fd7f8e99","false","47","BRRGE2506604","spotify:user:316ye5nphj2c6qd5zczz6wspr4te","2025-10-17T03:54:24Z"
"spotify:track:76MzC0OuBTn31DEw1OGVoP","4X4","spotify:artist:1ZzJx2AgPmbnOE6OXhnn5K, spotify:artist:44sYX4gwGmUZBnNT2AZTPW","Ryu\, The Runner, 6ee","spotify:album:4lIHGfXPW6OxM1U4B3L7qH","ADULTO IDEAL","spotify:artist:1ZzJx2AgPmbnOE6OXhnn5K","Ryu\, The Runner","2025-10-16","https://i.scdn.co/image/ab67616d0000b273dd587d8795de8f5a22fae40b","1","5","136229","https://p.scdn.co/mp3-preview/4b4cf08347a56e583413d8aac70da3a6b3fe786d?cid=9950ac751e34487dbbe027c4fd7f8e99","true","42","BRRGE2506605","spotify:user:316ye5nphj2c6qd5zczz6wspr4te","2025-10-17T03:57:23Z"
"spotify:track:5FHk0192UdU3r8nbdmAqLq","GLOBAL","spotify:artist:1ZzJx2AgPmbnOE6OXhnn5K, spotify:artist:6rk6Izp6o42fUdE0jRqAP4, spotify:artist:3914e1ewXuF036M63rgK0d, spotify:artist:65m0g6XjsnSYsalksAnkz8, spotify:artist:44sYX4gwGmUZBnNT2AZTPW, spotify:artist:7MbiFVDZ7SKyG18Im8WGLn, spotify:artist:7LmOCHdwrnGpDho9EdrwVJ","Ryu\, The Runner, Alee, Neckklace, Del Jay, 6ee, Qualywav1, saboya","spotify:album:4lIHGfXPW6OxM1U4B3L7qH","ADULTO IDEAL","spotify:artist:1ZzJx2AgPmbnOE6OXhnn5K","Ryu\, The Runner","2025-10-16","https://i.scdn.co/image/ab67616d0000b273dd587d8795de8f5a22fae40b","1","10","180998","https://p.scdn.co/mp3-preview/d828a2dd202085d19ef3b99b409819c54b9bcbea?cid=9950ac751e34487dbbe027c4fd7f8e99","true","52","BRRGE2506654","spotify:user:316ye5nphj2c6qd5zczz6wspr4te","2025-10-17T04:06:01Z"
"spotify:track:4XTm8UtcMCVvc6R26uGzwK","Armamento Russo","spotify:artist:0xEdwBYYjxw6wk179Tq2sJ, spotify:artist:2KwQkyJzT9r6Hh56jtfuse","Leviano, Brandão85","spotify:album:1TdR9nAD7nha9i2qLajeO6","Armamento Russo","spotify:artist:0xEdwBYYjxw6wk179Tq2sJ, spotify:artist:2KwQkyJzT9r6Hh56jtfuse","Leviano, Brandão85","2025-10-15","https://i.scdn.co/image/ab67616d0000b273811fc7641d9b5ebf0ee62110","1","1","144298","https://p.scdn.co/mp3-preview/e6fdc33ab6aa6ad52a853822308383beb144a532?cid=9950ac751e34487dbbe027c4fd7f8e99","true","22","BK7652500077","spotify:user:316ye5nphj2c6qd5zczz6wspr4te","2025-10-17T04:08:24Z"
"spotify:track:4jPy3l0RUwlUI9T5XHBW2m","Mood (feat. iann dior)","spotify:artist:6fWVd57NKTalqvmjRd2t8Z, spotify:artist:6ASri4ePR7RlsvIQgWPJpS","24kGoldn, iann dior","spotify:album:270o30h7cAlEhBnbuSpFZq","El Dorado","spotify:artist:6fWVd57NKTalqvmjRd2t8Z","24kGoldn","2021-03-26","https://i.scdn.co/image/ab67616d0000b273b4141fad9af613c35f55d589","1","13","140525","https://p.scdn.co/mp3-preview/59e2cb4fb321453fabe0a19792e120059e58ba32?cid=9950ac751e34487dbbe027c4fd7f8e99","true","82","USQX92003025","spotify:user:316ye5nphj2c6qd5zczz6wspr4te","2025-10-18T06:11:39Z"
"spotify:track:12R6npsSMx8g0k5GN19poM","Saquarema","spotify:artist:3nD4yj5ojI0Xts9fhWw8ui, spotify:artist:2e3Qj18c2XIH9bHIVdoMYK, spotify:artist:07h4iWmJmlrSz6odV2mJgq, spotify:artist:3WqjZ3slxmWPlsKxJcAPMc","MC Rogê, DJ Meek, Boladinho DJ, Mc G Talibã","spotify:album:6iag686lb0KoIgWFuNdMws","Saquarema","spotify:artist:3nD4yj5ojI0Xts9fhWw8ui, spotify:artist:2e3Qj18c2XIH9bHIVdoMYK, spotify:artist:07h4iWmJmlrSz6odV2mJgq","MC Rogê, DJ Meek, Boladinho DJ","2020-07-24","https://i.scdn.co/image/ab67616d0000b273679f675d59d40080bbd3b3a6","1","1","201600","https://p.scdn.co/mp3-preview/29809ad28a73713492636f8e6f9e20c67e9dc2e8?cid=9950ac751e34487dbbe027c4fd7f8e99","true","68","QZHZ52048318","spotify:user:316ye5nphj2c6qd5zczz6wspr4te","2025-10-18T18:18:46Z"
"spotify:track:06JTWClNJgcBxk2yMqoz7e","Wtf","spotify:artist:01U1Lf7mHrOLPjtfDAfvY1, spotify:artist:5nHUlAMjYkOtzSvqwzcdUW, spotify:artist:1Pe2bSGGnlBB19BzevKijn","021 Richard, DJ Wkilla, H4axxi","spotify:album:28IkNpZUMyuaWaADQAcwaS","Wtf","spotify:artist:01U1Lf7mHrOLPjtfDAfvY1, spotify:artist:5nHUlAMjYkOtzSvqwzcdUW, spotify:artist:1Pe2bSGGnlBB19BzevKijn","021 Richard, DJ Wkilla, H4axxi","2023-05-12","https://i.scdn.co/image/ab67616d0000b273cbb4b096805fb7d36d6984f4","1","1","109137","https://p.scdn.co/mp3-preview/5132af6455aef5af88c5ff94e03c702f2aced998?cid=9950ac751e34487dbbe027c4fd7f8e99","true","53","QZNJV2328261","spotify:user:316ye5nphj2c6qd5zczz6wspr4te","2025-10-22T02:28:18Z"
"spotify:track:7iL6o9tox1zgHpKUfh9vuC","In Da Club","spotify:artist:3q7HBObVc0L8jNeTe5Gofh","50 Cent","spotify:album:5G5rgQHzdQnw32SI0WjIo5","Get Rich Or Die Tryin'","spotify:artist:3q7HBObVc0L8jNeTe5Gofh","50 Cent","2003-02-06","https://i.scdn.co/image/ab67616d0000b273d843fabb75fef14010e30cae","1","5","193466","","true","85","USIR10300033","spotify:user:316ye5nphj2c6qd5zczz6wspr4te","2025-10-22T02:34:28Z"
"spotify:track:36Hwcla06Q5BCr59CL0sBp","Ayo Technology","spotify:artist:3q7HBObVc0L8jNeTe5Gofh, spotify:artist:31TPClRtHm23RisEBtV3X7, spotify:artist:5Y5TRrQiqgUO4S36tzjIRZ","50 Cent, Justin Timberlake, Timbaland","spotify:album:5VfBwkAoSsQwtZjPU0Gr7h","Curtis","spotify:artist:3q7HBObVc0L8jNeTe5Gofh","50 Cent","2007-01-01","https://i.scdn.co/image/ab67616d0000b2734b9ca70affe8386d84bd260d","1","7","247946","","true","83","USUM70735445","spotify:user:316ye5nphj2c6qd5zczz6wspr4te","2025-10-22T02:35:58Z"
"spotify:track:2qOm7ukLyHUXWyR4ZWLwxA","It Was A Good Day","spotify:artist:3Mcii5XWf6E0lrY3Uky4cA","Ice Cube","spotify:album:71HM1CMYWeZzws8pyiEn46","The Predator","spotify:artist:3Mcii5XWf6E0lrY3Uky4cA","Ice Cube","1992-11-17","https://i.scdn.co/image/ab67616d0000b273994c319841a923465d62e271","1","7","260000","","true","83","USPO19250006","spotify:user:316ye5nphj2c6qd5zczz6wspr4te","2025-10-22T02:40:12Z"
"spotify:track:7lQ8MOhq6IN2w8EYcFNSUk","Without Me","spotify:artist:7dGJo4pcD2V6oG8kP0tJRR","Eminem","spotify:album:2cWBwpqMsDJC1ZUwz813lo","The Eminem Show","spotify:artist:7dGJo4pcD2V6oG8kP0tJRR","Eminem","2002-05-26","https://i.scdn.co/image/ab67616d0000b2736ca5c90113b30c3c43ffb8f4","1","10","290320","","true","91","USIR10211038","spotify:user:316ye5nphj2c6qd5zczz6wspr4te","2025-10-22T02:41:05Z"
"spotify:track:5xyTxLbw34gXUQck6xVazT","ROXANNE","spotify:artist:0vRvGUQVUjytro0xpb26bs","Arizona Zervas","spotify:album:5e6qTvZBombUtYxYuEcDDV","ROXANNE","spotify:artist:0vRvGUQVUjytro0xpb26bs","Arizona Zervas","2019-10-10","https://i.scdn.co/image/ab67616d0000b273d60654cc8cfedebe3fda34af","1","1","163636","https://p.scdn.co/mp3-preview/ed0109758e719465193e187f44b78fcd52866cea?cid=9950ac751e34487dbbe027c4fd7f8e99","false","57","USSM11914346","spotify:user:316ye5nphj2c6qd5zczz6wspr4te","2025-10-22T02:43:20Z"
"spotify:track:7wBJfHzpfI3032CSD7CE2m","STARGAZING","spotify:artist:0Y5tJX1MQlPlqiwlOH1tJY","Travis Scott","spotify:album:41GuZcammIkupMPKH2OJ6I","ASTROWORLD","spotify:artist:0Y5tJX1MQlPlqiwlOH1tJY","Travis Scott","2018-08-03","https://i.scdn.co/image/ab67616d0000b273daec894c14c0ca42d76eeb32","1","1","270714","https://p.scdn.co/mp3-preview/8b33ce9ee60ed1da2c8569c2df00501154bd759a?cid=9950ac751e34487dbbe027c4fd7f8e99","true","76","USSM11806658","spotify:user:316ye5nphj2c6qd5zczz6wspr4te","2025-10-22T02:46:26Z"
"spotify:track:6NMtzpDQBTOfJwMzgMX0zl","SKELETONS","spotify:artist:0Y5tJX1MQlPlqiwlOH1tJY","Travis Scott","spotify:album:41GuZcammIkupMPKH2OJ6I","ASTROWORLD","spotify:artist:0Y5tJX1MQlPlqiwlOH1tJY","Travis Scott","2018-08-03","https://i.scdn.co/image/ab67616d0000b273daec894c14c0ca42d76eeb32","1","7","145588","https://p.scdn.co/mp3-preview/b540965baa156bab52bcf83a412a0d173d73ff6b?cid=9950ac751e34487dbbe027c4fd7f8e99","true","77","USSM11806664","spotify:user:316ye5nphj2c6qd5zczz6wspr4te","2025-10-22T02:50:41Z"
"spotify:track:6vnfObZ4Ys70SBAtti1xZ9","COFFEE BEAN","spotify:artist:0Y5tJX1MQlPlqiwlOH1tJY","Travis Scott","spotify:album:41GuZcammIkupMPKH2OJ6I","ASTROWORLD","spotify:artist:0Y5tJX1MQlPlqiwlOH1tJY","Travis Scott","2018-08-03","https://i.scdn.co/image/ab67616d0000b273daec894c14c0ca42d76eeb32","1","17","209115","https://p.scdn.co/mp3-preview/fae9b60dacc7deaf8b3e990d453970dc7441d005?cid=9950ac751e34487dbbe027c4fd7f8e99","true","69","USSM11806672","spotify:user:316ye5nphj2c6qd5zczz6wspr4te","2025-10-22T03:00:16Z"
"spotify:track:7FIWs0pqAYbP91WWM0vlTQ","Godzilla (feat. Juice WRLD)","spotify:artist:7dGJo4pcD2V6oG8kP0tJRR, spotify:artist:4MCBfE4596Uoi2O4DtmEMz","Eminem, Juice WRLD","spotify:album:4otkd9As6YaxxEkIjXPiZ6","Music To Be Murdered By","spotify:artist:7dGJo4pcD2V6oG8kP0tJRR","Eminem","2020-01-17","https://i.scdn.co/image/ab67616d0000b2732f44aec83b20e40f3baef73c","1","7","210800","","true","83","USUM72000788","spotify:user:316ye5nphj2c6qd5zczz6wspr4te","2025-10-22T17:44:49Z"
"spotify:track:66FenlqXH5BFAGehrxovT0","Prazeres da Vida Noturna","spotify:artist:4YqwRbMLqGHRHLS1w2ZKse, spotify:artist:22RXQj1gd5zEbcRjdxiJbu","Veigh, DJ Arana","spotify:album:7gMJfejAZor5ULBw2oaHcX","Prazeres da Vida Noturna","spotify:artist:4YqwRbMLqGHRHLS1w2ZKse, spotify:artist:22RXQj1gd5zEbcRjdxiJbu","Veigh, DJ Arana","2023-02-17","https://i.scdn.co/image/ab67616d0000b273c275febda82f8e2d82613804","1","1","203128","https://p.scdn.co/mp3-preview/65d5eff84bdfd79fad3435ba961550802c1b6a1d?cid=9950ac751e34487dbbe027c4fd7f8e99","true","48","BC3PG2300111","spotify:user:316ye5nphj2c6qd5zczz6wspr4te","2025-10-23T23:56:49Z"
"spotify:track:7xI1vw23N9xKh2bZ9DbhvV","Meu Cotidiano","spotify:artist:07hde6KjeHapJ75M3jSfFl, spotify:artist:0kj68SnX4WCXwveyBbRX8p, spotify:artist:7Dq3oCz43MCuWBRgWTltZI, spotify:artist:28QnIZpWxKcxuSk4iRLUgX, spotify:artist:1K3wppIvsUK99HODkiNgeu","Dj Tg Da Inestan, MC Saci, DJ PH DA SERRA, Mc Morena, DJ JOAO DA INESTAN","spotify:album:4HFfcA7DAxpswdzUk1hkPZ","Meu Cotidiano","spotify:artist:07hde6KjeHapJ75M3jSfFl, spotify:artist:0kj68SnX4WCXwveyBbRX8p, spotify:artist:7Dq3oCz43MCuWBRgWTltZI, spotify:artist:28QnIZpWxKcxuSk4iRLUgX","Dj Tg Da Inestan, MC Saci, DJ PH DA SERRA, Mc Morena","2021-08-06","https://i.scdn.co/image/ab67616d0000b273526450bc0bd15bfd8dde7205","1","1","131369","https://p.scdn.co/mp3-preview/f7967222a8d76724be90f7777b939a9c24c68b5d?cid=9950ac751e34487dbbe027c4fd7f8e99","false","54","QZES62094868","spotify:user:316ye5nphj2c6qd5zczz6wspr4te","2025-10-23T23:59:59Z"
"spotify:track:6pOSgZYfI73XOsjjZqrIUf","Bandido problemático","spotify:artist:1o1YHZFva6RI2Ve7kjgRzn, spotify:artist:25AjzG7UO6tKfw11bwPscM, spotify:artist:4m8sn4hTvGG1pqoqdPrevS, spotify:artist:0t58OzGlJIIcczoHSH0GwS","Dj Gustomares, MC Flavinho, Iraqui ZL, Dream Records","spotify:album:3cZjFKV6EFUqpO1b6Yhkdl","Bandido problemático","spotify:artist:1o1YHZFva6RI2Ve7kjgRzn, spotify:artist:25AjzG7UO6tKfw11bwPscM, spotify:artist:4m8sn4hTvGG1pqoqdPrevS, spotify:artist:0t58OzGlJIIcczoHSH0GwS","Dj Gustomares, MC Flavinho, Iraqui ZL, Dream Records","2025-07-25","https://i.scdn.co/image/ab67616d0000b2735f6dbddf26f471c7a487486a","1","1","162461","https://p.scdn.co/mp3-preview/ce50658d2dd6f6faf7ba9aa1d7ff062824f39f58?cid=9950ac751e34487dbbe027c4fd7f8e99","true","1","QZWV32562779","spotify:user:316ye5nphj2c6qd5zczz6wspr4te","2025-10-24T18:34:49Z"
"spotify:track:0C1cJj3ZNCS75sojrcMhZV","Revoada do Tubarão","spotify:artist:75i9GaW2MJUgt4BkdUnuUY, spotify:artist:5pBMkZNIlbGTH3hrsQJqAa, spotify:artist:2q9wk5fkeU2C9CgCKdh4AN, spotify:artist:1mvpEXClANunyiHFtAXCxt, spotify:artist:2civFPMAiigAwTEUKkeRW2, spotify:artist:1cYhx7ZOhYoVmnDPb9KMwo, spotify:artist:0oNOkdVXXFaWC9tPb7Ol10, spotify:artist:4d175LvxCzxt5vHbJyv49q, spotify:artist:0QHeVlSNj20H73pBvefBNZ, spotify:artist:1SZXYhJz4sqEss888VmWLP, spotify:artist:592JnViQ2tot63c1SbtgK2","MC Ryan SP, Mc Kevin, Mc IG, MC Rick, Mc Brisola, Mc Davi, Dfideliz, MC Dricka, Mc Vk, Mc Brinquedo, MC Paulin da Capital","spotify:album:16SuYMsmpv5WbN33Bm2fqh","Revoada do Tubarão","spotify:artist:75i9GaW2MJUgt4BkdUnuUY","MC Ryan SP","2020-09-11","https://i.scdn.co/image/ab67616d0000b273619902ba64e73b97f1d2f995","1","1","573333","https://p.scdn.co/mp3-preview/eb3e3613cba06b40499c2ac619da9293b20faab1?cid=9950ac751e34487dbbe027c4fd7f8e99","true","63","BXG6R2001111","spotify:user:316ye5nphj2c6qd5zczz6wspr4te","2025-10-24T23:59:29Z"
"spotify:track:6EmJRRzWxq675jyn8CEyp5","Chapa Quente","spotify:artist:4YqwRbMLqGHRHLS1w2ZKse, spotify:artist:3prRKGJz16RRMRSIM97nHw, spotify:artist:7I4OIWw3Zm4lUmt2QHnz30, spotify:artist:7saGN6a32YNpiMPo2SWJxE, spotify:artist:4ghwKe4arICmXAVWmuGAFT","Veigh, Supernova Ent, Toledo, Bvga Beatz, DazzBeats","spotify:album:4WTmjVL1HD0QQCiht2scSM","Dos Prédios","spotify:artist:4YqwRbMLqGHRHLS1w2ZKse, spotify:artist:3prRKGJz16RRMRSIM97nHw","Veigh, Supernova Ent","2022-11-18","https://i.scdn.co/image/ab67616d0000b2736ac996c7c01c601a8edc08c7","1","11","145454","https://p.scdn.co/mp3-preview/e42493b1743400fcc61cd104e35a497abaa2c32a?cid=9950ac751e34487dbbe027c4fd7f8e99","true","54","QZNMY2242349","spotify:user:316ye5nphj2c6qd5zczz6wspr4te","2025-10-25T01:33:40Z"
"spotify:track:4vqwVaEqLNWo3UXhQi5IFH","FLORIDA FLOW","spotify:artist:0Y5tJX1MQlPlqiwlOH1tJY, spotify:artist:46SHBwWsqBkxI7EeeBEQG7","Travis Scott, Kodak Black","spotify:album:32lGAqeVkdJxEj2iv2Q01B","JACKBOYS 2","spotify:artist:7A8S43ryYdbWpJKeHRZRcq, spotify:artist:0Y5tJX1MQlPlqiwlOH1tJY","JACKBOYS, Travis Scott","2025-07-13","https://i.scdn.co/image/ab67616d0000b2735d0f8a4c3623e02a79928288","1","17","328574","https://p.scdn.co/mp3-preview/98b22e102b5fa609931db9083738b64254008c7c?cid=9950ac751e34487dbbe027c4fd7f8e99","true","59","USSM12503086","spotify:user:z2zvex1cllb34dps4t0bp2vnz","2025-10-28T23:01:41Z"
"spotify:track:1s9DTymg5UQrdorZf43JQm","Fell In Luv (feat. Bryson Tiller)","spotify:artist:699OTQXzgjhIYAHMy9RyPD, spotify:artist:2EMAnMvWE2eb56ToJVfCWs","Playboi Carti, Bryson Tiller","spotify:album:7dAm8ShwJLFm9SaJ6Yc58O","Die Lit","spotify:artist:699OTQXzgjhIYAHMy9RyPD","Playboi Carti","2018-05-11","https://i.scdn.co/image/ab67616d0000b273a1e867d40e7bb29ced5c0194","1","10","206333","","true","76","USUM71804159","spotify:user:z2zvex1cllb34dps4t0bp2vnz","2025-11-02T21:21:06Z"
"spotify:track:6qY0pwZyb781h6h2OYcOQw","Cana da Choque","spotify:artist:7nhTCM7Tuu7NRQZsmpBIBg, spotify:artist:2KHYG7vNRKtN0e3xdueQdz, spotify:artist:5k9CYypxcHvZKIztYvtmCx, spotify:artist:2yMTlcrLja7mjJnYVTY1Sb","Pedrin, Bebeto, PAVUNA, Cordeiro","spotify:album:7sarQIbzFvWNAOsVxxahff","Cana da Choque","spotify:artist:7nhTCM7Tuu7NRQZsmpBIBg, spotify:artist:2KHYG7vNRKtN0e3xdueQdz, spotify:artist:5k9CYypxcHvZKIztYvtmCx, spotify:artist:2yMTlcrLja7mjJnYVTY1Sb","Pedrin, Bebeto, PAVUNA, Cordeiro","2025-10-29","https://i.scdn.co/image/ab67616d0000b273e22bff9baeeaa9f98a22ce86","1","1","140017","https://p.scdn.co/mp3-preview/4e42855584eee8b8d33b7ef77edfc8076ddd1a56?cid=9950ac751e34487dbbe027c4fd7f8e99","true","62","QZTVM2578056","spotify:user:316ye5nphj2c6qd5zczz6wspr4te","2025-11-01T02:16:45Z"
"spotify:track:4ATO632UaFTJltxCbfBpHI","ME POSTOU NO DAILY - FESTA DO BIG G","spotify:artist:5s27i7oqhNWIcE4HeoVdq0, spotify:artist:1mV9h1AwhRXSjBFcYpajgY, spotify:artist:5ffbqOCrcxCejQ7oqfWXm9, spotify:artist:1Zg9Zp2NMNIBUiazqAHr1C","MC GP, Mc Lele JP, DJ DAVI DOGDOG, Dj Andrabeat","spotify:album:1FeuF1Mscwud8pbUCzypMn","ME POSTOU NO DAILY - FESTA DO BIG G","spotify:artist:5s27i7oqhNWIcE4HeoVdq0, spotify:artist:1mV9h1AwhRXSjBFcYpajgY, spotify:artist:5ffbqOCrcxCejQ7oqfWXm9, spotify:artist:1Zg9Zp2NMNIBUiazqAHr1C","MC GP, Mc Lele JP, DJ DAVI DOGDOG, Dj Andrabeat","2025-09-25","https://i.scdn.co/image/ab67616d0000b273ab2b2b6e8b8da1ca4d875fdd","1","1","177230","https://p.scdn.co/mp3-preview/fcd64ebb94f53c23c0c30c26dde5d1c70b42f338?cid=9950ac751e34487dbbe027c4fd7f8e99","true","72","BK4DA2549343","spotify:user:316ye5nphj2c6qd5zczz6wspr4te","2025-11-01T02:57:33Z"
"spotify:track:3QFInJAm9eyaho5vBzxInN","family ties (with Kendrick Lamar)","spotify:artist:5SXuuuRpukkTvsLuUknva1, spotify:artist:2YZyLoL8N0Wb9xBt1NhZWg","Baby Keem, Kendrick Lamar","spotify:album:3r46DPIQeBQbjvjjV5mXGg","The Melodic Blue","spotify:artist:5SXuuuRpukkTvsLuUknva1","Baby Keem","2021-09-10","https://i.scdn.co/image/ab67616d0000b27335a8a0c8b82b525679eceda6","1","10","252262","https://p.scdn.co/mp3-preview/29e8bbf78ac0c629a8d4d1c280d3695ba18b5a71?cid=9950ac751e34487dbbe027c4fd7f8e99","true","82","USSM12105949","spotify:user:316ye5nphj2c6qd5zczz6wspr4te","2025-11-01T03:04:58Z"
"spotify:track:1wFFFzJ5EsKbBWZriAcubN","Family Matters","spotify:artist:3TVXtAsR1Inumwj472S9r4","Drake","spotify:album:3qwCuSISrIUpyt6sB5edmQ","Family Matters","spotify:artist:3TVXtAsR1Inumwj472S9r4","Drake","2024-05-03","https://i.scdn.co/image/ab67616d0000b273a0ac23f4b446a7264e67bf0e","1","1","456933","","true","73","USUG12402984","spotify:user:316ye5nphj2c6qd5zczz6wspr4te","2025-11-01T03:06:26Z"
"spotify:track:4S8PxReB1UiDR2F5x1lyIR","meet the grahams","spotify:artist:2YZyLoL8N0Wb9xBt1NhZWg","Kendrick Lamar","spotify:album:5PGH88Cwual1Nj8d2RsKP0","meet the grahams","spotify:artist:2YZyLoL8N0Wb9xBt1NhZWg","Kendrick Lamar","2024-05-03","https://i.scdn.co/image/ab67616d0000b273ba8b74f6b8523c328be1bdd2","1","1","392138","","true","70","USUG12400909","spotify:user:316ye5nphj2c6qd5zczz6wspr4te","2025-11-01T03:06:58Z"
"spotify:track:4gh0ZnHzaTMT1sDga7Ek0N","sdp interlude","spotify:artist:0Y5tJX1MQlPlqiwlOH1tJY","Travis Scott","spotify:album:42WVQWuf1teDysXiOupIZt","Birds In The Trap Sing McKnight","spotify:artist:0Y5tJX1MQlPlqiwlOH1tJY","Travis Scott","2016-09-16","https://i.scdn.co/image/ab67616d0000b2738752a7355996e64709247c53","1","6","191622","https://p.scdn.co/mp3-preview/3be3cb436567fde62815a2037562501dfa1c37e0?cid=9950ac751e34487dbbe027c4fd7f8e99","true","81","USSM11607552","spotify:user:316ye5nphj2c6qd5zczz6wspr4te","2025-11-01T18:24:23Z"
"spotify:track:5YURHESoQKz81fL4IxV7NJ","INVEJOSO","spotify:artist:5itNRAG8DPcD6Yrm1rFPLv, spotify:artist:5l8uNQWdIozojTbL2tzBa7, spotify:artist:0BMccF4OSgl180EzdVFY9m, spotify:artist:68PYmgkbRP1qZnEWOry7sB, spotify:artist:4yGgbQJMq9orWypwqtdzYT","Distrito 23, Jhowzin, Raffé, Chefin, Oruam","spotify:album:255NGGUak0BPXU1ImuceyR","INVEJOSO","spotify:artist:0LyfQWJT6nXafLPZqxe9Of","Vários intérpretes","2021-10-23","https://i.scdn.co/image/ab67616d0000b2732b4746c3dc3f43f3cf64166e","1","1","300000","https://p.scdn.co/mp3-preview/2bd9178290d48216d284cf19d18e8521ef91d5fd?cid=9950ac751e34487dbbe027c4fd7f8e99","true","60","BXIV82150638","spotify:user:316ye5nphj2c6qd5zczz6wspr4te","2025-11-01T20:14:07Z"
"spotify:track:4evMMKc2HD6fV9slMfgkMx","TOXIC (with Skepta)","spotify:artist:699OTQXzgjhIYAHMy9RyPD, spotify:artist:2p1fiYHYiXz9qi0JJyxBzN","Playboi Carti, Skepta","spotify:album:0fSfkmx0tdPqFYkJuNX74a","MUSIC","spotify:artist:699OTQXzgjhIYAHMy9RyPD","Playboi Carti","2025-03-14","https://i.scdn.co/image/ab67616d0000b2736b219c8d8462bfe254a20469","1","11","135275","","true","78","USUM72414854","spotify:user:z2zvex1cllb34dps4t0bp2vnz","2025-11-03T08:33:20Z"
"spotify:track:2FGhB10Gon36GgFcOTMQEW","Poesia Acústica #7: Céu Azul","spotify:artist:09U6hmCerKcIJrixubiBjm, spotify:artist:0pcoadNMmvrUyab1RxWBoV, spotify:artist:1E4r5qziZja6v8jA7iTqjn, spotify:artist:5ZHFfmxPiRYohYVeUnOogj, spotify:artist:2UMj7NCbuqy1yUZmiSYGjJ, spotify:artist:0obu7Om4zu9ahul5DI4JtY, spotify:artist:5nP8x4uEFjAAmDzwOEc9b8, spotify:artist:7KO08sObbX1IHeiIR9b5NB, spotify:artist:06lnOkY99sXVW44Y0M4BDP, spotify:artist:7zxFc10N9BP2lg73b8cwZ0","Pineapple StormTv, MC Hariel, Negra Li, Ducon, MC Kevin o Chris, Chris MC, Matuê, Dk 47, Vitão, Salve Malak","spotify:album:5IkIpMWgmSaXO0x9gzgelo","Poesia Acústica #7: Céu Azul","spotify:artist:0LyfQWJT6nXafLPZqxe9Of","Vários intérpretes","2019-07-06","https://i.scdn.co/image/ab67616d0000b273b85750049c743cdbfb98334b","1","1","572038","https://p.scdn.co/mp3-preview/ee3d2fb43febfbf30aaffa0dc9359909ef02bf02?cid=9950ac751e34487dbbe027c4fd7f8e99","true","2","BRUK01900056","spotify:user:316ye5nphj2c6qd5zczz6wspr4te","2025-11-04T18:11:42Z"
"spotify:track:4G7bbgD2DHORU4frrWoCXp","Posso Até Não Te Dar Flores","spotify:artist:1bpnl8qbR9GxmiNlkEufW6, spotify:artist:1CbQrKvCpEnekM3QMGJtXK, spotify:artist:75i9GaW2MJUgt4BkdUnuUY, spotify:artist:6qrqAYlS6lUj2BVXax7SZW, spotify:artist:5ffbqOCrcxCejQ7oqfWXm9","DJ Japa NK, MC Meno K, MC Ryan SP, Mc Jacaré, DJ DAVI DOGDOG","spotify:album:460wiqQRw27a2OHTCegXKF","Posso Até Não Te Dar Flores","spotify:artist:1bpnl8qbR9GxmiNlkEufW6, spotify:artist:1CbQrKvCpEnekM3QMGJtXK, spotify:artist:75i9GaW2MJUgt4BkdUnuUY, spotify:artist:6qrqAYlS6lUj2BVXax7SZW","DJ Japa NK, MC Meno K, MC Ryan SP, Mc Jacaré","2025-09-11","https://i.scdn.co/image/ab67616d0000b27310f008e8b5fda6a55bcb8cd7","1","1","158769","https://p.scdn.co/mp3-preview/f0d332377f6d9c214fec93bf8b94dbe3ecdabf38?cid=9950ac751e34487dbbe027c4fd7f8e99","true","24","BCE7P2503503","spotify:user:316ye5nphj2c6qd5zczz6wspr4te","2025-11-05T00:26:33Z"
"spotify:track:3pVax9HoXuooUIiSaiDRxL","Lugar Distante","spotify:artist:4UZCx8Jrj8w2K90zF8VjWo","DJ Lou","spotify:album:6RDpTfyu5Y6YQeJaZXGG3F","Lugar Distante","spotify:artist:4UZCx8Jrj8w2K90zF8VjWo","DJ Lou","2023-04-03","https://i.scdn.co/image/ab67616d0000b273992e5e9e939ba3c7169d2ceb","1","1","111270","","false","65","QZHZ52141313","spotify:user:316ye5nphj2c6qd5zczz6wspr4te","2025-11-08T01:29:47Z"
"spotify:track:6JPysVgPfEab03Gbm7hjXM","NOW OR NEVER","spotify:artist:4Uwx6qzRn0kA9sz6cCDpBO, spotify:artist:1MVnyuEGQxpIwxOtlThiaL","Tkandz, CXSPER","spotify:album:0IHeHlvgJcWx6h4hscOBpM","NOW OR NEVER","spotify:artist:4Uwx6qzRn0kA9sz6cCDpBO, spotify:artist:1MVnyuEGQxpIwxOtlThiaL","Tkandz, CXSPER","2025-09-15","","1","1","123428","https://p.scdn.co/mp3-preview/5a454607fea652db473863df30931a891daf6b95?cid=9950ac751e34487dbbe027c4fd7f8e99","false","10","AEA3A2015504","spotify:user:316ye5nphj2c6qd5zczz6wspr4te","2025-11-12T00:32:47Z"
"spotify:track:02BcXEH1zJYbXSabPtNlKf","Lose My Mind (feat. Doja Cat) [From F1® The Movie]","spotify:artist:4Gso3d4CscCijv0lmajZWs, spotify:artist:5cj0lLjcoR7YOSnhnX0Po5, spotify:artist:3aly4xJOy3LVznzvRIvFYC","Don Toliver, Doja Cat, F1 The Album","spotify:album:157Gano57F4G2EAWL5NKP8","Lose My Mind (feat. Doja Cat) [From F1® The Movie]","spotify:artist:4Gso3d4CscCijv0lmajZWs, spotify:artist:5cj0lLjcoR7YOSnhnX0Po5, spotify:artist:3aly4xJOy3LVznzvRIvFYC","Don Toliver, Doja Cat, F1 The Album","2025-04-30","https://i.scdn.co/image/ab67616d0000b273d4c0243b55cdf7394323e710","1","1","209051","https://p.scdn.co/mp3-preview/15677b12df04c6334a8c6f8bf8dc571e6669dd3c?cid=9950ac751e34487dbbe027c4fd7f8e99","false","82","USAT22503117","spotify:user:316ye5nphj2c6qd5zczz6wspr4te","2025-11-12T00:32:59Z"
"spotify:track:0e7ipj03S05BNilyu5bRzt","rockstar (feat. 21 Savage)","spotify:artist:246dkjvS1zLTtiykXe5h60, spotify:artist:1URnnhqYAYcrqrcwql10ft","Post Malone, 21 Savage","spotify:album:6trNtQUgC8cgbWcqoMYkOR","beerbongs & bentleys","spotify:artist:246dkjvS1zLTtiykXe5h60","Post Malone","2018-04-27","https://i.scdn.co/image/ab67616d0000b273b1c4b76e23414c9f20242268","1","6","218146","","true","85","USUM71710087","spotify:user:316ye5nphj2c6qd5zczz6wspr4te","2025-11-13T20:29:10Z"
"spotify:track:7dt6x5M1jzdTEt8oCbisTK","Better Now","spotify:artist:246dkjvS1zLTtiykXe5h60","Post Malone","spotify:album:6trNtQUgC8cgbWcqoMYkOR","beerbongs & bentleys","spotify:artist:246dkjvS1zLTtiykXe5h60","Post Malone","2018-04-27","https://i.scdn.co/image/ab67616d0000b273b1c4b76e23414c9f20242268","1","9","231266","","true","84","USUM71805170","spotify:user:316ye5nphj2c6qd5zczz6wspr4te","2025-11-13T20:29:12Z"
"spotify:track:0IO1G8zvwIbnjdgb8iBgdO","Money","spotify:artist:0OLpdla9YvZOtlPnQkXScl, spotify:artist:4BZ0ACrHCLropCpHJypPvV, spotify:artist:71LRKKvAjoc6LyNmob269Q","Jovem Dex, Hash Produções, Portugal No Beat","spotify:album:5SLM1QFkAlQi0YxKo3xWuX","Money","spotify:artist:0OLpdla9YvZOtlPnQkXScl, spotify:artist:4BZ0ACrHCLropCpHJypPvV, spotify:artist:71LRKKvAjoc6LyNmob269Q","Jovem Dex, Hash Produções, Portugal No Beat","2019-02-20","https://i.scdn.co/image/ab67616d0000b273353aed87de41c5ce3d83caf8","1","1","139050","https://p.scdn.co/mp3-preview/e9f4fd517cddaf87884a76f8647b3bfc35debb61?cid=9950ac751e34487dbbe027c4fd7f8e99","false","51","BXXCT2000011","spotify:user:316ye5nphj2c6qd5zczz6wspr4te","2025-11-13T20:30:17Z"
"spotify:track:6Jw6uZbuI7k6ZPushXJNkj","Nav","spotify:artist:0OLpdla9YvZOtlPnQkXScl, spotify:artist:4BZ0ACrHCLropCpHJypPvV","Jovem Dex, Hash Produções","spotify:album:2tLoumAbJhv43Fs3TczfK6","Nav","spotify:artist:0OLpdla9YvZOtlPnQkXScl, spotify:artist:4BZ0ACrHCLropCpHJypPvV","Jovem Dex, Hash Produções","2018-11-09","https://i.scdn.co/image/ab67616d0000b273070dcedc649bbf3225ed45a6","1","1","162010","https://p.scdn.co/mp3-preview/503c9bb648153799046b5725bb6debb031e87f6a?cid=9950ac751e34487dbbe027c4fd7f8e99","false","61","BXXCT2000010","spotify:user:316ye5nphj2c6qd5zczz6wspr4te","2025-11-13T20:31:13Z"
"spotify:track:5l3oyyQTWZc5htAE4F7kAQ","Intro","spotify:artist:1iVZ4G8loVE1bb5EWuOvMM, spotify:artist:4V6S8Exb51yXRs6oiJYIgE","pumapjl, SonoTWS","spotify:album:3gp2i1MoL1Xc3W0bZK88Y7","Naturalidade","spotify:artist:1iVZ4G8loVE1bb5EWuOvMM","pumapjl","2020-12-05","https://i.scdn.co/image/ab67616d0000b273a5e79f0bf60b29e571295cd7","1","1","73276","https://p.scdn.co/mp3-preview/fe9e724fc82dbae60cf5ea79063f59f920c3dc01?cid=9950ac751e34487dbbe027c4fd7f8e99","false","67","BXXYI2000019","spotify:user:316ye5nphj2c6qd5zczz6wspr4te","2025-11-13T20:51:02Z"
"spotify:track:1VqWZ49XFe8idJ0FPmJN0n","Praga","spotify:artist:1iVZ4G8loVE1bb5EWuOvMM, spotify:artist:1wVuEkuxE9riunlAjyAD9p, spotify:artist:5kNYVs4SBM62ioCbzMRXYZ","pumapjl, Novin, wavybil","spotify:album:3gp2i1MoL1Xc3W0bZK88Y7","Naturalidade","spotify:artist:1iVZ4G8loVE1bb5EWuOvMM","pumapjl","2020-12-05","https://i.scdn.co/image/ab67616d0000b273a5e79f0bf60b29e571295cd7","1","5","164330","https://p.scdn.co/mp3-preview/9b1bd98fc720a626a79ec996d5ea1c7223addf9d?cid=9950ac751e34487dbbe027c4fd7f8e99","true","67","BXXYI2000017","spotify:user:316ye5nphj2c6qd5zczz6wspr4te","2025-11-13T20:51:49Z"
"spotify:track:3QzAOrNlsabgbMwlZt7TAY","Ballin' (with Roddy Ricch)","spotify:artist:0YinUQ50QDB7ZxSCLyQ40k, spotify:artist:757aE44tKEUQEqRuT6GnEB","Mustard, Roddy Ricch","spotify:album:2WrNHOba5u6P9S9xEboaUy","Perfect Ten","spotify:artist:0YinUQ50QDB7ZxSCLyQ40k","Mustard","2019-06-28","https://i.scdn.co/image/ab67616d0000b27393b1e96fad758869d0974162","1","9","180434","","true","77","USUM71911808","spotify:user:316ye5nphj2c6qd5zczz6wspr4te","2025-11-13T22:05:18Z"
"spotify:track:0nbXyq5TXYPCO7pr3N8S4I","The Box","spotify:artist:757aE44tKEUQEqRuT6GnEB","Roddy Ricch","spotify:album:52u4anZbHd6UInnmHRFzba","Please Excuse Me for Being Antisocial","spotify:artist:757aE44tKEUQEqRuT6GnEB","Roddy Ricch","2019-12-06","https://i.scdn.co/image/ab67616d0000b273820b43679aab8d3b47001f9c","1","2","196652","https://p.scdn.co/mp3-preview/c2e26475d5f9c9ab6556cbd7ccb793d5ddb60378?cid=9950ac751e34487dbbe027c4fd7f8e99","true","86","USAT21906978","spotify:user:316ye5nphj2c6qd5zczz6wspr4te","2025-11-13T22:06:00Z"
"spotify:track:4SWWe2OYC4mqf40Gc2RSdl","Down Below","spotify:artist:757aE44tKEUQEqRuT6GnEB","Roddy Ricch","spotify:album:1jlIU9p7PChTK3AeqNpnsX","Feed Tha Streets II","spotify:artist:757aE44tKEUQEqRuT6GnEB","Roddy Ricch","2018-11-02","https://i.scdn.co/image/ab67616d0000b273434f4eeb4231f6f4862cafd4","1","11","224002","https://p.scdn.co/mp3-preview/15a23e2437ea5d9a21f5a85a98b7ee4b694ef1b1?cid=9950ac751e34487dbbe027c4fd7f8e99","true","75","USAT21811792","spotify:user:316ye5nphj2c6qd5zczz6wspr4te","2025-11-13T22:07:52Z"
"spotify:track:6WzRpISELf3YglGAh7TXcG","Popular (with Playboi Carti & Madonna) - From The Idol Vol. 1 (Music from the HBO Original Series)","spotify:artist:1Xyo4u8uXC1ZmMpatF05PJ, spotify:artist:699OTQXzgjhIYAHMy9RyPD, spotify:artist:6tbjWDEIzxoDsBA1FuhfPW","The Weeknd, Playboi Carti, Madonna","spotify:album:5O0zUvdnJr0RbWzLFneN2i","Popular (Music from the HBO Original Series)","spotify:artist:1Xyo4u8uXC1ZmMpatF05PJ, spotify:artist:6tbjWDEIzxoDsBA1FuhfPW","The Weeknd, Madonna","2023-06-02","https://i.scdn.co/image/ab67616d0000b2734c8f092adc59b4bf4212389d","1","1","215466","","true","85","USUG12303876","spotify:user:316ye5nphj2c6qd5zczz6wspr4te","2025-11-14T17:13:29Z"
"spotify:track:4zNy0cxc4p36OLdPr0sI6h","MONTAGEM ANOS 2000","spotify:artist:3M8aD9XWxfel3jZakRbibZ, spotify:artist:5ZN9qsKINzpikhHsCBvYpW, spotify:artist:1RdD4CJBoJIEo0vOogJCCF, spotify:artist:22RXQj1gd5zEbcRjdxiJbu, spotify:artist:0ByBhGIqP8T6O0YZWnAMCR","MC Maneirinho, MC Tigrão, Mc Luan, DJ Arana, Karol X","spotify:album:4vhbsr8IwQoKgTiKGlo6So","A.Mago - Playlist do Mago","spotify:artist:22RXQj1gd5zEbcRjdxiJbu","DJ Arana","2023-09-07","https://i.scdn.co/image/ab67616d0000b273fa00235087680b21156a3085","1","2","178080","https://p.scdn.co/mp3-preview/ee72fde73f48bbbbd7923dd4d37caf1acb1f9987?cid=9950ac751e34487dbbe027c4fd7f8e99","true","1","BC3PG2306028","spotify:user:316ye5nphj2c6qd5zczz6wspr4te","2025-11-19T16:31:38Z"
"spotify:track:28drn6tQo95MRvO0jQEo5C","Type Shit","spotify:artist:1RyvyyTE3xzB2ZywiAwp0i, spotify:artist:0iEtIxbK0KxaSlF7G42ZOp, spotify:artist:0Y5tJX1MQlPlqiwlOH1tJY, spotify:artist:699OTQXzgjhIYAHMy9RyPD","Future, Metro Boomin, Travis Scott, Playboi Carti","spotify:album:4iqbFIdGOTzXeDtt9owjQn","WE DON'T TRUST YOU","spotify:artist:1RyvyyTE3xzB2ZywiAwp0i, spotify:artist:0iEtIxbK0KxaSlF7G42ZOp","Future, Metro Boomin","2024-03-22","https://i.scdn.co/image/ab67616d0000b273cec3fc072352b5f4f637d9fa","1","4","228266","https://p.scdn.co/mp3-preview/7a95520e68a5f8e87304cd1e3078010f3f1b417b?cid=9950ac751e34487dbbe027c4fd7f8e99","true","82","USSM12402033","spotify:user:316ye5nphj2c6qd5zczz6wspr4te","2025-11-19T16:32:18Z"
"spotify:track:5hVghJ4KaYES3BFUATCYn0","EARFQUAKE","spotify:artist:4V8LLVI7PbaPR0K2TGSxFF","Tyler\, The Creator","spotify:album:5zi7WsKlIiUXv09tbGLKsE","IGOR","spotify:artist:4V8LLVI7PbaPR0K2TGSxFF","Tyler\, The Creator","2019-05-17","https://i.scdn.co/image/ab67616d0000b27330a635de2bb0caa4e26f6abb","1","2","190072","https://p.scdn.co/mp3-preview/2a1665d82fb2c9e7e2d0f00d1f16aa8ec3142e20?cid=9950ac751e34487dbbe027c4fd7f8e99","true","80","USQX91901111","spotify:user:316ye5nphj2c6qd5zczz6wspr4te","2025-11-23T19:52:55Z"
"spotify:track:6jbYpRPTEFl1HFKHk1IC0m","Like Him (feat. Lola Young)","spotify:artist:4V8LLVI7PbaPR0K2TGSxFF, spotify:artist:67FB4n52MgexGQIG8s0yUH","Tyler\, The Creator, Lola Young","spotify:album:0U28P0QVB1QRxpqp5IHOlH","CHROMAKOPIA","spotify:artist:4V8LLVI7PbaPR0K2TGSxFF","Tyler\, The Creator","2024-10-28","https://i.scdn.co/image/ab67616d0000b273084a94988541c2402615d014","1","12","278014","https://p.scdn.co/mp3-preview/ad8a969e1f079fef0d25c3a5ea922d8498bcbbe7?cid=9950ac751e34487dbbe027c4fd7f8e99","true","86","USQX92405794","spotify:user:316ye5nphj2c6qd5zczz6wspr4te","2025-11-23T19:55:14Z"
"spotify:track:24cOHkrtGGQmKvA8R9BNin","Debochando da Mídia","spotify:artist:3M8aD9XWxfel3jZakRbibZ, spotify:artist:0JjPiLQNgAFaEkwoy56B1C, spotify:artist:5XQEbbbweicO6g4nCj8TSF","MC Maneirinho, L7NNON, Ian Girão","spotify:album:12PFddiRwZQ5GQ3p24jZTo","Debochando da Mídia","spotify:artist:3M8aD9XWxfel3jZakRbibZ, spotify:artist:0JjPiLQNgAFaEkwoy56B1C, spotify:artist:5XQEbbbweicO6g4nCj8TSF","MC Maneirinho, L7NNON, Ian Girão","2020-06-19","https://i.scdn.co/image/ab67616d0000b27317ba1964efcbab7b440dd6c2","1","1","201600","https://p.scdn.co/mp3-preview/7af98768aca29c4ed3775623b75bf5d0975b35e5?cid=9950ac751e34487dbbe027c4fd7f8e99","false","70","QZHZ42054582","spotify:user:316ye5nphj2c6qd5zczz6wspr4te","2025-11-23T20:48:43Z"
"spotify:track:6xgf2Nigvj0JuyNFFDAG7t","Pantera","spotify:artist:2f8xoxornfSw6ePzgyM9NO, spotify:artist:4yFJeWVY6IZLc5KcYCvtBE, spotify:artist:6TPJK8tv3AKKSsw0lENTQk, spotify:artist:7I4OIWw3Zm4lUmt2QHnz30, spotify:artist:0PNcEYeVDBqbywI00Y3ANT","MC Jvila, G.A, Nagalli, Toledo, Honaiser","spotify:album:5SSoOUbZZlcKhYNIeaAXtN","Pantera","spotify:artist:2f8xoxornfSw6ePzgyM9NO, spotify:artist:4yFJeWVY6IZLc5KcYCvtBE, spotify:artist:6TPJK8tv3AKKSsw0lENTQk, spotify:artist:7I4OIWw3Zm4lUmt2QHnz30","MC Jvila, G.A, Nagalli, Toledo","2025-09-10","https://i.scdn.co/image/ab67616d0000b2731d39679546cd30b9f21d0236","1","1","191250","https://p.scdn.co/mp3-preview/2da8a45366a4f1760d4ec31a1937f9e391ff0719?cid=9950ac751e34487dbbe027c4fd7f8e99","false","69","BXG6R2500753","spotify:user:316ye5nphj2c6qd5zczz6wspr4te","2025-11-23T22:18:09Z"
"spotify:track:527k23H0A4Q0UJN3vGs0Da","After Party","spotify:artist:4Gso3d4CscCijv0lmajZWs","Don Toliver","spotify:album:7z4GhRfLqfSkqrj5F3Yt2B","Heaven Or Hell","spotify:artist:4Gso3d4CscCijv0lmajZWs","Don Toliver","2020-03-13","https://i.scdn.co/image/ab67616d0000b2739d04d25e732c593fb94e7193","1","4","167915","https://p.scdn.co/mp3-preview/2b1495340f9ded41b35da63700195208741c2b9e?cid=9950ac751e34487dbbe027c4fd7f8e99","true","79","USAT22001223","spotify:user:316ye5nphj2c6qd5zczz6wspr4te","2025-11-30T23:57:24Z"
"spotify:track:6JH5wCoto58vgqa61jvazc","JAPONÊS","spotify:artist:2KwQkyJzT9r6Hh56jtfuse, spotify:artist:5nP8x4uEFjAAmDzwOEc9b8","Brandão85, Matuê","spotify:album:6XAPZm3B8QGc0QKe1sSob7","JAPONÊS","spotify:artist:2KwQkyJzT9r6Hh56jtfuse, spotify:artist:5nP8x4uEFjAAmDzwOEc9b8","Brandão85, Matuê","2025-11-30","https://i.scdn.co/image/ab67616d0000b2730c34ec2101bd4ecf853dbf56","1","1","192591","https://p.scdn.co/mp3-preview/aaacb97e553615a2074555ab82ff7dffd0d87980?cid=9950ac751e34487dbbe027c4fd7f8e99","false","69","BXW922500111","spotify:user:316ye5nphj2c6qd5zczz6wspr4te","2025-12-01T00:01:56Z"
"spotify:track:2cZOYofOX4d6g0OXxkaIjA","ALL RED","spotify:artist:699OTQXzgjhIYAHMy9RyPD","Playboi Carti","spotify:album:3cdcIcidzGHVQW5e9qQgtx","ALL RED","spotify:artist:699OTQXzgjhIYAHMy9RyPD","Playboi Carti","2024-09-13","https://i.scdn.co/image/ab67616d0000b273ca15942c726ec9c39796435e","1","1","148053","","true","69","USUM72410900","spotify:user:316ye5nphj2c6qd5zczz6wspr4te","2025-12-01T00:19:11Z"
"spotify:track:3FNy4yzOhHhFBeA5p4ofoq","Young, Wild & Free (feat. Bruno Mars)","spotify:artist:7hJcb9fa4alzcOq3EaNPoG, spotify:artist:137W8MRPWKqSmrBGDBFSop, spotify:artist:0du5cEVh5yTK9QJze8zA0C","Snoop Dogg, Wiz Khalifa, Bruno Mars","spotify:album:1LMcmxhxL1g2GXj0X3w3sQ","Young, Wild & Free (feat. Bruno Mars)","spotify:artist:7hJcb9fa4alzcOq3EaNPoG, spotify:artist:137W8MRPWKqSmrBGDBFSop","Snoop Dogg, Wiz Khalifa","2011-10-21","https://i.scdn.co/image/ab67616d0000b273fbd3128cc27caae9c0f1c03a","1","1","207346","https://p.scdn.co/mp3-preview/c7ead2fb0d0be4004af5b912846138692b1fc0f9?cid=9950ac751e34487dbbe027c4fd7f8e99","false","74","USAT21102233","spotify:user:316ye5nphj2c6qd5zczz6wspr4te","2025-12-01T00:33:43Z"
"spotify:track:70FCugJxa7XW04Np6iYJdI","21 Questions","spotify:artist:3q7HBObVc0L8jNeTe5Gofh, spotify:artist:1Oa0bMld0A3u5OTYfMzp5h","50 Cent, Nate Dogg","spotify:album:5G5rgQHzdQnw32SI0WjIo5","Get Rich Or Die Tryin'","spotify:artist:3q7HBObVc0L8jNeTe5Gofh","50 Cent","2003-02-06","https://i.scdn.co/image/ab67616d0000b273d843fabb75fef14010e30cae","1","14","224440","","true","81","USIR10300002","spotify:user:316ye5nphj2c6qd5zczz6wspr4te","2025-12-01T00:37:06Z"
"spotify:track:3G0yz3DZn3lfraledmBCT0","P.I.M.P.","spotify:artist:3q7HBObVc0L8jNeTe5Gofh","50 Cent","spotify:album:5G5rgQHzdQnw32SI0WjIo5","Get Rich Or Die Tryin'","spotify:artist:3q7HBObVc0L8jNeTe5Gofh","50 Cent","2003-02-06","https://i.scdn.co/image/ab67616d0000b273d843fabb75fef14010e30cae","1","11","249480","","true","82","USIR10300020","spotify:user:316ye5nphj2c6qd5zczz6wspr4te","2025-12-01T00:37:26Z"
"spotify:track:69kOkLUCkxIZYexIgSG8rq","Get Lucky (feat. Pharrell Williams and Nile Rodgers)","spotify:artist:4tZwfgrHOc3mvqYlEYSvVi, spotify:artist:2RdwBSPQiwcmiDo9kixcl8, spotify:artist:3yDIp0kaq9EFKe07X1X2rz","Daft Punk, Pharrell Williams, Nile Rodgers","spotify:album:4m2880jivSbbyEGAKfITCa","Random Access Memories","spotify:artist:4tZwfgrHOc3mvqYlEYSvVi","Daft Punk","2013-05-20","https://i.scdn.co/image/ab67616d0000b2739b9b36b0e22870b9f542d937","1","8","369626","https://p.scdn.co/mp3-preview/6de52dda0d37a0646987856c3b9f7da075d965b4?cid=9950ac751e34487dbbe027c4fd7f8e99","false","79","USQX91300108","spotify:user:316ye5nphj2c6qd5zczz6wspr4te","2025-12-04T04:12:21Z"
"spotify:track:5D2mYZuzcgjpchVY1pmTPh","Candy Shop","spotify:artist:3q7HBObVc0L8jNeTe5Gofh, spotify:artist:5YBSzuCs7WaFKNr7Bky0Uf","50 Cent, Olivia","spotify:album:2pidzXTaHV4WaIJYRxKDCH","The Massacre","spotify:artist:3q7HBObVc0L8jNeTe5Gofh","50 Cent","2005-03-03","https://i.scdn.co/image/ab67616d0000b27391f7222996c531b981e7bb3d","1","7","209106","","true","84","USIR10500072","spotify:user:316ye5nphj2c6qd5zczz6wspr4te","2025-12-04T19:41:03Z"
"spotify:track:4nva9EpKntUTs6CRSGBCn9","Just A Lil Bit","spotify:artist:3q7HBObVc0L8jNeTe5Gofh","50 Cent","spotify:album:2pidzXTaHV4WaIJYRxKDCH","The Massacre","spotify:artist:3q7HBObVc0L8jNeTe5Gofh","50 Cent","2005-03-03","https://i.scdn.co/image/ab67616d0000b27391f7222996c531b981e7bb3d","1","14","237706","","true","85","USIR10500279","spotify:user:316ye5nphj2c6qd5zczz6wspr4te","2025-12-04T19:41:19Z"
"spotify:track:18zXw7VA97aovBwbxSpPqH","Vagalumes","spotify:artist:6TgVQhHx0BWvzdEQxRnr23, spotify:artist:4yTuL3DV58ipi2dn3up6ny","POLLO, Ivo Mozart","spotify:album:6Rw191EPH8xdpJM4tuQsj1","Vim pra Dominar o Mundo","spotify:artist:6TgVQhHx0BWvzdEQxRnr23","POLLO","2012-12-11","https://i.scdn.co/image/ab67616d0000b273939ff04af0c3d2cff2b055e2","1","13","170766","https://p.scdn.co/mp3-preview/b4119e789cbbc3b86ff1998cdae1f9f6315e80a5?cid=9950ac751e34487dbbe027c4fd7f8e99","false","71","BRXM91200013","spotify:user:316ye5nphj2c6qd5zczz6wspr4te","2025-12-04T20:31:24Z"
"spotify:track:6JKkP9ABQzYZUFSKSVDKIc","Deixe Me Ir (feat. Pablo Martins) - Acústico 1Kilo","spotify:artist:6E2st8OqIaS7PU5gj95FSE, spotify:artist:6cUTkFvlPW27lYc3qcoOgy, spotify:artist:7Ceg1mJmu4lAzuhQU9hQFJ, spotify:artist:1yDAF4rsplzWHhq3yFGZjM","1Kilo, Baviera, Knust, Pablo Martins","spotify:album:46yCXaTMO6Tchv34c2jZT2","Deixe Me Ir (feat. Pablo Martins) [Acústico 1Kilo]","spotify:artist:6E2st8OqIaS7PU5gj95FSE, spotify:artist:6cUTkFvlPW27lYc3qcoOgy, spotify:artist:7Ceg1mJmu4lAzuhQU9hQFJ","1Kilo, Baviera, Knust","2017-03-15","https://i.scdn.co/image/ab67616d0000b2737931295ff66b70ceefd61000","1","1","213191","https://p.scdn.co/mp3-preview/a20137bfb0477940457bd3b5199db27f990edff3?cid=9950ac751e34487dbbe027c4fd7f8e99","false","79","US7VG1733981","spotify:user:316ye5nphj2c6qd5zczz6wspr4te","2025-12-04T20:31:46Z"
"spotify:track:6nWPzkaAjRdjAGSFhpGc3O","Já Que Me Ensinou a Beber","spotify:artist:5Lv2GUVwqmQBPwrTrxucE5","Os Barões Da Pisadinha","spotify:album:7nvdFAVwTz9D2ioC8polNu","Batom de Ouro","spotify:artist:5Lv2GUVwqmQBPwrTrxucE5","Os Barões Da Pisadinha","2019-09-26","https://i.scdn.co/image/ab67616d0000b273cebd12fd46a298c3321f4358","1","19","158432","https://p.scdn.co/mp3-preview/b482213723ce878cc526557109b12e30651a9472?cid=9950ac751e34487dbbe027c4fd7f8e99","false","68","BXDW71900041","spotify:user:316ye5nphj2c6qd5zczz6wspr4te","2025-12-04T20:32:47Z"
"spotify:track:3cqeso9qMA6HoISorEoFfk","Céu Azul","spotify:artist:1on7ZQ2pvgeQF4vmIA09x5","Charlie Brown Jr.","spotify:album:6oXMHZ4TuFId1OgRb4Eb3Y","Música Popular Caiçara: Edição Luxo (Ao Vivo)","spotify:artist:1on7ZQ2pvgeQF4vmIA09x5","Charlie Brown Jr.","2012","https://i.scdn.co/image/ab67616d0000b2734a67d6a2fea7ec3958232f98","1","29","198786","https://p.scdn.co/mp3-preview/b1ff16e202bbc3214e73fd1158713c3fc530a36c?cid=9950ac751e34487dbbe027c4fd7f8e99","false","73","BR9U91200028","spotify:user:316ye5nphj2c6qd5zczz6wspr4te","2025-12-04T20:33:12Z"
"spotify:track:0h9GmCGvM0meVHfF0XrnHJ","MEU CEMITÉRIO","spotify:artist:5nP8x4uEFjAAmDzwOEc9b8","Matuê","spotify:album:3Cqy67s3ZgJXzpTTEOV3EL","MEU CEMITÉRIO","spotify:artist:5nP8x4uEFjAAmDzwOEc9b8","Matuê","2025-12-08","https://i.scdn.co/image/ab67616d0000b273d95e05975c47b225e16b0e5d","1","1","207179","https://p.scdn.co/mp3-preview/b00d626d49ebbb2d1d69e9827b1f44ccbfa5b443?cid=9950ac751e34487dbbe027c4fd7f8e99","true","56","BXW922500123","spotify:user:316ye5nphj2c6qd5zczz6wspr4te","2025-12-09T00:00:25Z"
"spotify:track:3qhlB30KknSejmIvZZLjOD","End of Beginning","spotify:artist:5p9HO3XC5P3BLxJs5Mtrhm","Djo","spotify:album:4JDXBZdRPId4devseaAOKH","DECIDE","spotify:artist:5p9HO3XC5P3BLxJs5Mtrhm","Djo","2022-09-16","https://i.scdn.co/image/ab67616d0000b273fddfffec51b4580acae727c1","1","6","159245","https://p.scdn.co/mp3-preview/2f6f0965be46144eca9212258c7a2988376727a1?cid=9950ac751e34487dbbe027c4fd7f8e99","false","96","GBKPL2205058","spotify:user:316ye5nphj2c6qd5zczz6wspr4te","2025-12-09T14:32:16Z"
"spotify:track:5T6mY3sQbvVfLnertXdoST","Cogulândia","spotify:artist:5nP8x4uEFjAAmDzwOEc9b8","Matuê","spotify:album:6ehm0SMBBoSxH8oSrFXre6","Máquina do Tempo","spotify:artist:5nP8x4uEFjAAmDzwOEc9b8","Matuê","2020-09-10","https://i.scdn.co/image/ab67616d0000b273a602766a53a1827a4b5ed315","1","1","120000","https://p.scdn.co/mp3-preview/e6be8f74b5e7e6e1562901d0ea12cc7252963b17?cid=9950ac751e34487dbbe027c4fd7f8e99","true","66","BXW922000008","spotify:user:316ye5nphj2c6qd5zczz6wspr4te","2025-12-09T15:23:37Z"
"spotify:track:0RiRZpuVRbi7oqRdSMwhQY","Sunflower - Spider-Man: Into the Spider-Verse","spotify:artist:246dkjvS1zLTtiykXe5h60, spotify:artist:1zNqQNIdeOUZHb8zbZRFMX","Post Malone, Swae Lee","spotify:album:4g1ZRSobMefqF6nelkgibi","Hollywood's Bleeding","spotify:artist:246dkjvS1zLTtiykXe5h60","Post Malone","2019-09-06","https://i.scdn.co/image/ab67616d0000b2739478c87599550dd73bfa7e02","1","12","157560","","false","90","USUM71814888","spotify:user:316ye5nphj2c6qd5zczz6wspr4te","2025-12-09T23:53:26Z"
"spotify:track:3a1lNhkSLSkpJE4MSHpDu9","Congratulations","spotify:artist:246dkjvS1zLTtiykXe5h60, spotify:artist:0VRj0yCOv2FXJNP47XQnx5","Post Malone, Quavo","spotify:album:5s0rmjP8XOPhP6HhqOhuyC","Stoney (Deluxe)","spotify:artist:246dkjvS1zLTtiykXe5h60","Post Malone","2016-12-09","https://i.scdn.co/image/ab67616d0000b27355404f712deb84d0650a4b41","1","12","220293","","true","84","USUM71614484","spotify:user:316ye5nphj2c6qd5zczz6wspr4te","2025-12-09T23:59:38Z"
"spotify:track:6zI2BCllRpA8H8KR5v8u3v","REI TUÊ","spotify:artist:5nP8x4uEFjAAmDzwOEc9b8","Matuê","spotify:album:5ORsvI5ThmZw7PS1NTvZaB","XTRANHO","spotify:artist:5nP8x4uEFjAAmDzwOEc9b8","Matuê","2025-12-10","https://i.scdn.co/image/ab67616d0000b27343112179518345098d90d4a5","1","1","143823","https://p.scdn.co/mp3-preview/db70fdb1db779d542124d4c32693c9b0ee757d61?cid=9950ac751e34487dbbe027c4fd7f8e99","true","64","BXW922500131","spotify:user:316ye5nphj2c6qd5zczz6wspr4te","2025-12-11T00:01:53Z"
"spotify:track:5x6ZQVigUJhSIHN65rp6g9","TALKING BOUT","spotify:artist:5nP8x4uEFjAAmDzwOEc9b8","Matuê","spotify:album:5ORsvI5ThmZw7PS1NTvZaB","XTRANHO","spotify:artist:5nP8x4uEFjAAmDzwOEc9b8","Matuê","2025-12-10","https://i.scdn.co/image/ab67616d0000b27343112179518345098d90d4a5","1","2","152947","https://p.scdn.co/mp3-preview/4bda17614c60526649f5bc59aff8546a71879a3f?cid=9950ac751e34487dbbe027c4fd7f8e99","true","59","BXW922500133","spotify:user:316ye5nphj2c6qd5zczz6wspr4te","2025-12-11T00:01:53Z"
"spotify:track:5Y2QDfKgRS6lPkyVITN4P0","MEU CEMITÉRIO","spotify:artist:5nP8x4uEFjAAmDzwOEc9b8","Matuê","spotify:album:5ORsvI5ThmZw7PS1NTvZaB","XTRANHO","spotify:artist:5nP8x4uEFjAAmDzwOEc9b8","Matuê","2025-12-10","https://i.scdn.co/image/ab67616d0000b27343112179518345098d90d4a5","1","3","207179","https://p.scdn.co/mp3-preview/c4de00ff4b1a53b50f3dd174251b8ece4d607db8?cid=9950ac751e34487dbbe027c4fd7f8e99","true","66","BXW922500123","spotify:user:316ye5nphj2c6qd5zczz6wspr4te","2025-12-11T00:01:53Z"
"spotify:track:6IQnS5jbctbXMd6TOeEYaz","ÍCONE FASHION","spotify:artist:5nP8x4uEFjAAmDzwOEc9b8, spotify:artist:2KMezb1S2TuirqGVavMXqY","Matuê, kouth","spotify:album:5ORsvI5ThmZw7PS1NTvZaB","XTRANHO","spotify:artist:5nP8x4uEFjAAmDzwOEc9b8","Matuê","2025-12-10","https://i.scdn.co/image/ab67616d0000b27343112179518345098d90d4a5","1","4","152052","https://p.scdn.co/mp3-preview/0670c3763a9da849c2f4974f83962f6d5976729b?cid=9950ac751e34487dbbe027c4fd7f8e99","true","64","BXW922500121","spotify:user:316ye5nphj2c6qd5zczz6wspr4te","2025-12-11T00:01:53Z"
"spotify:track:38NukRP5zIlRv9XlKtwuAJ","AUTOBAHN","spotify:artist:5nP8x4uEFjAAmDzwOEc9b8, spotify:artist:2Qwqi6HFAxi1QZSS0fQrPC","Matuê, Cashley","spotify:album:5ORsvI5ThmZw7PS1NTvZaB","XTRANHO","spotify:artist:5nP8x4uEFjAAmDzwOEc9b8","Matuê","2025-12-10","https://i.scdn.co/image/ab67616d0000b27343112179518345098d90d4a5","1","5","185454","https://p.scdn.co/mp3-preview/ba66e1388171eaabef1bf0cbc67eae95e173ceea?cid=9950ac751e34487dbbe027c4fd7f8e99","true","67","BXW922500115","spotify:user:316ye5nphj2c6qd5zczz6wspr4te","2025-12-11T00:01:53Z"
"spotify:track:1LT3tGHfUbjrdDT5BPa1Iq","FACAS E MACHADOS","spotify:artist:5nP8x4uEFjAAmDzwOEc9b8, spotify:artist:7g4bHpDdeUyNES1eX8BQ3g, spotify:artist:7cPUUMttmnzfRdM8smHaVZ","Matuê, FAB GODAMN, okie","spotify:album:5ORsvI5ThmZw7PS1NTvZaB","XTRANHO","spotify:artist:5nP8x4uEFjAAmDzwOEc9b8","Matuê","2025-12-10","https://i.scdn.co/image/ab67616d0000b27343112179518345098d90d4a5","1","7","112651","https://p.scdn.co/mp3-preview/c73416266bb9b530095bbcae8f4facbc421ebd21?cid=9950ac751e34487dbbe027c4fd7f8e99","true","56","BXW922500119","spotify:user:316ye5nphj2c6qd5zczz6wspr4te","2025-12-11T00:01:53Z"
"spotify:track:4sX07T4478VYdBm0R71POZ","ALTERADO","spotify:artist:5nP8x4uEFjAAmDzwOEc9b8, spotify:artist:6OR5QDOXtB0dAKK3VEmXHr","Matuê, Phl Notunrboy","spotify:album:5ORsvI5ThmZw7PS1NTvZaB","XTRANHO","spotify:artist:5nP8x4uEFjAAmDzwOEc9b8","Matuê","2025-12-10","https://i.scdn.co/image/ab67616d0000b27343112179518345098d90d4a5","1","8","193600","https://p.scdn.co/mp3-preview/bc27c0f2f15ec436b9229f5a5c17963415055f91?cid=9950ac751e34487dbbe027c4fd7f8e99","true","59","BXW922500113","spotify:user:316ye5nphj2c6qd5zczz6wspr4te","2025-12-11T00:01:53Z"
"spotify:track:0aksmcRh5LIs4DAL3pfcoY","PENSAMENTOS PERIGOSOS","spotify:artist:5nP8x4uEFjAAmDzwOEc9b8, spotify:artist:5U55IfWwerZXAqb1WNNfCX","Matuê, LPT Zlatan","spotify:album:5ORsvI5ThmZw7PS1NTvZaB","XTRANHO","spotify:artist:5nP8x4uEFjAAmDzwOEc9b8","Matuê","2025-12-10","https://i.scdn.co/image/ab67616d0000b27343112179518345098d90d4a5","1","9","214008","https://p.scdn.co/mp3-preview/be3945a6a68ba389db670e2c9eed562e9190f28e?cid=9950ac751e34487dbbe027c4fd7f8e99","true","60","BXW922500127","spotify:user:316ye5nphj2c6qd5zczz6wspr4te","2025-12-11T00:01:53Z"
"spotify:track:6sHWMvDDdgNNvkJ7JHktdl","XTRANHO","spotify:artist:5nP8x4uEFjAAmDzwOEc9b8, spotify:artist:2KwQkyJzT9r6Hh56jtfuse","Matuê, Brandão85","spotify:album:5ORsvI5ThmZw7PS1NTvZaB","XTRANHO","spotify:artist:5nP8x4uEFjAAmDzwOEc9b8","Matuê","2025-12-10","https://i.scdn.co/image/ab67616d0000b27343112179518345098d90d4a5","1","10","213016","https://p.scdn.co/mp3-preview/3c8807c7e976dcd9439fb9dd1440688df9cac020?cid=9950ac751e34487dbbe027c4fd7f8e99","true","69","BXW922500137","spotify:user:316ye5nphj2c6qd5zczz6wspr4te","2025-12-11T00:01:53Z"
"spotify:track:5TKTBDb9p1npApJLuQLd7M","BACKSTAGE","spotify:artist:5nP8x4uEFjAAmDzwOEc9b8, spotify:artist:6os1temnovzJIEGRUmn3fG, spotify:artist:27sdmUjvXiJmhG4J9QHWFz, spotify:artist:7iANeSRULLS2z8Eeuzxsbl","Matuê, BNYX®, Azul Wynter, Bryan Yepes","spotify:album:5ORsvI5ThmZw7PS1NTvZaB","XTRANHO","spotify:artist:5nP8x4uEFjAAmDzwOEc9b8","Matuê","2025-12-10","https://i.scdn.co/image/ab67616d0000b27343112179518345098d90d4a5","1","11","139062","https://p.scdn.co/mp3-preview/62ee9e69896685bb61ff7955b5271516144261f1?cid=9950ac751e34487dbbe027c4fd7f8e99","true","76","BXW922500117","spotify:user:316ye5nphj2c6qd5zczz6wspr4te","2025-12-11T00:01:53Z"
"spotify:track:2WIg2OljTQEbja74ZGOrxQ","TODAS AS LUZES","spotify:artist:5nP8x4uEFjAAmDzwOEc9b8","Matuê","spotify:album:5ORsvI5ThmZw7PS1NTvZaB","XTRANHO","spotify:artist:5nP8x4uEFjAAmDzwOEc9b8","Matuê","2025-12-10","https://i.scdn.co/image/ab67616d0000b27343112179518345098d90d4a5","1","12","153747","https://p.scdn.co/mp3-preview/1ff890f9446702eb88179405c041533eebf9de22?cid=9950ac751e34487dbbe027c4fd7f8e99","true","63","BXW922500135","spotify:user:316ye5nphj2c6qd5zczz6wspr4te","2025-12-11T00:01:53Z"
"spotify:track:35df5zF0HOKz9bfNjOA7tZ","OS MELHORES","spotify:artist:5nP8x4uEFjAAmDzwOEc9b8","Matuê","spotify:album:5ORsvI5ThmZw7PS1NTvZaB","XTRANHO","spotify:artist:5nP8x4uEFjAAmDzwOEc9b8","Matuê","2025-12-10","https://i.scdn.co/image/ab67616d0000b27343112179518345098d90d4a5","1","13","155081","https://p.scdn.co/mp3-preview/92b36c64dfc7abcfe0b6ca27e4b162c8158f44e2?cid=9950ac751e34487dbbe027c4fd7f8e99","true","63","BXW922500125","spotify:user:316ye5nphj2c6qd5zczz6wspr4te","2025-12-11T00:01:53Z"
"spotify:track:1gqkRc9WtOpnGIqxf2Hvzr","On Sight","spotify:artist:5K4W6rqBFWDnAN6FQUkS6x","Kanye West","spotify:album:7D2NdGvBHIavgLhmcwhluK","Yeezus","spotify:artist:5K4W6rqBFWDnAN6FQUkS6x","Kanye West","2013-06-18","https://i.scdn.co/image/ab67616d0000b2731dacfbc31cc873d132958af9","1","1","156480","","true","76","USUM71307527","spotify:user:z2zvex1cllb34dps4t0bp2vnz","2025-12-11T02:20:04Z"
"spotify:track:3sNVsP50132BTNlImLx70i","Bound 2","spotify:artist:5K4W6rqBFWDnAN6FQUkS6x","Kanye West","spotify:album:7D2NdGvBHIavgLhmcwhluK","Yeezus","spotify:artist:5K4W6rqBFWDnAN6FQUkS6x","Kanye West","2013-06-18","https://i.scdn.co/image/ab67616d0000b2731dacfbc31cc873d132958af9","1","10","229146","","true","85","USUM71307523","spotify:user:z2zvex1cllb34dps4t0bp2vnz","2025-12-11T02:20:14Z"
"spotify:track:6iycYUk3oB0NPMdaDUrN1w","EVIL J0RDAN","spotify:artist:699OTQXzgjhIYAHMy9RyPD","Playboi Carti","spotify:album:0fSfkmx0tdPqFYkJuNX74a","MUSIC","spotify:artist:699OTQXzgjhIYAHMy9RyPD","Playboi Carti","2025-03-14","https://i.scdn.co/image/ab67616d0000b2736b219c8d8462bfe254a20469","1","4","183928","","true","78","USUM72414866","spotify:user:316ye5nphj2c6qd5zczz6wspr4te","2025-12-12T06:30:43Z"
"spotify:track:0hB6UKgc3iKTphmGuWpNOg","Faz assim","spotify:artist:2OykwFvrdokATKdUQPGAFA, spotify:artist:3nfX35AmNNFGx6Tu9WCW5r, spotify:artist:0pVJXCGsBydS7rq0R4w4hm, spotify:artist:2TLX5U1HoPlgzky1SstRWJ","Prod Gomes, DJ Gomes Original, Yuri Redicopa, Bisqui","spotify:album:0fRzT77gUSZcB4yMQlv5mK","Os Dois Lados Da Moeda","spotify:artist:2OykwFvrdokATKdUQPGAFA, spotify:artist:3nfX35AmNNFGx6Tu9WCW5r","Prod Gomes, DJ Gomes Original","2025-08-02","https://i.scdn.co/image/ab67616d0000b273d17c25f5c93ccd63e71d4565","1","6","149333","https://p.scdn.co/mp3-preview/cb243ca42278362d7ba2d6bbb81e610854aa10de?cid=9950ac751e34487dbbe027c4fd7f8e99","true","69","BKX8J2500006","spotify:user:316ye5nphj2c6qd5zczz6wspr4te","2025-12-15T16:20:13Z"
"spotify:track:0wwPcA6wtMf6HUMpIRdeP7","Hotline Bling","spotify:artist:3TVXtAsR1Inumwj472S9r4","Drake","spotify:album:40GMAhriYJRO1rsY4YdrZb","Views","spotify:artist:3TVXtAsR1Inumwj472S9r4","Drake","2016-05-06","https://i.scdn.co/image/ab67616d0000b2739416ed64daf84936d89e671c","1","20","267066","","false","86","USCM51500238","spotify:user:316ye5nphj2c6qd5zczz6wspr4te","2025-12-15T19:21:32Z"
"spotify:track:7hNz5zhpCdK3qIqplGyISA","Abbot On The Radar Freestyle","spotify:artist:24dIBlB22aVJyMNmLSEVZz, spotify:artist:1ZcIMjx9kP46pUdFOdjWKQ, spotify:artist:6RC5tRbakJ46EExHuPmxzK","On The Radar, Abbot, Celo1st","spotify:album:02enqVcTeiiXIHEi9PasQt","Abbot On The Radar Freestyle","spotify:artist:24dIBlB22aVJyMNmLSEVZz, spotify:artist:1ZcIMjx9kP46pUdFOdjWKQ, spotify:artist:6RC5tRbakJ46EExHuPmxzK","On The Radar, Abbot, Celo1st","2025-05-30","https://i.scdn.co/image/ab67616d0000b2734dd10fa5f01213f24bbe29aa","1","1","163636","https://p.scdn.co/mp3-preview/a68afb4671c803aa72a869b580d77faca66eac87?cid=9950ac751e34487dbbe027c4fd7f8e99","false","54","QZVEM2557829","spotify:user:316ye5nphj2c6qd5zczz6wspr4te","2025-12-17T03:31:22Z"
"spotify:track:5wTHqpJDnoGW562HQW1BmC","TENTAR SER BREVE 🤷🏾‍♀️","spotify:artist:2h5Ha0ZiMFmOQD3iYcSXsy, spotify:artist:27azwwkxutWL1BWMkgNIh0, spotify:artist:4YqwRbMLqGHRHLS1w2ZKse, spotify:artist:5dLqjc2m428QbostsKrUYW, spotify:artist:0WvTL8PecsD3VxRGuHdSxj, spotify:artist:1EihkUZJcXOwXN4tedcfxd, spotify:artist:0PNcEYeVDBqbywI00Y3ANT","KayBlack, Vulgo FK, Veigh, Fepache, Galdino, H4lfmeasures, Honaiser","spotify:album:4bJZgUcP13Q7LEswwYrDxR","FKAY","spotify:artist:2h5Ha0ZiMFmOQD3iYcSXsy, spotify:artist:27azwwkxutWL1BWMkgNIh0","KayBlack, Vulgo FK","2025-11-25","https://i.scdn.co/image/ab67616d0000b27375bd9c7656d9a33f0f6ece0f","1","2","223384","https://p.scdn.co/mp3-preview/d8c044597929f3d292c23633a3ee7f7902ec9d99?cid=9950ac751e34487dbbe027c4fd7f8e99","false","71","BRWMB2501576","spotify:user:316ye5nphj2c6qd5zczz6wspr4te","2025-12-17T03:33:08Z"
"spotify:track:6OAjbLmKmJpewSIfNiY4rI","Trap de Cria 2","spotify:artist:05qCf6M7E7AxizHVmrcPqh, spotify:artist:5ZyT4ZJtpQdihQ7MTMTluE, spotify:artist:4YqwRbMLqGHRHLS1w2ZKse, spotify:artist:6TPJK8tv3AKKSsw0lENTQk, spotify:artist:6zGPa2tLMJ5HQYUddZI8di","Kyan, Danzo, Veigh, Nagalli, Caio Passos","spotify:album:77zQ29QAZp5Rr0t3Vxnqoo","Trap de Cria 2","spotify:artist:05qCf6M7E7AxizHVmrcPqh, spotify:artist:5ZyT4ZJtpQdihQ7MTMTluE, spotify:artist:4YqwRbMLqGHRHLS1w2ZKse","Kyan, Danzo, Veigh","2022-02-22","https://i.scdn.co/image/ab67616d0000b273dd83ca07bd7319b27b2e832a","1","1","157566","https://p.scdn.co/mp3-preview/205cf3484078caa776096b5bce634de3a337aa41?cid=9950ac751e34487dbbe027c4fd7f8e99","true","54","BX46W2100101","spotify:user:316ye5nphj2c6qd5zczz6wspr4te","2025-12-18T17:15:13Z"
"spotify:track:1lJOLxDS8kS2rihrqezMcv","Century","spotify:artist:0EyhkwP3UnwGFBy6xwKjSy","EsDeeKid","spotify:album:3iEInaFAamSTND6sovehX7","Century","spotify:artist:0EyhkwP3UnwGFBy6xwKjSy","EsDeeKid","2025-10-31","https://i.scdn.co/image/ab67616d0000b2736a27219d9d1b921ef86a13fb","1","1","109714","https://p.scdn.co/mp3-preview/cacca2541f2343cafa8c11af9e5917f7513bd4ba?cid=9950ac751e34487dbbe027c4fd7f8e99","true","82","US39N2528419","spotify:user:316ye5nphj2c6qd5zczz6wspr4te","2025-12-19T21:46:19Z"
"spotify:track:6NYbDTmstd7JSUWl2hVBqR","Sprinter","spotify:artist:6Ip8FS7vWT1uKkJSweANQK, spotify:artist:5H4yInM5zmHqpKIoMNAx4r","Dave, Central Cee","spotify:album:7sGpm3nDvQXOflht2c6wlK","Sprinter","spotify:artist:6Ip8FS7vWT1uKkJSweANQK, spotify:artist:5H4yInM5zmHqpKIoMNAx4r","Dave, Central Cee","2023-06-01","https://i.scdn.co/image/ab67616d0000b273dd9f1f94f2f9a10310a3d525","1","1","229133","https://p.scdn.co/mp3-preview/77c52fea9f2704d899bdf5b5394c4555eb0ce2f9?cid=9950ac751e34487dbbe027c4fd7f8e99","true","84","GBUM72305159","spotify:user:316ye5nphj2c6qd5zczz6wspr4te","2025-12-19T21:47:57Z"
"spotify:track:0YThXX1dqUpYBLyJNAsF9N","If We Being Rëal","spotify:artist:3qiHUAX7zY4Qnjx8TNUzVx","Yeat","spotify:album:1jXYc5gip5tqCTDOotfY5L","2093","spotify:artist:3qiHUAX7zY4Qnjx8TNUzVx","Yeat","2024-02-16","https://i.scdn.co/image/ab67616d0000b2738280cc0742ecadd06889d164","1","21","172500","","true","76","USUM72401643","spotify:user:316ye5nphj2c6qd5zczz6wspr4te","2025-12-19T22:30:06Z"
"spotify:track:6LxSe8YmdPxy095Ux6znaQ","Headlines","spotify:artist:3TVXtAsR1Inumwj472S9r4","Drake","spotify:album:6X1x82kppWZmDzlXXK3y3q","Take Care (Deluxe)","spotify:artist:3TVXtAsR1Inumwj472S9r4","Drake","2011-11-15","https://i.scdn.co/image/ab67616d0000b273c7ea04a9b455e3f68ef82550","1","3","235986","","true","88","USCM51100290","spotify:user:316ye5nphj2c6qd5zczz6wspr4te","2025-12-19T22:32:17Z"
"spotify:track:3L0IKstjUgDFVQAbQIRZRv","R.I.P.","spotify:artist:699OTQXzgjhIYAHMy9RyPD","Playboi Carti","spotify:album:7dAm8ShwJLFm9SaJ6Yc58O","Die Lit","spotify:artist:699OTQXzgjhIYAHMy9RyPD","Playboi Carti","2018-05-11","https://i.scdn.co/image/ab67616d0000b273a1e867d40e7bb29ced5c0194","1","2","192026","","true","73","USUM71804150","spotify:user:z2zvex1cllb34dps4t0bp2vnz","2025-12-20T03:09:44Z"
"spotify:track:6HZILIRieu8S0iqY8kIKhj","DNA.","spotify:artist:2YZyLoL8N0Wb9xBt1NhZWg","Kendrick Lamar","spotify:album:4eLPsYPBmXABThSJ821sqY","DAMN.","spotify:artist:2YZyLoL8N0Wb9xBt1NhZWg","Kendrick Lamar","2017-04-14","https://i.scdn.co/image/ab67616d0000b2738b52c6b9bc4e43d873869699","1","2","185946","","true","81","USUM71703079","spotify:user:316ye5nphj2c6qd5zczz6wspr4te","2025-12-20T17:33:59Z"
"spotify:track:7j7xw84jrVeKpmX46GmL8J","Aulas e Cursos","spotify:artist:2wRZGo2e20INyHf8wtVPVn","DNASTY","spotify:album:2DdQVkLRePiLF7M7imCTWJ","Da Água ao Vinho","spotify:artist:2wRZGo2e20INyHf8wtVPVn","DNASTY","2024-11-11","https://i.scdn.co/image/ab67616d0000b273b68ec8a4c5bdf7e1a492cb62","1","10","213634","https://p.scdn.co/mp3-preview/469090d4bad52639c4f8a85515713d46f740411f?cid=9950ac751e34487dbbe027c4fd7f8e99","true","52","BX6842200009","spotify:user:316ye5nphj2c6qd5zczz6wspr4te","2025-12-20T17:34:18Z"
"spotify:track:2W8LaNzNpvr761BLE34HIP","BOLA DE MEIA.","spotify:artist:05qCf6M7E7AxizHVmrcPqh, spotify:artist:13yQqjPy4Esq0Ru3R1fipU","Kyan, Mu540","spotify:album:34MMvlqKZuvbCzJcv1FMwz","DOIS Quebrada Inteligente Pro Max","spotify:artist:05qCf6M7E7AxizHVmrcPqh, spotify:artist:13yQqjPy4Esq0Ru3R1fipU","Kyan, Mu540","2025-12-11","https://i.scdn.co/image/ab67616d0000b27302e2277bb9b81225e8499223","1","1","213995","https://p.scdn.co/mp3-preview/b7928cfdce6ee8adde89a8b35187bbfcbbc3fa6d?cid=9950ac751e34487dbbe027c4fd7f8e99","false","44","BKRQM2500022","spotify:user:316ye5nphj2c6qd5zczz6wspr4te","2025-12-20T20:50:19Z"
"spotify:track:0Le4DGEwWX3dxPc098znlL","POKÉMON.","spotify:artist:05qCf6M7E7AxizHVmrcPqh, spotify:artist:13yQqjPy4Esq0Ru3R1fipU","Kyan, Mu540","spotify:album:34MMvlqKZuvbCzJcv1FMwz","DOIS Quebrada Inteligente Pro Max","spotify:artist:05qCf6M7E7AxizHVmrcPqh, spotify:artist:13yQqjPy4Esq0Ru3R1fipU","Kyan, Mu540","2025-12-11","https://i.scdn.co/image/ab67616d0000b27302e2277bb9b81225e8499223","1","2","164307","https://p.scdn.co/mp3-preview/f5fca5f32cf328e0caa9e8bd05d302cb48c42b2e?cid=9950ac751e34487dbbe027c4fd7f8e99","true","40","BKRQM2500023","spotify:user:316ye5nphj2c6qd5zczz6wspr4te","2025-12-20T20:51:40Z"
"spotify:track:20BRVZEog9m5rZGSv2UIGf","PRINCESA MANDRAKA.","spotify:artist:05qCf6M7E7AxizHVmrcPqh, spotify:artist:13yQqjPy4Esq0Ru3R1fipU, spotify:artist:27azwwkxutWL1BWMkgNIh0, spotify:artist:5NKSnEPwnQ6s7muiQE4EsK","Kyan, Mu540, Vulgo FK, Mc Larisson","spotify:album:34MMvlqKZuvbCzJcv1FMwz","DOIS Quebrada Inteligente Pro Max","spotify:artist:05qCf6M7E7AxizHVmrcPqh, spotify:artist:13yQqjPy4Esq0Ru3R1fipU","Kyan, Mu540","2025-12-11","https://i.scdn.co/image/ab67616d0000b27302e2277bb9b81225e8499223","1","6","237456","https://p.scdn.co/mp3-preview/16241abdc99e6ce9ebb808e5de5a8ce9941170b7?cid=9950ac751e34487dbbe027c4fd7f8e99","true","46","BKRQM2500024","spotify:user:316ye5nphj2c6qd5zczz6wspr4te","2025-12-20T21:02:24Z"
"spotify:track:57Z6TJCTMACXxdrcwZ3Zvf","Phantom","spotify:artist:0EyhkwP3UnwGFBy6xwKjSy, spotify:artist:4sY0lTSkfDMMt27cVvFT6o","EsDeeKid, Rico Ace","spotify:album:1TP95xOGiWqdVOu4hGbuug","Rebel","spotify:artist:0EyhkwP3UnwGFBy6xwKjSy","EsDeeKid","2025-06-20","https://i.scdn.co/image/ab67616d0000b273cff4bd68d5d0dd9a0a748045","1","8","109759","https://p.scdn.co/mp3-preview/9dbcdcc28857513b615b126752b2b81c9d03afdc?cid=9950ac751e34487dbbe027c4fd7f8e99","true","84","QZHN32557300","spotify:user:316ye5nphj2c6qd5zczz6wspr4te","2025-12-22T04:24:25Z"
"spotify:track:554qQSs9lpRVq6TlaaiIKT","4 Raws","spotify:artist:0EyhkwP3UnwGFBy6xwKjSy","EsDeeKid","spotify:album:1TP95xOGiWqdVOu4hGbuug","Rebel","spotify:artist:0EyhkwP3UnwGFBy6xwKjSy","EsDeeKid","2025-06-20","https://i.scdn.co/image/ab67616d0000b273cff4bd68d5d0dd9a0a748045","1","1","146666","https://p.scdn.co/mp3-preview/be29bc24e9ea5878fa071d04916175eb630d8fb7?cid=9950ac751e34487dbbe027c4fd7f8e99","true","86","US38Y2546738","spotify:user:316ye5nphj2c6qd5zczz6wspr4te","2025-12-22T16:01:42Z"
"spotify:track:2lLG56qpLP3UbcLuzMvkWX","Stop Breathing","spotify:artist:699OTQXzgjhIYAHMy9RyPD","Playboi Carti","spotify:album:2QRedhP5RmKJiJ1i8VgDGR","Whole Lotta Red","spotify:artist:699OTQXzgjhIYAHMy9RyPD","Playboi Carti","2020-12-25","https://i.scdn.co/image/ab67616d0000b27398ea0e689c91f8fea726d9bb","1","3","218943","","true","69","USUM72024691","spotify:user:316ye5nphj2c6qd5zczz6wspr4te","2025-12-24T15:57:58Z"
"spotify:track:6pDt1F76BKy3ywWg4t8wee","Tiramisu","spotify:artist:4Gso3d4CscCijv0lmajZWs","Don Toliver","spotify:album:20CiqvzgoerVOQraNJT7t3","Tiramisu","spotify:artist:4Gso3d4CscCijv0lmajZWs","Don Toliver","2025-09-05","https://i.scdn.co/image/ab67616d0000b2737cbe48ffc093bb6350e8064c","1","1","138947","https://p.scdn.co/mp3-preview/e586b2a153c27e771d6bbd82fc4d7c68bb0e2705?cid=9950ac751e34487dbbe027c4fd7f8e99","true","71","USAT22506317","spotify:user:316ye5nphj2c6qd5zczz6wspr4te","2025-12-25T04:30:57Z"
"spotify:track:6gi6y1xwmVszDWkUqab1qw","OUT WEST (feat. Young Thug)","spotify:artist:7A8S43ryYdbWpJKeHRZRcq, spotify:artist:0Y5tJX1MQlPlqiwlOH1tJY, spotify:artist:50co4Is1HCEo8bhOyUWKpn","JACKBOYS, Travis Scott, Young Thug","spotify:album:1Sf8GsXG32t0jNrX11xqWx","JACKBOYS","spotify:artist:7A8S43ryYdbWpJKeHRZRcq, spotify:artist:0Y5tJX1MQlPlqiwlOH1tJY","JACKBOYS, Travis Scott","2019-12-27","https://i.scdn.co/image/ab67616d0000b273b920fc01c37be38130418a34","1","5","157712","https://p.scdn.co/mp3-preview/f5bc85b0e034691728294176d5a1c41dcea9a6db?cid=9950ac751e34487dbbe027c4fd7f8e99","true","79","USSM11914988","spotify:user:316ye5nphj2c6qd5zczz6wspr4te","2025-12-26T18:41:51Z"
"spotify:track:39Yp9wwQiSRIDOvrVg7mbk","THE SCOTTS","spotify:artist:2PaZWGu5T5nHjY2xxAkFsT, spotify:artist:0Y5tJX1MQlPlqiwlOH1tJY, spotify:artist:0fA0VVWsXO9YnASrzqfmYu","THE SCOTTS, Travis Scott, Kid Cudi","spotify:album:7q6zjWaLw8bN5nYiBWjrus","THE SCOTTS","spotify:artist:2PaZWGu5T5nHjY2xxAkFsT, spotify:artist:0Y5tJX1MQlPlqiwlOH1tJY, spotify:artist:0fA0VVWsXO9YnASrzqfmYu","THE SCOTTS, Travis Scott, Kid Cudi","2020-04-24","https://i.scdn.co/image/ab67616d0000b27309db38c6c41528684f6ca6a7","1","1","165977","https://p.scdn.co/mp3-preview/f1ef0e0311988418c7a9993d9da0a3eea44e0cee?cid=9950ac751e34487dbbe027c4fd7f8e99","true","72","USSM12002217","spotify:user:316ye5nphj2c6qd5zczz6wspr4te","2025-12-26T18:41:58Z"
"spotify:track:4eTtgdIXEy2LvLeg7NNSov","Vizão de Cria 2","spotify:artist:4LAFtDzlQM89xov636hMVv, spotify:artist:1RaUlYy9nsEiDlucisa5Bk, spotify:artist:3lIU3RoZiHen1QXAQ3KQ9e, spotify:artist:1a3fr7NdeBT4JlGj6YlbDL, spotify:artist:3nfVTPYDnppERKGCRS4vim, spotify:artist:3M8aD9XWxfel3jZakRbibZ, spotify:artist:3YVxmhkewoRHu8WFgWlCb7, spotify:artist:7gJN8W0589FisSYJS17K54","Dallass, Anezzi, Tz da Coronel, Caio Luccas, PJ HOUDINI, MC Maneirinho, NADAMAL, Filipe Ret","spotify:album:3W3xxYwImmhuDQhYCRb1Tl","Vizão de Cria 2","spotify:artist:0LyfQWJT6nXafLPZqxe9Of","Vários intérpretes","2022-08-01","https://i.scdn.co/image/ab67616d0000b273a6750ae27559d5aee488e783","1","1","306141","https://p.scdn.co/mp3-preview/e3dd559af4732640cb4765a056f66fb6ef163ceb?cid=9950ac751e34487dbbe027c4fd7f8e99","true","68","BX5UA2200034","spotify:user:316ye5nphj2c6qd5zczz6wspr4te","2025-12-26T18:42:54Z"
"spotify:track:3HdEOUNuFuoWj06rXpQQ4o","Jovens do Reggae","spotify:artist:1TYJOhNSxMOODWiDVhuyZb, spotify:artist:3MrDVzg7ZXaYMyQmbDInr7, spotify:artist:5ZTnWo7IY6rdIxm6aTSR84","Kawe, WIU, Original Quality","spotify:album:1GJLb6DW0nVTH9rcaCzKgp","Jovens do Reggae","spotify:artist:1TYJOhNSxMOODWiDVhuyZb, spotify:artist:3MrDVzg7ZXaYMyQmbDInr7, spotify:artist:5ZTnWo7IY6rdIxm6aTSR84","Kawe, WIU, Original Quality","2022-06-24","https://i.scdn.co/image/ab67616d0000b273086844b598487b24c473b5ef","1","1","183652","https://p.scdn.co/mp3-preview/938e68c4572f70023edc9e7deb9e143445cd0164?cid=9950ac751e34487dbbe027c4fd7f8e99","true","50","BCENK2200061","spotify:user:316ye5nphj2c6qd5zczz6wspr4te","2025-12-26T18:43:40Z"
"spotify:track:0ssgd2ZvDawP0KHGfBYRpv","Good Vibe","spotify:artist:7gJN8W0589FisSYJS17K54, spotify:artist:1a3fr7NdeBT4JlGj6YlbDL, spotify:artist:4LAFtDzlQM89xov636hMVv","Filipe Ret, Caio Luccas, Dallass","spotify:album:4sB8eASUZfGxo2ZZ2lLwkG","LUME","spotify:artist:7gJN8W0589FisSYJS17K54","Filipe Ret","2022-06-16","https://i.scdn.co/image/ab67616d0000b273fab41c3357f00f3664b007e7","1","4","181818","https://p.scdn.co/mp3-preview/6704890284b196822548e580e739a1ecaef0f329?cid=9950ac751e34487dbbe027c4fd7f8e99","true","68","BRRGE2200366","spotify:user:316ye5nphj2c6qd5zczz6wspr4te","2025-12-26T18:44:26Z"
"spotify:track:3QOYcmlQz9xu9XRToik7oc","brinks!","spotify:artist:05qCf6M7E7AxizHVmrcPqh, spotify:artist:13yQqjPy4Esq0Ru3R1fipU","Kyan, Mu540","spotify:album:3LLqFXeZt4AdVe9GdBes9y","UM Quebrada Inteligente","spotify:artist:05qCf6M7E7AxizHVmrcPqh, spotify:artist:13yQqjPy4Esq0Ru3R1fipU","Kyan, Mu540","2023-07-13","https://i.scdn.co/image/ab67616d0000b273ddb56ad03b5a7d8296962648","1","3","155076","https://p.scdn.co/mp3-preview/9a7428abdaa45289da3ef877a080baa0e8d84573?cid=9950ac751e34487dbbe027c4fd7f8e99","true","0","BKRQM2300006","spotify:user:316ye5nphj2c6qd5zczz6wspr4te","2025-12-26T18:45:38Z"
"spotify:track:6uBfSJZQ27gCDVne6xhDmO","um quebrada inteligente!","spotify:artist:05qCf6M7E7AxizHVmrcPqh, spotify:artist:13yQqjPy4Esq0Ru3R1fipU","Kyan, Mu540","spotify:album:3LLqFXeZt4AdVe9GdBes9y","UM Quebrada Inteligente","spotify:artist:05qCf6M7E7AxizHVmrcPqh, spotify:artist:13yQqjPy4Esq0Ru3R1fipU","Kyan, Mu540","2023-07-13","https://i.scdn.co/image/ab67616d0000b273ddb56ad03b5a7d8296962648","1","4","116820","https://p.scdn.co/mp3-preview/99b452a6b2106a2a0a3e6d8b2b61f505b821a59c?cid=9950ac751e34487dbbe027c4fd7f8e99","true","0","BKRQM2300010","spotify:user:316ye5nphj2c6qd5zczz6wspr4te","2025-12-26T18:45:48Z"
"spotify:track:53d5THIukxStMHSJrGOOvu","7 NOVINHA PRA 2 MLK - BONUS TRACK","spotify:artist:4Y0VwRwAOyJutxoVpPX4td, spotify:artist:4z8ieq95PTFrqoxYhozY75, spotify:artist:6dfVDfsJOmrY9Xr0Y936m3","Derek, Emitê Único, Senndy","spotify:album:0un91YASLvkBJCWKdCPj4t","Trap The Fato Deluxe","spotify:artist:4Y0VwRwAOyJutxoVpPX4td","Derek","2023-10-06","https://i.scdn.co/image/ab67616d0000b2730119864d04a3415614f18d54","1","21","180923","","true","54","BRUM72301354","spotify:user:316ye5nphj2c6qd5zczz6wspr4te","2025-12-26T18:46:43Z"
"spotify:track:46XfbZcpkwoK75I0DVUP3b","COLETE","spotify:artist:2KwQkyJzT9r6Hh56jtfuse","Brandão85","spotify:album:5AuY1calKQYOa9JBEicUoW","CEO","spotify:artist:2KwQkyJzT9r6Hh56jtfuse","Brandão85","2024-10-23","https://i.scdn.co/image/ab67616d0000b273d6fdb8c2abad44620e46ad02","1","6","167300","https://p.scdn.co/mp3-preview/ac24a0b0f6ee5f8a1c3f7a210e8ed61a34b4b590?cid=9950ac751e34487dbbe027c4fd7f8e99","true","26","BXW922400131","spotify:user:316ye5nphj2c6qd5zczz6wspr4te","2025-12-26T20:42:48Z"
"spotify:track:2McT2fkH0VDqPsbiB9HWPq","CARNIVAL","spotify:artist:4xPQFgDA5M2xa0ZGo5iIsv, spotify:artist:5K4W6rqBFWDnAN6FQUkS6x, spotify:artist:7c0XG5cIJTrrAgEC3ULPiq","¥$, Kanye West, Ty Dolla $ign","spotify:album:4DOsPwJtokv6HEifZ6t5j6","VULTURES 1","spotify:artist:4xPQFgDA5M2xa0ZGo5iIsv, spotify:artist:5K4W6rqBFWDnAN6FQUkS6x, spotify:artist:7c0XG5cIJTrrAgEC3ULPiq","¥$, Kanye West, Ty Dolla $ign","2024-02-09","https://i.scdn.co/image/ab67616d0000b2739c654f315df05ae7c6ec8980","1","12","264334","https://p.scdn.co/mp3-preview/3b149eafaed15dced610335678c858d5af9dd780?cid=9950ac751e34487dbbe027c4fd7f8e99","true","81","QZ7XS2400012","spotify:user:316ye5nphj2c6qd5zczz6wspr4te","2025-12-27T01:37:38Z"
"spotify:track:4txKMpsSfZRV6durPuHVq0","New Tank","spotify:artist:699OTQXzgjhIYAHMy9RyPD","Playboi Carti","spotify:album:2QRedhP5RmKJiJ1i8VgDGR","Whole Lotta Red","spotify:artist:699OTQXzgjhIYAHMy9RyPD","Playboi Carti","2020-12-25","https://i.scdn.co/image/ab67616d0000b27398ea0e689c91f8fea726d9bb","1","9","89741","","true","69","USUM72024686","spotify:user:316ye5nphj2c6qd5zczz6wspr4te","2025-12-27T02:48:11Z"
"spotify:track:3sOcmmmWB7dqyziUVLXpTi","Hylander","spotify:artist:1ZcIMjx9kP46pUdFOdjWKQ, spotify:artist:5AQpcBCqfE0mHDM4dh02mf","Abbot, somynem.grin","spotify:album:0XbOcrzCIIltxgcBdBUGAs","Hylander","spotify:artist:1ZcIMjx9kP46pUdFOdjWKQ, spotify:artist:5AQpcBCqfE0mHDM4dh02mf","Abbot, somynem.grin","2020-09-18","https://i.scdn.co/image/ab67616d0000b273cc2131cb186409e73624ec69","1","1","96624","https://p.scdn.co/mp3-preview/bddc3d4ce1114487f0fb97a3f086c229ad285883?cid=9950ac751e34487dbbe027c4fd7f8e99","false","66","QZNJV2073642","spotify:user:316ye5nphj2c6qd5zczz6wspr4te","2025-12-30T17:17:25Z"
"spotify:track:7fBv7CLKzipRk6EC6TWHOB","The Hills","spotify:artist:1Xyo4u8uXC1ZmMpatF05PJ","The Weeknd","spotify:album:0P3oVJBFOv3TDXlYRhGL7s","Beauty Behind The Madness","spotify:artist:1Xyo4u8uXC1ZmMpatF05PJ","The Weeknd","2015-08-28","https://i.scdn.co/image/ab67616d0000b2737fcead687e99583072cc217b","1","5","242253","","true","89","USUG11500737","spotify:user:316ye5nphj2c6qd5zczz6wspr4te","2026-01-01T18:29:02Z"
"spotify:track:2FvD20Z8aoWIePi7PoN8sG","TOES (feat. Lil Baby & Moneybagg Yo)","spotify:artist:4r63FhuTkUYltbVAg5TQnk, spotify:artist:5f7VJjfbwm532GiveGC0ZK, spotify:artist:3tJoFztHeIJkJWMrx0td2f","DaBaby, Lil Baby, Moneybagg Yo","spotify:album:1NsTSXjVNE7XmZ8PmyW0wl","KIRK","spotify:artist:4r63FhuTkUYltbVAg5TQnk","DaBaby","2019-09-27","https://i.scdn.co/image/ab67616d0000b273f2b94b2fda4f08836d6371ba","1","8","136366","","true","72","USUM71919280","spotify:user:316ye5nphj2c6qd5zczz6wspr4te","2026-01-01T19:30:33Z"
"spotify:track:7ytR5pFWmSjzHJIeQkgog4","ROCKSTAR (feat. Roddy Ricch)","spotify:artist:4r63FhuTkUYltbVAg5TQnk, spotify:artist:757aE44tKEUQEqRuT6GnEB","DaBaby, Roddy Ricch","spotify:album:623PL2MBg50Br5dLXC9E9e","BLAME IT ON BABY","spotify:artist:4r63FhuTkUYltbVAg5TQnk","DaBaby","2020-04-17","https://i.scdn.co/image/ab67616d0000b27320e08c8cc23f404d723b5647","1","7","181733","","true","78","USUM72007941","spotify:user:316ye5nphj2c6qd5zczz6wspr4te","2026-01-01T19:32:16Z"
"spotify:track:5OFlp1fOrfiSXOjw4wuSgy","Shotta Flow (feat. Blueface) - Remix","spotify:artist:0ErzCpIMyLcjPiwT4elrtZ, spotify:artist:3Fl1V19tmjt57oBdxXKAjJ","NLE Choppa, Blueface","spotify:album:6li8kT6o9RM59IxRyZZJYh","Cottonwood","spotify:artist:0ErzCpIMyLcjPiwT4elrtZ","NLE Choppa","2019-12-23","https://i.scdn.co/image/ab67616d0000b273499e78a1181d8f0d0b020fe0","1","9","176631","https://p.scdn.co/mp3-preview/54c0cee7230ba915538d73b1d3b79030e3abad0f?cid=9950ac751e34487dbbe027c4fd7f8e99","true","73","QZ85M1951467","spotify:user:316ye5nphj2c6qd5zczz6wspr4te","2026-01-01T19:34:01Z"
"spotify:track:5nujrmhLynf4yMoMtj8AQF","Levitating (feat. DaBaby)","spotify:artist:6M2wZ9GZgrQXHCFfjv46we, spotify:artist:4r63FhuTkUYltbVAg5TQnk","Dua Lipa, DaBaby","spotify:album:5lKlFlReHOLShQKyRv6AL9","Future Nostalgia","spotify:artist:6M2wZ9GZgrQXHCFfjv46we","Dua Lipa","2020-03-27","https://i.scdn.co/image/ab67616d0000b2734aa538a481e67131c214135a","1","12","203064","https://p.scdn.co/mp3-preview/bc2129fc0a1046f5bd77b150773b1217f2fd675c?cid=9950ac751e34487dbbe027c4fd7f8e99","false","86","GBAHT2000942","spotify:user:316ye5nphj2c6qd5zczz6wspr4te","2026-01-01T19:34:50Z"
"spotify:track:3USxtqRwSYz57Ewm6wWRMp","Heat Waves","spotify:artist:4yvcSjfu4PC0CYQyLy4wSq","Glass Animals","spotify:album:5bfpRtBW7RNRdsm3tRyl3R","Dreamland","spotify:artist:4yvcSjfu4PC0CYQyLy4wSq","Glass Animals","2020-08-07","https://i.scdn.co/image/ab67616d0000b273712701c5e263efc8726b1464","1","14","238805","","false","91","GBUM72000433","spotify:user:316ye5nphj2c6qd5zczz6wspr4te","2026-01-01T19:52:04Z"
"spotify:track:1xzBco0xcoJEDXktl7Jxrr","Mo Bamba","spotify:artist:2RDOrhPqAM4jzTRCEb19qX","Sheck Wes","spotify:album:15Id9Jrqab8IwHFirdrrLp","MUDBOY","spotify:artist:2RDOrhPqAM4jzTRCEb19qX","Sheck Wes","2018-10-05","https://i.scdn.co/image/ab67616d0000b27359cd47039c5b10ed919fbaa8","1","9","183906","","true","78","QM24S1703585","spotify:user:316ye5nphj2c6qd5zczz6wspr4te","2026-01-01T20:25:25Z"
"spotify:track:46NzAxDzsE443IsyZndZfP","Miss The Rage","spotify:artist:6Xgp2XMz1fhVYe7i6yNAax, spotify:artist:699OTQXzgjhIYAHMy9RyPD","Trippie Redd, Playboi Carti","spotify:album:4d5LU2n3zJVMuILwMEiQG5","Trip At Knight","spotify:artist:6Xgp2XMz1fhVYe7i6yNAax","Trippie Redd","2021-08-20","https://i.scdn.co/image/ab67616d0000b2733552d176c46bba8463024495","1","6","236883","https://p.scdn.co/mp3-preview/5351db2c4b57b6b9ffb26332c75be9641aaa9c53?cid=9950ac751e34487dbbe027c4fd7f8e99","true","0","QZJ842000983","spotify:user:316ye5nphj2c6qd5zczz6wspr4te","2026-01-02T06:45:16Z"
"spotify:track:3hxIUxnT27p5WcmjGUXNwx","Shut up My Moms Calling","spotify:artist:35WVTyRnKAoaGExqgktVyb","Hotel Ugly","spotify:album:4qVzNqB4cskFInYfrC7P0S","Shut up My Moms Calling","spotify:artist:35WVTyRnKAoaGExqgktVyb","Hotel Ugly","2020-02-10","https://i.scdn.co/image/ab67616d0000b273350ab7a839c04bfd5225a9f5","1","1","164571","https://p.scdn.co/mp3-preview/7642409265c74b714a2f0f0dd8663c031e253485?cid=9950ac751e34487dbbe027c4fd7f8e99","false","90","TCAEQ2083509","spotify:user:316ye5nphj2c6qd5zczz6wspr4te","2026-01-04T15:16:35Z"
"spotify:track:77DRzu7ERs0TX3roZcre7Q","euphoria","spotify:artist:2YZyLoL8N0Wb9xBt1NhZWg","Kendrick Lamar","spotify:album:32bR4LcEc1PvJEhaKoo4ZN","euphoria","spotify:artist:2YZyLoL8N0Wb9xBt1NhZWg","Kendrick Lamar","2024-04-30","https://i.scdn.co/image/ab67616d0000b273bdc727cfc07ddbabf925bb2f","1","1","383639","","true","76","USUG12402839","spotify:user:316ye5nphj2c6qd5zczz6wspr4te","2026-01-04T18:22:03Z"
"spotify:track:7MXVkk9YMctZqd1Srtv4MB","Starboy","spotify:artist:1Xyo4u8uXC1ZmMpatF05PJ, spotify:artist:4tZwfgrHOc3mvqYlEYSvVi","The Weeknd, Daft Punk","spotify:album:2ODvWsOgouMbaA5xf0RkJe","Starboy","spotify:artist:1Xyo4u8uXC1ZmMpatF05PJ","The Weeknd","2016-11-25","https://i.scdn.co/image/ab67616d0000b2734718e2b124f79258be7bc452","1","1","230453","","true","93","USUG11600976","spotify:user:316ye5nphj2c6qd5zczz6wspr4te","2026-01-05T22:13:25Z"
"spotify:track:4RGWaNjG7K8CNWbGJi7h1p","PAGÃO","spotify:artist:6rk6Izp6o42fUdE0jRqAP4, spotify:artist:1lpgPh5SV2b2aKmss0AhlY, spotify:artist:3914e1ewXuF036M63rgK0d","Alee, Klisman, Neckklace","spotify:album:3RessGF8H98bLzcaoAsEs3","PAGÃO","spotify:artist:6rk6Izp6o42fUdE0jRqAP4, spotify:artist:3914e1ewXuF036M63rgK0d, spotify:artist:1lpgPh5SV2b2aKmss0AhlY","Alee, Neckklace, Klisman","2025-04-01","https://i.scdn.co/image/ab67616d0000b27375c6b03cfce76a5e7abeba8a","1","1","175537","https://p.scdn.co/mp3-preview/676032cae24c905f1a4f31fc64178c498f54f088?cid=9950ac751e34487dbbe027c4fd7f8e99","true","62","BKNDN2500024","spotify:user:316ye5nphj2c6qd5zczz6wspr4te","2026-01-11T15:47:01Z"
"spotify:track:4Se3fXoHJkcraQzJXo2IYn","Monëy so big","spotify:artist:3qiHUAX7zY4Qnjx8TNUzVx","Yeat","spotify:album:3ZKEPJwhLcpUfYPMIsC4PF","Up 2 Më","spotify:artist:3qiHUAX7zY4Qnjx8TNUzVx","Yeat","2021-09-10","https://i.scdn.co/image/ab67616d0000b27337e87168ba4bc06413a2fc27","1","18","160052","https://p.scdn.co/mp3-preview/69d8c2b461a7f23cb61efc3439b3902adc261005?cid=9950ac751e34487dbbe027c4fd7f8e99","true","75","USLD91734275","spotify:user:316ye5nphj2c6qd5zczz6wspr4te","2026-01-11T16:01:39Z"
"spotify:track:2NLOyWzztMiW5FmNhD83K6","Mist","spotify:artist:0EyhkwP3UnwGFBy6xwKjSy, spotify:artist:4sY0lTSkfDMMt27cVvFT6o","EsDeeKid, Rico Ace","spotify:album:1TP95xOGiWqdVOu4hGbuug","Rebel","spotify:artist:0EyhkwP3UnwGFBy6xwKjSy","EsDeeKid","2025-06-20","https://i.scdn.co/image/ab67616d0000b273cff4bd68d5d0dd9a0a748045","1","9","130461","https://p.scdn.co/mp3-preview/5d0d820f642e71c47fcc795a34cfa81d677204d0?cid=9950ac751e34487dbbe027c4fd7f8e99","true","83","US38Y2546906","spotify:user:316ye5nphj2c6qd5zczz6wspr4te","2026-01-15T16:30:42Z"
"spotify:track:2tGbxb5gjmzZVrAgNGMZt1","PHILLY (with Travis Scott)","spotify:artist:699OTQXzgjhIYAHMy9RyPD, spotify:artist:0Y5tJX1MQlPlqiwlOH1tJY","Playboi Carti, Travis Scott","spotify:album:7sFZGbkCitoqQz7Rt3LoKg","MUSIC - SORRY 4 DA WAIT","spotify:artist:699OTQXzgjhIYAHMy9RyPD","Playboi Carti","2025-03-25","https://i.scdn.co/image/ab67616d0000b2736da4ec0bce9baf42436db10a","1","6","185706","","true","51","USUM72414868","spotify:user:316ye5nphj2c6qd5zczz6wspr4te","2026-01-17T16:56:12Z"
"spotify:track:2JzZzZUQj3Qff7wapcbKjc","See You Again (feat. Charlie Puth)","spotify:artist:137W8MRPWKqSmrBGDBFSop, spotify:artist:6VuMaDnrHyPL1p4EHjYLi7","Wiz Khalifa, Charlie Puth","spotify:album:5FXIqS1XqbpfOKNoi5VUwS","See You Again (feat. Charlie Puth)","spotify:artist:137W8MRPWKqSmrBGDBFSop, spotify:artist:6VuMaDnrHyPL1p4EHjYLi7","Wiz Khalifa, Charlie Puth","2015","https://i.scdn.co/image/ab67616d0000b2734e5df11b17b2727da2b718d8","1","1","229525","https://p.scdn.co/mp3-preview/69c2ac6f1501e5c8bc6970273da5d06fb97a2e76?cid=9950ac751e34487dbbe027c4fd7f8e99","false","87","USAT21703595","spotify:user:316ye5nphj2c6qd5zczz6wspr4te","2026-01-17T17:54:52Z"
"spotify:track:1jKlRcH7X78ps1yKBTWyUV","Lucid Dreams (feat. Lil Uzi Vert) - Remix","spotify:artist:4MCBfE4596Uoi2O4DtmEMz, spotify:artist:4O15NlyKLIASxsJ0PrXPfz","Juice WRLD, Lil Uzi Vert","spotify:album:7aObAFaIOcczMSDnfXz5z6","Goodbye & Good Riddance (Anniversary)","spotify:artist:4MCBfE4596Uoi2O4DtmEMz","Juice WRLD","2021-05-28","https://i.scdn.co/image/ab67616d0000b273bf640cd39d097f99c6f6e48f","1","18","240437","","true","64","USUG12100801","spotify:user:316ye5nphj2c6qd5zczz6wspr4te","2026-01-17T21:16:19Z"
"spotify:track:7h8gct7I4RZTgLl0vy5zkG","Savana","spotify:artist:6WwV6Xro5TxATVsyC2aH6h","BigDK","spotify:album:1hfXlpO6MsH4WQkUWSvmdQ","Savana","spotify:artist:6WwV6Xro5TxATVsyC2aH6h","BigDK","2024-03-27","https://i.scdn.co/image/ab67616d0000b2736afd1a3e28e33b5fb8f62642","1","1","166192","https://p.scdn.co/mp3-preview/c796a8bda71aaa43146390b4d01a3a548a69396b?cid=9950ac751e34487dbbe027c4fd7f8e99","true","9","QZGLM2484274","spotify:user:316ye5nphj2c6qd5zczz6wspr4te","2026-01-17T21:26:59Z"
"spotify:track:561jH07mF1jHuk7KlaeF0s","Mockingbird","spotify:artist:7dGJo4pcD2V6oG8kP0tJRR","Eminem","spotify:album:1kTlYbs28MXw7hwO0NLYif","Encore (Deluxe Version)","spotify:artist:7dGJo4pcD2V6oG8kP0tJRR","Eminem","2004-11-12","https://i.scdn.co/image/ab67616d0000b2731bec21e57fff76db49e15a70","1","16","250760","","true","88","USIR10400813","spotify:user:316ye5nphj2c6qd5zczz6wspr4te","2026-01-20T03:44:44Z"
"spotify:track:2x8TNY9KwNvD19gVGs4WOP","Ela É do Tipo","spotify:artist:2UMj7NCbuqy1yUZmiSYGjJ","MC Kevin o Chris","spotify:album:1hG0rwH2mYAzpWhGEYBRS8","Ela É do Tipo","spotify:artist:2UMj7NCbuqy1yUZmiSYGjJ","MC Kevin o Chris","2019-03-07","https://i.scdn.co/image/ab67616d0000b2730628c481dd919104ece6e81b","1","1","204930","https://p.scdn.co/mp3-preview/7eb45aeee2e3fa23b5bc0b5f44b0f677315a982f?cid=9950ac751e34487dbbe027c4fd7f8e99","false","73","US7VG1976621","spotify:user:316ye5nphj2c6qd5zczz6wspr4te","2026-01-20T22:14:06Z"
"spotify:track:4H9ZFTGkTG8Frqhqsxrgrs","Músicas de amor nunca mais","spotify:artist:1YOVBTvznjiDvtAj4ExHeo, spotify:artist:5WFFFHVqeVk5tLuYh2KjQy, spotify:artist:2eKpDydKIHp3fkST2ZDB8s, spotify:artist:6IRQqK4ODeABKC4kLRoiHe","BK, Luccas Carlos, Nansy Silvvz, Gigantes","spotify:album:1vNlE8yT5AAswQPy8jCHlV","ICARUS","spotify:artist:1YOVBTvznjiDvtAj4ExHeo, spotify:artist:6IRQqK4ODeABKC4kLRoiHe, spotify:artist:2eYGPD8O1chWmQ92TvdtCW","BK, Gigantes, JXNV$","2022-11-17","https://i.scdn.co/image/ab67616d0000b273a4362ef6429c2c80ff0cfc05","1","10","202899","https://p.scdn.co/mp3-preview/75bc89160212f6eade58888734c5c10490779b55?cid=9950ac751e34487dbbe027c4fd7f8e99","false","77","BXA5K2200009","spotify:user:316ye5nphj2c6qd5zczz6wspr4te","2026-01-21T18:00:18Z"
"spotify:track:3v1d12O8WEj5H9eFID7HBn","HELICOPTER","spotify:artist:13ubrt8QOOCPljQ2FL1Kca","A$AP Rocky","spotify:album:3RqGpx3OPRVlRdVEMCh0Wf","HELICOPTER","spotify:artist:13ubrt8QOOCPljQ2FL1Kca","A$AP Rocky","2026-01-12","https://i.scdn.co/image/ab67616d0000b27382fc16c662f7dcdedf87c5c0","1","1","165288","https://p.scdn.co/mp3-preview/206b13df437635bceac465b85d96a0a333ae4fdb?cid=9950ac751e34487dbbe027c4fd7f8e99","true","63","USRC12502323","spotify:user:316ye5nphj2c6qd5zczz6wspr4te","2026-01-21T18:45:01Z"
"spotify:track:7hLMdZXOL5NpX7Lncqb8eo","Nunca Vai Ser Eu","spotify:artist:5Lv2GUVwqmQBPwrTrxucE5","Os Barões Da Pisadinha","spotify:album:59Q7HNcjiKQ0TFBvuzpbLP","As Melhores 2018","spotify:artist:5Lv2GUVwqmQBPwrTrxucE5","Os Barões Da Pisadinha","2019-09-26","https://i.scdn.co/image/ab67616d0000b273d959b5c064823e3cf9154225","1","5","141688","https://p.scdn.co/mp3-preview/bc0eea8e4e93502f803ed222530851b3a3741c8f?cid=9950ac751e34487dbbe027c4fd7f8e99","false","64","QZGLM1999099","spotify:user:316ye5nphj2c6qd5zczz6wspr4te","2026-01-22T00:27:40Z"
"spotify:track:3dPvQLKl42dMYWV4LWRTLK","Tá Rocheda","spotify:artist:5Lv2GUVwqmQBPwrTrxucE5","Os Barões Da Pisadinha","spotify:album:59Q7HNcjiKQ0TFBvuzpbLP","As Melhores 2018","spotify:artist:5Lv2GUVwqmQBPwrTrxucE5","Os Barões Da Pisadinha","2019-09-26","https://i.scdn.co/image/ab67616d0000b273d959b5c064823e3cf9154225","1","26","203075","https://p.scdn.co/mp3-preview/8d095e1484bac63b94a45d90d2eb99f45a581ad5?cid=9950ac751e34487dbbe027c4fd7f8e99","false","66","QZGLM1999120","spotify:user:316ye5nphj2c6qd5zczz6wspr4te","2026-01-22T00:28:14Z"
"spotify:track:6zFMeegAMYQo0mt8rXtrli","HOLIDAY","spotify:artist:7jVv8c5Fj3E9VhNjxT4snq","Lil Nas X","spotify:album:4EvukZrmNBiqJbs3LwOSHu","HOLIDAY","spotify:artist:7jVv8c5Fj3E9VhNjxT4snq","Lil Nas X","2020-11-13","https://i.scdn.co/image/ab67616d0000b2736771a05f34d77e5fc2bde64c","1","1","154997","https://p.scdn.co/mp3-preview/b79453d395e3102f2ea7ccd14a13b7deba8f571b?cid=9950ac751e34487dbbe027c4fd7f8e99","true","69","USSM12006375","spotify:user:316ye5nphj2c6qd5zczz6wspr4te","2026-01-22T00:45:51Z"
"spotify:track:6fTt0CH2t0mdeB2N9XFG5r","Panini","spotify:artist:7jVv8c5Fj3E9VhNjxT4snq","Lil Nas X","spotify:album:4IRiXE5NROxknUSAUSjMoO","7","spotify:artist:7jVv8c5Fj3E9VhNjxT4snq","Lil Nas X","2019-06-21","https://i.scdn.co/image/ab67616d0000b2736239187793c9e492e687db01","1","2","114893","https://p.scdn.co/mp3-preview/02e8a21dddfee6c76f62fe9c551baa62f17d2f19?cid=9950ac751e34487dbbe027c4fd7f8e99","false","68","USSM11903948","spotify:user:316ye5nphj2c6qd5zczz6wspr4te","2026-01-22T00:46:35Z"
"spotify:track:6VObnIkLVruX4UVyxWhlqm","Skyfall","spotify:artist:4dpARuHxo51G3z768sgnrY","Adele","spotify:album:6TwN6Lq9glwnG8kNp6chHY","Skyfall","spotify:artist:4dpARuHxo51G3z768sgnrY","Adele","2012-10-04","https://i.scdn.co/image/ab67616d0000b273b479bb2aed275bb1b13d83da","1","1","286081","https://p.scdn.co/mp3-preview/e6dca60e101323cdeedccdd1c42f2afdf828ff26?cid=9950ac751e34487dbbe027c4fd7f8e99","false","87","GBBKS1200164","spotify:user:316ye5nphj2c6qd5zczz6wspr4te","2026-01-24T06:14:59Z"
"spotify:track:4kLLWz7srcuLKA7Et40PQR","I Gotta Feeling","spotify:artist:1yxSLGMDHlW21z4YXirZDS","Black Eyed Peas","spotify:album:1dgbFU08pXJXZhGPlybdMX","THE E.N.D. (THE ENERGY NEVER DIES) [Deluxe Version]","spotify:artist:1yxSLGMDHlW21z4YXirZDS","Black Eyed Peas","2009-01-01","https://i.scdn.co/image/ab67616d0000b2730bd44f5ff9ecc99f7770acc5","1","5","289133","","false","88","USUM70965169","spotify:user:316ye5nphj2c6qd5zczz6wspr4te","2026-01-24T06:20:09Z"
"spotify:track:1XGmzt0PVuFgQYYnV2It7A","Payphone","spotify:artist:04gDigrS5kc9YWfZHwBETP, spotify:artist:137W8MRPWKqSmrBGDBFSop","Maroon 5, Wiz Khalifa","spotify:album:6ijGiBcBfUwkoyHn5VUHU2","Overexposed Track By Track","spotify:artist:04gDigrS5kc9YWfZHwBETP","Maroon 5","2012-01-01","https://i.scdn.co/image/ab67616d0000b273fc8633e22a7dba6aab817bff","1","4","231173","","true","90","USUM71203347","spotify:user:316ye5nphj2c6qd5zczz6wspr4te","2026-01-24T07:23:36Z"
"spotify:track:1zi7xx7UVEFkmKfv06H8x0","One Dance","spotify:artist:3TVXtAsR1Inumwj472S9r4, spotify:artist:3tVQdUvClmAT7URs9V3rsp, spotify:artist:6TK7fjRPdy2GW2pJzNF23L","Drake, Wizkid, Kyla","spotify:album:40GMAhriYJRO1rsY4YdrZb","Views","spotify:artist:3TVXtAsR1Inumwj472S9r4","Drake","2016-05-06","https://i.scdn.co/image/ab67616d0000b2739416ed64daf84936d89e671c","1","12","173986","","false","93","USCM51600028","spotify:user:316ye5nphj2c6qd5zczz6wspr4te","2026-01-24T07:26:46Z"
"spotify:track:0VjIjW4GlUZAMYd2vXMi3b","Blinding Lights","spotify:artist:1Xyo4u8uXC1ZmMpatF05PJ","The Weeknd","spotify:album:4yP0hdKOZPNshxUOjY0cZj","After Hours","spotify:artist:1Xyo4u8uXC1ZmMpatF05PJ","The Weeknd","2020-03-20","https://i.scdn.co/image/ab67616d0000b2738863bc11d2aa12b54f5aeb36","1","9","200040","","false","92","USUG11904206","spotify:user:316ye5nphj2c6qd5zczz6wspr4te","2026-01-24T07:31:58Z"
"spotify:track:5SkRLpaGtvYPhw02vZhQQ9","All Falls Down","spotify:artist:5K4W6rqBFWDnAN6FQUkS6x, spotify:artist:1lE6SEy8f84Zhjvp7r8yTD","Kanye West, Syleena Johnson","spotify:album:4Uv86qWpGTxf7fU7lG5X6F","The College Dropout","spotify:artist:5K4W6rqBFWDnAN6FQUkS6x","Kanye West","2004-02-10","https://i.scdn.co/image/ab67616d0000b27325b055377757b3cdd6f26b78","1","4","223506","","true","86","USDJ20301703","spotify:user:316ye5nphj2c6qd5zczz6wspr4te","2026-01-24T07:46:06Z"
"spotify:track:3GCdLUSnKSMJhs4Tj6CV3s","All The Stars (with SZA) - From ""Black Panther: The Album""","spotify:artist:2YZyLoL8N0Wb9xBt1NhZWg, spotify:artist:7tYKF4w9nC0nq9CsPZTHyP","Kendrick Lamar, SZA","spotify:album:3pLdWdkj83EYfDN6H2N8MR","Black Panther The Album Music From And Inspired By","spotify:artist:2YZyLoL8N0Wb9xBt1NhZWg, spotify:artist:7tYKF4w9nC0nq9CsPZTHyP","Kendrick Lamar, SZA","2018-02-09","https://i.scdn.co/image/ab67616d0000b273c027ad28821777b00dcaa888","1","2","232186","","true","91","USUM71713947","spotify:user:316ye5nphj2c6qd5zczz6wspr4te","2026-01-24T07:49:46Z"
"spotify:track:74jMwg2zsFMICzW3Wems6h","Bump, Bump, Bump (feat. P. Diddy)","spotify:artist:51d3rUlLuMh7EW09aMe7yj, spotify:artist:59wfkuBoNyhDMQGCljbUbA","B2K, Diddy","spotify:album:5DimfXX31HuU0yxW0Ca5Uj","Greatest Hits","spotify:artist:51d3rUlLuMh7EW09aMe7yj","B2K","2004","https://i.scdn.co/image/ab67616d0000b2731bb76b3632abe850098895fc","1","1","282533","https://p.scdn.co/mp3-preview/b2ebd82cce3a5c59917d1faea75914dac9c3c725?cid=9950ac751e34487dbbe027c4fd7f8e99","false","59","USSM10212636","spotify:user:316ye5nphj2c6qd5zczz6wspr4te","2026-01-25T03:13:32Z"
"spotify:track:0Z2J91b2iTGLVTZC4fKgxf","Hit 'Em Up - Single Version","spotify:artist:1ZwdS5xdxEREPySFridCfh, spotify:artist:2jp3Fk52x0HbymU0lNYbSC","2Pac, Outlawz","spotify:album:1WBZyULtlANBKed7Zf9cDP","Greatest Hits","spotify:artist:1ZwdS5xdxEREPySFridCfh","2Pac","1998-01-01","https://i.scdn.co/image/ab67616d0000b273d81a092eb373ded457d94eec","1","12","312626","","true","85","USUG10801475","spotify:user:316ye5nphj2c6qd5zczz6wspr4te","2026-01-25T03:15:52Z"
"spotify:track:6b8Be6ljOzmkOmFslEb23P","24K Magic","spotify:artist:0du5cEVh5yTK9QJze8zA0C","Bruno Mars","spotify:album:4PgleR09JVnm3zY1fW3XBA","24K Magic","spotify:artist:0du5cEVh5yTK9QJze8zA0C","Bruno Mars","2016-11-18","https://i.scdn.co/image/ab67616d0000b273232711f7d66a1e19e89e28c5","1","1","225983","https://p.scdn.co/mp3-preview/3a76820d510fa5f84abb413e9d13815bcc86da0f?cid=9950ac751e34487dbbe027c4fd7f8e99","false","88","USAT21602944","spotify:user:316ye5nphj2c6qd5zczz6wspr4te","2026-01-27T23:24:31Z"
"spotify:track:5XXRWfxxyvZ7Bhy4yHzE7g","ISSO AQUI É BRASIL","spotify:artist:68YeXpLt3jB7JHQS5ZjMGo, spotify:artist:3MrDVzg7ZXaYMyQmbDInr7, spotify:artist:7nsXkCzq2603Kc9SrJx1q0","Teto, WIU, Deekapz","spotify:album:214OaJv3XycWX4oqydN2Ic","COLAPSO GLOBAL","spotify:artist:68YeXpLt3jB7JHQS5ZjMGo, spotify:artist:3MrDVzg7ZXaYMyQmbDInr7","Teto, WIU","2026-01-27","https://i.scdn.co/image/ab67616d0000b273f58730c24a21ae221fa24a96","1","1","138022","https://p.scdn.co/mp3-preview/042d54693f48389eaf0e5fc69e2d028aeffed321?cid=9950ac751e34487dbbe027c4fd7f8e99","true","52","BXW922600001","spotify:user:316ye5nphj2c6qd5zczz6wspr4te","2026-01-28T00:02:13Z"
"spotify:track:50uHG6oDyUrgj7PDaNu1XE","MEDICINA","spotify:artist:68YeXpLt3jB7JHQS5ZjMGo, spotify:artist:3MrDVzg7ZXaYMyQmbDInr7","Teto, WIU","spotify:album:214OaJv3XycWX4oqydN2Ic","COLAPSO GLOBAL","spotify:artist:68YeXpLt3jB7JHQS5ZjMGo, spotify:artist:3MrDVzg7ZXaYMyQmbDInr7","Teto, WIU","2026-01-27","https://i.scdn.co/image/ab67616d0000b273f58730c24a21ae221fa24a96","1","2","131000","https://p.scdn.co/mp3-preview/01899ecbe676ed66bcb1f58678824f4d9eb5a52e?cid=9950ac751e34487dbbe027c4fd7f8e99","true","63","BXW922600003","spotify:user:316ye5nphj2c6qd5zczz6wspr4te","2026-01-28T00:02:13Z"
"spotify:track:1F8otYan1tFvKrqliJp6TP","REF","spotify:artist:68YeXpLt3jB7JHQS5ZjMGo, spotify:artist:3MrDVzg7ZXaYMyQmbDInr7","Teto, WIU","spotify:album:214OaJv3XycWX4oqydN2Ic","COLAPSO GLOBAL","spotify:artist:68YeXpLt3jB7JHQS5ZjMGo, spotify:artist:3MrDVzg7ZXaYMyQmbDInr7","Teto, WIU","2026-01-27","https://i.scdn.co/image/ab67616d0000b273f58730c24a21ae221fa24a96","1","3","219049","https://p.scdn.co/mp3-preview/daf3cb366f7ebca122a088dbe69fad97375c4c46?cid=9950ac751e34487dbbe027c4fd7f8e99","true","54","BXW922600009","spotify:user:316ye5nphj2c6qd5zczz6wspr4te","2026-01-28T00:02:13Z"
"spotify:track:7bzfT98m8HzVhzcD3CEu50","LENTO","spotify:artist:68YeXpLt3jB7JHQS5ZjMGo, spotify:artist:3MrDVzg7ZXaYMyQmbDInr7","Teto, WIU","spotify:album:214OaJv3XycWX4oqydN2Ic","COLAPSO GLOBAL","spotify:artist:68YeXpLt3jB7JHQS5ZjMGo, spotify:artist:3MrDVzg7ZXaYMyQmbDInr7","Teto, WIU","2026-01-27","https://i.scdn.co/image/ab67616d0000b273f58730c24a21ae221fa24a96","1","4","195000","https://p.scdn.co/mp3-preview/d3092fbbdf256433b4a16b3e5f05713d13b5de20?cid=9950ac751e34487dbbe027c4fd7f8e99","true","53","BXW922600021","spotify:user:316ye5nphj2c6qd5zczz6wspr4te","2026-01-28T00:02:13Z"
"spotify:track:0qotc7S3TQU4uLtnfTrM3w","FACECARD","spotify:artist:68YeXpLt3jB7JHQS5ZjMGo, spotify:artist:3MrDVzg7ZXaYMyQmbDInr7, spotify:artist:0pVJXCGsBydS7rq0R4w4hm","Teto, WIU, Yuri Redicopa","spotify:album:214OaJv3XycWX4oqydN2Ic","COLAPSO GLOBAL","spotify:artist:68YeXpLt3jB7JHQS5ZjMGo, spotify:artist:3MrDVzg7ZXaYMyQmbDInr7","Teto, WIU","2026-01-27","https://i.scdn.co/image/ab67616d0000b273f58730c24a21ae221fa24a96","1","8","199685","https://p.scdn.co/mp3-preview/762dd0445c7bcaa018b5afa72043473940fdb68a?cid=9950ac751e34487dbbe027c4fd7f8e99","true","55","BXW922600017","spotify:user:316ye5nphj2c6qd5zczz6wspr4te","2026-01-28T00:02:13Z"
"spotify:track:2DHyFnPSPcyJt8KZJ4A4nR","MONALISA","spotify:artist:68YeXpLt3jB7JHQS5ZjMGo, spotify:artist:3MrDVzg7ZXaYMyQmbDInr7","Teto, WIU","spotify:album:214OaJv3XycWX4oqydN2Ic","COLAPSO GLOBAL","spotify:artist:68YeXpLt3jB7JHQS5ZjMGo, spotify:artist:3MrDVzg7ZXaYMyQmbDInr7","Teto, WIU","2026-01-27","https://i.scdn.co/image/ab67616d0000b273f58730c24a21ae221fa24a96","1","10","200062","https://p.scdn.co/mp3-preview/f4cbf343e9d15616fa11cfadc1c73aab12a8ab83?cid=9950ac751e34487dbbe027c4fd7f8e99","true","61","BXW922600011","spotify:user:316ye5nphj2c6qd5zczz6wspr4te","2026-01-28T00:02:13Z"
"spotify:track:1JZDwJgE9VSC0V2GR66z63","SET DO JAPA NK 2.0","spotify:artist:1bpnl8qbR9GxmiNlkEufW6, spotify:artist:75i9GaW2MJUgt4BkdUnuUY, spotify:artist:1CbQrKvCpEnekM3QMGJtXK, spotify:artist:2q9wk5fkeU2C9CgCKdh4AN, spotify:artist:70jpkgy5oGT4YjaGFpCpk7, spotify:artist:6qrqAYlS6lUj2BVXax7SZW, spotify:artist:54bV1pHNm5h5EcEgMis1RC, spotify:artist:5XUMgbLR3zyRPesnTQY31C, spotify:artist:1mV9h1AwhRXSjBFcYpajgY, spotify:artist:2f8xoxornfSw6ePzgyM9NO, spotify:artist:4yGgbQJMq9orWypwqtdzYT","DJ Japa NK, MC Ryan SP, MC Meno K, Mc IG, MC LUUKY, Mc Jacaré, Mc Rodrigo do CN, MC GH do 7, Mc Lele JP, MC Jvila, Oruam","spotify:album:0IJNesGOY68YOquXRgGENh","SET DO JAPA NK 2.0","spotify:artist:0LyfQWJT6nXafLPZqxe9Of","Vários intérpretes","2025-11-20","https://i.scdn.co/image/ab67616d0000b273459936b34c47a0d6ba53b0ac","1","1","518783","https://p.scdn.co/mp3-preview/7c9750161eb0420d4c9cb21b2a6c51823c718481?cid=9950ac751e34487dbbe027c4fd7f8e99","true","79","BKUNW2500017","spotify:user:316ye5nphj2c6qd5zczz6wspr4te","2026-01-29T17:03:40Z"
"spotify:track:61BxiY7A9V9FC2IL7llA76","Ritmo de Copa","spotify:artist:6dfVDfsJOmrY9Xr0Y936m3, spotify:artist:1ZzJx2AgPmbnOE6OXhnn5K, spotify:artist:4z8ieq95PTFrqoxYhozY75, spotify:artist:1Pwn5xh6yzHjkDdDOk5xqD, spotify:artist:3eegqYNOBDWAuQME8S5W1q","Senndy, Ryu\, The Runner, Emitê Único, Frost, Salve Crazy","spotify:album:08FBg7p5Esvrw49NAFj8v3","Ritmo de Copa","spotify:artist:6dfVDfsJOmrY9Xr0Y936m3, spotify:artist:1ZzJx2AgPmbnOE6OXhnn5K, spotify:artist:4z8ieq95PTFrqoxYhozY75","Senndy, Ryu\, The Runner, Emitê Único","2022-12-02","https://i.scdn.co/image/ab67616d0000b273e4fa913dd444ee2dade31ee8","1","1","158400","https://p.scdn.co/mp3-preview/e7eec3d19e434347de48657f440cdbd5b838740e?cid=9950ac751e34487dbbe027c4fd7f8e99","true","45","BCY5N2200008","spotify:user:316ye5nphj2c6qd5zczz6wspr4te","2026-01-30T17:54:42Z"
"spotify:track:2GHKo6nrSjruvBEQbzD7Fw","Tiramisu","spotify:artist:4Gso3d4CscCijv0lmajZWs","Don Toliver","spotify:album:131x9G87mD0hP0hGZc9qYN","OCTANE","spotify:artist:4Gso3d4CscCijv0lmajZWs","Don Toliver","2026-01-30","https://i.scdn.co/image/ab67616d0000b27325c28f3c9fbdbab1a88dd619","1","5","138947","https://p.scdn.co/mp3-preview/7860684f51c8a141150cc50de4eff6ad2aa16ea7?cid=9950ac751e34487dbbe027c4fd7f8e99","true","82","USAT22506317","spotify:user:316ye5nphj2c6qd5zczz6wspr4te","2026-01-30T21:37:30Z"
"spotify:track:0FlcmZ13DGRmscCroro9GO","Body","spotify:artist:4Gso3d4CscCijv0lmajZWs","Don Toliver","spotify:album:131x9G87mD0hP0hGZc9qYN","OCTANE","spotify:artist:4Gso3d4CscCijv0lmajZWs","Don Toliver","2026-01-30","https://i.scdn.co/image/ab67616d0000b27325c28f3c9fbdbab1a88dd619","1","2","155753","https://p.scdn.co/mp3-preview/4a5bc0d7bc7fe5feb991389bcf55c7e817784ce5?cid=9950ac751e34487dbbe027c4fd7f8e99","true","85","USAT22600118","spotify:user:316ye5nphj2c6qd5zczz6wspr4te","2026-01-30T21:38:07Z"
"spotify:track:7H5CsjEafNygkvcm69RevN","COLD","spotify:artist:3DHtfeD4PsmR9YGhCP4VF7","Nemzzz","spotify:album:0tbWPYGZ1f6vnOEP1ZxaGI","RENT'S DUE (DELUXE)","spotify:artist:3DHtfeD4PsmR9YGhCP4VF7","Nemzzz","2025-03-31","https://i.scdn.co/image/ab67616d0000b2734b8e676942612cfdbfb68cd4","1","1","143661","https://p.scdn.co/mp3-preview/8168d03513557fe6b43de6d9ae1c586704feb22f?cid=9950ac751e34487dbbe027c4fd7f8e99","true","73","US38Y2503226","spotify:user:316ye5nphj2c6qd5zczz6wspr4te","2026-01-31T22:58:01Z"
"spotify:track:23J0wflr0iQIRjmZjdJNZ2","Figura Pública","spotify:artist:4YqwRbMLqGHRHLS1w2ZKse, spotify:artist:3prRKGJz16RRMRSIM97nHw, spotify:artist:3DHtfeD4PsmR9YGhCP4VF7","Veigh, Supernova Ent, Nemzzz","spotify:album:36IaXI7z788PXUtriMfqYA","Figura Pública","spotify:artist:4YqwRbMLqGHRHLS1w2ZKse","Veigh","2024-11-21","https://i.scdn.co/image/ab67616d0000b273fed8e22729245aab0a8b9784","1","1","132415","https://p.scdn.co/mp3-preview/a09c8635298d313d3bab333bff497126c1d3b246?cid=9950ac751e34487dbbe027c4fd7f8e99","true","52","BKSUV2400064","spotify:user:316ye5nphj2c6qd5zczz6wspr4te","2026-01-31T22:58:26Z"
"spotify:track:5TxRUOsGeWeRl3xOML59Ai","ARE WE STILL FRIENDS?","spotify:artist:4V8LLVI7PbaPR0K2TGSxFF","Tyler\, The Creator","spotify:album:5zi7WsKlIiUXv09tbGLKsE","IGOR","spotify:artist:4V8LLVI7PbaPR0K2TGSxFF","Tyler\, The Creator","2019-05-17","https://i.scdn.co/image/ab67616d0000b27330a635de2bb0caa4e26f6abb","1","12","265480","https://p.scdn.co/mp3-preview/f5fc25e60d7bd0df97cc9455b1386bfd2695582e?cid=9950ac751e34487dbbe027c4fd7f8e99","true","84","USQX91901168","spotify:user:316ye5nphj2c6qd5zczz6wspr4te","2026-02-01T22:08:03Z"
"spotify:track:6kaWah1Acn1dtNjAy6sm1p","Diário de um Cafajeste","spotify:artist:1b8S7EPzdckRyIh0uSbOMI, spotify:artist:1mV9h1AwhRXSjBFcYpajgY, spotify:artist:1CbQrKvCpEnekM3QMGJtXK, spotify:artist:75i9GaW2MJUgt4BkdUnuUY, spotify:artist:6aoGgTKGqtsjj48ymcNs4Z, spotify:artist:4LHTgACY32k94VDjenF0nP","DJ Oreia, Mc Lele JP, MC Meno K, MC Ryan SP, MC Tuto, Mc Negão Original","spotify:album:3KcnMYtFSEkkHfNsy6KwuA","Diário de um Cafajeste","spotify:artist:1b8S7EPzdckRyIh0uSbOMI, spotify:artist:1mV9h1AwhRXSjBFcYpajgY, spotify:artist:1CbQrKvCpEnekM3QMGJtXK, spotify:artist:75i9GaW2MJUgt4BkdUnuUY","DJ Oreia, Mc Lele JP, MC Meno K, MC Ryan SP","2025-11-06","https://i.scdn.co/image/ab67616d0000b27351b22c9a616f49cb2e881f45","1","1","357120","https://p.scdn.co/mp3-preview/863471d67ba46e85d14fe426d5c18b1b51b0d35b?cid=9950ac751e34487dbbe027c4fd7f8e99","true","85","BCGWP2500085","spotify:user:316ye5nphj2c6qd5zczz6wspr4te","2026-02-03T20:08:44Z"
"spotify:track:3tFed7YsjGnIfxeLEQwx3R","Sticky (feat. GloRilla, Sexyy Red & Lil Wayne)","spotify:artist:4V8LLVI7PbaPR0K2TGSxFF, spotify:artist:2qoQgPAilErOKCwE2Y8wOG, spotify:artist:3DbwFQlvLxRSi2uX8mf81A, spotify:artist:55Aa2cqylxrFIXC767Z865","Tyler\, The Creator, GloRilla, Sexyy Red, Lil Wayne","spotify:album:0U28P0QVB1QRxpqp5IHOlH","CHROMAKOPIA","spotify:artist:4V8LLVI7PbaPR0K2TGSxFF","Tyler\, The Creator","2024-10-28","https://i.scdn.co/image/ab67616d0000b273084a94988541c2402615d014","1","8","255915","https://p.scdn.co/mp3-preview/049a308bb91e5d9ef8b44e0a6cfb50718d47d72c?cid=9950ac751e34487dbbe027c4fd7f8e99","true","80","USQX92405790","spotify:user:316ye5nphj2c6qd5zczz6wspr4te","2026-02-01T22:09:13Z"
"spotify:track:1hz7SRTGUNAtIQ46qiNv2p","GONE, GONE / THANK YOU","spotify:artist:4V8LLVI7PbaPR0K2TGSxFF","Tyler\, The Creator","spotify:album:5zi7WsKlIiUXv09tbGLKsE","IGOR","spotify:artist:4V8LLVI7PbaPR0K2TGSxFF","Tyler\, The Creator","2019-05-17","https://i.scdn.co/image/ab67616d0000b27330a635de2bb0caa4e26f6abb","1","10","375386","https://p.scdn.co/mp3-preview/c6a949f5c2e185085e6bc4eb82b704d2b0b3ac88?cid=9950ac751e34487dbbe027c4fd7f8e99","true","75","USQX91901118","spotify:user:316ye5nphj2c6qd5zczz6wspr4te","2026-02-01T22:09:45Z"
"spotify:track:63Pi2NAx5yCgeLhCTOrEou","Headlock","spotify:artist:6Xb4ezwoAQC4516kI89nWz","Imogen Heap","spotify:album:5DuihGAcuJdwyktx3EmncM","Speak for Yourself (Deluxe Version)","spotify:artist:6Xb4ezwoAQC4516kI89nWz","Imogen Heap","2005","https://i.scdn.co/image/ab67616d0000b27396623f4784c88259592fb8a1","1","1","215338","https://p.scdn.co/mp3-preview/136e557ae6600e8e43a2a12c95fb9e166055d602?cid=9950ac751e34487dbbe027c4fd7f8e99","false","85","GBJPX0500001","spotify:user:316ye5nphj2c6qd5zczz6wspr4te","2026-02-03T18:59:16Z"
"spotify:track:55h7vJchibLdUkxdlX3fK7","Treasure","spotify:artist:0du5cEVh5yTK9QJze8zA0C","Bruno Mars","spotify:album:58ufpQsJ1DS5kq4hhzQDiI","Unorthodox Jukebox","spotify:artist:0du5cEVh5yTK9QJze8zA0C","Bruno Mars","2012-12-07","https://i.scdn.co/image/ab67616d0000b273926f43e7cce571e62720fd46","1","4","178560","https://p.scdn.co/mp3-preview/2265c5b16b2e19f65da045df41cf2b4b8fd66ea3?cid=9950ac751e34487dbbe027c4fd7f8e99","true","86","USAT21206909","spotify:user:316ye5nphj2c6qd5zczz6wspr4te","2026-02-03T19:02:07Z"
"spotify:track:6jxE4XjFVSKF18kfo7FCl9","Iphone Branco","spotify:artist:6jBww4kwlSrjaNYP7AQPtX, spotify:artist:3xbUtkAk7Bbhwosg3mI3ez, spotify:artist:25XJqeReVV38w0tR04GGBd","Borges, L3OZIN, Mainstreet","spotify:album:6hp21aFf4l4auKtNfgKmU2","Iphone Branco","spotify:artist:6jBww4kwlSrjaNYP7AQPtX, spotify:artist:3xbUtkAk7Bbhwosg3mI3ez, spotify:artist:25XJqeReVV38w0tR04GGBd","Borges, L3OZIN, Mainstreet","2022-02-09","https://i.scdn.co/image/ab67616d0000b2730b91f7fc6e5b7ab351aaf2a6","1","1","137142","https://p.scdn.co/mp3-preview/b4d2814d46afaae16213b7720b0d0f3da02bf3d1?cid=9950ac751e34487dbbe027c4fd7f8e99","true","62","BCM9A2200006","spotify:user:316ye5nphj2c6qd5zczz6wspr4te","2026-02-03T20:10:55Z"
"spotify:track:22AqAmjVSbI5s7pCz7OKCe","Olá, Moça","spotify:artist:2q9wk5fkeU2C9CgCKdh4AN, spotify:artist:4YqwRbMLqGHRHLS1w2ZKse, spotify:artist:7I4OIWw3Zm4lUmt2QHnz30, spotify:artist:7saGN6a32YNpiMPo2SWJxE, spotify:artist:0WvTL8PecsD3VxRGuHdSxj, spotify:artist:0PNcEYeVDBqbywI00Y3ANT","Mc IG, Veigh, Toledo, Bvga Beatz, Galdino, Honaiser","spotify:album:4PuSjIO9U4GXkX2SHh3B1Y","Olá, Moça","spotify:artist:2q9wk5fkeU2C9CgCKdh4AN, spotify:artist:4YqwRbMLqGHRHLS1w2ZKse, spotify:artist:7I4OIWw3Zm4lUmt2QHnz30","Mc IG, Veigh, Toledo","2024-03-20","https://i.scdn.co/image/ab67616d0000b273f4442e3fcae2997da9ca1103","1","1","164138","https://p.scdn.co/mp3-preview/8d347bbabdffd269db659509c3547631543984e7?cid=9950ac751e34487dbbe027c4fd7f8e99","false","48","BRWMB2400288","spotify:user:316ye5nphj2c6qd5zczz6wspr4te","2026-02-04T00:01:37Z"
"spotify:track:0WSEq9Ko4kFPt8yo3ICd6T","Praise God","spotify:artist:5K4W6rqBFWDnAN6FQUkS6x","Kanye West","spotify:album:5CnpZV3q5BcESefcB3WJmz","Donda","spotify:artist:5K4W6rqBFWDnAN6FQUkS6x","Kanye West","2021-08-29","https://i.scdn.co/image/ab67616d0000b273cad190f1a73c024e5a40dddd","1","6","226652","","false","75","USUM72116287","spotify:user:316ye5nphj2c6qd5zczz6wspr4te","2026-02-04T00:02:49Z"
"spotify:track:2dxjKgT0li4qBI3QwuN9Ih","Touch The Sky","spotify:artist:5K4W6rqBFWDnAN6FQUkS6x, spotify:artist:01QTIT5P1pFP3QnnFSdsJf","Kanye West, Lupe Fiasco","spotify:album:5ll74bqtkcXlKE7wwkMq4g","Late Registration","spotify:artist:5K4W6rqBFWDnAN6FQUkS6x","Kanye West","2005-08-30","https://i.scdn.co/image/ab67616d0000b273428d2255141c2119409a31b2","1","3","236600","","true","80","USUM70502527","spotify:user:316ye5nphj2c6qd5zczz6wspr4te","2026-02-04T00:04:47Z"
"spotify:track:4tgLMOHoZlWRmEMclryt6T","Gangstar","spotify:artist:4yGgbQJMq9orWypwqtdzYT, spotify:artist:68PYmgkbRP1qZnEWOry7sB, spotify:artist:3zUcyANWSbo98ikca4ugrV, spotify:artist:0PjEY1nAycpN9PeI3zOtdb, spotify:artist:4kwNNzG6OKspwezw3Exfyk, spotify:artist:4erceoOpkoxOHXYZinmrX8, spotify:artist:7CSCYgC7CofoVB57eCeI5j, spotify:artist:7gQSUv8yp5lKdxra1Dvk9L","Oruam, Chefin, Salvador Da Rima, Real Fuba, Elow, Kabeh, Vertigo, NovaChance","spotify:album:1QPK1wuEIgZH363cYwa9ia","Gangstar","spotify:artist:4yGgbQJMq9orWypwqtdzYT, spotify:artist:68PYmgkbRP1qZnEWOry7sB, spotify:artist:3zUcyANWSbo98ikca4ugrV, spotify:artist:0PjEY1nAycpN9PeI3zOtdb","Oruam, Chefin, Salvador Da Rima, Real Fuba","2026-02-06","https://i.scdn.co/image/ab67616d0000b2732b60eb2f6a40b0d8ce84c290","1","1","291000","https://p.scdn.co/mp3-preview/f2d46a9b1eba1586bd089cf863fd4be90055ef44?cid=9950ac751e34487dbbe027c4fd7f8e99","true","72","BK7652600018","spotify:user:316ye5nphj2c6qd5zczz6wspr4te","2026-02-06T19:30:41Z"
"spotify:track:5uz5v1hRZLjNGatcPtOWUv","LV Sandals","spotify:artist:0EyhkwP3UnwGFBy6xwKjSy, spotify:artist:0qc4BFxcwRFZfevTck4fOi, spotify:artist:4sY0lTSkfDMMt27cVvFT6o","EsDeeKid, fakemink, Rico Ace","spotify:album:1TP95xOGiWqdVOu4hGbuug","Rebel","spotify:artist:0EyhkwP3UnwGFBy6xwKjSy","EsDeeKid","2025-06-20","https://i.scdn.co/image/ab67616d0000b273cff4bd68d5d0dd9a0a748045","1","5","111157","https://p.scdn.co/mp3-preview/96fc4bd96401d0053fed6fd0e50a27a875e56183?cid=9950ac751e34487dbbe027c4fd7f8e99","true","82","QZES62549912","spotify:user:316ye5nphj2c6qd5zczz6wspr4te","2026-02-09T02:16:43Z"
"spotify:track:2SAqBLGA283SUiwJ3xOUVI","Laugh Now Cry Later (feat. Lil Durk)","spotify:artist:3TVXtAsR1Inumwj472S9r4, spotify:artist:3hcs9uc56yIGFCSy9leWe7","Drake, Lil Durk","spotify:album:0qGdc7fNq9RNIPEzZufa43","Laugh Now Cry Later (feat. Lil Durk)","spotify:artist:3TVXtAsR1Inumwj472S9r4, spotify:artist:3hcs9uc56yIGFCSy9leWe7","Drake, Lil Durk","2020-08-14","https://i.scdn.co/image/ab67616d0000b27352c75ed37313b889447011ef","1","1","261492","","true","80","USUG12001748","spotify:user:316ye5nphj2c6qd5zczz6wspr4te","2026-02-10T23:41:52Z"
"spotify:track:5yY9lUy8nbvjM1Uyo1Uqoc","Life Is Good (feat. Drake)","spotify:artist:1RyvyyTE3xzB2ZywiAwp0i, spotify:artist:3TVXtAsR1Inumwj472S9r4","Future, Drake","spotify:album:5uCEoLCj3ZZZ1EtzQdQWVl","Life Is Good (feat. Drake)","spotify:artist:1RyvyyTE3xzB2ZywiAwp0i, spotify:artist:3TVXtAsR1Inumwj472S9r4","Future, Drake","2020-01-10","https://i.scdn.co/image/ab67616d0000b2738a01c7b77a34378a62f46402","1","1","237735","https://p.scdn.co/mp3-preview/f7e8ac5cc4f6b702718ac3e2e280e270ac16facc?cid=9950ac751e34487dbbe027c4fd7f8e99","true","74","USSM11914962","spotify:user:316ye5nphj2c6qd5zczz6wspr4te","2026-02-10T23:42:19Z"
"spotify:track:6wsqVwoiVH2kde4k4KKAFU","I KNOW ?","spotify:artist:0Y5tJX1MQlPlqiwlOH1tJY","Travis Scott","spotify:album:18NOKLkZETa4sWwLMIm0UZ","UTOPIA","spotify:artist:0Y5tJX1MQlPlqiwlOH1tJY","Travis Scott","2023-07-28","https://i.scdn.co/image/ab67616d0000b27304481c826dd292e5e4983b3f","1","10","211582","https://p.scdn.co/mp3-preview/6351d665b66c2218be3afe45d00acc54b0d6ccd9?cid=9950ac751e34487dbbe027c4fd7f8e99","true","81","USSM12305012","spotify:user:316ye5nphj2c6qd5zczz6wspr4te","2026-02-10T23:55:09Z"
"spotify:track:6xRWoYwfwIKnT8bQGzKbxR","God Is","spotify:artist:5K4W6rqBFWDnAN6FQUkS6x","Kanye West","spotify:album:0FgZKfoU2Br5sHOfvZKTI9","JESUS IS KING","spotify:artist:5K4W6rqBFWDnAN6FQUkS6x","Kanye West","2019-10-25","https://i.scdn.co/image/ab67616d0000b2731bb797bbfe2480650b6c2964","1","8","203141","","false","76","USUM71922073","spotify:user:316ye5nphj2c6qd5zczz6wspr4te","2026-02-14T13:00:18Z"
"spotify:track:6vWEAOUSxohKxhp0K1BsxL","Mixed Personalities (feat. Kanye West)","spotify:artist:1cNDP5yjU5vjeR8qMf4grg, spotify:artist:5K4W6rqBFWDnAN6FQUkS6x","YNW Melly, Kanye West","spotify:album:09b9NC1oQbYaHcacgXn66k","We All Shine","spotify:artist:1cNDP5yjU5vjeR8qMf4grg","YNW Melly","2019-01-18","https://i.scdn.co/image/ab67616d0000b27318fe5f786c4a429f47b1b253","1","9","230400","https://p.scdn.co/mp3-preview/18b02c04b398f015f4f15354d781d63090d9df9c?cid=9950ac751e34487dbbe027c4fd7f8e99","true","72","QMCE31902201","spotify:user:316ye5nphj2c6qd5zczz6wspr4te","2026-02-14T23:59:28Z"
"spotify:track:3Q4gttWQ6hxqWOa3tHoTNi","Not You Too (feat. Chris Brown)","spotify:artist:3TVXtAsR1Inumwj472S9r4, spotify:artist:7bXgB6jMjp9ATFy66eO08Z","Drake, Chris Brown","spotify:album:6OQ9gBfg5EXeNAEwGSs6jK","Dark Lane Demo Tapes","spotify:artist:3TVXtAsR1Inumwj472S9r4","Drake","2020-05-01","https://i.scdn.co/image/ab67616d0000b273bba7cfaf7c59ff0898acba1f","1","4","269680","","true","84","USUG12001725","spotify:user:316ye5nphj2c6qd5zczz6wspr4te","2026-02-16T15:56:35Z"
"spotify:track:40iJIUlhi6renaREYGeIDS","Fair Trade (with Travis Scott)","spotify:artist:3TVXtAsR1Inumwj472S9r4, spotify:artist:0Y5tJX1MQlPlqiwlOH1tJY","Drake, Travis Scott","spotify:album:3SpBlxme9WbeQdI9kx7KAV","Certified Lover Boy","spotify:artist:3TVXtAsR1Inumwj472S9r4","Drake","2021-09-03","https://i.scdn.co/image/ab67616d0000b273cd945b4e3de57edd28481a3f","1","6","291175","","true","83","USUG12104402","spotify:user:316ye5nphj2c6qd5zczz6wspr4te","2026-02-16T15:56:49Z"
"spotify:track:5H4mXWKcicuLKDn4Jy0sK7","Time Flies","spotify:artist:3TVXtAsR1Inumwj472S9r4","Drake","spotify:album:6OQ9gBfg5EXeNAEwGSs6jK","Dark Lane Demo Tapes","spotify:artist:3TVXtAsR1Inumwj472S9r4","Drake","2020-05-01","https://i.scdn.co/image/ab67616d0000b273bba7cfaf7c59ff0898acba1f","1","7","192931","","true","78","USUG12001728","spotify:user:316ye5nphj2c6qd5zczz6wspr4te","2026-02-16T15:56:53Z"
"spotify:track:127QTOFJsJQp5LbJbu3A1y","Toosie Slide","spotify:artist:3TVXtAsR1Inumwj472S9r4","Drake","spotify:album:3xIwVbGJuAcovYIhzbLO3J","Toosie Slide","spotify:artist:3TVXtAsR1Inumwj472S9r4","Drake","2020-04-03","https://i.scdn.co/image/ab67616d0000b2736443676b54522a86f6323e65","1","1","247058","","true","73","USUG12001281","spotify:user:316ye5nphj2c6qd5zczz6wspr4te","2026-02-16T15:57:15Z"
"spotify:track:2CGNAOSuO1MEFCbBRgUzjd","luther (with sza)","spotify:artist:2YZyLoL8N0Wb9xBt1NhZWg, spotify:artist:7tYKF4w9nC0nq9CsPZTHyP","Kendrick Lamar, SZA","spotify:album:1Ss0ArMRr91m83mOgRBjSZ","GNX","spotify:artist:2YZyLoL8N0Wb9xBt1NhZWg","Kendrick Lamar","2024-11-21","https://i.scdn.co/image/ab67616d0000b2737e5e269471fe4a43a42e2f15","1","3","177598","","false","86","USUG12408496","spotify:user:316ye5nphj2c6qd5zczz6wspr4te","2026-02-16T15:59:30Z"
"spotify:track:0aB0v4027ukVziUGwVGYpG","tv off (feat. lefty gunplay)","spotify:artist:2YZyLoL8N0Wb9xBt1NhZWg, spotify:artist:1jiZvw42D4oquLl24x2VWV","Kendrick Lamar, Lefty Gunplay","spotify:album:0hvT3yIEysuuvkK73vgdcW","GNX","spotify:artist:2YZyLoL8N0Wb9xBt1NhZWg","Kendrick Lamar","2024-11-22","https://i.scdn.co/image/ab67616d0000b273e2a0a166493a2bde5480a420","1","7","220690","","true","85","USUG12408493","spotify:user:316ye5nphj2c6qd5zczz6wspr4te","2026-02-16T15:59:34Z"
"spotify:track:0QIjsbm2fh1cJ45XO9eGqq","Wake Up in the Sky","spotify:artist:13y7CgLHjMVRMDqxdx0Xdo, spotify:artist:0du5cEVh5yTK9QJze8zA0C, spotify:artist:46SHBwWsqBkxI7EeeBEQG7","Gucci Mane, Bruno Mars, Kodak Black","spotify:album:7mkyc2BUahNfo0orKzqNGB","Wake Up in the Sky","spotify:artist:13y7CgLHjMVRMDqxdx0Xdo, spotify:artist:0du5cEVh5yTK9QJze8zA0C, spotify:artist:46SHBwWsqBkxI7EeeBEQG7","Gucci Mane, Bruno Mars, Kodak Black","2018-09-14","https://i.scdn.co/image/ab67616d0000b273b64fc7036d0fccef26f9f7e8","1","1","204664","https://p.scdn.co/mp3-preview/6a8b8a604866070283a65bc021cb51330555e9c7?cid=9950ac751e34487dbbe027c4fd7f8e99","true","75","USAT21811087","spotify:user:316ye5nphj2c6qd5zczz6wspr4te","2026-02-17T03:46:17Z"
"spotify:track:0nj9Bq5sHDiTxSHunhgkFb","squabble up","spotify:artist:2YZyLoL8N0Wb9xBt1NhZWg","Kendrick Lamar","spotify:album:0hvT3yIEysuuvkK73vgdcW","GNX","spotify:artist:2YZyLoL8N0Wb9xBt1NhZWg","Kendrick Lamar","2024-11-22","https://i.scdn.co/image/ab67616d0000b273e2a0a166493a2bde5480a420","1","2","157992","","true","80","USUG12408494","spotify:user:316ye5nphj2c6qd5zczz6wspr4te","2026-02-17T21:13:20Z"
"spotify:track:4kqz2VSAmiLm06X90jmktL","Semi Nua","spotify:artist:5s27i7oqhNWIcE4HeoVdq0, spotify:artist:1CbQrKvCpEnekM3QMGJtXK, spotify:artist:48yaM25WLHmQZXx5NN3DYH, spotify:artist:0ktgQZv6VIj48TP9VupyFB, spotify:artist:4bJqqUCbQmRxziUoxUz5mS, spotify:artist:1mvpEXClANunyiHFtAXCxt, spotify:artist:3zG4hHVlA4xIX5jwvOa2KD, spotify:artist:4Z9aFsrQeXQbKIOryEkfqe, spotify:artist:75i9GaW2MJUgt4BkdUnuUY, spotify:artist:4LHTgACY32k94VDjenF0nP","MC GP, MC Meno K, Aaron Modesto, MC RN do Capão, DU'L, MC Rick, DJ Guh Mix, Marquinho no Beat, MC Ryan SP, Mc Negão Original","spotify:album:3tPQoE3kBpT18MQz0Pgy3i","Semi Nua","spotify:artist:0LyfQWJT6nXafLPZqxe9Of","Vários intérpretes","2025-08-08","https://i.scdn.co/image/ab67616d0000b273af84ece25c75658c8c74ad17","1","1","548571","","true","15","BX4IU2515677","spotify:user:316ye5nphj2c6qd5zczz6wspr4te","2026-02-18T02:19:09Z"
"spotify:track:3bpNcH1SCEMn6zuynZGY5e","Fashion","spotify:artist:3rfM2cGqF6DB0kUyytMkXx, spotify:artist:3SB4jbHhsv6NQTh7ZT5GzS, spotify:artist:30Hiyu8fW3upjYdoXoXy8i, spotify:artist:2NMYOlZHIEsSq7pp5jBjic, spotify:artist:468Ift2ngwSQzitOIDjgQO","Orochi, TkN, RUXN, Kizzy, ProdSmile","spotify:album:2hqitsZt4GZdgn7lFxw08S","Mixtape Chiró","spotify:artist:3rfM2cGqF6DB0kUyytMkXx","Orochi","2025-02-28","https://i.scdn.co/image/ab67616d0000b273f84d78c71ec91857f8242c21","1","4","213284","https://p.scdn.co/mp3-preview/c295dab7d11a68ab2b6d958bace58f3cdef505fa?cid=9950ac751e34487dbbe027c4fd7f8e99","false","73","BCM9A2500005","spotify:user:316ye5nphj2c6qd5zczz6wspr4te","2026-02-18T02:20:32Z"
"spotify:track:5Gt9bxniM1SxN61yRzRhXL","United In Grief","spotify:artist:2YZyLoL8N0Wb9xBt1NhZWg","Kendrick Lamar","spotify:album:79ONNoS4M9tfIA1mYLBYVX","Mr. Morale & The Big Steppers","spotify:artist:2YZyLoL8N0Wb9xBt1NhZWg","Kendrick Lamar","2022-05-13","https://i.scdn.co/image/ab67616d0000b2732e02117d76426a08ac7c174f","1","1","255377","","true","78","USUM72208961","spotify:user:316ye5nphj2c6qd5zczz6wspr4te","2026-02-23T22:22:43Z"
"spotify:track:3DK6m7It6Pw857FcQftMds","Runaway","spotify:artist:5K4W6rqBFWDnAN6FQUkS6x, spotify:artist:0ONHkAv9pCAFxb0zJwDNTy","Kanye West, Pusha T","spotify:album:20r762YmB5HeofjMCiPMLv","My Beautiful Dark Twisted Fantasy","spotify:artist:5K4W6rqBFWDnAN6FQUkS6x","Kanye West","2010-11-22","https://i.scdn.co/image/ab67616d0000b273d9194aa18fa4c9362b47464f","1","9","547733","","true","87","USUM71027402","spotify:user:316ye5nphj2c6qd5zczz6wspr4te","2026-02-25T11:27:53Z"
"spotify:track:5jXXQY6LLlEtEWMDL6XcaP","Chatão","spotify:artist:1mV9h1AwhRXSjBFcYpajgY, spotify:artist:1b8S7EPzdckRyIh0uSbOMI, spotify:artist:02RhvXTIhg46MyWF8yN6GG, spotify:artist:3onpHCaIChS7saQn7fYncx, spotify:artist:4LHTgACY32k94VDjenF0nP, spotify:artist:75i9GaW2MJUgt4BkdUnuUY","Mc Lele JP, DJ Oreia, Mc DR, Gubeatz, Mc Negão Original, MC Ryan SP","spotify:album:6qtdLyhX199LWgKEBLwgkc","Chatão","spotify:artist:1mV9h1AwhRXSjBFcYpajgY","Mc Lele JP","2025-08-07","https://i.scdn.co/image/ab67616d0000b27302eb05f642de3cbee085d811","1","1","314880","https://p.scdn.co/mp3-preview/eadf43eef80598c52afb32b27ef627e7f50ecb5b?cid=9950ac751e34487dbbe027c4fd7f8e99","false","20","BCGWP2500029","spotify:user:316ye5nphj2c6qd5zczz6wspr4te","2026-02-25T12:12:59Z"
"spotify:track:173oBdI5W1ucG1MUdAMsor","Cartier Santos Dumont","spotify:artist:3Igua105OJq78XPcPKPGku, spotify:artist:4V6S8Exb51yXRs6oiJYIgE, spotify:artist:1iVZ4G8loVE1bb5EWuOvMM","Febre90s, SonoTWS, pumapjl","spotify:album:3QXwSeMoEEnD8QHNjfFfG4","Cartier Santos Dumont","spotify:artist:3Igua105OJq78XPcPKPGku, spotify:artist:4V6S8Exb51yXRs6oiJYIgE, spotify:artist:1iVZ4G8loVE1bb5EWuOvMM","Febre90s, SonoTWS, pumapjl","2025-02-21","https://i.scdn.co/image/ab67616d0000b273d9f1fe1fad9a18b489790560","1","1","144878","https://p.scdn.co/mp3-preview/1c7712ab3697f10705377b377be2d15b721182e8?cid=9950ac751e34487dbbe027c4fd7f8e99","true","67","BXY8J2500001","spotify:user:316ye5nphj2c6qd5zczz6wspr4te","2026-02-26T21:56:43Z"
"spotify:track:6u7Z4HEvyBO8r0wWhgFEho","Vilã","spotify:artist:2RKcy8YT2w2QYn0D7TjiIi, spotify:artist:56IPf5d631ccKOTmo8RFHK, spotify:artist:1NzstOcEoL35FZzYhJNtOo, spotify:artist:5WFFFHVqeVk5tLuYh2KjQy","Cacife Clandestino, Felp 22, TerrorDosBeats, Luccas Carlos","spotify:album:1WoPJwd3VWWp2BU0f8tFz3","Conteúdo Explícito, Pt. 1","spotify:artist:2RKcy8YT2w2QYn0D7TjiIi, spotify:artist:56IPf5d631ccKOTmo8RFHK, spotify:artist:1NzstOcEoL35FZzYhJNtOo","Cacife Clandestino, Felp 22, TerrorDosBeats","2016-02-29","https://i.scdn.co/image/ab67616d0000b2734d02d4885b2828e056f3b541","1","6","198805","https://p.scdn.co/mp3-preview/8db75690cf7221b6e5c5f852deef77edb2b427eb?cid=9950ac751e34487dbbe027c4fd7f8e99","true","69","US7VG1615973","spotify:user:316ye5nphj2c6qd5zczz6wspr4te","2026-03-07T22:58:49Z"
"spotify:track:020De83tFmcTrgEpzdUCNS","Vai Tomando Pock Pock","spotify:artist:1mV9h1AwhRXSjBFcYpajgY, spotify:artist:6VyttZwyEMGBl90oGdKCB8, spotify:artist:6TlHQuC7PJX1Ki2AjN7YAy, spotify:artist:7vtCvjMGmRijbRIvScJmkO, spotify:artist:2isWi9fP3idxCaGPPEelEQ, spotify:artist:1CbQrKvCpEnekM3QMGJtXK, spotify:artist:0Vxqvpm9tpZcz6d4egDtjX","Mc Lele JP, MC Leozinho ZS, MC GH Original, MC Menor ZL, DJ GORDINHO DA VF, MC Meno K, MC PR","spotify:album:6qtdLyhX199LWgKEBLwgkc","Chatão","spotify:artist:1mV9h1AwhRXSjBFcYpajgY","Mc Lele JP","2025-08-07","https://i.scdn.co/image/ab67616d0000b27302eb05f642de3cbee085d811","1","6","335999","https://p.scdn.co/mp3-preview/dcd1ac3596bf422b8be6eb7603a618e04495f290?cid=9950ac751e34487dbbe027c4fd7f8e99","true","24","BCGWP2500035","spotify:user:316ye5nphj2c6qd5zczz6wspr4te","2026-03-07T22:59:48Z"
"spotify:track:7yNf9YjeO5JXUE3JEBgnYc","Babydoll","spotify:artist:6USv9qhCn6zfxlBQIYJ9qs","Dominic Fike","spotify:album:05jbNkYoEQdjVDHEHtg1gY","Don't Forget About Me, Demos","spotify:artist:6USv9qhCn6zfxlBQIYJ9qs","Dominic Fike","2018-10-16","https://i.scdn.co/image/ab67616d0000b2737b1b6f41c1645af9757d5616","1","3","97960","https://p.scdn.co/mp3-preview/bf5ab98492256120bd9c48658e9c899c8692f77f?cid=9950ac751e34487dbbe027c4fd7f8e99","false","97","USQX91802457","spotify:user:316ye5nphj2c6qd5zczz6wspr4te","2026-03-08T02:25:22Z"
"spotify:track:1BpKJw4RZxaFB88NE5uxXf","ILoveUIHateU","spotify:artist:699OTQXzgjhIYAHMy9RyPD","Playboi Carti","spotify:album:2QRedhP5RmKJiJ1i8VgDGR","Whole Lotta Red","spotify:artist:699OTQXzgjhIYAHMy9RyPD","Playboi Carti","2020-12-25","https://i.scdn.co/image/ab67616d0000b27398ea0e689c91f8fea726d9bb","1","21","135122","","true","78","USUM72024701","spotify:user:316ye5nphj2c6qd5zczz6wspr4te","2026-03-08T18:48:46Z"
"spotify:track:4rezds0Va7LDCDH3gvlf2b","POTÊNCIA","spotify:artist:1ZzJx2AgPmbnOE6OXhnn5K, spotify:artist:4z8ieq95PTFrqoxYhozY75, spotify:artist:3914e1ewXuF036M63rgK0d, spotify:artist:2d7vU3M4WY23wRN1nAqEwp","Ryu\, The Runner, Emitê Único, Neckklace, C4rlinhxs","spotify:album:09bZBNkYaEjskXBjzve0hc","POTÊNCIA","spotify:artist:1ZzJx2AgPmbnOE6OXhnn5K, spotify:artist:4z8ieq95PTFrqoxYhozY75, spotify:artist:3914e1ewXuF036M63rgK0d, spotify:artist:2d7vU3M4WY23wRN1nAqEwp","Ryu\, The Runner, Emitê Único, Neckklace, C4rlinhxs","2026-03-10","https://i.scdn.co/image/ab67616d0000b2739c61f4716b5819f56fc587bf","1","1","158868","https://p.scdn.co/mp3-preview/d179c3263b76360fbe3a1d52c93d86dfa868fffb?cid=9950ac751e34487dbbe027c4fd7f8e99","true","50","BRRGE2600210","spotify:user:316ye5nphj2c6qd5zczz6wspr4te","2026-03-12T00:23:27Z"
"spotify:track:5Ryu0SlsYjKh78RkJUONFr","Flex Up (feat. Future & Playboi Carti)","spotify:artist:6icQOAFXDZKsumw3YXyusw, spotify:artist:1RyvyyTE3xzB2ZywiAwp0i, spotify:artist:699OTQXzgjhIYAHMy9RyPD","Lil Yachty, Future, Playboi Carti","spotify:album:6ufaA5YvSGK3E9KnRFYvvo","Lil Boat 3.5","spotify:artist:6icQOAFXDZKsumw3YXyusw","Lil Yachty","2020-11-27","https://i.scdn.co/image/ab67616d0000b273789e7bbd2cc0ae4085b4d59f","1","2","170858","","true","73","USUG12001712","spotify:user:316ye5nphj2c6qd5zczz6wspr4te","2026-03-13T09:39:52Z"
"spotify:track:4nb3CQL9GgnNHd9sLqiKZe","has to be u","spotify:artist:0xEdwBYYjxw6wk179Tq2sJ, spotify:artist:6YEV0RD46iRGwcvKimSGLG","Leviano, Thiago Sub","spotify:album:0csiHxGIh5wb5H1l3U6OHR","has to be u","spotify:artist:0xEdwBYYjxw6wk179Tq2sJ, spotify:artist:6YEV0RD46iRGwcvKimSGLG","Leviano, Thiago Sub","2025-07-21","https://i.scdn.co/image/ab67616d0000b273bb044e871d99ef94bcab4337","1","1","110866","https://p.scdn.co/mp3-preview/14adbcc78bed15bbcdd5373a31640cfac507047b?cid=9950ac751e34487dbbe027c4fd7f8e99","true","62","CA5KR2544057","spotify:user:316ye5nphj2c6qd5zczz6wspr4te","2026-03-18T11:33:17Z"
"spotify:track:6hdttnSKaHJHAb4ohCl19b","WARZONE","spotify:artist:2KwQkyJzT9r6Hh56jtfuse","Brandão85","spotify:album:6i3bZr61w3bJktNhTZCnmY","WARZONE","spotify:artist:2KwQkyJzT9r6Hh56jtfuse","Brandão85","2026-03-30","https://i.scdn.co/image/ab67616d0000b273d09c889d82634b0bbfbfdc85","1","1","166285","https://p.scdn.co/mp3-preview/046dfffa05e42c2fd383ba6b21a5a827fa752dea?cid=9950ac751e34487dbbe027c4fd7f8e99","false","51","BXW922600023","spotify:user:316ye5nphj2c6qd5zczz6wspr4te","2026-03-31T00:05:12Z"
"spotify:track:3I0FBDc1c1BLNtXWKVjmFg","untitled 02 | 06.23.2014.","spotify:artist:2YZyLoL8N0Wb9xBt1NhZWg","Kendrick Lamar","spotify:album:0kL3TYRsSXnu0iJvFO3rud","untitled unmastered.","spotify:artist:2YZyLoL8N0Wb9xBt1NhZWg","Kendrick Lamar","2016-03-04","https://i.scdn.co/image/ab67616d0000b2738c697f553a46006a5d8886b2","1","2","258826","","true","64","USUM71601674","spotify:user:316ye5nphj2c6qd5zczz6wspr4te","2026-04-02T01:29:52Z"
"spotify:track:3qX1dqmDdmMvvfMVfsx4Bh","m.A.A.d city","spotify:artist:2YZyLoL8N0Wb9xBt1NhZWg, spotify:artist:4XqfpACObRB5AsBcUYjL8X","Kendrick Lamar, MC Eiht","spotify:album:748dZDqSZy6aPXKcI9H80u","good kid, m.A.A.d city (Deluxe)","spotify:artist:2YZyLoL8N0Wb9xBt1NhZWg","Kendrick Lamar","2012-10-22","https://i.scdn.co/image/ab67616d0000b27378de8b28de36a74afc0348b5","1","8","350120","","true","67","USUM71210784","spotify:user:316ye5nphj2c6qd5zczz6wspr4te","2026-04-02T01:30:01Z"
"spotify:track:6BU1RZexmvJcBjgagVVt3M","Count Me Out","spotify:artist:2YZyLoL8N0Wb9xBt1NhZWg","Kendrick Lamar","spotify:album:79ONNoS4M9tfIA1mYLBYVX","Mr. Morale & The Big Steppers","spotify:artist:2YZyLoL8N0Wb9xBt1NhZWg","Kendrick Lamar","2022-05-13","https://i.scdn.co/image/ab67616d0000b2732e02117d76426a08ac7c174f","2","1","283642","","true","77","USUM72208980","spotify:user:316ye5nphj2c6qd5zczz6wspr4te","2026-04-02T01:31:22Z"
"spotify:track:1zayuwd1YLZsYDArkruHdL","The Heart Part 4","spotify:artist:2YZyLoL8N0Wb9xBt1NhZWg","Kendrick Lamar","spotify:album:67pL2VfWX7t1XsvK1TGa4G","The Heart Part 4","spotify:artist:2YZyLoL8N0Wb9xBt1NhZWg","Kendrick Lamar","2017-03-24","https://i.scdn.co/image/ab67616d0000b273a688d4b1d37067e0e92fc886","1","1","288554","https://p.scdn.co/mp3-preview/016f111ebc9a9f3f0017e80c157b91aa2d8cd82d?cid=9950ac751e34487dbbe027c4fd7f8e99","true","51","TCACZ1756345","spotify:user:316ye5nphj2c6qd5zczz6wspr4te","2026-04-02T01:31:52Z"
"spotify:track:1SGvjfc85yzqKXsfKcCxn2","heart pt. 6","spotify:artist:2YZyLoL8N0Wb9xBt1NhZWg","Kendrick Lamar","spotify:album:0hvT3yIEysuuvkK73vgdcW","GNX","spotify:artist:2YZyLoL8N0Wb9xBt1NhZWg","Kendrick Lamar","2024-11-22","https://i.scdn.co/image/ab67616d0000b273e2a0a166493a2bde5480a420","1","10","292461","","true","72","USUG12408502","spotify:user:316ye5nphj2c6qd5zczz6wspr4te","2026-04-02T01:31:56Z"
"spotify:track:5wG3HvLhF6Y5KTGlK0IW3J","Trance (with Travis Scott & Young Thug)","spotify:artist:0iEtIxbK0KxaSlF7G42ZOp, spotify:artist:0Y5tJX1MQlPlqiwlOH1tJY, spotify:artist:50co4Is1HCEo8bhOyUWKpn","Metro Boomin, Travis Scott, Young Thug","spotify:album:7txGsnDSqVMoRl6RQ9XyZP","HEROES & VILLAINS","spotify:artist:0iEtIxbK0KxaSlF7G42ZOp","Metro Boomin","2022-12-02","https://i.scdn.co/image/ab67616d0000b273c4fee55d7b51479627c31f89","1","6","194786","","true","84","USUG12208787","spotify:user:316ye5nphj2c6qd5zczz6wspr4te","2026-04-07T09:17:19Z"
"spotify:track:6yMwEg04MIcrJpcokK75yI","PRÊMIO MULTISHOW","spotify:artist:1ZzJx2AgPmbnOE6OXhnn5K, spotify:artist:3914e1ewXuF036M63rgK0d, spotify:artist:1Hqnj6Rw341YYHk13DzK2g","Ryu\, The Runner, Neckklace, SMOKEFUSION","spotify:album:05GAQLZV0Rp7O2lxRDyAur","PRÊMIO MULTISHOW","spotify:artist:1ZzJx2AgPmbnOE6OXhnn5K, spotify:artist:3914e1ewXuF036M63rgK0d, spotify:artist:1Hqnj6Rw341YYHk13DzK2g","Ryu\, The Runner, Neckklace, SMOKEFUSION","2026-04-07","https://i.scdn.co/image/ab67616d0000b273a401005b315d1ac1ddaf5835","1","1","124662","https://p.scdn.co/mp3-preview/fd3672f7f5df93a95355960d19a047522b7ea713?cid=9950ac751e34487dbbe027c4fd7f8e99","true","45","BRRGE2600231","spotify:user:316ye5nphj2c6qd5zczz6wspr4te","2026-04-08T00:16:22Z"
"spotify:track:3B4cjvGlPvyBLNG3AzEgkZ","E85","spotify:artist:4Gso3d4CscCijv0lmajZWs","Don Toliver","spotify:album:131x9G87mD0hP0hGZc9qYN","OCTANE","spotify:artist:4Gso3d4CscCijv0lmajZWs","Don Toliver","2026-01-30","https://i.scdn.co/image/ab67616d0000b27325c28f3c9fbdbab1a88dd619","1","1","153181","https://p.scdn.co/mp3-preview/6531864966b2fc846a74a9bc161d9bf4563ec2e9?cid=9950ac751e34487dbbe027c4fd7f8e99","true","90","USAT22600117","spotify:user:316ye5nphj2c6qd5zczz6wspr4te","2026-04-08T01:02:42Z"
"spotify:track:5pfn68duSmBKo4FhYknOms","FATHER (feat. Travis Scott)","spotify:artist:5K4W6rqBFWDnAN6FQUkS6x, spotify:artist:3NlsBPwqJuDgtXZ2rv5Dmq, spotify:artist:0Y5tJX1MQlPlqiwlOH1tJY","Kanye West, Ye, Travis Scott","spotify:album:5poA9SAx0Xiz1cf17fWBLS","BULLY","spotify:artist:5K4W6rqBFWDnAN6FQUkS6x, spotify:artist:3NlsBPwqJuDgtXZ2rv5Dmq","Kanye West, Ye","2026-03-28","https://i.scdn.co/image/ab67616d0000b27395184f6a953569b683ca9a0d","1","3","169330","https://p.scdn.co/mp3-preview/857196ff6cd02484da7526a245f0d4407412ff54?cid=9950ac751e34487dbbe027c4fd7f8e99","true","77","QZQAY2638915","spotify:user:316ye5nphj2c6qd5zczz6wspr4te","2026-04-08T02:14:13Z"
"spotify:track:0j2T0R9dR9qdJYsB7ciXhf","Stronger","spotify:artist:5K4W6rqBFWDnAN6FQUkS6x","Kanye West","spotify:album:4SZko61aMnmgvNhfhgTuD3","Graduation","spotify:artist:5K4W6rqBFWDnAN6FQUkS6x","Kanye West","2007-09-11","https://i.scdn.co/image/ab67616d0000b27326f7f19c7f0381e56156c94a","1","3","311866","","true","87","USUM70741299","spotify:user:316ye5nphj2c6qd5zczz6wspr4te","2026-04-08T02:19:28Z"
"spotify:track:2gZUPNdnz5Y45eiGxpHGSc","POWER","spotify:artist:5K4W6rqBFWDnAN6FQUkS6x","Kanye West","spotify:album:20r762YmB5HeofjMCiPMLv","My Beautiful Dark Twisted Fantasy","spotify:artist:5K4W6rqBFWDnAN6FQUkS6x","Kanye West","2010-11-22","https://i.scdn.co/image/ab67616d0000b273d9194aa18fa4c9362b47464f","1","3","292093","","true","84","USUM71018220","spotify:user:316ye5nphj2c6qd5zczz6wspr4te","2026-04-08T02:32:06Z"
"spotify:track:2mNGL7mZILSqZHxGboJaO9","COMË N GO","spotify:artist:3qiHUAX7zY4Qnjx8TNUzVx","Yeat","spotify:album:61PCQeDaTD2gwfpHFikpbh","DANGEROUS SUMMER","spotify:artist:3qiHUAX7zY4Qnjx8TNUzVx","Yeat","2025-08-01","https://i.scdn.co/image/ab67616d0000b273a99eb4bda4c981a09966162f","1","5","198620","","true","83","USUM72508238","spotify:user:316ye5nphj2c6qd5zczz6wspr4te","2026-04-08T02:34:59Z"
"spotify:track:4KW1lqgSr8TKrvBII0Brf8","Father Stretch My Hands Pt. 1","spotify:artist:5K4W6rqBFWDnAN6FQUkS6x","Kanye West","spotify:album:7gsWAHLeT0w7es6FofOXk1","The Life Of Pablo","spotify:artist:5K4W6rqBFWDnAN6FQUkS6x","Kanye West","2016-06-10","https://i.scdn.co/image/ab67616d0000b2732a7db835b912dc5014bd37f4","1","2","135920","","true","84","USUM71603067","spotify:user:316ye5nphj2c6qd5zczz6wspr4te","2026-04-09T00:31:35Z"
"spotify:track:1Z2FvDFZSDQ23s4BDqpWqZ","Sing About Me, I'm Dying Of Thirst","spotify:artist:2YZyLoL8N0Wb9xBt1NhZWg","Kendrick Lamar","spotify:album:748dZDqSZy6aPXKcI9H80u","good kid, m.A.A.d city (Deluxe)","spotify:artist:2YZyLoL8N0Wb9xBt1NhZWg","Kendrick Lamar","2012-10-22","https://i.scdn.co/image/ab67616d0000b27378de8b28de36a74afc0348b5","1","10","723573","","true","62","USUM71210783","spotify:user:316ye5nphj2c6qd5zczz6wspr4te","2026-04-09T23:55:11Z"
"spotify:track:6FKC90hzVwca9nQeuVx9KG","Champagne","spotify:artist:4YqwRbMLqGHRHLS1w2ZKse, spotify:artist:6TPJK8tv3AKKSsw0lENTQk, spotify:artist:3prRKGJz16RRMRSIM97nHw, spotify:artist:27azwwkxutWL1BWMkgNIh0, spotify:artist:5OvehyyUJ5edWaogL9o4Ka","Veigh, Nagalli, Supernova Ent, Vulgo FK, Rocco","spotify:album:4WTmjVL1HD0QQCiht2scSM","Dos Prédios","spotify:artist:4YqwRbMLqGHRHLS1w2ZKse, spotify:artist:3prRKGJz16RRMRSIM97nHw","Veigh, Supernova Ent","2022-11-18","https://i.scdn.co/image/ab67616d0000b2736ac996c7c01c601a8edc08c7","1","9","134400","https://p.scdn.co/mp3-preview/89c1d2b43a09bcf85ca07a58c2b3beedd1f27303?cid=9950ac751e34487dbbe027c4fd7f8e99","true","55","QZNMY2242347","spotify:user:316ye5nphj2c6qd5zczz6wspr4te","2026-04-10T00:03:56Z"
"spotify:track:22bl3LPkCHQSBhCAdw8Jwk","Famoso Ímã | O poderoso chatão","spotify:artist:1mV9h1AwhRXSjBFcYpajgY, spotify:artist:28ie4NNTa2VW2QV4Zray8M, spotify:artist:6VyttZwyEMGBl90oGdKCB8, spotify:artist:2isWi9fP3idxCaGPPEelEQ","Mc Lele JP, Mc Poze do Rodo, MC Leozinho ZS, DJ GORDINHO DA VF","spotify:album:1nJFHpaSmVAKbLMrzWOdwz","Famoso Ímã | O poderoso chatão","spotify:artist:1mV9h1AwhRXSjBFcYpajgY, spotify:artist:28ie4NNTa2VW2QV4Zray8M, spotify:artist:6VyttZwyEMGBl90oGdKCB8, spotify:artist:2isWi9fP3idxCaGPPEelEQ","Mc Lele JP, Mc Poze do Rodo, MC Leozinho ZS, DJ GORDINHO DA VF","2026-02-18","https://i.scdn.co/image/ab67616d0000b2731381f350c5f7f620ee69a622","1","1","217845","https://p.scdn.co/mp3-preview/f339860c0cffa7a15ce1481e4881403de4634a16?cid=9950ac751e34487dbbe027c4fd7f8e99","false","85","BCGWP2600008","spotify:user:316ye5nphj2c6qd5zczz6wspr4te","2026-04-10T00:48:00Z"
"spotify:track:6n9JMoXkXu4lDOu1k6MRpy","Reliquia do 2T","spotify:artist:3Y4ODN6kIBNpQj6eWNT9xw, spotify:artist:3UfwtvPZZea2HHwI23VtKP, spotify:artist:6aoGgTKGqtsjj48ymcNs4Z, spotify:artist:6XFc29m1ptfUNmaa1UTuBT, spotify:artist:06CW6ZcdRZc14gC6wr3bt6, spotify:artist:4s6x9M7UXoKy12iOrDILhj","DJ Gu, MC Vine7, MC Tuto, MC Joãozinho VT, Mc Dkziin, MC Fr da Norte","spotify:album:6ecRUuOdAsn1ROohWK7D2Z","Reliquia do 2T","spotify:artist:3Y4ODN6kIBNpQj6eWNT9xw, spotify:artist:3UfwtvPZZea2HHwI23VtKP, spotify:artist:6aoGgTKGqtsjj48ymcNs4Z, spotify:artist:6XFc29m1ptfUNmaa1UTuBT","DJ Gu, MC Vine7, MC Tuto, MC Joãozinho VT","2026-02-06","https://i.scdn.co/image/ab67616d0000b273602f97feddd13e75029f2b8f","1","1","306000","https://p.scdn.co/mp3-preview/2ebeb6aca6add181d85500398e9683faed84ca17?cid=9950ac751e34487dbbe027c4fd7f8e99","true","84","BCSOR2600026","spotify:user:316ye5nphj2c6qd5zczz6wspr4te","2026-04-10T00:48:04Z"
"spotify:track:1Wsbr1d2BouNGk2q92mIj7","Pt. 2","spotify:artist:5K4W6rqBFWDnAN6FQUkS6x","Kanye West","spotify:album:7gsWAHLeT0w7es6FofOXk1","The Life Of Pablo","spotify:artist:5K4W6rqBFWDnAN6FQUkS6x","Kanye West","2016-06-10","https://i.scdn.co/image/ab67616d0000b2732a7db835b912dc5014bd37f4","1","3","130293","","true","66","USUM71603069","spotify:user:316ye5nphj2c6qd5zczz6wspr4te","2026-04-10T00:56:02Z"
"spotify:track:2Ih217RCGAmyQR68Nn7Cqo","You Know How We Do It","spotify:artist:3Mcii5XWf6E0lrY3Uky4cA","Ice Cube","spotify:album:7JlCbNWZszAdVKZdtHFQ5p","Lethal Injection","spotify:artist:3Mcii5XWf6E0lrY3Uky4cA","Ice Cube","1993-12-07","https://i.scdn.co/image/ab67616d0000b27368820c2a3865d138ab7daba3","1","4","232773","","true","82","USPO10300102","spotify:user:316ye5nphj2c6qd5zczz6wspr4te","2026-04-13T01:06:59Z"
"spotify:track:1JgkiUg9mSXSwcb5Gbi4Ur","Lean 4 Real (feat. Skepta)","spotify:artist:699OTQXzgjhIYAHMy9RyPD, spotify:artist:2p1fiYHYiXz9qi0JJyxBzN","Playboi Carti, Skepta","spotify:album:7dAm8ShwJLFm9SaJ6Yc58O","Die Lit","spotify:artist:699OTQXzgjhIYAHMy9RyPD","Playboi Carti","2018-05-11","https://i.scdn.co/image/ab67616d0000b273a1e867d40e7bb29ced5c0194","1","3","177026","","true","67","USUM71804151","spotify:user:z2zvex1cllb34dps4t0bp2vnz","2026-04-13T03:29:38Z"
"spotify:track:5SfpK7yor6hACw6zyXcEoZ","Melhor Dia 6 - Destino","spotify:artist:65gA1Fzv5EBpFqOezGLupY, spotify:artist:0OLpdla9YvZOtlPnQkXScl, spotify:artist:460m2YG30duLCuHwFdiLgX, spotify:artist:5nP8x4uEFjAAmDzwOEc9b8, spotify:artist:2RDrgRouTQ289ET075WYuC, spotify:artist:3IjqaF34HzOoPzRB2Dk6mD, spotify:artist:5wEgjH2s4SAiffRmzkBqHB","Marcos Baroni, Jovem Dex, Yunk Vino, Matuê, The Boy, Clovis Pinho, Wall Hein","spotify:album:2JA2tJUwDOz2MRj72gRqMZ","Melhor Dia 6 - Destino","spotify:artist:65gA1Fzv5EBpFqOezGLupY, spotify:artist:0OLpdla9YvZOtlPnQkXScl, spotify:artist:460m2YG30duLCuHwFdiLgX","Marcos Baroni, Jovem Dex, Yunk Vino","2021-10-19","https://i.scdn.co/image/ab67616d0000b2734d096639ed37c443e08f814b","1","1","318000","https://p.scdn.co/mp3-preview/de95354cda99aa56749687b2a58a6cab23dee5db?cid=9950ac751e34487dbbe027c4fd7f8e99","true","50","BXW6U2100007","spotify:user:316ye5nphj2c6qd5zczz6wspr4te","2026-04-14T01:54:56Z"
"spotify:track:2gYkTN5ypXqSXkZluPX7LX","BENÇA","spotify:artist:2KwQkyJzT9r6Hh56jtfuse","Brandão85","spotify:album:5jiPp1YPjyhcWqU6jYQxlv","ISSO É TRAP VOL.2","spotify:artist:2KwQkyJzT9r6Hh56jtfuse","Brandão85","2026-04-15","https://i.scdn.co/image/ab67616d0000b273bae9205078790642f67bfdfd","1","1","144000","https://p.scdn.co/mp3-preview/91ee6796717ae45bfc3a226fb1aa36e38c2a190d?cid=9950ac751e34487dbbe027c4fd7f8e99","true","56","BXW922600025","spotify:user:316ye5nphj2c6qd5zczz6wspr4te","2026-04-16T00:00:32Z"
"spotify:track:22ooA7NojnvlE8hlIggR3O","OK","spotify:artist:2KwQkyJzT9r6Hh56jtfuse","Brandão85","spotify:album:5jiPp1YPjyhcWqU6jYQxlv","ISSO É TRAP VOL.2","spotify:artist:2KwQkyJzT9r6Hh56jtfuse","Brandão85","2026-04-15","https://i.scdn.co/image/ab67616d0000b273bae9205078790642f67bfdfd","1","2","127894","https://p.scdn.co/mp3-preview/fbca8af5e90a1bdf28d3194691d74bb7619d3001?cid=9950ac751e34487dbbe027c4fd7f8e99","true","52","BXW922600027","spotify:user:316ye5nphj2c6qd5zczz6wspr4te","2026-04-16T00:00:32Z"
"spotify:track:7vascMPk3Eg2ETZKfGRaTK","PARIS","spotify:artist:2KwQkyJzT9r6Hh56jtfuse","Brandão85","spotify:album:5jiPp1YPjyhcWqU6jYQxlv","ISSO É TRAP VOL.2","spotify:artist:2KwQkyJzT9r6Hh56jtfuse","Brandão85","2026-04-15","https://i.scdn.co/image/ab67616d0000b273bae9205078790642f67bfdfd","1","3","157974","https://p.scdn.co/mp3-preview/1348d7f5c537715e1f244dfec42916cef11108b6?cid=9950ac751e34487dbbe027c4fd7f8e99","true","50","BXW922600029","spotify:user:316ye5nphj2c6qd5zczz6wspr4te","2026-04-16T00:00:32Z"
"spotify:track:7G71juY1bt2tAVW7p4BWWL","WARZONE","spotify:artist:2KwQkyJzT9r6Hh56jtfuse","Brandão85","spotify:album:5jiPp1YPjyhcWqU6jYQxlv","ISSO É TRAP VOL.2","spotify:artist:2KwQkyJzT9r6Hh56jtfuse","Brandão85","2026-04-15","https://i.scdn.co/image/ab67616d0000b273bae9205078790642f67bfdfd","1","4","166285","https://p.scdn.co/mp3-preview/9af2efcc56837437a6b6af06e291e5a093139d82?cid=9950ac751e34487dbbe027c4fd7f8e99","false","59","BXW922600023","spotify:user:316ye5nphj2c6qd5zczz6wspr4te","2026-04-16T00:00:32Z"
"spotify:track:7cLt8S1uKvo41gRyRaaivR","BLUNT DE GOIABA","spotify:artist:2KwQkyJzT9r6Hh56jtfuse","Brandão85","spotify:album:5jiPp1YPjyhcWqU6jYQxlv","ISSO É TRAP VOL.2","spotify:artist:2KwQkyJzT9r6Hh56jtfuse","Brandão85","2026-04-15","https://i.scdn.co/image/ab67616d0000b273bae9205078790642f67bfdfd","1","5","125217","https://p.scdn.co/mp3-preview/7087bf2728c2a7a4a9daa430d2794ac902660baa?cid=9950ac751e34487dbbe027c4fd7f8e99","true","63","BXW922600033","spotify:user:316ye5nphj2c6qd5zczz6wspr4te","2026-04-16T00:00:32Z"
"spotify:track:43xpbgkf5auMZM0OgLRzrJ","JAQUETA BAPE","spotify:artist:2KwQkyJzT9r6Hh56jtfuse","Brandão85","spotify:album:5jiPp1YPjyhcWqU6jYQxlv","ISSO É TRAP VOL.2","spotify:artist:2KwQkyJzT9r6Hh56jtfuse","Brandão85","2026-04-15","https://i.scdn.co/image/ab67616d0000b273bae9205078790642f67bfdfd","1","6","165034","https://p.scdn.co/mp3-preview/58a413aabdccd7fdba97718985a78641b3ba8ddf?cid=9950ac751e34487dbbe027c4fd7f8e99","true","55","BXW922600031","spotify:user:316ye5nphj2c6qd5zczz6wspr4te","2026-04-16T00:00:32Z"
"spotify:track:4yB4sT9WQDbtN6FESUljHx","MOOD","spotify:artist:2KwQkyJzT9r6Hh56jtfuse","Brandão85","spotify:album:5jiPp1YPjyhcWqU6jYQxlv","ISSO É TRAP VOL.2","spotify:artist:2KwQkyJzT9r6Hh56jtfuse","Brandão85","2026-04-15","https://i.scdn.co/image/ab67616d0000b273bae9205078790642f67bfdfd","1","7","140624","https://p.scdn.co/mp3-preview/4ec6fc90094883c8b33c50495bda041fe0543ade?cid=9950ac751e34487dbbe027c4fd7f8e99","true","50","BXW922600035","spotify:user:316ye5nphj2c6qd5zczz6wspr4te","2026-04-16T00:00:32Z"
"spotify:track:2QfUokbybj9mgT2OmNxhk9","MILAGRE","spotify:artist:2KwQkyJzT9r6Hh56jtfuse","Brandão85","spotify:album:5jiPp1YPjyhcWqU6jYQxlv","ISSO É TRAP VOL.2","spotify:artist:2KwQkyJzT9r6Hh56jtfuse","Brandão85","2026-04-15","https://i.scdn.co/image/ab67616d0000b273bae9205078790642f67bfdfd","1","8","211531","https://p.scdn.co/mp3-preview/a594feff1bee01671fc0336deb9de353c8608dbe?cid=9950ac751e34487dbbe027c4fd7f8e99","true","58","BXW922600037","spotify:user:316ye5nphj2c6qd5zczz6wspr4te","2026-04-16T00:00:32Z"
"spotify:track:0NHvltrWqtu39FG1a5tXV2","FÓRMULAS & MIRAGENS","spotify:artist:2KwQkyJzT9r6Hh56jtfuse","Brandão85","spotify:album:5jiPp1YPjyhcWqU6jYQxlv","ISSO É TRAP VOL.2","spotify:artist:2KwQkyJzT9r6Hh56jtfuse","Brandão85","2026-04-15","https://i.scdn.co/image/ab67616d0000b273bae9205078790642f67bfdfd","1","9","199678","https://p.scdn.co/mp3-preview/8b01e4363aebd8c1721156696bc4d77c9c582bc1?cid=9950ac751e34487dbbe027c4fd7f8e99","true","55","BXW922600039","spotify:user:316ye5nphj2c6qd5zczz6wspr4te","2026-04-16T00:00:32Z"
"spotify:track:6tku7hYTUK7PJr1KRUA0RI","BUG NA MATRIX","spotify:artist:2KwQkyJzT9r6Hh56jtfuse","Brandão85","spotify:album:5jiPp1YPjyhcWqU6jYQxlv","ISSO É TRAP VOL.2","spotify:artist:2KwQkyJzT9r6Hh56jtfuse","Brandão85","2026-04-15","https://i.scdn.co/image/ab67616d0000b273bae9205078790642f67bfdfd","1","10","198857","https://p.scdn.co/mp3-preview/d59b3574f8509af94241f293d96fb42ded060afc?cid=9950ac751e34487dbbe027c4fd7f8e99","true","61","BXW922600041","spotify:user:316ye5nphj2c6qd5zczz6wspr4te","2026-04-16T00:00:32Z"
"spotify:track:2DDZ0RrrJMLaG3Tyf8hPgj","JAPONÊS","spotify:artist:2KwQkyJzT9r6Hh56jtfuse, spotify:artist:5nP8x4uEFjAAmDzwOEc9b8","Brandão85, Matuê","spotify:album:5jiPp1YPjyhcWqU6jYQxlv","ISSO É TRAP VOL.2","spotify:artist:2KwQkyJzT9r6Hh56jtfuse","Brandão85","2026-04-15","https://i.scdn.co/image/ab67616d0000b273bae9205078790642f67bfdfd","1","11","192591","https://p.scdn.co/mp3-preview/0d147feeb277ec2a5876ff1beaaf68e6bef15141?cid=9950ac751e34487dbbe027c4fd7f8e99","true","68","BXW922500111","spotify:user:316ye5nphj2c6qd5zczz6wspr4te","2026-04-16T00:00:32Z"
"spotify:track:5XSH38NeS4iafYXVIyTrJE","ROCKSTAR","spotify:artist:2KwQkyJzT9r6Hh56jtfuse, spotify:artist:1BJxBoP5maNMIbKiBpiOIb","Brandão85, Desiree","spotify:album:5jiPp1YPjyhcWqU6jYQxlv","ISSO É TRAP VOL.2","spotify:artist:2KwQkyJzT9r6Hh56jtfuse","Brandão85","2026-04-15","https://i.scdn.co/image/ab67616d0000b273bae9205078790642f67bfdfd","1","12","141732","https://p.scdn.co/mp3-preview/7b6ff3b899d69822c302836dc0dfb15d1d0413c1?cid=9950ac751e34487dbbe027c4fd7f8e99","true","56","BXW922600044","spotify:user:316ye5nphj2c6qd5zczz6wspr4te","2026-04-16T00:00:32Z"
"spotify:track:3GYjiqSBK5rDKeowo2fzfF","DEPOIS DO SHOW","spotify:artist:2KwQkyJzT9r6Hh56jtfuse","Brandão85","spotify:album:5jiPp1YPjyhcWqU6jYQxlv","ISSO É TRAP VOL.2","spotify:artist:2KwQkyJzT9r6Hh56jtfuse","Brandão85","2026-04-15","https://i.scdn.co/image/ab67616d0000b273bae9205078790642f67bfdfd","1","13","150857","https://p.scdn.co/mp3-preview/409b7a18ef09dac2173119a28604ae942a1fe45c?cid=9950ac751e34487dbbe027c4fd7f8e99","true","55","BXW922600046","spotify:user:316ye5nphj2c6qd5zczz6wspr4te","2026-04-16T00:00:32Z"
"spotify:track:4AAUPjDOqT9cM0zlkAdFt2","COMIGO MESMO","spotify:artist:2KwQkyJzT9r6Hh56jtfuse","Brandão85","spotify:album:5jiPp1YPjyhcWqU6jYQxlv","ISSO É TRAP VOL.2","spotify:artist:2KwQkyJzT9r6Hh56jtfuse","Brandão85","2026-04-15","https://i.scdn.co/image/ab67616d0000b273bae9205078790642f67bfdfd","1","14","144304","https://p.scdn.co/mp3-preview/c5730c7cf94e08ad9b83244b1d8f38d47283133d?cid=9950ac751e34487dbbe027c4fd7f8e99","true","54","BXW922600048","spotify:user:316ye5nphj2c6qd5zczz6wspr4te","2026-04-16T00:00:32Z"
"spotify:track:0uILfJuLX8Sgkrz9FfUswp","bala e fogo","spotify:artist:1WQBwwssN6r8DSjUlkyUGW, spotify:artist:68YeXpLt3jB7JHQS5ZjMGo","MC Cabelinho, Teto","spotify:album:2cGGAIsF311yH1tkQt5Qp1","bala e fogo","spotify:artist:1WQBwwssN6r8DSjUlkyUGW, spotify:artist:68YeXpLt3jB7JHQS5ZjMGo","MC Cabelinho, Teto","2024-09-23","https://i.scdn.co/image/ab67616d0000b2732bfcc4fabe998850e94cc50a","1","1","227552","https://p.scdn.co/mp3-preview/5d117ca6c1c36b8eed683ce7b2756f2d728d9571?cid=9950ac751e34487dbbe027c4fd7f8e99","true","49","BKLVW2400019","spotify:user:316ye5nphj2c6qd5zczz6wspr4te","2026-04-17T02:51:07Z"
"spotify:track:5kuUOpHZlZjL8b7HXkxRsm","Luxúria","spotify:artist:5YwzDz4RJfTiMHS4tdR5Lf, spotify:artist:2450WxbFxHjnttFAv31zGk, spotify:artist:6PERJZF7wohA034PAxDK0b, spotify:artist:5nP8x4uEFjAAmDzwOEc9b8","Xamã, Bagua Records, Neo Beats, Matuê","spotify:album:285LCOhTbxMYMSR5VOE2r3","Pecado Capital","spotify:artist:5YwzDz4RJfTiMHS4tdR5Lf, spotify:artist:2450WxbFxHjnttFAv31zGk","Xamã, Bagua Records","2018-05-24","https://i.scdn.co/image/ab67616d0000b2731104c8503d9b5ca4a95fb573","1","8","185310","https://p.scdn.co/mp3-preview/8c678a3f03ff05d6ca9fc8a4fce46d9c1b374578?cid=9950ac751e34487dbbe027c4fd7f8e99","false","74","BXIV81600068","spotify:user:316ye5nphj2c6qd5zczz6wspr4te","2026-04-18T19:12:37Z"
"spotify:track:1pUMlAh6i3Zb1wiv5Xmj8c","Luxo No Morro","spotify:artist:4YqwRbMLqGHRHLS1w2ZKse, spotify:artist:6TPJK8tv3AKKSsw0lENTQk, spotify:artist:3prRKGJz16RRMRSIM97nHw, spotify:artist:1OJliXxNuEF6RlPefYFz1D","Veigh, Nagalli, Supernova Ent, A Jolly Child","spotify:album:4WTmjVL1HD0QQCiht2scSM","Dos Prédios","spotify:artist:4YqwRbMLqGHRHLS1w2ZKse, spotify:artist:3prRKGJz16RRMRSIM97nHw","Veigh, Supernova Ent","2022-11-18","https://i.scdn.co/image/ab67616d0000b2736ac996c7c01c601a8edc08c7","1","2","140800","https://p.scdn.co/mp3-preview/408c2c455d576e6944a9cc4eefdb3403a9e46fea?cid=9950ac751e34487dbbe027c4fd7f8e99","true","54","QZNMY2242341","spotify:user:316ye5nphj2c6qd5zczz6wspr4te","2026-04-18T20:46:35Z"
"spotify:track:7nKqKSu0ID3VPZzZvK5A36","LAMBORGHINI","spotify:artist:2KwQkyJzT9r6Hh56jtfuse","Brandão85","spotify:album:5AuY1calKQYOa9JBEicUoW","CEO","spotify:artist:2KwQkyJzT9r6Hh56jtfuse","Brandão85","2024-10-23","https://i.scdn.co/image/ab67616d0000b273d6fdb8c2abad44620e46ad02","1","4","197155","https://p.scdn.co/mp3-preview/d43cb5a320c25b2b34802e52a621a170340f0efe?cid=9950ac751e34487dbbe027c4fd7f8e99","true","55","BXW922400133","spotify:user:316ye5nphj2c6qd5zczz6wspr4te","2026-04-18T21:08:08Z"
"spotify:track:73ohZqUr2gQbLsWowG5Bsr","FÉRIAS","spotify:artist:1ZzJx2AgPmbnOE6OXhnn5K, spotify:artist:44sYX4gwGmUZBnNT2AZTPW","Ryu\, The Runner, 6ee","spotify:album:1WiZeCpdkrdWhldOhUduPz","ADULTO IDEAL VOL.2","spotify:artist:1ZzJx2AgPmbnOE6OXhnn5K","Ryu\, The Runner","2026-04-23","https://i.scdn.co/image/ab67616d0000b273311d6649df9b9bd8a20f7d1c","1","3","166893","https://p.scdn.co/mp3-preview/6da364c700e1b3c33ecfa7c496eb5ca43adda0ea?cid=9950ac751e34487dbbe027c4fd7f8e99","true","54","BRRGE2600526","spotify:user:316ye5nphj2c6qd5zczz6wspr4te","2026-04-24T17:47:17Z"
"spotify:track:4RKxQ5vQxmpnoa9W3Z6dWq","RITMO HIPNÓTICO","spotify:artist:1ZzJx2AgPmbnOE6OXhnn5K, spotify:artist:7JswWkHCTMyEgHlNXOvK6p, spotify:artist:3914e1ewXuF036M63rgK0d, spotify:artist:5Cx8TEzo0BysMcJpfbH09m, spotify:artist:2d7vU3M4WY23wRN1nAqEwp","Ryu\, The Runner, Cassin, Neckklace, Nicholas Arashiro, C4rlinhxs","spotify:album:1WiZeCpdkrdWhldOhUduPz","ADULTO IDEAL VOL.2","spotify:artist:1ZzJx2AgPmbnOE6OXhnn5K","Ryu\, The Runner","2026-04-23","https://i.scdn.co/image/ab67616d0000b273311d6649df9b9bd8a20f7d1c","1","4","145820","https://p.scdn.co/mp3-preview/e655f8ee81728360c30286697e54ead56daaf3f4?cid=9950ac751e34487dbbe027c4fd7f8e99","true","50","BRRGE2600524","spotify:user:316ye5nphj2c6qd5zczz6wspr4te","2026-04-24T17:48:54Z"
"spotify:track:7u8Q8yG0vFSYDUlHp9TloT","POTÊNCIA","spotify:artist:1ZzJx2AgPmbnOE6OXhnn5K, spotify:artist:4z8ieq95PTFrqoxYhozY75, spotify:artist:3914e1ewXuF036M63rgK0d, spotify:artist:2d7vU3M4WY23wRN1nAqEwp","Ryu\, The Runner, Emitê Único, Neckklace, C4rlinhxs","spotify:album:1WiZeCpdkrdWhldOhUduPz","ADULTO IDEAL VOL.2","spotify:artist:1ZzJx2AgPmbnOE6OXhnn5K","Ryu\, The Runner","2026-04-23","https://i.scdn.co/image/ab67616d0000b273311d6649df9b9bd8a20f7d1c","1","9","158868","https://p.scdn.co/mp3-preview/0572332e9e583a94adb3ca358f11eb285f7d3414?cid=9950ac751e34487dbbe027c4fd7f8e99","true","52","BRRGE2600210","spotify:user:316ye5nphj2c6qd5zczz6wspr4te","2026-04-24T18:01:01Z"
"spotify:track:2fX3wDLDCk4qFyNbx9jbMJ","PERFUME ÁRABE","spotify:artist:1ZzJx2AgPmbnOE6OXhnn5K, spotify:artist:3lIU3RoZiHen1QXAQ3KQ9e, spotify:artist:0Gz4hLahmvjsPYwsDdbAI7","Ryu\, The Runner, Tz da Coronel, Deluca","spotify:album:1WiZeCpdkrdWhldOhUduPz","ADULTO IDEAL VOL.2","spotify:artist:1ZzJx2AgPmbnOE6OXhnn5K","Ryu\, The Runner","2026-04-23","https://i.scdn.co/image/ab67616d0000b273311d6649df9b9bd8a20f7d1c","1","10","164469","https://p.scdn.co/mp3-preview/69134278a6b68f1f882d32164dcfaf26ae92bf2e?cid=9950ac751e34487dbbe027c4fd7f8e99","true","47","BRRGE2600532","spotify:user:316ye5nphj2c6qd5zczz6wspr4te","2026-04-24T18:03:28Z"
"spotify:track:2a4f6kBpgWkABlG6sYSz2R","MUN RÁ","spotify:artist:1ZzJx2AgPmbnOE6OXhnn5K, spotify:artist:5U55IfWwerZXAqb1WNNfCX, spotify:artist:3914e1ewXuF036M63rgK0d, spotify:artist:1Hqnj6Rw341YYHk13DzK2g","Ryu\, The Runner, LPT Zlatan, Neckklace, SMOKEFUSION","spotify:album:1WiZeCpdkrdWhldOhUduPz","ADULTO IDEAL VOL.2","spotify:artist:1ZzJx2AgPmbnOE6OXhnn5K","Ryu\, The Runner","2026-04-23","https://i.scdn.co/image/ab67616d0000b273311d6649df9b9bd8a20f7d1c","1","11","128321","https://p.scdn.co/mp3-preview/5a3bdd27e3961771348fe2fc3052462a10596af6?cid=9950ac751e34487dbbe027c4fd7f8e99","true","55","BRRGE2600530","spotify:user:316ye5nphj2c6qd5zczz6wspr4te","2026-04-24T18:07:40Z"
"spotify:track:6QFCMUUq1T2Vf5sFUXcuQ7","Beauty And A Beat","spotify:artist:1uNFoZAHBGtllmzznpCI3s, spotify:artist:0hCNtLu0JehylgoiP8L4Gh","Justin Bieber, Nicki Minaj","spotify:album:5cxMa6oLINJzmZ8lF7wWQN","Believe","spotify:artist:1uNFoZAHBGtllmzznpCI3s","Justin Bieber","2012-01-01","https://i.scdn.co/image/ab67616d0000b273f1d02a6cec967f8b6b78f76e","1","10","227986","","false","95","USUM71205367","spotify:user:316ye5nphj2c6qd5zczz6wspr4te","2026-04-27T02:02:16Z"
"spotify:track:57yu1WujridphAAkPgpkhC","Cannonball (feat. Don Toliver)","spotify:artist:7LVC96BEVGugTAp38AajV6, spotify:artist:4Gso3d4CscCijv0lmajZWs","Lithe, Don Toliver","spotify:album:3bUCIjSqiFKhRGAnb59VC8","Cannonball (feat. Don Toliver)","spotify:artist:7LVC96BEVGugTAp38AajV6, spotify:artist:4Gso3d4CscCijv0lmajZWs","Lithe, Don Toliver","2025-07-25","https://i.scdn.co/image/ab67616d0000b273bb820747a7b1fbc6d2f4a9c9","1","1","122568","https://p.scdn.co/mp3-preview/08969eebabfacc09a1782b59055a576e124c71ff?cid=9950ac751e34487dbbe027c4fd7f8e99","true","69","USAT22505449","spotify:user:316ye5nphj2c6qd5zczz6wspr4te","2026-04-27T02:19:36Z"
"spotify:track:6fujklziTHa8uoM5OQSfIo","Black Beatles","spotify:artist:7iZtZyCzp3LItcw1wtPI3D, spotify:artist:13y7CgLHjMVRMDqxdx0Xdo","Rae Sremmurd, Gucci Mane","spotify:album:5v6iBhIlflzR9rEd1LAMbd","SremmLife 2 (Deluxe)","spotify:artist:7iZtZyCzp3LItcw1wtPI3D","Rae Sremmurd","2016-08-12","https://i.scdn.co/image/ab67616d0000b273881fb62d913fe712fc2e1c95","1","5","291893","","true","88","USUM71603293","spotify:user:316ye5nphj2c6qd5zczz6wspr4te","2026-04-30T00:29:02Z"
"spotify:track:29TPjc8wxfz4XMn21O7VsZ","Sky","spotify:artist:699OTQXzgjhIYAHMy9RyPD","Playboi Carti","spotify:album:2QRedhP5RmKJiJ1i8VgDGR","Whole Lotta Red","spotify:artist:699OTQXzgjhIYAHMy9RyPD","Playboi Carti","2020-12-25","https://i.scdn.co/image/ab67616d0000b27398ea0e689c91f8fea726d9bb","1","19","193234","","true","81","USUM72024699","spotify:user:316ye5nphj2c6qd5zczz6wspr4te","2026-04-30T17:29:12Z"
"spotify:track:3yk7PJnryiJ8mAPqsrujzf","Location","spotify:artist:699OTQXzgjhIYAHMy9RyPD","Playboi Carti","spotify:album:4rJgzzfFHAVFhCSt2P4I3j","Playboi Carti","spotify:artist:699OTQXzgjhIYAHMy9RyPD","Playboi Carti","2017-04-14","https://i.scdn.co/image/ab67616d0000b273e31a279d267f3b3d8912e6f1","1","1","168783","","true","81","USUM71616271","spotify:user:316ye5nphj2c6qd5zczz6wspr4te","2026-04-30T17:29:23Z"
"spotify:track:10FWJykEOpRlob3hKXFX8t","SUPERMAN","spotify:artist:3ZLfLpRggl7ncrWSQy9WTV, spotify:artist:0xEdwBYYjxw6wk179Tq2sJ, spotify:artist:0UenuJp55lQTf168bwDCcH, spotify:artist:4efJOhkoi4uqW0vULYPEUR","DESSIIIK, Leviano, Yoko, bwhatudoin","spotify:album:6oCtv8Id0TnwocJ47PJ44U","VETIIIN & PSIIIKO","spotify:artist:3ZLfLpRggl7ncrWSQy9WTV, spotify:artist:0xEdwBYYjxw6wk179Tq2sJ","DESSIIIK, Leviano","2026-03-20","https://i.scdn.co/image/ab67616d0000b27370424e8c13232630db5f3229","1","3","134522","https://p.scdn.co/mp3-preview/6f436bcbfff77b365986923773c02db99a4e3ffc?cid=9950ac751e34487dbbe027c4fd7f8e99","true","58","BK1YJ2600003","spotify:user:316ye5nphj2c6qd5zczz6wspr4te","2026-05-06T22:28:59Z"
"spotify:track:4tP2kbroBcBmYk4IhbYwu5","Bola Uma Vela (Trava Chip)","spotify:artist:1CbQrKvCpEnekM3QMGJtXK, spotify:artist:3EYuWIltJb3kzoKyRzcTsi","MC Meno K, Dj Yuri Pedrada","spotify:album:4VqvH1Is9WcgpuO2Jfisre","Bola Uma Vela (Trava Chip)","spotify:artist:1CbQrKvCpEnekM3QMGJtXK, spotify:artist:3EYuWIltJb3kzoKyRzcTsi","MC Meno K, Dj Yuri Pedrada","2026-02-26","https://i.scdn.co/image/ab67616d0000b273118ee259740a273083255f75","1","1","99692","https://p.scdn.co/mp3-preview/d2536527bcee6c87bdbfefe88a7a692d14fec80b?cid=9950ac751e34487dbbe027c4fd7f8e99","false","78","BRWMB2600199","spotify:user:316ye5nphj2c6qd5zczz6wspr4te","2026-05-06T22:44:02Z"
"spotify:track:4jvjzW7Hm0yK4LvvE0Paz9","Falling Down - Bonus Track","spotify:artist:2kCcBybjl3SAtIcwdWpUe3, spotify:artist:15UsOTVnJzReFVN1VCnxy4","Lil Peep, XXXTENTACION","spotify:album:52JymrguPgkmmwLaWIusst","Come Over When You're Sober, Pt. 2","spotify:artist:2kCcBybjl3SAtIcwdWpUe3","Lil Peep","2018-11-09","https://i.scdn.co/image/ab67616d0000b27355e36b0dc5b0ef008fc85319","1","12","196400","https://p.scdn.co/mp3-preview/9404f45725ef5d46e29a539c7da1fc4315cf5a69?cid=9950ac751e34487dbbe027c4fd7f8e99","true","85","USQX91802294","spotify:user:316ye5nphj2c6qd5zczz6wspr4te","2026-05-08T08:54:14Z"
"spotify:track:4b7vk8SRcYgnxpk0JOIS7r","Drugs You Should Try It","spotify:artist:0Y5tJX1MQlPlqiwlOH1tJY","Travis Scott","spotify:album:54Y471E7GNBSOXjZtqONId","DAYS BEFORE RODEO","spotify:artist:0Y5tJX1MQlPlqiwlOH1tJY","Travis Scott","2014-08-18","https://i.scdn.co/image/ab67616d0000b273a2a7386de6494fc9275e1abb","1","4","208487","https://p.scdn.co/mp3-preview/1c557731d4d18e242cc2e61c2a797f032951a1dd?cid=9950ac751e34487dbbe027c4fd7f8e99","true","72","USSM12306316","spotify:user:316ye5nphj2c6qd5zczz6wspr4te","2026-05-10T00:33:27Z"
"spotify:track:1097cG16gzkhlPgkUt6KA0","CHAMPAIN & VACAY","spotify:artist:0Y5tJX1MQlPlqiwlOH1tJY, spotify:artist:4Gso3d4CscCijv0lmajZWs","Travis Scott, Don Toliver","spotify:album:14otbl3uzw1CGMcBlu2Ykt","CHAMPAIN & VACAY","spotify:artist:0Y5tJX1MQlPlqiwlOH1tJY, spotify:artist:4Gso3d4CscCijv0lmajZWs","Travis Scott, Don Toliver","2025-07-11","https://i.scdn.co/image/ab67616d0000b273124869b6f7df071e3c77d646","1","1","184789","https://p.scdn.co/mp3-preview/f0f0c0f6b4014528fbdc187c1f4063035b131656?cid=9950ac751e34487dbbe027c4fd7f8e99","true","64","USSM12503071","spotify:user:316ye5nphj2c6qd5zczz6wspr4te","2026-05-10T00:41:20Z"
"spotify:track:2t8yVaLvJ0RenpXUIAC52d","a lot","spotify:artist:1URnnhqYAYcrqrcwql10ft","21 Savage","spotify:album:007DWn799UWvfY1wwZeENR","i am > i was","spotify:artist:1URnnhqYAYcrqrcwql10ft","21 Savage","2018-12-21","https://i.scdn.co/image/ab67616d0000b2731afd2e526e3723dd4a9fb4c8","1","1","288624","https://p.scdn.co/mp3-preview/38d20808b3775e512165d07f373845e9384f5e12?cid=9950ac751e34487dbbe027c4fd7f8e99","true","82","QZ45A1700126","spotify:user:316ye5nphj2c6qd5zczz6wspr4te","2026-05-10T01:08:28Z"
"spotify:track:57GsLpRtEtrzcPGPop20rS","What Did I Miss?","spotify:artist:3TVXtAsR1Inumwj472S9r4","Drake","spotify:album:0bNfrGST1xSPZ3V3g5jjHT","What Did I Miss?","spotify:artist:3TVXtAsR1Inumwj472S9r4","Drake","2025-07-05","https://i.scdn.co/image/ab67616d0000b2739d22b70fe52340efb60ab681","1","1","194324","","true","76","USUG12505774","spotify:user:316ye5nphj2c6qd5zczz6wspr4te","2026-05-10T01:13:26Z"
"spotify:track:53N1AC81BMEfi6dINE70ae","Desembarque","spotify:artist:4LHTgACY32k94VDjenF0nP, spotify:artist:27azwwkxutWL1BWMkgNIh0, spotify:artist:460m2YG30duLCuHwFdiLgX, spotify:artist:48yaM25WLHmQZXx5NN3DYH, spotify:artist:0WvTL8PecsD3VxRGuHdSxj, spotify:artist:1EihkUZJcXOwXN4tedcfxd, spotify:artist:6TPJK8tv3AKKSsw0lENTQk, spotify:artist:7I4OIWw3Zm4lUmt2QHnz30","Mc Negão Original, Vulgo FK, Yunk Vino, Aaron Modesto, Galdino, H4lfmeasures, Nagalli, Toledo","spotify:album:1XX9KrCewbh3OKsXQyA67R","Desembarque","spotify:artist:4LHTgACY32k94VDjenF0nP, spotify:artist:27azwwkxutWL1BWMkgNIh0, spotify:artist:460m2YG30duLCuHwFdiLgX, spotify:artist:48yaM25WLHmQZXx5NN3DYH","Mc Negão Original, Vulgo FK, Yunk Vino, Aaron Modesto","2026-05-06","https://i.scdn.co/image/ab67616d0000b2731779c8358f69a09e2d0ff150","1","1","225456","https://p.scdn.co/mp3-preview/8fdea6bee20c5152b47adfcc4bf5f9cc63291d78?cid=9950ac751e34487dbbe027c4fd7f8e99","true","44","BRWMB2600540","spotify:user:316ye5nphj2c6qd5zczz6wspr4te","2026-05-10T01:29:27Z"
"spotify:track:1qWVoisTdwoOsyG5w2nnEn","CAPONGA","spotify:artist:2KwQkyJzT9r6Hh56jtfuse","Brandão85","spotify:album:3rsnouYMdU9qVMBAq5x71U","CAPONGA","spotify:artist:2KwQkyJzT9r6Hh56jtfuse","Brandão85","2026-05-19","https://i.scdn.co/image/ab67616d0000b273e352e12b9f48f2209e457d54","1","1","132413","https://p.scdn.co/mp3-preview/8a694286b1423bb00d80da5bde1a470a6ce0206b?cid=9950ac751e34487dbbe027c4fd7f8e99","true","53","BXW922600055","spotify:user:316ye5nphj2c6qd5zczz6wspr4te","2026-05-21T22:48:09Z"
"spotify:track:3cO49sNJHpzvO6QQIZxyip","X9","spotify:artist:0xEdwBYYjxw6wk179Tq2sJ, spotify:artist:2KwQkyJzT9r6Hh56jtfuse","Leviano, Brandão85","spotify:album:6dZAg2wjDklqV1H28NQ8OV","MALINO","spotify:artist:0xEdwBYYjxw6wk179Tq2sJ","Leviano","2026-05-22","https://i.scdn.co/image/ab67616d0000b27319796ed892bdf78a99d9ccd9","1","8","112207","https://p.scdn.co/mp3-preview/82e52957be0424110f12cba166cc3176a8f53b09?cid=9950ac751e34487dbbe027c4fd7f8e99","true","56","BK7652600043","spotify:user:316ye5nphj2c6qd5zczz6wspr4te","2026-05-23T15:57:40Z"
"spotify:track:4R67rQNSbbsR4TdUVOIdez","ESCAPE PLAN","spotify:artist:0Y5tJX1MQlPlqiwlOH1tJY","Travis Scott","spotify:album:5FB5E1fwFeVqpz2CCzRSve","ESCAPE PLAN / MAFIA","spotify:artist:0Y5tJX1MQlPlqiwlOH1tJY","Travis Scott","2021-11-05","https://i.scdn.co/image/ab67616d0000b273032c66bf1cb2bb1a9558c5db","1","1","149610","https://p.scdn.co/mp3-preview/32594455a39b58635e262b6015f2688fe3a33d8b?cid=9950ac751e34487dbbe027c4fd7f8e99","true","72","USSM12104018","spotify:user:316ye5nphj2c6qd5zczz6wspr4te","2026-07-19T16:21:47Z"
"spotify:track:7J6bnDDitOwfelaJNixHhL","Modern Slavery","spotify:artist:6extd4B6hl8VTmnlhpl2bY, spotify:artist:0Y5tJX1MQlPlqiwlOH1tJY, spotify:artist:0VRj0yCOv2FXJNP47XQnx5","Huncho Jack, Travis Scott, Quavo","spotify:album:6FED8aeieEnUWwQqAO9zT1","Huncho Jack, Jack Huncho","spotify:artist:6extd4B6hl8VTmnlhpl2bY, spotify:artist:0Y5tJX1MQlPlqiwlOH1tJY, spotify:artist:0VRj0yCOv2FXJNP47XQnx5","Huncho Jack, Travis Scott, Quavo","2017-12-21","https://i.scdn.co/image/ab67616d0000b273631973893e94d01cfcdf0e5e","1","1","148559","","true","58","USUM71714095","spotify:user:316ye5nphj2c6qd5zczz6wspr4te","2026-07-19T16:21:47Z"
"spotify:track:58TaFP5j5i9swOf584yon2","HOUSTONFORNICATION","spotify:artist:0Y5tJX1MQlPlqiwlOH1tJY","Travis Scott","spotify:album:41GuZcammIkupMPKH2OJ6I","ASTROWORLD","spotify:artist:0Y5tJX1MQlPlqiwlOH1tJY","Travis Scott","2018-08-03","https://i.scdn.co/image/ab67616d0000b273daec894c14c0ca42d76eeb32","1","16","217828","https://p.scdn.co/mp3-preview/b4e943d7a5924a3a7c3f95084a4b80bff45bdb61?cid=9950ac751e34487dbbe027c4fd7f8e99","true","70","USSM11806671","spotify:user:316ye5nphj2c6qd5zczz6wspr4te","2026-07-19T16:21:47Z"
"spotify:track:4lH6nENd1y81jp7Yt9lTBX","Solo","spotify:artist:1RyvyyTE3xzB2ZywiAwp0i","Future","spotify:album:7K6OykPbezfgKgBufihn6X","HNDRXX","spotify:artist:1RyvyyTE3xzB2ZywiAwp0i","Future","2017-07-27","https://i.scdn.co/image/ab67616d0000b2737567ec7d3c07783e4f2111e0","1","16","265996","https://p.scdn.co/mp3-preview/4d691a3f52d5d7c6f03a14c0a93cb723727204f4?cid=9950ac751e34487dbbe027c4fd7f8e99","true","83","USSM11701733","spotify:user:316ye5nphj2c6qd5zczz6wspr4te","2026-07-19T16:21:47Z"
"spotify:track:393OFJFZKIIv66JmJcNm9D","National Treasures","spotify:artist:3TVXtAsR1Inumwj472S9r4","Drake","spotify:album:0OAv7DCME2AV4q1KPO95HY","ICEMAN","spotify:artist:3TVXtAsR1Inumwj472S9r4","Drake","2026-05-15","https://i.scdn.co/image/ab67616d0000b273fe9d3ab9adb1d3b59835b81c","1","9","200830","","true","88","USUG12604768","spotify:user:316ye5nphj2c6qd5zczz6wspr4te","2026-07-19T16:21:47Z"
"spotify:track:5mCPDVBb16L4XQwDdbRUpz","Passionfruit","spotify:artist:3TVXtAsR1Inumwj472S9r4","Drake","spotify:album:1lXY618HWkwYKJWBRYR4MK","More Life","spotify:artist:3TVXtAsR1Inumwj472S9r4","Drake","2017-03-18","https://i.scdn.co/image/ab67616d0000b2734f0fd9dad63977146e685700","1","3","298940","","true","90","USCM51700072","spotify:user:316ye5nphj2c6qd5zczz6wspr4te","2026-07-19T16:21:47Z"
"spotify:track:7KGHenqXZofXNm5MKDbT3J","Whisper My Name","spotify:artist:3TVXtAsR1Inumwj472S9r4","Drake","spotify:album:0OAv7DCME2AV4q1KPO95HY","ICEMAN","spotify:artist:3TVXtAsR1Inumwj472S9r4","Drake","2026-05-15","https://i.scdn.co/image/ab67616d0000b273fe9d3ab9adb1d3b59835b81c","1","3","222580","","true","85","USUG12602489","spotify:user:316ye5nphj2c6qd5zczz6wspr4te","2026-07-19T16:21:47Z"
"spotify:track:3DK90400cDlV5WUJPraMph","Ran To Atlanta (feat. Future & Molly Santana)","spotify:artist:3TVXtAsR1Inumwj472S9r4, spotify:artist:1RyvyyTE3xzB2ZywiAwp0i, spotify:artist:1zEHBw7xQf0drXZagRkciU","Drake, Future, Molly Santana","spotify:album:0OAv7DCME2AV4q1KPO95HY","ICEMAN","spotify:artist:3TVXtAsR1Inumwj472S9r4","Drake","2026-05-15","https://i.scdn.co/image/ab67616d0000b273fe9d3ab9adb1d3b59835b81c","1","5","247183","","true","84","USUG12604764","spotify:user:316ye5nphj2c6qd5zczz6wspr4te","2026-07-19T16:21:47Z"
"spotify:track:6vjpQIdABqntoe3zPazPec","Shabang","spotify:artist:3TVXtAsR1Inumwj472S9r4","Drake","spotify:album:0OAv7DCME2AV4q1KPO95HY","ICEMAN","spotify:artist:3TVXtAsR1Inumwj472S9r4","Drake","2026-05-15","https://i.scdn.co/image/ab67616d0000b273fe9d3ab9adb1d3b59835b81c","1","6","188722","","true","86","USUG12604765","spotify:user:316ye5nphj2c6qd5zczz6wspr4te","2026-07-19T16:21:47Z"
"spotify:track:4ygJHbpMGwZknVFaRikdFr","B's On The Table (feat. 21 Savage)","spotify:artist:3TVXtAsR1Inumwj472S9r4, spotify:artist:1URnnhqYAYcrqrcwql10ft","Drake, 21 Savage","spotify:album:0OAv7DCME2AV4q1KPO95HY","ICEMAN","spotify:artist:3TVXtAsR1Inumwj472S9r4","Drake","2026-05-15","https://i.scdn.co/image/ab67616d0000b273fe9d3ab9adb1d3b59835b81c","1","10","137647","","true","82","USUG12604769","spotify:user:316ye5nphj2c6qd5zczz6wspr4te","2026-07-19T16:21:47Z"
"spotify:track:1xO3PpGchMqMmmF6OEtH5Y","Make Them Know","spotify:artist:3TVXtAsR1Inumwj472S9r4","Drake","spotify:album:0OAv7DCME2AV4q1KPO95HY","ICEMAN","spotify:artist:3TVXtAsR1Inumwj472S9r4","Drake","2026-05-15","https://i.scdn.co/image/ab67616d0000b273fe9d3ab9adb1d3b59835b81c","1","18","248285","","true","77","USUG12604777","spotify:user:316ye5nphj2c6qd5zczz6wspr4te","2026-07-19T16:21:47Z"
"spotify:track:5h5tBFnbcVioFXiOixTn6E","Bitch, Don’t Kill My Vibe","spotify:artist:2YZyLoL8N0Wb9xBt1NhZWg","Kendrick Lamar","spotify:album:748dZDqSZy6aPXKcI9H80u","good kid, m.A.A.d city (Deluxe)","spotify:artist:2YZyLoL8N0Wb9xBt1NhZWg","Kendrick Lamar","2012-10-22","https://i.scdn.co/image/ab67616d0000b27378de8b28de36a74afc0348b5","1","2","310720","","true","66","USUM71210774","spotify:user:316ye5nphj2c6qd5zczz6wspr4te","2026-07-19T16:21:47Z"
"spotify:track:1BR5vhAlaoUiijQ28p6jlN","Backseat Freestyle","spotify:artist:2YZyLoL8N0Wb9xBt1NhZWg","Kendrick Lamar","spotify:album:748dZDqSZy6aPXKcI9H80u","good kid, m.A.A.d city (Deluxe)","spotify:artist:2YZyLoL8N0Wb9xBt1NhZWg","Kendrick Lamar","2012-10-22","https://i.scdn.co/image/ab67616d0000b27378de8b28de36a74afc0348b5","1","3","212653","","true","60","USUM71210777","spotify:user:316ye5nphj2c6qd5zczz6wspr4te","2026-07-19T16:21:47Z"
"spotify:track:3MLOAIJNWWS8FQpvdaiKR7","Poetic Justice","spotify:artist:2YZyLoL8N0Wb9xBt1NhZWg, spotify:artist:3TVXtAsR1Inumwj472S9r4","Kendrick Lamar, Drake","spotify:album:748dZDqSZy6aPXKcI9H80u","good kid, m.A.A.d city (Deluxe)","spotify:artist:2YZyLoL8N0Wb9xBt1NhZWg","Kendrick Lamar","2012-10-22","https://i.scdn.co/image/ab67616d0000b27378de8b28de36a74afc0348b5","1","6","300160","","true","64","USUM71211004","spotify:user:316ye5nphj2c6qd5zczz6wspr4te","2026-07-19T16:21:47Z"
"spotify:track:0PKJxo97zXT8oAwl2zFnPh","good kid","spotify:artist:2YZyLoL8N0Wb9xBt1NhZWg","Kendrick Lamar","spotify:album:748dZDqSZy6aPXKcI9H80u","good kid, m.A.A.d city (Deluxe)","spotify:artist:2YZyLoL8N0Wb9xBt1NhZWg","Kendrick Lamar","2012-10-22","https://i.scdn.co/image/ab67616d0000b27378de8b28de36a74afc0348b5","1","7","214120","","true","56","USUM71211006","spotify:user:316ye5nphj2c6qd5zczz6wspr4te","2026-07-19T16:21:47Z"
"spotify:track:40wUM3LFZOlUcZfxEIZrYK","Swimming Pools (Drank) - Extended Version","spotify:artist:2YZyLoL8N0Wb9xBt1NhZWg","Kendrick Lamar","spotify:album:748dZDqSZy6aPXKcI9H80u","good kid, m.A.A.d city (Deluxe)","spotify:artist:2YZyLoL8N0Wb9xBt1NhZWg","Kendrick Lamar","2012-10-22","https://i.scdn.co/image/ab67616d0000b27378de8b28de36a74afc0348b5","1","9","313786","","true","61","USUM71211089","spotify:user:316ye5nphj2c6qd5zczz6wspr4te","2026-07-19T16:21:47Z"
"spotify:track:2Fw5S2gaOSZzdN5dFoC2dj","A.D.H.D","spotify:artist:2YZyLoL8N0Wb9xBt1NhZWg","Kendrick Lamar","spotify:album:1bkN9nIkkCnXeG4yitVS1J","Section.80","spotify:artist:2YZyLoL8N0Wb9xBt1NhZWg","Kendrick Lamar","2011-07-02","https://i.scdn.co/image/ab67616d0000b273eddb2639b74ac6c202032ebe","1","3","215509","https://p.scdn.co/mp3-preview/373593dd102cf4caddd5f3404aa1150bc186adcd?cid=9950ac751e34487dbbe027c4fd7f8e99","true","75","USUYG1008102","spotify:user:316ye5nphj2c6qd5zczz6wspr4te","2026-07-19T16:21:47Z"
"spotify:track:0N3W5peJUQtI4eyR6GJT5O","King Kunta","spotify:artist:2YZyLoL8N0Wb9xBt1NhZWg","Kendrick Lamar","spotify:album:7ycBtnsMtyVbbwTfJwRjSP","To Pimp A Butterfly","spotify:artist:2YZyLoL8N0Wb9xBt1NhZWg","Kendrick Lamar","2015-03-16","https://i.scdn.co/image/ab67616d0000b273cdb645498cd3d8a2db4d05e1","1","3","234693","","true","75","USUM71502494","spotify:user:316ye5nphj2c6qd5zczz6wspr4te","2026-07-19T16:21:47Z"
"spotify:track:7Ks4VCY1wFebnOdJrM13t6","Wesley's Theory","spotify:artist:2YZyLoL8N0Wb9xBt1NhZWg, spotify:artist:2GVBp7QyHckoOg7rYkLvrA, spotify:artist:4frXpPxQQZwbCu3eTGnZEw","Kendrick Lamar, George Clinton, Thundercat","spotify:album:7ycBtnsMtyVbbwTfJwRjSP","To Pimp A Butterfly","spotify:artist:2YZyLoL8N0Wb9xBt1NhZWg","Kendrick Lamar","2015-03-16","https://i.scdn.co/image/ab67616d0000b273cdb645498cd3d8a2db4d05e1","1","1","287360","","true","70","USUM71502491","spotify:user:316ye5nphj2c6qd5zczz6wspr4te","2026-07-19T16:21:47Z"
"spotify:track:4tQcyj5488alHT1ZgFduzn","How Much A Dollar Cost","spotify:artist:2YZyLoL8N0Wb9xBt1NhZWg, spotify:artist:5ooSG9S0glqP5ZrqqaHBvT, spotify:artist:6W9RUw7xnNRYtgh8dimg7L","Kendrick Lamar, James Fauntleroy, Ronald Isley","spotify:album:7ycBtnsMtyVbbwTfJwRjSP","To Pimp A Butterfly","spotify:artist:2YZyLoL8N0Wb9xBt1NhZWg","Kendrick Lamar","2015-03-16","https://i.scdn.co/image/ab67616d0000b273cdb645498cd3d8a2db4d05e1","1","11","261746","","true","63","USUM71502502","spotify:user:316ye5nphj2c6qd5zczz6wspr4te","2026-07-19T16:21:47Z"
"spotify:track:3ODXRUPL44f04cCacwiCLC","i","spotify:artist:2YZyLoL8N0Wb9xBt1NhZWg","Kendrick Lamar","spotify:album:7ycBtnsMtyVbbwTfJwRjSP","To Pimp A Butterfly","spotify:artist:2YZyLoL8N0Wb9xBt1NhZWg","Kendrick Lamar","2015-03-16","https://i.scdn.co/image/ab67616d0000b273cdb645498cd3d8a2db4d05e1","1","15","336013","","true","63","USUM71502509","spotify:user:316ye5nphj2c6qd5zczz6wspr4te","2026-07-19T16:21:47Z"
"spotify:track:1EaKU4dMbesXXd3BrLCtYG","ELEMENT.","spotify:artist:2YZyLoL8N0Wb9xBt1NhZWg","Kendrick Lamar","spotify:album:4eLPsYPBmXABThSJ821sqY","DAMN.","spotify:artist:2YZyLoL8N0Wb9xBt1NhZWg","Kendrick Lamar","2017-04-14","https://i.scdn.co/image/ab67616d0000b2738b52c6b9bc4e43d873869699","1","4","208733","","true","70","USUM71703083","spotify:user:316ye5nphj2c6qd5zczz6wspr4te","2026-07-19T16:21:47Z"
"spotify:track:2LTlO3NuNVN70lp2ZbVswF","FEEL.","spotify:artist:2YZyLoL8N0Wb9xBt1NhZWg","Kendrick Lamar","spotify:album:4eLPsYPBmXABThSJ821sqY","DAMN.","spotify:artist:2YZyLoL8N0Wb9xBt1NhZWg","Kendrick Lamar","2017-04-14","https://i.scdn.co/image/ab67616d0000b2738b52c6b9bc4e43d873869699","1","5","214826","","true","68","USUM71703082","spotify:user:316ye5nphj2c6qd5zczz6wspr4te","2026-07-19T16:21:47Z"
"spotify:track:6SwRhMLwNqEi6alNPVG00n","LOYALTY. FEAT. RIHANNA.","spotify:artist:2YZyLoL8N0Wb9xBt1NhZWg, spotify:artist:5pKCCKE2ajJHZ9KAiaK11H","Kendrick Lamar, Rihanna","spotify:album:4eLPsYPBmXABThSJ821sqY","DAMN.","spotify:artist:2YZyLoL8N0Wb9xBt1NhZWg","Kendrick Lamar","2017-04-14","https://i.scdn.co/image/ab67616d0000b2738b52c6b9bc4e43d873869699","1","6","227360","","true","78","USUM71703086","spotify:user:316ye5nphj2c6qd5zczz6wspr4te","2026-07-19T16:21:47Z"
"spotify:track:6PGoSes0D9eUDeeAafB2As","LOVE. FEAT. ZACARI.","spotify:artist:2YZyLoL8N0Wb9xBt1NhZWg, spotify:artist:3qBKjEOanahMxlRojwCzhI","Kendrick Lamar, Zacari","spotify:album:4eLPsYPBmXABThSJ821sqY","DAMN.","spotify:artist:2YZyLoL8N0Wb9xBt1NhZWg","Kendrick Lamar","2017-04-14","https://i.scdn.co/image/ab67616d0000b2738b52c6b9bc4e43d873869699","1","10","213400","","false","85","USUM71703088","spotify:user:316ye5nphj2c6qd5zczz6wspr4te","2026-07-19T16:21:47Z"
"spotify:track:4iYRa2btalAzPZoSYfROqF","XXX. FEAT. U2.","spotify:artist:2YZyLoL8N0Wb9xBt1NhZWg, spotify:artist:51Blml2LZPmy7TTiAg47vQ","Kendrick Lamar, U2","spotify:album:4eLPsYPBmXABThSJ821sqY","DAMN.","spotify:artist:2YZyLoL8N0Wb9xBt1NhZWg","Kendrick Lamar","2017-04-14","https://i.scdn.co/image/ab67616d0000b2738b52c6b9bc4e43d873869699","1","11","254200","","true","69","USUM71703089","spotify:user:316ye5nphj2c6qd5zczz6wspr4te","2026-07-19T16:21:47Z"
"spotify:track:7fEoXCZTZFosUFvFQg1BmW","Took Her To The O","spotify:artist:6QtgPSJPSzcnn7dPZ4VINp","King Von","spotify:album:1ZRAeQ6zsPJ5W1K3DvpRpP","Levon James","spotify:artist:6QtgPSJPSzcnn7dPZ4VINp","King Von","2020-03-06","https://i.scdn.co/image/ab67616d0000b2738649220140846c7edf7f1978","1","2","196179","https://p.scdn.co/mp3-preview/f46e866c30a61803e166439b6619d843ebc02ed8?cid=9950ac751e34487dbbe027c4fd7f8e99","true","84","USUYG1296663","spotify:user:316ye5nphj2c6qd5zczz6wspr4te","2026-07-19T16:21:47Z"
"spotify:track:6Kj17Afjo1OKJYpf5VzCeo","Pain 1993 (with Playboi Carti)","spotify:artist:3TVXtAsR1Inumwj472S9r4, spotify:artist:699OTQXzgjhIYAHMy9RyPD","Drake, Playboi Carti","spotify:album:6OQ9gBfg5EXeNAEwGSs6jK","Dark Lane Demo Tapes","spotify:artist:3TVXtAsR1Inumwj472S9r4","Drake","2020-05-01","https://i.scdn.co/image/ab67616d0000b273bba7cfaf7c59ff0898acba1f","1","10","149077","","true","73","USUG12001746","spotify:user:316ye5nphj2c6qd5zczz6wspr4te","2026-07-19T16:21:47Z"
"spotify:track:01Lr5YepbgjXAWR9iOEyH1","Love Sosa","spotify:artist:15iVAtD3s3FsQR4w1v6M0P","Chief Keef","spotify:album:2B4y3j02ho6XNF8BEzx3JF","Finally Rich","spotify:artist:15iVAtD3s3FsQR4w1v6M0P","Chief Keef","2012-01-01","https://i.scdn.co/image/ab67616d0000b273a76616abf60ce17491e95891","1","1","246213","","true","84","USUM71214600","spotify:user:316ye5nphj2c6qd5zczz6wspr4te","2026-07-19T16:21:47Z"
"spotify:track:2xsTsnA5QOFCnFXdEHGkli","STAY HERE 4 LIFE (feat. Brent Faiyaz)","spotify:artist:13ubrt8QOOCPljQ2FL1Kca, spotify:artist:3tlXnStJ1fFhdScmQeLpuG","A$AP Rocky, Brent Faiyaz","spotify:album:4itKk52E9ZCdWUQcFAkud9","Don't Be Dumb","spotify:artist:13ubrt8QOOCPljQ2FL1Kca","A$AP Rocky","2026-01-16","https://i.scdn.co/image/ab67616d0000b273be35d523672e13da3debc413","1","5","346093","https://p.scdn.co/mp3-preview/b966c2d0ef56468ca5f8775ac8424d49aea2f843?cid=9950ac751e34487dbbe027c4fd7f8e99","true","83","USRC12502326","spotify:user:316ye5nphj2c6qd5zczz6wspr4te","2026-07-19T16:21:47Z"
"spotify:track:7ycWLEP1GsNjVvcjawXz3z","Praise The Lord (Da Shine) (feat. Skepta)","spotify:artist:13ubrt8QOOCPljQ2FL1Kca, spotify:artist:2p1fiYHYiXz9qi0JJyxBzN","A$AP Rocky, Skepta","spotify:album:3MATDdrpHmQCmuOcozZjDa","TESTING","spotify:artist:13ubrt8QOOCPljQ2FL1Kca","A$AP Rocky","2018-05-25","https://i.scdn.co/image/ab67616d0000b273bfcb8d00cee4f8257a6b7fe1","1","5","205813","https://p.scdn.co/mp3-preview/c70d570914eb1d13ef9d1a7239a12f464196000e?cid=9950ac751e34487dbbe027c4fd7f8e99","true","84","USRC11800930","spotify:user:316ye5nphj2c6qd5zczz6wspr4te","2026-07-19T16:21:47Z"
"spotify:track:3jnYCrF7UpSYAwwy1URW8d","I Smoked Away My Brain (I'm God x Demons Mashup) (feat. Imogen Heap & Clams Casino)","spotify:artist:13ubrt8QOOCPljQ2FL1Kca, spotify:artist:6Xb4ezwoAQC4516kI89nWz, spotify:artist:5vSQUyT33qxr1xAX2Tkf3A","A$AP Rocky, Imogen Heap, Clams Casino","spotify:album:0atfWEzoZMgo9zCwFd5nEN","Don't Be Dumb","spotify:artist:13ubrt8QOOCPljQ2FL1Kca","A$AP Rocky","2026-01-21","https://i.scdn.co/image/ab67616d0000b27327b7133c976e8ae6c3add683","2","4","190724","https://p.scdn.co/mp3-preview/ba82428dcfd80a3e3e86c62935e41831280be80c?cid=9950ac751e34487dbbe027c4fd7f8e99","true","81","USRC12302098","spotify:user:316ye5nphj2c6qd5zczz6wspr4te","2026-07-19T16:21:47Z"
"spotify:track:2FycFFuNMVVYIiIqeldXF5","STOLE YA FLOW","spotify:artist:13ubrt8QOOCPljQ2FL1Kca","A$AP Rocky","spotify:album:4itKk52E9ZCdWUQcFAkud9","Don't Be Dumb","spotify:artist:13ubrt8QOOCPljQ2FL1Kca","A$AP Rocky","2026-01-16","https://i.scdn.co/image/ab67616d0000b273be35d523672e13da3debc413","1","4","199015","https://p.scdn.co/mp3-preview/c49404df85ec81c12edd0dff78d3f4ec5f577399?cid=9950ac751e34487dbbe027c4fd7f8e99","true","71","USRC12502325","spotify:user:316ye5nphj2c6qd5zczz6wspr4te","2026-07-19T16:21:47Z"
"spotify:track:4UQMOPSUVJVicIQzjAcRRZ","Champion","spotify:artist:5K4W6rqBFWDnAN6FQUkS6x","Kanye West","spotify:album:4SZko61aMnmgvNhfhgTuD3","Graduation","spotify:artist:5K4W6rqBFWDnAN6FQUkS6x","Kanye West","2007-09-11","https://i.scdn.co/image/ab67616d0000b27326f7f19c7f0381e56156c94a","1","2","167600","","true","77","USUM70749083","spotify:user:316ye5nphj2c6qd5zczz6wspr4te","2026-07-19T16:21:47Z"
"spotify:track:0y9uTzK9cNKSAEHnpeRG8C","DUCKWORTH.","spotify:artist:2YZyLoL8N0Wb9xBt1NhZWg","Kendrick Lamar","spotify:album:4eLPsYPBmXABThSJ821sqY","DAMN.","spotify:artist:2YZyLoL8N0Wb9xBt1NhZWg","Kendrick Lamar","2017-04-14","https://i.scdn.co/image/ab67616d0000b2738b52c6b9bc4e43d873869699","1","14","248613","","true","73","USUM71703379","spotify:user:316ye5nphj2c6qd5zczz6wspr4te","2026-07-19T16:21:47Z"
"spotify:track:1QPreu0BNOrUfEb8HTd2qG","Rich Spirit","spotify:artist:2YZyLoL8N0Wb9xBt1NhZWg","Kendrick Lamar","spotify:album:79ONNoS4M9tfIA1mYLBYVX","Mr. Morale & The Big Steppers","spotify:artist:2YZyLoL8N0Wb9xBt1NhZWg","Kendrick Lamar","2022-05-13","https://i.scdn.co/image/ab67616d0000b2732e02117d76426a08ac7c174f","1","7","202285","","true","71","USUM72208971","spotify:user:316ye5nphj2c6qd5zczz6wspr4te","2026-07-19T16:21:47Z"
"spotify:track:3lzUeaCbcCDB5IXYfqWRlF","Silent Hill","spotify:artist:2YZyLoL8N0Wb9xBt1NhZWg, spotify:artist:46SHBwWsqBkxI7EeeBEQG7","Kendrick Lamar, Kodak Black","spotify:album:79ONNoS4M9tfIA1mYLBYVX","Mr. Morale & The Big Steppers","spotify:artist:2YZyLoL8N0Wb9xBt1NhZWg","Kendrick Lamar","2022-05-13","https://i.scdn.co/image/ab67616d0000b2732e02117d76426a08ac7c174f","2","3","220779","","true","66","USUM72208981","spotify:user:316ye5nphj2c6qd5zczz6wspr4te","2026-07-19T16:21:47Z"
"spotify:track:5gOfC9UzZQzTyShqPMrpjT","wacced out murals","spotify:artist:2YZyLoL8N0Wb9xBt1NhZWg","Kendrick Lamar","spotify:album:0hvT3yIEysuuvkK73vgdcW","GNX","spotify:artist:2YZyLoL8N0Wb9xBt1NhZWg","Kendrick Lamar","2024-11-22","https://i.scdn.co/image/ab67616d0000b273e2a0a166493a2bde5480a420","1","1","317092","","true","69","USUG12408495","spotify:user:316ye5nphj2c6qd5zczz6wspr4te","2026-07-19T16:21:47Z"
"spotify:track:5ho7VSXSmI2KM2nDjcnLyz","man at the garden","spotify:artist:2YZyLoL8N0Wb9xBt1NhZWg","Kendrick Lamar","spotify:album:0hvT3yIEysuuvkK73vgdcW","GNX","spotify:artist:2YZyLoL8N0Wb9xBt1NhZWg","Kendrick Lamar","2024-11-22","https://i.scdn.co/image/ab67616d0000b273e2a0a166493a2bde5480a420","1","4","233173","","true","66","USUG12408498","spotify:user:316ye5nphj2c6qd5zczz6wspr4te","2026-07-19T16:21:47Z"
"spotify:local:Kendrick+Lamar:Prayer:Prayer:323","Prayer","","Kendrick Lamar","","Prayer","","","","","0","0","323000","","false","0","","spotify:user:316ye5nphj2c6qd5zczz6wspr4te","2026-07-19T16:21:47Z"
"spotify:local:Travis+Scott:UTOPIA:MY+EYES:315","MY EYES","","Travis Scott","","UTOPIA","","","","","0","0","315000","","false","0","","spotify:user:316ye5nphj2c6qd5zczz6wspr4te","2026-07-19T16:21:47Z"
"spotify:track:2GoduKuMYSTvNR8gNPV1yN","Gleesh Place","spotify:artist:6QtgPSJPSzcnn7dPZ4VINp","King Von","spotify:album:7gGJ9rNtigRF53dsFo48Wp","Welcome to O'Block","spotify:artist:6QtgPSJPSzcnn7dPZ4VINp","King Von","2020-10-30","https://i.scdn.co/image/ab67616d0000b273429d4b3d9261b9ccc24d7d36","1","8","94946","https://p.scdn.co/mp3-preview/551aef73e52274953bfd27906ef354bdd7f14e4f?cid=9950ac751e34487dbbe027c4fd7f8e99","true","68","USUYG1334254","spotify:user:316ye5nphj2c6qd5zczz6wspr4te","2026-07-19T16:21:47Z"
"spotify:track:7vgTNTaEz3CsBZ1N4YQalM","Ghost Town","spotify:artist:5K4W6rqBFWDnAN6FQUkS6x, spotify:artist:2HPaUgqeutzr3jx5a9WyDV","Kanye West, PARTYNEXTDOOR","spotify:album:2Ek1q2haOnxVqhvVKqMvJe","ye","spotify:artist:5K4W6rqBFWDnAN6FQUkS6x","Kanye West","2018-06-01","https://i.scdn.co/image/ab67616d0000b2730cd942c1a864afa4e92d04f2","1","6","271386","","true","83","USUM71807761","spotify:user:316ye5nphj2c6qd5zczz6wspr4te","2026-07-19T16:21:47Z"
"spotify:track:4WuOWVnAqvEQxgSRrspBgt","Niagara Falls (Foot or 2) [with Travis Scott & 21 Savage]","spotify:artist:0iEtIxbK0KxaSlF7G42ZOp, spotify:artist:0Y5tJX1MQlPlqiwlOH1tJY, spotify:artist:1URnnhqYAYcrqrcwql10ft","Metro Boomin, Travis Scott, 21 Savage","spotify:album:7txGsnDSqVMoRl6RQ9XyZP","HEROES & VILLAINS","spotify:artist:0iEtIxbK0KxaSlF7G42ZOp","Metro Boomin","2022-12-02","https://i.scdn.co/image/ab67616d0000b273c4fee55d7b51479627c31f89","1","11","207306","","true","75","USUG12208792","spotify:user:316ye5nphj2c6qd5zczz6wspr4te","2026-07-19T16:21:47Z"
"spotify:track:1udwFobQ1JoOdWPQrp2b6u","Surround Sound (feat. 21 Savage & Baby Tate)","spotify:artist:6U3ybJ9UHNKEdsH7ktGBZ7, spotify:artist:1URnnhqYAYcrqrcwql10ft, spotify:artist:3IJ21966TwNZI24MwZHMu4","JID, 21 Savage, Baby Tate","spotify:album:4rJDCELWL0fjdmN9Gn4f4g","The Forever Story (Extended Version)","spotify:artist:6U3ybJ9UHNKEdsH7ktGBZ7","JID","2022-10-31","https://i.scdn.co/image/ab67616d0000b273cae6e44dcc84e2035c3ad092","1","6","229938","","true","79","USUM72123571","spotify:user:316ye5nphj2c6qd5zczz6wspr4te","2026-07-19T16:21:47Z"
"spotify:track:7EiZI6JVHllARrX9PUvAdX","Low Life (feat. The Weeknd)","spotify:artist:1RyvyyTE3xzB2ZywiAwp0i, spotify:artist:1Xyo4u8uXC1ZmMpatF05PJ","Future, The Weeknd","spotify:album:3jJKDKdlwRS584zUlHV2Ly","EVOL","spotify:artist:1RyvyyTE3xzB2ZywiAwp0i","Future","2016-04-13","https://i.scdn.co/image/ab67616d0000b2732f62a05cc754995b544ec1f6","1","10","313546","https://p.scdn.co/mp3-preview/a6c9f83f366b72e2dea1639b108fe9076fad207e?cid=9950ac751e34487dbbe027c4fd7f8e99","true","84","USSM11600557","spotify:user:316ye5nphj2c6qd5zczz6wspr4te","2026-07-19T16:21:47Z"
"spotify:track:0eAuGrXyGFYwur9ARUe7LJ","Earrings","spotify:artist:7eKkW1zo5uzW8kUntiiBvz","Malcolm Todd","spotify:album:2jX6yKrWw9bY7JAYHhhtqZ","Sweet Boy","spotify:artist:7eKkW1zo5uzW8kUntiiBvz","Malcolm Todd","2024-04-05","https://i.scdn.co/image/ab67616d0000b2732c1f34ecc1929fb59908aad1","1","1","151500","https://p.scdn.co/mp3-preview/20a1469df9f65a51878811bbe49979c418abc1b7?cid=9950ac751e34487dbbe027c4fd7f8e99","false","98","USSM12402225","spotify:user:316ye5nphj2c6qd5zczz6wspr4te","2026-07-19T16:21:47Z"
"spotify:track:3oTuTpF1F3A7rEC6RKsMRz","Raindance (feat. Tems)","spotify:artist:6Ip8FS7vWT1uKkJSweANQK, spotify:artist:687cZJR45JO7jhk1LHIbgq","Dave, Tems","spotify:album:24f1GFXCkViGoRpmGqlSSl","The Boy Who Played the Harp","spotify:artist:6Ip8FS7vWT1uKkJSweANQK","Dave","2025-10-23","https://i.scdn.co/image/ab67616d0000b273fecaa7826bb0cbe139a8cb83","1","5","219743","","false","94","GBUM72506029","spotify:user:316ye5nphj2c6qd5zczz6wspr4te","2026-07-19T16:21:47Z"
"spotify:track:4Dx4e0X5dR6TW85dtFU42x","Red Leather","spotify:artist:1RyvyyTE3xzB2ZywiAwp0i, spotify:artist:0iEtIxbK0KxaSlF7G42ZOp, spotify:artist:6l3HvQ5sa6mXTsMTB19rO5","Future, Metro Boomin, J. Cole","spotify:album:3bSNhnaQQXpC639OQ4pMyP","WE STILL DON'T TRUST YOU","spotify:artist:1RyvyyTE3xzB2ZywiAwp0i, spotify:artist:0iEtIxbK0KxaSlF7G42ZOp","Future, Metro Boomin","2024-04-12","https://i.scdn.co/image/ab67616d0000b273348af689eee674dec55c4086","1","18","414893","https://p.scdn.co/mp3-preview/eaf3e120a54ea6f8542ea7726c5c2e128442655b?cid=9950ac751e34487dbbe027c4fd7f8e99","true","68","USSM12403108","spotify:user:316ye5nphj2c6qd5zczz6wspr4te","2026-07-19T16:21:47Z"
"spotify:track:22L7bfCiAkJo5xGSQgmiIO","All Of The Lights","spotify:artist:5K4W6rqBFWDnAN6FQUkS6x","Kanye West","spotify:album:20r762YmB5HeofjMCiPMLv","My Beautiful Dark Twisted Fantasy","spotify:artist:5K4W6rqBFWDnAN6FQUkS6x","Kanye West","2010-11-22","https://i.scdn.co/image/ab67616d0000b273d9194aa18fa4c9362b47464f","1","5","299613","","true","84","USUM71027273","spotify:user:316ye5nphj2c6qd5zczz6wspr4te","2026-07-19T16:21:47Z"
"spotify:track:221qmpQeBNV87sUjQeUTVH","Around Me (feat. Don Toliver)","spotify:artist:0iEtIxbK0KxaSlF7G42ZOp, spotify:artist:4Gso3d4CscCijv0lmajZWs","Metro Boomin, Don Toliver","spotify:album:7txGsnDSqVMoRl6RQ9XyZP","HEROES & VILLAINS","spotify:artist:0iEtIxbK0KxaSlF7G42ZOp","Metro Boomin","2022-12-02","https://i.scdn.co/image/ab67616d0000b273c4fee55d7b51479627c31f89","1","7","191520","","true","82","USUG12208788","spotify:user:316ye5nphj2c6qd5zczz6wspr4te","2026-07-19T16:21:47Z"
"spotify:track:3s4mrPrEFFPF0LmAfutW0n","The London (feat. J. Cole & Travis Scott)","spotify:artist:50co4Is1HCEo8bhOyUWKpn, spotify:artist:6l3HvQ5sa6mXTsMTB19rO5, spotify:artist:0Y5tJX1MQlPlqiwlOH1tJY","Young Thug, J. Cole, Travis Scott","spotify:album:1bnHPO4dKK7IjvgrtVBcQh","So Much Fun","spotify:artist:50co4Is1HCEo8bhOyUWKpn","Young Thug","2019-08-16","https://i.scdn.co/image/ab67616d0000b2738da62aa4aa86bb58f67196e9","1","19","200186","https://p.scdn.co/mp3-preview/0e7ecbe78d88746e31ea7318191eb797d3096716?cid=9950ac751e34487dbbe027c4fd7f8e99","true","76","USAT21903320","spotify:user:316ye5nphj2c6qd5zczz6wspr4te","2026-07-19T16:21:47Z"
"spotify:track:68Dni7IE4VyPkTOH9mRWHr","No Role Modelz","spotify:artist:6l3HvQ5sa6mXTsMTB19rO5","J. Cole","spotify:album:0UMMIkurRUmkruZ3KGBLtG","2014 Forest Hills Drive","spotify:artist:6l3HvQ5sa6mXTsMTB19rO5","J. Cole","2014-12-09","https://i.scdn.co/image/ab67616d0000b273c6e0948bbb0681ff29cdbae8","1","9","292799","","true","89","USQX91402598","spotify:user:316ye5nphj2c6qd5zczz6wspr4te","2026-07-19T16:21:47Z"
"spotify:track:5SWnsxjhdcEDc7LJjq9UHk","Runnin","spotify:artist:1URnnhqYAYcrqrcwql10ft, spotify:artist:0iEtIxbK0KxaSlF7G42ZOp","21 Savage, Metro Boomin","spotify:album:6wTyGUWGCilBFZ837k5aRi","SAVAGE MODE II","spotify:artist:1URnnhqYAYcrqrcwql10ft, spotify:artist:0iEtIxbK0KxaSlF7G42ZOp","21 Savage, Metro Boomin","2020-10-02","https://i.scdn.co/image/ab67616d0000b2736a7e6ceda5e779fbb6ec1ba8","1","2","195906","https://p.scdn.co/mp3-preview/58b064bf7b79081de9e78727780f7f04664fb328?cid=9950ac751e34487dbbe027c4fd7f8e99","true","78","USSM12005346","spotify:user:316ye5nphj2c6qd5zczz6wspr4te","2026-07-19T16:21:47Z"
"spotify:track:59nOXPmaKlBfGMDeOVGrIK","WAIT FOR U (feat. Drake & Tems)","spotify:artist:1RyvyyTE3xzB2ZywiAwp0i, spotify:artist:3TVXtAsR1Inumwj472S9r4, spotify:artist:687cZJR45JO7jhk1LHIbgq","Future, Drake, Tems","spotify:album:6tE9Dnp2zInFij4jKssysL","I NEVER LIKED YOU","spotify:artist:1RyvyyTE3xzB2ZywiAwp0i","Future","2022-04-29","https://i.scdn.co/image/ab67616d0000b2731692599c8c0f98e470c68106","1","7","189893","https://p.scdn.co/mp3-preview/e239501f3ace06a764bec4aa0c21e3eb2efb9e59?cid=9950ac751e34487dbbe027c4fd7f8e99","true","85","USSM12203789","spotify:user:316ye5nphj2c6qd5zczz6wspr4te","2026-07-19T16:21:47Z"
"spotify:track:0FZ4Dmg8jJJAPJnvBIzD9z","ZEZE (feat. Travis Scott & Offset)","spotify:artist:46SHBwWsqBkxI7EeeBEQG7, spotify:artist:4DdkRBBYG6Yk9Ka8tdJ9BW, spotify:artist:0Y5tJX1MQlPlqiwlOH1tJY","Kodak Black, Offset, Travis Scott","spotify:album:5n1GSzC1Reao29ScnpLYqp","Dying to Live","spotify:artist:46SHBwWsqBkxI7EeeBEQG7","Kodak Black","2018-12-14","https://i.scdn.co/image/ab67616d0000b273f9508eb3070b95ceeb82788b","1","5","228759","https://p.scdn.co/mp3-preview/08f1dd44f568b292b28283d9da851c0625ef0075?cid=9950ac751e34487dbbe027c4fd7f8e99","true","83","USAT21811523","spotify:user:316ye5nphj2c6qd5zczz6wspr4te","2026-07-19T16:21:47Z"
"spotify:track:2cjhSZd6uZIrp4ddxvvBdn","BACKR00MS (with Travis Scott)","spotify:artist:699OTQXzgjhIYAHMy9RyPD, spotify:artist:0Y5tJX1MQlPlqiwlOH1tJY","Playboi Carti, Travis Scott","spotify:album:7sFZGbkCitoqQz7Rt3LoKg","MUSIC - SORRY 4 DA WAIT","spotify:artist:699OTQXzgjhIYAHMy9RyPD","Playboi Carti","2025-03-25","https://i.scdn.co/image/ab67616d0000b2736da4ec0bce9baf42436db10a","1","33","160306","","true","68","USUM72400005","spotify:user:316ye5nphj2c6qd5zczz6wspr4te","2026-07-19T16:21:47Z"
"spotify:track:2G7V7zsVDxg1yRsu7Ew9RJ","In My Feelings","spotify:artist:3TVXtAsR1Inumwj472S9r4","Drake","spotify:album:1ATL5GLyefJaxhQzSPVrLX","Scorpion","spotify:artist:3TVXtAsR1Inumwj472S9r4","Drake","2018-06-29","https://i.scdn.co/image/ab67616d0000b273f907de96b9a4fbc04accc0d5","2","9","217925","","true","78","USCM51800206","spotify:user:316ye5nphj2c6qd5zczz6wspr4te","2026-07-19T16:21:47Z"
"spotify:track:7EOgQuWYzWIgCfe5zEe1dl","Fukk A Interview","spotify:artist:1RyvyyTE3xzB2ZywiAwp0i","Future","spotify:album:0pFlE0rc68RS8f3UHzioQY","The Real Me","spotify:artist:1RyvyyTE3xzB2ZywiAwp0i","Future","2026-08-06","https://i.scdn.co/image/ab67616d0000b273df594136a4d46f1347159c21","1","1","157640","https://p.scdn.co/mp3-preview/37782c1fd7a5fb32c7121b38422431a8525cb445?cid=9950ac751e34487dbbe027c4fd7f8e99","true","72","USSM12603690","spotify:user:316ye5nphj2c6qd5zczz6wspr4te","2026-07-19T16:21:47Z"
"spotify:track:2XHzzp1j4IfTNp1FTn7YFg","Love Me","spotify:artist:55Aa2cqylxrFIXC767Z865, spotify:artist:3TVXtAsR1Inumwj472S9r4, spotify:artist:1RyvyyTE3xzB2ZywiAwp0i","Lil Wayne, Drake, Future","spotify:album:6Pqlfg42Sc3ElNuyt5NUiK","I Am Not A Human Being II (Deluxe)","spotify:artist:55Aa2cqylxrFIXC767Z865","Lil Wayne","2013-01-01","https://i.scdn.co/image/ab67616d0000b27380c64a084164867806ea617a","1","11","255053","","true","89","USCM51300001","spotify:user:316ye5nphj2c6qd5zczz6wspr4te","2026-07-19T16:21:47Z"
"spotify:track:6n4U3TlzUGhdSFbUUhTvLP","Walk It Talk It","spotify:artist:6oMuImdp5ZcFhWP0ESe6mG, spotify:artist:3TVXtAsR1Inumwj472S9r4","Migos, Drake","spotify:album:7fd7SEK25VS3gJAUgSwL6y","Culture II","spotify:artist:6oMuImdp5ZcFhWP0ESe6mG","Migos","2018-01-26","https://i.scdn.co/image/ab67616d0000b2739c188c494d8bfaf895411890","1","6","276147","","true","78","USUM71800983","spotify:user:316ye5nphj2c6qd5zczz6wspr4te","2026-07-19T16:21:47Z"
"spotify:track:7eqoqGkKwgOaWNNHx90uEZ","Nights","spotify:artist:2h93pZq0e7k5yf4dywlkpM","Frank Ocean","spotify:album:3mH6qwIy9crq0I9YQbOuDf","Blonde","spotify:artist:2h93pZq0e7k5yf4dywlkpM","Frank Ocean","2016-08-20","https://i.scdn.co/image/ab67616d0000b273c5649add07ed3720be9d5526","1","9","307151","https://p.scdn.co/mp3-preview/478a51ff059dc1abb20548ac2f3d3d73d75c3cb7?cid=9950ac751e34487dbbe027c4fd7f8e99","true","87","QZ5C81600009","spotify:user:316ye5nphj2c6qd5zczz6wspr4te","2026-07-19T16:21:47Z"
"spotify:track:2N3U8uTYhjX2KwGT0pf5x0","Everyday (feat. Rod Stewart, Miguel & Mark Ronson)","spotify:artist:13ubrt8QOOCPljQ2FL1Kca, spotify:artist:2y8Jo9CKhJvtfeKOsYzRdT, spotify:artist:360IAlyVv4PCEVjgyMZrxK, spotify:artist:3hv9jJF3adDNsBSIQDqcjp","A$AP Rocky, Rod Stewart, Miguel, Mark Ronson","spotify:album:3arNdjotCvtiiLFfjKngMc","AT.LONG.LAST.A$AP","spotify:artist:13ubrt8QOOCPljQ2FL1Kca","A$AP Rocky","2015-05-26","https://i.scdn.co/image/ab67616d0000b27349efdc44d0733042f8b99d57","1","17","260990","https://p.scdn.co/mp3-preview/759dc183a1d9ca08063e3d1bfdaabbfca0160f5a?cid=9950ac751e34487dbbe027c4fd7f8e99","true","83","USRC11500811","spotify:user:316ye5nphj2c6qd5zczz6wspr4te","2026-07-19T16:21:47Z"
"spotify:track:2297mxrYLBAC4XkhXs39If","Armed & Dangerous","spotify:artist:6QtgPSJPSzcnn7dPZ4VINp","King Von","spotify:album:7gGJ9rNtigRF53dsFo48Wp","Welcome to O'Block","spotify:artist:6QtgPSJPSzcnn7dPZ4VINp","King Von","2020-10-30","https://i.scdn.co/image/ab67616d0000b273429d4b3d9261b9ccc24d7d36","1","1","122680","https://p.scdn.co/mp3-preview/6ca711b2afb21122fa4585ed61220d1f2229bf05?cid=9950ac751e34487dbbe027c4fd7f8e99","true","77","USUYG1334251","spotify:user:316ye5nphj2c6qd5zczz6wspr4te","2026-07-19T16:21:47Z"
"spotify:track:1ZHYJ2Wwgxes4m8Ba88PeK","Monster","spotify:artist:5K4W6rqBFWDnAN6FQUkS6x, spotify:artist:3nFkdlSjzX9mRTtwJOzDYB, spotify:artist:1sBkRIssrMs1AbVkOJbc7a, spotify:artist:0hCNtLu0JehylgoiP8L4Gh, spotify:artist:4LEiUm1SRbFMgfqnQTwUbQ","Kanye West, JAŸ-Z, Rick Ross, Nicki Minaj, Bon Iver","spotify:album:20r762YmB5HeofjMCiPMLv","My Beautiful Dark Twisted Fantasy","spotify:artist:5K4W6rqBFWDnAN6FQUkS6x","Kanye West","2010-11-22","https://i.scdn.co/image/ab67616d0000b273d9194aa18fa4c9362b47464f","1","6","378893","","true","76","USUM71026158","spotify:user:316ye5nphj2c6qd5zczz6wspr4te","2026-07-19T16:21:47Z"
"spotify:track:4iz9lGMjU1lXS51oPmUmTe","Homecoming","spotify:artist:5K4W6rqBFWDnAN6FQUkS6x, spotify:artist:0LQoZQIV0mIs0y0XQb0Sw2","Kanye West, Chris Martin","spotify:album:4SZko61aMnmgvNhfhgTuD3","Graduation","spotify:artist:5K4W6rqBFWDnAN6FQUkS6x","Kanye West","2007-09-11","https://i.scdn.co/image/ab67616d0000b27326f7f19c7f0381e56156c94a","1","12","203493","","true","87","USUM70749093","spotify:user:316ye5nphj2c6qd5zczz6wspr4te","2026-07-19T16:21:47Z"
"spotify:track:5S8VwnB4sLi6W0lYTWYylu","hey now (feat. dody6)","spotify:artist:2YZyLoL8N0Wb9xBt1NhZWg, spotify:artist:4VHa48wXlsDA2vWfgIi7cX","Kendrick Lamar, Dody6","spotify:album:0hvT3yIEysuuvkK73vgdcW","GNX","spotify:artist:2YZyLoL8N0Wb9xBt1NhZWg","Kendrick Lamar","2024-11-22","https://i.scdn.co/image/ab67616d0000b273e2a0a166493a2bde5480a420","1","5","217478","","true","72","USUG12408497","spotify:user:316ye5nphj2c6qd5zczz6wspr4te","2026-07-19T16:21:47Z"
"spotify:track:0RgjEkSbeuStKfT2Pa4Zai","reincarnated","spotify:artist:2YZyLoL8N0Wb9xBt1NhZWg","Kendrick Lamar","spotify:album:0hvT3yIEysuuvkK73vgdcW","GNX","spotify:artist:2YZyLoL8N0Wb9xBt1NhZWg","Kendrick Lamar","2024-11-22","https://i.scdn.co/image/ab67616d0000b273e2a0a166493a2bde5480a420","1","6","275740","","true","70","USUG12408500","spotify:user:316ye5nphj2c6qd5zczz6wspr4te","2026-07-19T16:21:47Z"
"spotify:track:45J4avUb9Ni0bnETYaYFVJ","luther (with sza)","spotify:artist:2YZyLoL8N0Wb9xBt1NhZWg, spotify:artist:7tYKF4w9nC0nq9CsPZTHyP","Kendrick Lamar, SZA","spotify:album:0hvT3yIEysuuvkK73vgdcW","GNX","spotify:artist:2YZyLoL8N0Wb9xBt1NhZWg","Kendrick Lamar","2024-11-22","https://i.scdn.co/image/ab67616d0000b273e2a0a166493a2bde5480a420","1","3","177598","","false","81","USUG12408496","spotify:user:316ye5nphj2c6qd5zczz6wspr4te","2026-07-19T16:21:47Z"
"spotify:track:4K1Pg0FLno1ltzX3jeqT83","dodger blue (feat. wallie the sensei, siete7x, roddy ricch)","spotify:artist:2YZyLoL8N0Wb9xBt1NhZWg, spotify:artist:6cUpFVxDYWed9WxtC4QgC5, spotify:artist:7J5UWTbsUFjoSQZQCQCqbQ, spotify:artist:757aE44tKEUQEqRuT6GnEB","Kendrick Lamar, Wallie the Sensei, Siete7x, Roddy Ricch","spotify:album:0hvT3yIEysuuvkK73vgdcW","GNX","spotify:artist:2YZyLoL8N0Wb9xBt1NhZWg","Kendrick Lamar","2024-11-22","https://i.scdn.co/image/ab67616d0000b273e2a0a166493a2bde5480a420","1","8","131240","","true","69","USUG12408499","spotify:user:316ye5nphj2c6qd5zczz6wspr4te","2026-07-19T16:21:47Z"
"spotify:track:2Uts1QFB4u2YNIMiqcb4de","peekaboo (feat. azchike)","spotify:artist:2YZyLoL8N0Wb9xBt1NhZWg, spotify:artist:6fqjJNsLs7g6F3PXy01Xnw","Kendrick Lamar, AZ Chike","spotify:album:0hvT3yIEysuuvkK73vgdcW","GNX","spotify:artist:2YZyLoL8N0Wb9xBt1NhZWg","Kendrick Lamar","2024-11-22","https://i.scdn.co/image/ab67616d0000b273e2a0a166493a2bde5480a420","1","9","155917","","true","76","USUG12408501","spotify:user:316ye5nphj2c6qd5zczz6wspr4te","2026-07-19T16:21:47Z"
"spotify:track:44sYqNBttbXNxya33FJ3Dj","Camelot","spotify:artist:0ErzCpIMyLcjPiwT4elrtZ","NLE Choppa","spotify:album:4dsMe3EBC8xURaxMhyorgf","Top Shotta","spotify:artist:0ErzCpIMyLcjPiwT4elrtZ","NLE Choppa","2020-08-07","https://i.scdn.co/image/ab67616d0000b27365bc1bfbb95ff5264f788839","1","5","148759","https://p.scdn.co/mp3-preview/5c495395d39f67daf744ee80fd0683291687d250?cid=9950ac751e34487dbbe027c4fd7f8e99","true","75","USWB11901876","spotify:user:316ye5nphj2c6qd5zczz6wspr4te","2026-07-19T16:21:47Z"
"spotify:track:0uFz9q2SvuKyWB6Ur1YCfI","Mamacita (feat. Rich Homie Quan & Young Thug)","spotify:artist:0Y5tJX1MQlPlqiwlOH1tJY, spotify:artist:5lHRUCqkQZCIWeX7xG4sYT, spotify:artist:50co4Is1HCEo8bhOyUWKpn","Travis Scott, Rich Homie Quan, Young Thug","spotify:album:54Y471E7GNBSOXjZtqONId","DAYS BEFORE RODEO","spotify:artist:0Y5tJX1MQlPlqiwlOH1tJY","Travis Scott","2014-08-18","https://i.scdn.co/image/ab67616d0000b273a2a7386de6494fc9275e1abb","1","2","272772","https://p.scdn.co/mp3-preview/f3a7b65c2fc1533c5801f1e30adf2be0fe0a33bf?cid=9950ac751e34487dbbe027c4fd7f8e99","true","65","USSM11408300","spotify:user:316ye5nphj2c6qd5zczz6wspr4te","2026-07-19T16:21:47Z"
"spotify:track:3xKsf9qdS1CyvXSMEid6g8","Pink + White","spotify:artist:2h93pZq0e7k5yf4dywlkpM","Frank Ocean","spotify:album:3mH6qwIy9crq0I9YQbOuDf","Blonde","spotify:artist:2h93pZq0e7k5yf4dywlkpM","Frank Ocean","2016-08-20","https://i.scdn.co/image/ab67616d0000b273c5649add07ed3720be9d5526","1","3","184516","https://p.scdn.co/mp3-preview/0e3ca894e19c37cbbbd511d9eb682d8bee030126?cid=9950ac751e34487dbbe027c4fd7f8e99","false","89","QZ5C81600003","spotify:user:316ye5nphj2c6qd5zczz6wspr4te","2026-07-19T16:21:47Z"
"spotify:track:5iozkhSH9ZyOupcJvXfSL0","Palace","spotify:artist:13ubrt8QOOCPljQ2FL1Kca","A$AP Rocky","spotify:album:4l6EPpP9hjQrLb8qNB9eC5","LIVE.LOVE.A$AP","spotify:artist:13ubrt8QOOCPljQ2FL1Kca","A$AP Rocky","2011-10-31","https://i.scdn.co/image/ab67616d0000b273c8ced8a4d6b6b61eb592f3dd","1","1","162960","https://p.scdn.co/mp3-preview/a34512b6a8365da52bb1447303915f5f32c76039?cid=9950ac751e34487dbbe027c4fd7f8e99","true","60","USRC12103087","spotify:user:316ye5nphj2c6qd5zczz6wspr4te","2026-07-19T16:21:47Z"
"spotify:track:1GeNui6m825V8jP4uKiIaH","Bad Bad Bad (feat. Lil Baby)","spotify:artist:50co4Is1HCEo8bhOyUWKpn, spotify:artist:5f7VJjfbwm532GiveGC0ZK","Young Thug, Lil Baby","spotify:album:1bnHPO4dKK7IjvgrtVBcQh","So Much Fun","spotify:artist:50co4Is1HCEo8bhOyUWKpn","Young Thug","2019-08-16","https://i.scdn.co/image/ab67616d0000b2738da62aa4aa86bb58f67196e9","1","7","149040","https://p.scdn.co/mp3-preview/196bd98d1dec1e712c0b44304c08985344e69f34?cid=9950ac751e34487dbbe027c4fd7f8e99","true","79","USAT21904712","spotify:user:316ye5nphj2c6qd5zczz6wspr4te","2026-07-19T16:21:47Z"
"spotify:track:5AJ9hqTS2wcFQCELCFRO7A","MILLION DOLLAR BABY","spotify:artist:1WaFQSHVGZQJTbf0BdxdNo","Tommy Richman","spotify:album:2Z1gnUf3nbn6DtwZSUIH54","MILLION DOLLAR BABY","spotify:artist:1WaFQSHVGZQJTbf0BdxdNo","Tommy Richman","2024-04-26","https://i.scdn.co/image/ab67616d0000b27301c0cd5da820e6128655854f","1","1","155151","","false","84","QM24S2402528","spotify:user:316ye5nphj2c6qd5zczz6wspr4te","2026-07-19T16:21:47Z"
"spotify:track:7zCVvmyZj2FPCHZ1nVdB3p","Quintana Pt. 2","spotify:artist:0Y5tJX1MQlPlqiwlOH1tJY","Travis Scott","spotify:album:54Y471E7GNBSOXjZtqONId","DAYS BEFORE RODEO","spotify:artist:0Y5tJX1MQlPlqiwlOH1tJY","Travis Scott","2014-08-18","https://i.scdn.co/image/ab67616d0000b273a2a7386de6494fc9275e1abb","1","3","186206","https://p.scdn.co/mp3-preview/837563a8a9853e1e456ac839665b53f420f52ccf?cid=9950ac751e34487dbbe027c4fd7f8e99","true","61","USSM12306315","spotify:user:316ye5nphj2c6qd5zczz6wspr4te","2026-07-19T16:21:47Z"
"spotify:track:1qXQmENykriAHunVaZc6FW","Don't Play (feat. The 1975 & Big Sean)","spotify:artist:0Y5tJX1MQlPlqiwlOH1tJY, spotify:artist:3mIj9lX2MWuHmhNCA7LSCW, spotify:artist:0c173mlxpT3dSFRgMO8XPh","Travis Scott, The 1975, Big Sean","spotify:album:54Y471E7GNBSOXjZtqONId","DAYS BEFORE RODEO","spotify:artist:0Y5tJX1MQlPlqiwlOH1tJY","Travis Scott","2014-08-18","https://i.scdn.co/image/ab67616d0000b273a2a7386de6494fc9275e1abb","1","5","285480","https://p.scdn.co/mp3-preview/34864d3a866c1a420ad7a7d5bdce101ff9183102?cid=9950ac751e34487dbbe027c4fd7f8e99","true","62","USSM11405561","spotify:user:316ye5nphj2c6qd5zczz6wspr4te","2026-07-19T16:21:47Z"
"spotify:track:3cM1GiA3OqESGO5zEZATAP","Backyard","spotify:artist:0Y5tJX1MQlPlqiwlOH1tJY","Travis Scott","spotify:album:54Y471E7GNBSOXjZtqONId","DAYS BEFORE RODEO","spotify:artist:0Y5tJX1MQlPlqiwlOH1tJY","Travis Scott","2014-08-18","https://i.scdn.co/image/ab67616d0000b273a2a7386de6494fc9275e1abb","1","10","270441","https://p.scdn.co/mp3-preview/3fdce726c24bff98dc90a5fa431505dffde583e7?cid=9950ac751e34487dbbe027c4fd7f8e99","true","62","USSM12306321","spotify:user:316ye5nphj2c6qd5zczz6wspr4te","2026-07-19T16:21:47Z"
"spotify:track:2QeQNF182V61Im0QpjdVta","Pornography","spotify:artist:0Y5tJX1MQlPlqiwlOH1tJY","Travis Scott","spotify:album:4PWBTB6NYSKQwfo79I3prg","Rodeo","spotify:artist:0Y5tJX1MQlPlqiwlOH1tJY","Travis Scott","2015-09-04","https://i.scdn.co/image/ab67616d0000b273d3b5affd8824b4ed301b7137","1","1","231826","https://p.scdn.co/mp3-preview/65ce04643dc294e55def8eaa27fb84154b6fdf99?cid=9950ac751e34487dbbe027c4fd7f8e99","true","64","USSM11506728","spotify:user:316ye5nphj2c6qd5zczz6wspr4te","2026-07-19T16:21:47Z"
"spotify:track:2rMFawCg4BW65jzbwztXAV","Oh My Dis Side (feat. Quavo)","spotify:artist:0Y5tJX1MQlPlqiwlOH1tJY, spotify:artist:0VRj0yCOv2FXJNP47XQnx5","Travis Scott, Quavo","spotify:album:4PWBTB6NYSKQwfo79I3prg","Rodeo","spotify:artist:0Y5tJX1MQlPlqiwlOH1tJY","Travis Scott","2015-09-04","https://i.scdn.co/image/ab67616d0000b273d3b5affd8824b4ed301b7137","1","2","351253","https://p.scdn.co/mp3-preview/d04c9463c65a90ea570543450ecae7ea308cbafb?cid=9950ac751e34487dbbe027c4fd7f8e99","true","65","USSM11506729","spotify:user:316ye5nphj2c6qd5zczz6wspr4te","2026-07-19T16:21:47Z"
"spotify:track:1SGt65i9AnXYdDQt1AtDRH","3500 (feat. Future & 2 Chainz)","spotify:artist:0Y5tJX1MQlPlqiwlOH1tJY, spotify:artist:1RyvyyTE3xzB2ZywiAwp0i, spotify:artist:17lzZA2AlOHwCwFALHttmp","Travis Scott, Future, 2 Chainz","spotify:album:4PWBTB6NYSKQwfo79I3prg","Rodeo","spotify:artist:0Y5tJX1MQlPlqiwlOH1tJY","Travis Scott","2015-09-04","https://i.scdn.co/image/ab67616d0000b273d3b5affd8824b4ed301b7137","1","3","461840","https://p.scdn.co/mp3-preview/68e1d1072097b50e9aad34b61859ea5ee1ba427e?cid=9950ac751e34487dbbe027c4fd7f8e99","true","69","USSM11500911","spotify:user:316ye5nphj2c6qd5zczz6wspr4te","2026-07-19T16:21:47Z"
"spotify:track:2dJ4rGtsOHOgvTQawsCRtg","Pray 4 Love (feat. The Weeknd)","spotify:artist:0Y5tJX1MQlPlqiwlOH1tJY, spotify:artist:1Xyo4u8uXC1ZmMpatF05PJ","Travis Scott, The Weeknd","spotify:album:4PWBTB6NYSKQwfo79I3prg","Rodeo","spotify:artist:0Y5tJX1MQlPlqiwlOH1tJY","Travis Scott","2015-09-04","https://i.scdn.co/image/ab67616d0000b273d3b5affd8824b4ed301b7137","1","6","307000","https://p.scdn.co/mp3-preview/1cc62455cae2f2a55a1897827be2bb03d6c57013?cid=9950ac751e34487dbbe027c4fd7f8e99","true","67","USSM11506732","spotify:user:316ye5nphj2c6qd5zczz6wspr4te","2026-07-19T16:21:47Z"
"spotify:track:3xby7fOyqmeON8jsnom0AT","Nightcrawler (feat. Swae Lee & Chief Keef)","spotify:artist:0Y5tJX1MQlPlqiwlOH1tJY, spotify:artist:1zNqQNIdeOUZHb8zbZRFMX, spotify:artist:15iVAtD3s3FsQR4w1v6M0P","Travis Scott, Swae Lee, Chief Keef","spotify:album:4PWBTB6NYSKQwfo79I3prg","Rodeo","spotify:artist:0Y5tJX1MQlPlqiwlOH1tJY","Travis Scott","2015-09-04","https://i.scdn.co/image/ab67616d0000b273d3b5affd8824b4ed301b7137","1","7","321560","https://p.scdn.co/mp3-preview/ae7870fc66d217bc6d4c932e51dfc492aeff828a?cid=9950ac751e34487dbbe027c4fd7f8e99","true","78","USSM11506733","spotify:user:316ye5nphj2c6qd5zczz6wspr4te","2026-07-19T16:21:47Z"
"spotify:track:1wHZx0LgzFHyeIZkUydNXq","Antidote","spotify:artist:0Y5tJX1MQlPlqiwlOH1tJY","Travis Scott","spotify:album:4PWBTB6NYSKQwfo79I3prg","Rodeo","spotify:artist:0Y5tJX1MQlPlqiwlOH1tJY","Travis Scott","2015-09-04","https://i.scdn.co/image/ab67616d0000b273d3b5affd8824b4ed301b7137","1","9","262693","https://p.scdn.co/mp3-preview/bb0ae5cc5ebc4c0faead55e93da763787cb813db?cid=9950ac751e34487dbbe027c4fd7f8e99","true","74","USSM11505661","spotify:user:316ye5nphj2c6qd5zczz6wspr4te","2026-07-19T16:21:47Z"
"spotify:track:0IabpxMpUV7waD7U4uDIMJ","Impossible","spotify:artist:0Y5tJX1MQlPlqiwlOH1tJY","Travis Scott","spotify:album:4PWBTB6NYSKQwfo79I3prg","Rodeo","spotify:artist:0Y5tJX1MQlPlqiwlOH1tJY","Travis Scott","2015-09-04","https://i.scdn.co/image/ab67616d0000b273d3b5affd8824b4ed301b7137","1","10","242506","https://p.scdn.co/mp3-preview/9a2938e64d0a54c4aab1c422be7b2670e235969f?cid=9950ac751e34487dbbe027c4fd7f8e99","true","67","USSM11506735","spotify:user:316ye5nphj2c6qd5zczz6wspr4te","2026-07-19T16:21:47Z"
"spotify:track:6Yqmv7XJLCrQEauMbPGZSw","Maria I'm Drunk (feat. Justin Bieber & Young Thug)","spotify:artist:0Y5tJX1MQlPlqiwlOH1tJY, spotify:artist:1uNFoZAHBGtllmzznpCI3s, spotify:artist:50co4Is1HCEo8bhOyUWKpn","Travis Scott, Justin Bieber, Young Thug","spotify:album:4PWBTB6NYSKQwfo79I3prg","Rodeo","spotify:artist:0Y5tJX1MQlPlqiwlOH1tJY","Travis Scott","2015-09-04","https://i.scdn.co/image/ab67616d0000b273d3b5affd8824b4ed301b7137","1","11","349933","https://p.scdn.co/mp3-preview/442c2c0a3225dff7b98dcc680f2e301cbe209f22?cid=9950ac751e34487dbbe027c4fd7f8e99","true","76","USSM11506736","spotify:user:316ye5nphj2c6qd5zczz6wspr4te","2026-07-19T16:21:47Z"
"spotify:track:5UwhSyAaU6b5RHeYPzxZld","LIL DEMON","spotify:artist:1RyvyyTE3xzB2ZywiAwp0i","Future","spotify:album:5IcsHifVLGG0emBPlMZacj","MIXTAPE PLUTO","spotify:artist:1RyvyyTE3xzB2ZywiAwp0i","Future","2024-11-01","https://i.scdn.co/image/ab67616d0000b2738c3c743415cd44e11e50634c","1","2","139196","https://p.scdn.co/mp3-preview/73e4aba2aa9c6c73d3e508637d48bbde39e7304f?cid=9950ac751e34487dbbe027c4fd7f8e99","true","56","USSM12406727","spotify:user:316ye5nphj2c6qd5zczz6wspr4te","2026-07-19T16:21:47Z"
"spotify:track:4Ew8VKrbgrjCt9r2AuItFm","KEEP IT BURNIN (feat. Kanye West)","spotify:artist:1RyvyyTE3xzB2ZywiAwp0i, spotify:artist:5K4W6rqBFWDnAN6FQUkS6x","Future, Kanye West","spotify:album:6ViO9Wx6dWzeUq6DmGTaHl","I NEVER LIKED YOU","spotify:artist:1RyvyyTE3xzB2ZywiAwp0i","Future","2022-05-02","https://i.scdn.co/image/ab67616d0000b273c3886b1f21a75622d47c2031","1","3","207213","https://p.scdn.co/mp3-preview/3981d5adb03b959da934482a10be72b0ab5913ca?cid=9950ac751e34487dbbe027c4fd7f8e99","true","48","USSM12203270","spotify:user:316ye5nphj2c6qd5zczz6wspr4te","2026-07-19T16:21:47Z"
"spotify:local:%C2%A5%24%2C+Kanye+West%2C+Ty+Dolla+%24ign:VULTURES+2:EVERYBODY:227","EVERYBODY","","¥$\, Kanye West\, Ty Dolla $ign","","VULTURES 2","","","","","0","0","227000","","false","0","","spotify:user:316ye5nphj2c6qd5zczz6wspr4te","2026-07-19T16:21:47Z"
"spotify:local:Travis+Scott:Birds+In+The+Trap+Sing+McKnight:sdp+interlude+%28extended%29:328","sdp interlude (extended)","","Travis Scott","","Birds In The Trap Sing McKnight","","","","","0","0","328000","","false","0","","spotify:user:316ye5nphj2c6qd5zczz6wspr4te","2026-07-19T16:21:47Z"
"spotify:local:Kanye+West%2C+Nicki+Minaj%2C+Ty+Dolla+%24ign:Yandhi:New+Body:225","New Body","","Kanye West\, Nicki Minaj\, Ty Dolla $ign","","Yandhi","","","","","0","0","225000","","false","0","","spotify:user:316ye5nphj2c6qd5zczz6wspr4te","2026-07-19T16:21:47Z"
"spotify:local:Playboi+Carti:MUSIC:EVILJORDAN+V1:184","EVILJORDAN V1","","Playboi Carti","","MUSIC","","","","","0","0","184000","","false","0","","spotify:user:316ye5nphj2c6qd5zczz6wspr4te","2026-07-19T16:21:47Z"
"spotify:track:5qqabIl2vWzo9ApSC317sa","Wonderwall - Remastered","spotify:artist:2DaxqgrOhkeH0fpeiQq2f4","Oasis","spotify:album:1VW1MFNstaJuygaoTPkdCk","(What's The Story) Morning Glory? [Remastered]","spotify:artist:2DaxqgrOhkeH0fpeiQq2f4","Oasis","1995-10-02","https://i.scdn.co/image/ab67616d0000b27385e5dcc05cc216a10f141480","1","3","258773","https://p.scdn.co/mp3-preview/20284474537394c92c98e543b21efe174ff2599d?cid=9950ac751e34487dbbe027c4fd7f8e99","false","88","GBQCP1400109","spotify:user:316ye5nphj2c6qd5zczz6wspr4te","2026-07-19T16:21:47Z"
"spotify:track:1Ci4wASMY4xtKVMeHA6Sd5","through the late night","spotify:artist:0Y5tJX1MQlPlqiwlOH1tJY","Travis Scott","spotify:album:42WVQWuf1teDysXiOupIZt","Birds In The Trap Sing McKnight","spotify:artist:0Y5tJX1MQlPlqiwlOH1tJY","Travis Scott","2016-09-16","https://i.scdn.co/image/ab67616d0000b2738752a7355996e64709247c53","1","4","286235","https://p.scdn.co/mp3-preview/5ff1a7b4b74f27ec75e39d22c4c7456a80460bc2?cid=9950ac751e34487dbbe027c4fd7f8e99","true","68","USSM11607550","spotify:user:316ye5nphj2c6qd5zczz6wspr4te","2026-07-20T08:48:00Z"
"spotify:track:4Qay2jEWJYjXmJ8eNOGtaD","FRIED","spotify:artist:4xPQFgDA5M2xa0ZGo5iIsv, spotify:artist:5K4W6rqBFWDnAN6FQUkS6x, spotify:artist:7c0XG5cIJTrrAgEC3ULPiq","¥$, Kanye West, Ty Dolla $ign","spotify:album:5RV2TNyjylqWJNxQyHBTeJ","VULTURES 2","spotify:artist:4xPQFgDA5M2xa0ZGo5iIsv, spotify:artist:5K4W6rqBFWDnAN6FQUkS6x, spotify:artist:7c0XG5cIJTrrAgEC3ULPiq","¥$, Kanye West, Ty Dolla $ign","2024-08-03","https://i.scdn.co/image/ab67616d0000b273fb9cedd86a3d08dc053a550d","1","4","166400","https://p.scdn.co/mp3-preview/9b4d6ecd7ca1d5564feeb8265f0d84eea30db31b?cid=9950ac751e34487dbbe027c4fd7f8e99","true","62","TLVEM2467068","spotify:user:316ye5nphj2c6qd5zczz6wspr4te","2026-07-22T07:11:30Z"
"spotify:track:1Z0cZI0UzNbP9L8MzzGxqf","Walk Em Down (feat. Roddy Ricch)","spotify:artist:0ErzCpIMyLcjPiwT4elrtZ, spotify:artist:757aE44tKEUQEqRuT6GnEB","NLE Choppa, Roddy Ricch","spotify:album:4dsMe3EBC8xURaxMhyorgf","Top Shotta","spotify:artist:0ErzCpIMyLcjPiwT4elrtZ","NLE Choppa","2020-08-07","https://i.scdn.co/image/ab67616d0000b27365bc1bfbb95ff5264f788839","1","6","173288","https://p.scdn.co/mp3-preview/21dd627b44c988f3c74d2477808d460daa5a3a52?cid=9950ac751e34487dbbe027c4fd7f8e99","true","75","USWB12000247","spotify:user:316ye5nphj2c6qd5zczz6wspr4te","2026-07-23T07:59:10Z"
"spotify:track:6scpNkWEmUxmKY7nYjVLsX","Apple Pie","spotify:artist:0Y5tJX1MQlPlqiwlOH1tJY","Travis Scott","spotify:album:4PWBTB6NYSKQwfo79I3prg","Rodeo","spotify:artist:0Y5tJX1MQlPlqiwlOH1tJY","Travis Scott","2015-09-04","https://i.scdn.co/image/ab67616d0000b273d3b5affd8824b4ed301b7137","1","14","219360","https://p.scdn.co/mp3-preview/3276198d58f1a4dfb25a4d7a65b9c3cca23e13fa?cid=9950ac751e34487dbbe027c4fd7f8e99","true","70","USSM11506739","spotify:user:316ye5nphj2c6qd5zczz6wspr4te","2026-07-23T18:22:20Z"
"spotify:track:4woTEX1wYOTGDqNXuavlRC","Superman","spotify:artist:7dGJo4pcD2V6oG8kP0tJRR, spotify:artist:5jNmxPYz8QE5rYp4GDil8t","Eminem, Dina Rae","spotify:album:2cWBwpqMsDJC1ZUwz813lo","The Eminem Show","spotify:artist:7dGJo4pcD2V6oG8kP0tJRR","Eminem","2002-05-26","https://i.scdn.co/image/ab67616d0000b2736ca5c90113b30c3c43ffb8f4","1","13","350320","","true","85","USIR10211062","spotify:user:316ye5nphj2c6qd5zczz6wspr4te","2026-07-24T02:49:01Z"
"spotify:track:27NovPIUIRrOZoCHxABJwK","INDUSTRY BABY (feat. Jack Harlow)","spotify:artist:7jVv8c5Fj3E9VhNjxT4snq, spotify:artist:2LIk90788K0zvyj2JJVwkJ","Lil Nas X, Jack Harlow","spotify:album:622NFw5Yk0OReMJ2XWcXUh","INDUSTRY BABY (feat. Jack Harlow)","spotify:artist:7jVv8c5Fj3E9VhNjxT4snq, spotify:artist:2LIk90788K0zvyj2JJVwkJ","Lil Nas X, Jack Harlow","2021-07-23","https://i.scdn.co/image/ab67616d0000b2738a09f10b028a8bb55bfed9b8","1","1","212000","https://p.scdn.co/mp3-preview/54ec4be3d4710f882df7237e349c83849549dd99?cid=9950ac751e34487dbbe027c4fd7f8e99","true","76","USSM12104539","spotify:user:316ye5nphj2c6qd5zczz6wspr4te","2026-07-26T01:10:18Z"
"spotify:track:21jGcNKet2qwijlDFuPiPb","Circles","spotify:artist:246dkjvS1zLTtiykXe5h60","Post Malone","spotify:album:4g1ZRSobMefqF6nelkgibi","Hollywood's Bleeding","spotify:artist:246dkjvS1zLTtiykXe5h60","Post Malone","2019-09-06","https://i.scdn.co/image/ab67616d0000b2739478c87599550dd73bfa7e02","1","6","215280","","false","90","USUM71915699","spotify:user:316ye5nphj2c6qd5zczz6wspr4te","2026-07-28T19:55:58Z"
"spotify:track:1NfnMydsawMdorrzk6UO6j","BLEFE","spotify:artist:2GYYJLqPYDtiHDMLkTBipC, spotify:artist:3uup0UvVCTKRhZcRgCyuQK, spotify:artist:5E6gGhkw5IEgMq3rBMLVEq, spotify:artist:7MD07PacmYbXLMNLVwE8af","Lil Eazy, Kosky, yuikigai, ke-yo","spotify:album:3FqRwxkqKEHeVckrRfIse1","BLEFE","spotify:artist:2GYYJLqPYDtiHDMLkTBipC, spotify:artist:3uup0UvVCTKRhZcRgCyuQK, spotify:artist:5E6gGhkw5IEgMq3rBMLVEq, spotify:artist:7MD07PacmYbXLMNLVwE8af","Lil Eazy, Kosky, yuikigai, ke-yo","2026-07-17","https://i.scdn.co/image/ab67616d0000b27306c064254aa83e988ed04bfc","1","1","158998","https://p.scdn.co/mp3-preview/3b0673a0a58ad37a3a7c5337719db93b6f775fc6?cid=9950ac751e34487dbbe027c4fd7f8e99","true","48","QZTRX2649731","spotify:user:316ye5nphj2c6qd5zczz6wspr4te","2026-07-28T20:01:31Z"
"spotify:track:2lpygKqzPFtItQ4ss3cgfb","Cinderella (feat. Ty Dolla $ign)","spotify:artist:4LLpKhyESsyAXpc4laK94U, spotify:artist:7c0XG5cIJTrrAgEC3ULPiq","Mac Miller, Ty Dolla $ign","spotify:album:6f6tko6NWoH00cyFOl4VYQ","The Divine Feminine","spotify:artist:4LLpKhyESsyAXpc4laK94U","Mac Miller","2016-09-16","https://i.scdn.co/image/ab67616d0000b2732e92f776279eaf45d14a33fd","1","5","480186","https://p.scdn.co/mp3-preview/04815fdb32f409e135fbdbcaf8ddb70858a8a7f2?cid=9950ac751e34487dbbe027c4fd7f8e99","true","94","USWB11601437","spotify:user:316ye5nphj2c6qd5zczz6wspr4te","2026-07-28T20:05:45Z"
"spotify:track:7COiiObIVJIdBcW3J43Iy2","2 Hard 4 The Radio","spotify:artist:3TVXtAsR1Inumwj472S9r4","Drake","spotify:album:0OAv7DCME2AV4q1KPO95HY","ICEMAN","spotify:artist:3TVXtAsR1Inumwj472S9r4","Drake","2026-05-15","https://i.scdn.co/image/ab67616d0000b273fe9d3ab9adb1d3b59835b81c","1","13","183500","","true","81","USUG12604771","spotify:user:316ye5nphj2c6qd5zczz6wspr4te","2026-07-28T20:06:22Z"
"spotify:track:65aH3l8LEmRp3HuH5XpKoH","Carnívoro","spotify:artist:6qrqAYlS6lUj2BVXax7SZW, spotify:artist:1mV9h1AwhRXSjBFcYpajgY, spotify:artist:4LHTgACY32k94VDjenF0nP, spotify:artist:1bpnl8qbR9GxmiNlkEufW6","Mc Jacaré, Mc Lele JP, Mc Negão Original, DJ Japa NK","spotify:album:1Wytj2S8Of5HMUmOJN1ULa","Carnívoro","spotify:artist:6qrqAYlS6lUj2BVXax7SZW, spotify:artist:1mV9h1AwhRXSjBFcYpajgY, spotify:artist:4LHTgACY32k94VDjenF0nP, spotify:artist:1bpnl8qbR9GxmiNlkEufW6","Mc Jacaré, Mc Lele JP, Mc Negão Original, DJ Japa NK","2026-02-13","https://i.scdn.co/image/ab67616d0000b2735c67607fd2c208c66670703e","1","1","216000","","true","84","BK4DA2602832","spotify:user:316ye5nphj2c6qd5zczz6wspr4te","2026-07-30T17:48:10Z"
"spotify:track:11Pyzl3LTwpM9yVIDdwK68","Feliz no Simples 🍀","spotify:artist:2q9wk5fkeU2C9CgCKdh4AN, spotify:artist:75i9GaW2MJUgt4BkdUnuUY, spotify:artist:6XX6KGpomRDPmGGm7bofCK, spotify:artist:4PLdCloYxu2bMKfuuB9lI5, spotify:artist:0QywoHqU6vOuwNwCgapgPf","Mc IG, MC Ryan SP, DJ Glenner, MC PH, DJ Hyago","spotify:album:5ANUMlfnRL0wLnb0WWb6TC","Feliz no Simples 🍀","spotify:artist:2q9wk5fkeU2C9CgCKdh4AN","Mc IG","2025-05-13","https://i.scdn.co/image/ab67616d0000b273d554287ac048b4277ddb6794","1","1","233386","https://p.scdn.co/mp3-preview/62900447417abfcb81c1ac72e9bf057f4cef59df?cid=9950ac751e34487dbbe027c4fd7f8e99","false","67","BRWMB2500340","spotify:user:316ye5nphj2c6qd5zczz6wspr4te","2026-07-31T17:37:40Z"
"spotify:track:2364CtKIeJNVUnZZHKrzIr","Mente Barulhenta","spotify:artist:2q9wk5fkeU2C9CgCKdh4AN, spotify:artist:1mV9h1AwhRXSjBFcYpajgY, spotify:artist:1b8S7EPzdckRyIh0uSbOMI, spotify:artist:3TYTLGZJkc58xamupVrfFl","Mc IG, Mc Lele JP, DJ Oreia, DJ Noiskita","spotify:album:5bfMYcaucm6RfNqZZTFjo9","Quem Tá Vivo, Tá Vivendo","spotify:artist:2q9wk5fkeU2C9CgCKdh4AN","Mc IG","2026-03-26","https://i.scdn.co/image/ab67616d0000b2735cc64d4066cf6ce2ad924cdc","1","5","215433","https://p.scdn.co/mp3-preview/1f64111a2429719b99ca7c95e10d86ffc1878921?cid=9950ac751e34487dbbe027c4fd7f8e99","true","80","BRWMB2600273","spotify:user:316ye5nphj2c6qd5zczz6wspr4te","2026-07-31T17:39:01Z"
"spotify:track:255dJ8lHxdUsNEvbaakTPB","Noite Carioca","spotify:artist:2q9wk5fkeU2C9CgCKdh4AN, spotify:artist:75i9GaW2MJUgt4BkdUnuUY, spotify:artist:0KcbRunfjZHfwEnEgd1Dy6, spotify:artist:4PLdCloYxu2bMKfuuB9lI5, spotify:artist:5s27i7oqhNWIcE4HeoVdq0, spotify:artist:39QiJaZ1HzRcpY9xlMKCsF, spotify:artist:6SsSYKLEsf8EfDbFAi5GET, spotify:artist:6ZgRbTYShay2xD3hae3AMH, spotify:artist:3M8aD9XWxfel3jZakRbibZ, spotify:artist:0JjPiLQNgAFaEkwoy56B1C, spotify:artist:2vWGxqWbGgmgxVDZ5CBvBP, spotify:artist:1164ZeyBQStxd6TFx5WVrz","Mc IG, MC Ryan SP, Murillo e LT no Beat, MC PH, MC GP, TrapLaudo, MC Nego Micha, Borges, MC Maneirinho, L7NNON, Bielzin, Mc Cidinho General","spotify:album:5seVWzVgUasO5YUeaQ7oaL","Bad Boys","spotify:artist:2q9wk5fkeU2C9CgCKdh4AN, spotify:artist:75i9GaW2MJUgt4BkdUnuUY","Mc IG, MC Ryan SP","2024-08-21","https://i.scdn.co/image/ab67616d0000b2730c61bc9667d777823d012971","1","3","810000","https://p.scdn.co/mp3-preview/1adcf7fd1fff40122ceaf3c374dca2a005134e4f?cid=9950ac751e34487dbbe027c4fd7f8e99","false","60","BRWMB2401080","spotify:user:316ye5nphj2c6qd5zczz6wspr4te","2026-07-31T17:40:26Z"
"spotify:track:27ECP9NCzTAoTpxXNePZuS","01 Não É 02","spotify:artist:0gHj4MPwwcZ8Zl9CY0hqT5, spotify:artist:64DTkZLH6KkkMwZEEZ5VWC, spotify:artist:685uhJgfQlrMNuarOzgyea","Mc Paiva ZS, Love Funk, DJ Ak beats","spotify:album:2paL9EMEJaM0YAGGHSLvpl","01 Não É 02","spotify:artist:0gHj4MPwwcZ8Zl9CY0hqT5, spotify:artist:64DTkZLH6KkkMwZEEZ5VWC, spotify:artist:685uhJgfQlrMNuarOzgyea","Mc Paiva ZS, Love Funk, DJ Ak beats","2023-06-21","https://i.scdn.co/image/ab67616d0000b27339c8643f8341320a8f47e19d","1","1","128503","https://p.scdn.co/mp3-preview/ea12b90a0d53fae9e492a3a7b6622ef464e2b26a?cid=9950ac751e34487dbbe027c4fd7f8e99","true","64","BXKG22301205","spotify:user:316ye5nphj2c6qd5zczz6wspr4te","2026-07-31T17:45:06Z"
"spotify:track:4lMlrhkLH1NkEFf3eTtYTU","Calculista 2","spotify:artist:6XFc29m1ptfUNmaa1UTuBT, spotify:artist:0gHj4MPwwcZ8Zl9CY0hqT5, spotify:artist:6aoGgTKGqtsjj48ymcNs4Z, spotify:artist:7eFJ773gGquYX3tKYa6ZUb","MC Joãozinho VT, Mc Paiva ZS, MC Tuto, DJ JR No Beat","spotify:album:04768Q8eKPDFvUWjvxBT2c","A Lua Me Viu Errar","spotify:artist:6XFc29m1ptfUNmaa1UTuBT, spotify:artist:7eFJ773gGquYX3tKYa6ZUb","MC Joãozinho VT, DJ JR No Beat","2025-08-19","https://i.scdn.co/image/ab67616d0000b273b92abe17ca3677ad71774f35","1","5","284425","https://p.scdn.co/mp3-preview/c3712c8a92618616cfbcdf030fcfcf93a4dd6138?cid=9950ac751e34487dbbe027c4fd7f8e99","true","55","BCSOR2501027","spotify:user:316ye5nphj2c6qd5zczz6wspr4te","2026-07-31T17:46:13Z"
"spotify:track:22NHkFYbgxB2Zirj29Gbp8","oh yeah?","spotify:artist:57vWImR43h4CaDao012Ofp","Steve Lacy","spotify:album:289GZwycrFReuNB706obBx","Oh yeah?","spotify:artist:57vWImR43h4CaDao012Ofp","Steve Lacy","2026-07-17","https://i.scdn.co/image/ab67616d0000b2734ea9ba86cd9506a004bab042","1","1","170584","https://p.scdn.co/mp3-preview/72b6457625435b7f64c345e86930e5f0071c559c?cid=9950ac751e34487dbbe027c4fd7f8e99","true","94","USRC12601059","spotify:user:316ye5nphj2c6qd5zczz6wspr4te","2026-08-01T20:24:09Z"
"spotify:track:6rz0dTA0PdhXImFV5EjM0w","Hide (feat. Seezyn)","spotify:artist:4MCBfE4596Uoi2O4DtmEMz, spotify:artist:1jIVEaq8GmqMYb8nFNAZgb","Juice WRLD, Seezyn","spotify:album:35s58BRTGAEWztPo9WqCIs","Spider-Man: Into the Spider-Verse (Soundtrack From & Inspired by the Motion Picture)","spotify:artist:0LyfQWJT6nXafLPZqxe9Of","Vários intérpretes","2018-12-14","https://i.scdn.co/image/ab67616d0000b273e2e352d89826aef6dbd5ff8f","1","7","205800","","false","77","USUG11802778","spotify:user:316ye5nphj2c6qd5zczz6wspr4te","2026-08-01T20:29:55Z"
"spotify:track:6Ec5LeRzkisa5KJtwLfOoW","Am I Dreaming (Metro Boomin & A$AP Rocky, Roisee)","spotify:artist:0iEtIxbK0KxaSlF7G42ZOp, spotify:artist:13ubrt8QOOCPljQ2FL1Kca, spotify:artist:5pCGvSxNNUcddlRrG0wsrY","Metro Boomin, A$AP Rocky, Roisee","spotify:album:1bwbZJ6khPJyVpOaqgKsoZ","METRO BOOMIN PRESENTS SPIDER-MAN: ACROSS THE SPIDER-VERSE (SOUNDTRACK FROM AND INSPIRED BY THE MOTION PICTURE)","spotify:artist:0iEtIxbK0KxaSlF7G42ZOp","Metro Boomin","2023-06-02","https://i.scdn.co/image/ab67616d0000b2736ed9aef791159496b286179f","1","2","256026","","false","81","USUM72308540","spotify:user:316ye5nphj2c6qd5zczz6wspr4te","2026-08-01T20:32:20Z"
"spotify:track:5rurggqwwudn9clMdcchxT","Calling (Spider-Man: Across the Spider-Verse) (Metro Boomin & Swae Lee, NAV, feat. A Boogie Wit da Hoodie)","spotify:artist:0iEtIxbK0KxaSlF7G42ZOp, spotify:artist:1zNqQNIdeOUZHb8zbZRFMX, spotify:artist:7rkW85dBwwrJtlHRDkJDAC, spotify:artist:31W5EY0aAly4Qieq6OFu6I","Metro Boomin, Swae Lee, NAV, A Boogie Wit da Hoodie","spotify:album:1bwbZJ6khPJyVpOaqgKsoZ","METRO BOOMIN PRESENTS SPIDER-MAN: ACROSS THE SPIDER-VERSE (SOUNDTRACK FROM AND INSPIRED BY THE MOTION PICTURE)","spotify:artist:0iEtIxbK0KxaSlF7G42ZOp","Metro Boomin","2023-06-02","https://i.scdn.co/image/ab67616d0000b2736ed9aef791159496b286179f","1","6","219453","","false","74","USUM72308543","spotify:user:316ye5nphj2c6qd5zczz6wspr4te","2026-08-01T20:47:18Z"
"spotify:track:77UjLW8j5UAGAGVGhR5oUK","Pray For Me (with Kendrick Lamar)","spotify:artist:1Xyo4u8uXC1ZmMpatF05PJ, spotify:artist:2YZyLoL8N0Wb9xBt1NhZWg","The Weeknd, Kendrick Lamar","spotify:album:3pLdWdkj83EYfDN6H2N8MR","Black Panther The Album Music From And Inspired By","spotify:artist:2YZyLoL8N0Wb9xBt1NhZWg, spotify:artist:7tYKF4w9nC0nq9CsPZTHyP","Kendrick Lamar, SZA","2018-02-09","https://i.scdn.co/image/ab67616d0000b273c027ad28821777b00dcaa888","1","14","211440","","true","70","USUM71800001","spotify:user:316ye5nphj2c6qd5zczz6wspr4te","2026-08-02T00:36:49Z"
"spotify:track:1eLSF6HfrRA0AsNmTkUlKx","King's Dead (with Kendrick Lamar, Future & James Blake)","spotify:artist:28ExwzUQsvgJooOI0X1mr3, spotify:artist:2YZyLoL8N0Wb9xBt1NhZWg, spotify:artist:1RyvyyTE3xzB2ZywiAwp0i, spotify:artist:53KwLdlmrlCelAZMaLVZqU","Jay Rock, Kendrick Lamar, Future, James Blake","spotify:album:3pLdWdkj83EYfDN6H2N8MR","Black Panther The Album Music From And Inspired By","spotify:artist:2YZyLoL8N0Wb9xBt1NhZWg, spotify:artist:7tYKF4w9nC0nq9CsPZTHyP","Kendrick Lamar, SZA","2018-02-09","https://i.scdn.co/image/ab67616d0000b273c027ad28821777b00dcaa888","1","9","225266","","true","59","USUM71714093","spotify:user:316ye5nphj2c6qd5zczz6wspr4te","2026-08-02T00:37:06Z"
"spotify:track:3Zt7Jjwrf34mSnXq24NmZV","Calculista 3","spotify:artist:6XFc29m1ptfUNmaa1UTuBT, spotify:artist:7eFJ773gGquYX3tKYa6ZUb","MC Joãozinho VT, DJ JR No Beat","spotify:album:2rhzt1elZUeL6vfV2Jg9Qd","Calculista 3","spotify:artist:6XFc29m1ptfUNmaa1UTuBT, spotify:artist:7eFJ773gGquYX3tKYa6ZUb","MC Joãozinho VT, DJ JR No Beat","2025-12-05","https://i.scdn.co/image/ab67616d0000b273353fd6b28e5cc81fc3203e9e","1","1","204843","https://p.scdn.co/mp3-preview/3c19a28f9b0a61eac481f72f15a80ef30f39241e?cid=9950ac751e34487dbbe027c4fd7f8e99","false","60","BCSOR2501265","spotify:user:316ye5nphj2c6qd5zczz6wspr4te","2026-08-02T00:42:35Z"
"spotify:track:5FkoSXiJPKTNyYgALRJFhD","ORANGE SODA","spotify:artist:5SXuuuRpukkTvsLuUknva1","Baby Keem","spotify:album:7Cw4LObzgnVqSlkuIyywtI","DIE FOR MY BITCH","spotify:artist:5SXuuuRpukkTvsLuUknva1","Baby Keem","2019-07-19","https://i.scdn.co/image/ab67616d0000b273683757f1fd40a7f7ef64bec1","1","12","129882","https://p.scdn.co/mp3-preview/16036f2f4b872f58b00af7696e802883c79ae84e?cid=9950ac751e34487dbbe027c4fd7f8e99","true","80","QM6N21900076","spotify:user:316ye5nphj2c6qd5zczz6wspr4te","2026-08-02T00:45:19Z"
"spotify:track:6vHa5xCUuoZikmu0cWPnIj","Melhor Dia 11: Ilusão com Autoestima","spotify:artist:65gA1Fzv5EBpFqOezGLupY, spotify:artist:68YeXpLt3jB7JHQS5ZjMGo, spotify:artist:5WFFFHVqeVk5tLuYh2KjQy, spotify:artist:75i9GaW2MJUgt4BkdUnuUY, spotify:artist:6YzSM19LzpLH0nVKKU6Jsy, spotify:artist:4YqwRbMLqGHRHLS1w2ZKse, spotify:artist:1cYhx7ZOhYoVmnDPb9KMwo, spotify:artist:26L8m5uIaOJCe0RgMMX3RP","Marcos Baroni, Teto, Luccas Carlos, MC Ryan SP, Mc Daniel, Veigh, Mc Davi, Real Bege","spotify:album:6lb3vS0CnersbHGvdTIpXM","Melhor Dia 11: Ilusão com Autoestima","spotify:artist:65gA1Fzv5EBpFqOezGLupY, spotify:artist:68YeXpLt3jB7JHQS5ZjMGo, spotify:artist:5WFFFHVqeVk5tLuYh2KjQy","Marcos Baroni, Teto, Luccas Carlos","2023-05-03","https://i.scdn.co/image/ab67616d0000b273151a9c0292d3526dd70f29f5","1","1","394883","https://p.scdn.co/mp3-preview/3332afaf5c9ad0eceef11ec5ffd8abb9d65bc2c2?cid=9950ac751e34487dbbe027c4fd7f8e99","true","48","BXW6U2300002","spotify:user:316ye5nphj2c6qd5zczz6wspr4te","2026-08-02T00:57:18Z"
"spotify:track:1xP8x5cee3M2DOZDoKnhwV","Cheguei No Anonimato","spotify:artist:5pBMkZNIlbGTH3hrsQJqAa, spotify:artist:2q9wk5fkeU2C9CgCKdh4AN, spotify:artist:4PLdCloYxu2bMKfuuB9lI5","Mc Kevin, Mc IG, MC PH","spotify:album:7KKrmQpULf5zczHWrx60vZ","Cheguei No Anonimato","spotify:artist:5pBMkZNIlbGTH3hrsQJqAa, spotify:artist:2q9wk5fkeU2C9CgCKdh4AN, spotify:artist:4PLdCloYxu2bMKfuuB9lI5","Mc Kevin, Mc IG, MC PH","2019-06-06","https://i.scdn.co/image/ab67616d0000b273da4cb219bc1efdd5239480af","1","1","168000","https://p.scdn.co/mp3-preview/6b643814471e229839749649436b327348d1dc54?cid=9950ac751e34487dbbe027c4fd7f8e99","true","67","BXG6R1900499","spotify:user:316ye5nphj2c6qd5zczz6wspr4te","2026-08-04T14:27:30Z"
"spotify:track:7t1RoJiMrSZEkUjFmMP10x","Jontex (fumaça do ice)","spotify:artist:5rAM4fmlKnxhoAOy04AROC, spotify:artist:4PW52baZsb4808PBbSn2a7","Mc Menor Rf, DJ GUIZIN DA SERRA","spotify:album:6zIyY5NUxkrwVffDoCTLFc","Jontex (fumaça do ice)","spotify:artist:5rAM4fmlKnxhoAOy04AROC, spotify:artist:4PW52baZsb4808PBbSn2a7","Mc Menor Rf, DJ GUIZIN DA SERRA","2026-05-15","https://i.scdn.co/image/ab67616d0000b27385bc52c1959411634106f223","1","1","164769","https://p.scdn.co/mp3-preview/a8f9620bf7a7158e27b77523c7abc8186744b5d3?cid=9950ac751e34487dbbe027c4fd7f8e99","true","78","NL2J92613575","spotify:user:316ye5nphj2c6qd5zczz6wspr4te","2026-08-04T14:52:50Z"
"spotify:track:2UfS83MoaYQEEJgHa8wLMF","RESIDÊNCIA DOS PLUG","spotify:artist:4TSFZGHCPHtEUGZuFNoxxg, spotify:artist:6qMwAyXR07gR3zBOmgrvrb","Junkye, Mc Felipe Boladão","spotify:album:7FRK4twoZIOusnQCKNberg","RESIDÊNCIA DOS PLUG","spotify:artist:4TSFZGHCPHtEUGZuFNoxxg, spotify:artist:6qMwAyXR07gR3zBOmgrvrb","Junkye, Mc Felipe Boladão","2021-11-12","https://i.scdn.co/image/ab67616d0000b2730957d94d2544de993813c1dc","1","1","164365","https://p.scdn.co/mp3-preview/dcb3e1f8ec82dab3fc4ec15937bf88268298c26b?cid=9950ac751e34487dbbe027c4fd7f8e99","true","61","BXIV82136717","spotify:user:316ye5nphj2c6qd5zczz6wspr4te","2026-08-04T17:02:40Z"
"spotify:track:4K8jKvRCwZcn6FXRJd9T3C","pros menor da nova","spotify:artist:4yFJeWVY6IZLc5KcYCvtBE, spotify:artist:4YqwRbMLqGHRHLS1w2ZKse, spotify:artist:28QnIZpWxKcxuSk4iRLUgX, spotify:artist:3prRKGJz16RRMRSIM97nHw","G.A, Veigh, Mc Morena, Supernova Ent","spotify:album:3Bsrl1qsrf2qz5X4h7MPpm","FUNK DE CANALHA","spotify:artist:4yFJeWVY6IZLc5KcYCvtBE, spotify:artist:3prRKGJz16RRMRSIM97nHw","G.A, Supernova Ent","2026-05-22","https://i.scdn.co/image/ab67616d0000b273da9e57a2272473508bf4bd4c","1","4","196535","https://p.scdn.co/mp3-preview/2324c572762edb8e9bf322b4f87797b87cbb962e?cid=9950ac751e34487dbbe027c4fd7f8e99","true","77","BKSUV2600042","spotify:user:316ye5nphj2c6qd5zczz6wspr4te","2026-08-05T23:54:56Z"
"spotify:track:2gbEvM5IwVIwJFpTVPUXV5","Cuida do Pet","spotify:artist:6sW5k31iA8sTy0i2goUKF9, spotify:artist:3oAVbOfRvgOoCAEKnpohSo, spotify:artist:5eJi7nckPalxu8R7AAyfuO, spotify:artist:48yaM25WLHmQZXx5NN3DYH, spotify:artist:4LHTgACY32k94VDjenF0nP, spotify:artist:4bJqqUCbQmRxziUoxUz5mS, spotify:artist:1IVneWn4g15GupVFKwNdGJ","Oldilla, Mc Iguinho Ct, MC Willian, Aaron Modesto, Mc Negão Original, DU'L, Dj Aladin GDB","spotify:album:3NzIzRMF8NaWNqTHmS7R3a","Cuida do Pet","spotify:artist:6sW5k31iA8sTy0i2goUKF9, spotify:artist:3oAVbOfRvgOoCAEKnpohSo, spotify:artist:5eJi7nckPalxu8R7AAyfuO, spotify:artist:48yaM25WLHmQZXx5NN3DYH","Oldilla, Mc Iguinho Ct, MC Willian, Aaron Modesto","2026-05-29","https://i.scdn.co/image/ab67616d0000b273abee4fe3c7900628e21a07d5","1","1","459212","https://p.scdn.co/mp3-preview/d88bff5e1768b54ee953038c6427600627f355b7?cid=9950ac751e34487dbbe027c4fd7f8e99","true","88","BK44R2600030","spotify:user:316ye5nphj2c6qd5zczz6wspr4te","2026-08-08T00:47:56Z"
"spotify:track:2bIrFpyw3AA2t7gNIkfmGb","Gimme That Remix (feat. Lil' Wayne)","spotify:artist:7bXgB6jMjp9ATFy66eO08Z, spotify:artist:55Aa2cqylxrFIXC767Z865","Chris Brown, Lil Wayne","spotify:album:49gaz5rhWWgqCw61M9700v","Chris Brown (Expanded Edition)","spotify:artist:7bXgB6jMjp9ATFy66eO08Z","Chris Brown","2005","https://i.scdn.co/image/ab67616d0000b273f9685817281327d5fecb244e","1","18","237360","https://p.scdn.co/mp3-preview/ae5d617dbe6fb1efcfafd58652a53d346ecf488a?cid=9950ac751e34487dbbe027c4fd7f8e99","false","67","USJI10600086","spotify:user:316ye5nphj2c6qd5zczz6wspr4te","2026-08-11T02:04:24Z"
"spotify:track:7Bl0BMBcbMjWPZdZEkW8oR","De Peça Em Peça","spotify:artist:5nP8x4uEFjAAmDzwOEc9b8, spotify:artist:7Ceg1mJmu4lAzuhQU9hQFJ, spotify:artist:0obu7Om4zu9ahul5DI4JtY","Matuê, Knust, Chris MC","spotify:album:4oXmJdV3bk3uVTSE24kOzQ","De Peça Em Peça","spotify:artist:5nP8x4uEFjAAmDzwOEc9b8, spotify:artist:7Ceg1mJmu4lAzuhQU9hQFJ, spotify:artist:0obu7Om4zu9ahul5DI4JtY","Matuê, Knust, Chris MC","2018-02-01","https://i.scdn.co/image/ab67616d0000b2737e69e952acc1e881f50bd2e5","1","1","238854","https://p.scdn.co/mp3-preview/19393efb41626e8a7e84ef9fff9d2fe51305b7cc?cid=9950ac751e34487dbbe027c4fd7f8e99","false","67","BX2M81800010","spotify:user:316ye5nphj2c6qd5zczz6wspr4te","2026-08-12T21:31:10Z"
"spotify:track:301UKq8uNAv7Zj7MQkQWyd","Terminei Com A Ex","spotify:artist:1mvpEXClANunyiHFtAXCxt, spotify:artist:6mKwmTMzDrye9elc8JWiw3, spotify:artist:4Kv35Xnw1ODjO2nIHLhdBY","MC Rick, Mc Leozin, Dj Caio Vieira","spotify:album:2eKGskEpGoKMBahXHpM8ZR","RICKNELSO","spotify:artist:1mvpEXClANunyiHFtAXCxt","MC Rick","2023-11-03","https://i.scdn.co/image/ab67616d0000b273da95150ef2c8d795152f7ae4","1","6","151384","https://p.scdn.co/mp3-preview/fba78f195653e95d185f98a20b27e83aca99a3db?cid=9950ac751e34487dbbe027c4fd7f8e99","true","57","BXG6R2300921","spotify:user:316ye5nphj2c6qd5zczz6wspr4te","2026-08-13T01:06:16Z"
"spotify:track:3uLf4claXiAxMOy1w2cgvW","só penso em tu garota","spotify:artist:4yFJeWVY6IZLc5KcYCvtBE, spotify:artist:4YqwRbMLqGHRHLS1w2ZKse, spotify:artist:1CbQrKvCpEnekM3QMGJtXK, spotify:artist:3prRKGJz16RRMRSIM97nHw","G.A, Veigh, MC Meno K, Supernova Ent","spotify:album:3TOJ3mtbafW8BOYLz8iklc","FUNK DE CANALHA II","spotify:artist:4yFJeWVY6IZLc5KcYCvtBE, spotify:artist:3prRKGJz16RRMRSIM97nHw","G.A, Supernova Ent","2026-08-14","https://i.scdn.co/image/ab67616d0000b27380d839af739c13a7e1db3802","1","2","221538","https://p.scdn.co/mp3-preview/ca4d212c884c9cae794851ed63bbaa2c9ade5a11?cid=9950ac751e34487dbbe027c4fd7f8e99","true","65","BKSUV2600116","spotify:user:316ye5nphj2c6qd5zczz6wspr4te","2026-08-14T20:50:05Z"
"spotify:track:0pmk1GXXva2fYczbaz9OFn","Lei do Retorno","spotify:artist:0pcoadNMmvrUyab1RxWBoV, spotify:artist:7Lmrb6KcIzfkmgbtokjsAL","MC Hariel, Mc Don Juan","spotify:album:7D5pHt6JA7z3yD8R0KLOiX","Lei do Retorno","spotify:artist:0pcoadNMmvrUyab1RxWBoV, spotify:artist:7Lmrb6KcIzfkmgbtokjsAL","MC Hariel, Mc Don Juan","2017-06-09","https://i.scdn.co/image/ab67616d0000b2732b4a5ba1bf88eb09eafd0b24","1","1","257278","https://p.scdn.co/mp3-preview/3238e686f3cd565393f87013711d9e7e22f4557e?cid=9950ac751e34487dbbe027c4fd7f8e99","true","64","BXG6R1700469","spotify:user:316ye5nphj2c6qd5zczz6wspr4te","2026-08-15T01:17:53Z"
"spotify:track:4k6Uh1HXdhtusDW5y8Gbvy","Bad Habit","spotify:artist:57vWImR43h4CaDao012Ofp","Steve Lacy","spotify:album:3Ks0eeH0GWpY4AU20D5HPD","Gemini Rights","spotify:artist:57vWImR43h4CaDao012Ofp","Steve Lacy","2022-07-15","https://i.scdn.co/image/ab67616d0000b2736938311000a0e494a26986e5","1","5","232114","https://p.scdn.co/mp3-preview/e15c6b92d1d658fdd34bc7e157cbeeb80f9c9315?cid=9950ac751e34487dbbe027c4fd7f8e99","true","89","USRC12201440","spotify:user:316ye5nphj2c6qd5zczz6wspr4te","2026-08-16T02:21:19Z"
"spotify:track:1VrurP5jOjRM7dRNUFLXly","Tu Ja Sabe o Que Eu Faço Lá No Meu Barraco","spotify:artist:1qONk3alruGzsRf4ccD1hR, spotify:artist:1szIIFdhWodOHfQUDn39ib, spotify:artist:3AxhmSZxKQruKNmeLqsfQs","MC Nego da Marcone, Selminho DJ, DJ Denilson o clínico","spotify:album:5axdbZZchjpwgtaF5INBum","Tu Ja Sabe o Que Eu Faço Lá No Meu Barraco","spotify:artist:1qONk3alruGzsRf4ccD1hR, spotify:artist:1szIIFdhWodOHfQUDn39ib, spotify:artist:3AxhmSZxKQruKNmeLqsfQs","MC Nego da Marcone, Selminho DJ, DJ Denilson o clínico","2018-09-28","https://i.scdn.co/image/ab67616d0000b27350880c1f0c2264a0ab33b328","1","1","173400","https://p.scdn.co/mp3-preview/c7aacae7c05d4a25604af592fb31d00c779cd371?cid=9950ac751e34487dbbe027c4fd7f8e99","true","63","BXG6R1800726","spotify:user:316ye5nphj2c6qd5zczz6wspr4te","2026-08-16T22:08:43Z"
"spotify:track:63SHcJzckFykS8faA5zojY","Vem Me Satisfazer","spotify:artist:09EYYUcfEDOvj3D5f45L99, spotify:artist:6ac253D3NynjiNAjkkR2TJ","MC Ingryd, DJ Henrique da VK","spotify:album:04frJOjcTaZjBc80SmMhHN","Vem Me Satisfazer","spotify:artist:09EYYUcfEDOvj3D5f45L99","MC Ingryd","2019-08-20","https://i.scdn.co/image/ab67616d0000b273a2f03baa21791237c1fd42c0","1","1","188388","https://p.scdn.co/mp3-preview/8c1b100abdc95698db83455178769fc898288958?cid=9950ac751e34487dbbe027c4fd7f8e99","false","66","QZHZ31910546","spotify:user:316ye5nphj2c6qd5zczz6wspr4te","2026-08-16T22:09:33Z"
"spotify:track:26WpOBpHiIMoBuMEIwtOCH","Quando a vontade bater (Participação especial de PK Delas)","spotify:artist:5xYkM2vMrE23taj6tl7qkm, spotify:artist:6gqBZ0kAjgVLsZQKkHcaB3","Pk, PK Delas","spotify:album:4xZooRPlL4QKyM0twraCtp","Quando a vontade bater (Participação especial de PK Delas)","spotify:artist:5xYkM2vMrE23taj6tl7qkm","Pk","2019-03-04","https://i.scdn.co/image/ab67616d0000b2733a209aacf2b60ae1053b22e6","1","1","166400","https://p.scdn.co/mp3-preview/eccf416397efd9c4f3a910b45aec4a8091f3c3c5?cid=9950ac751e34487dbbe027c4fd7f8e99","true","72","BRWMB1900441","spotify:user:316ye5nphj2c6qd5zczz6wspr4te","2026-08-16T22:10:32Z"
"spotify:track:60PAzFNW3vAiAiVK6DRJfB","Day 'N' Nite (Nightmare)","spotify:artist:0fA0VVWsXO9YnASrzqfmYu","Kid Cudi","spotify:album:6oPPKtAwNNlkW4wwHfQDfM","Man On The Moon: The End Of Day (Int'l Version)","spotify:artist:0fA0VVWsXO9YnASrzqfmYu","Kid Cudi","2009-01-01","https://i.scdn.co/image/ab67616d0000b273713f297a7bdc1d48971062b2","1","7","221240","","false","76","USUM70957500","spotify:user:316ye5nphj2c6qd5zczz6wspr4te","2026-08-17T02:13:07Z"
"spotify:track:6HQG4Qek65p5TwbMalqN1M","Lista De Contato","spotify:artist:5Ynf8bbQV9ICbK3vZoPxGF, spotify:artist:1ZzJx2AgPmbnOE6OXhnn5K, spotify:artist:1mohmQWtxDNZcBGkfxG4eW","Dudu, Ryu\, The Runner, Ecologyk","spotify:album:03uQr7q1MyOiW7qOQ1atNG","Lista De Contato","spotify:artist:5Ynf8bbQV9ICbK3vZoPxGF, spotify:artist:1ZzJx2AgPmbnOE6OXhnn5K","Dudu, Ryu\, The Runner","2023-09-29","https://i.scdn.co/image/ab67616d0000b273262f212e6c487c8348c85f00","1","1","122826","https://p.scdn.co/mp3-preview/0845c838a698976634df5fe933f0f9534dc1cb14?cid=9950ac751e34487dbbe027c4fd7f8e99","false","51","BRRGE2300713","spotify:user:316ye5nphj2c6qd5zczz6wspr4te","2026-08-17T02:47:02Z"
"spotify:track:3kW4z2pIj5VY5fLjBrMRL5","P2","spotify:artist:4O15NlyKLIASxsJ0PrXPfz","Lil Uzi Vert","spotify:album:7IyoGB8J31fvQDwGtHAq9m","Eternal Atake","spotify:artist:4O15NlyKLIASxsJ0PrXPfz","Lil Uzi Vert","2020-03-06","https://i.scdn.co/image/ab67616d0000b2735267529d83ab73cf102fcbbd","1","16","234626","https://p.scdn.co/mp3-preview/3ed472c1cd8d4ab2dcaaecf496c04b4f661a9b03?cid=9950ac751e34487dbbe027c4fd7f8e99","true","67","USAT22001369","spotify:user:316ye5nphj2c6qd5zczz6wspr4te","2026-08-17T21:20:03Z"
"spotify:track:2g6tReTlM2Akp41g0HaeXN","Die Hard","spotify:artist:2YZyLoL8N0Wb9xBt1NhZWg, spotify:artist:4qXC0i02bSFstECuXP2ZpL, spotify:artist:1PpDfXOUG7gxUjR1quWnwp","Kendrick Lamar, Blxst, Amanda Reifer","spotify:album:79ONNoS4M9tfIA1mYLBYVX","Mr. Morale & The Big Steppers","spotify:artist:2YZyLoL8N0Wb9xBt1NhZWg","Kendrick Lamar","2022-05-13","https://i.scdn.co/image/ab67616d0000b2732e02117d76426a08ac7c174f","1","4","239026","","true","75","USUM72208965","spotify:user:316ye5nphj2c6qd5zczz6wspr4te","2026-08-18T17:20:42Z"
"spotify:track:6oYS9MTTdswq06sfirnuzO","Mais amor menos recalque","spotify:artist:4icSP0yZzpmBZLO6Z8OQGZ, spotify:artist:0aCvgMfX2Exn3q6NLuhonI","Mc Daleste, Dj Wilton","spotify:album:1FwuO7nH2M0wDr1xjjSqKW","As Melhores","spotify:artist:4icSP0yZzpmBZLO6Z8OQGZ","Mc Daleste","2020","https://i.scdn.co/image/ab67616d0000b273c23152270082bd71164c579c","1","8","287334","https://p.scdn.co/mp3-preview/55df8d37d0cbe45000047fd41a7ca817caa2a7e3?cid=9950ac751e34487dbbe027c4fd7f8e99","false","58","BRXM91300151","spotify:user:316ye5nphj2c6qd5zczz6wspr4te","2026-08-19T03:48:55Z"
"spotify:track:37J7T56pGfgnQQMlAqdrGt","Sem Sentimento","spotify:artist:27azwwkxutWL1BWMkgNIh0, spotify:artist:4bJqqUCbQmRxziUoxUz5mS, spotify:artist:5s27i7oqhNWIcE4HeoVdq0, spotify:artist:23ot0eI6ByBW6LrlBfr2bm, spotify:artist:7I4OIWw3Zm4lUmt2QHnz30, spotify:artist:0WvTL8PecsD3VxRGuHdSxj","Vulgo FK, DU'L, MC GP, Pedro Lotto, Toledo, Galdino","spotify:album:6cKl9wlnEI5KTwdBtW3FwG","Sem Sentimento","spotify:artist:27azwwkxutWL1BWMkgNIh0, spotify:artist:4bJqqUCbQmRxziUoxUz5mS, spotify:artist:5s27i7oqhNWIcE4HeoVdq0","Vulgo FK, DU'L, MC GP","2025-04-03","https://i.scdn.co/image/ab67616d0000b27331c37d80e7b2f15b3dc3d814","1","1","132244","https://p.scdn.co/mp3-preview/8aee629fcb10bf739e0d3010a0e8ac176efe9fde?cid=9950ac751e34487dbbe027c4fd7f8e99","true","58","BRRGE2500206","spotify:user:316ye5nphj2c6qd5zczz6wspr4te","2026-08-19T09:58:54Z"
"spotify:track:1e1JKLEDKP7hEQzJfNAgPl","Magnolia","spotify:artist:699OTQXzgjhIYAHMy9RyPD","Playboi Carti","spotify:album:4rJgzzfFHAVFhCSt2P4I3j","Playboi Carti","spotify:artist:699OTQXzgjhIYAHMy9RyPD","Playboi Carti","2017-04-14","https://i.scdn.co/image/ab67616d0000b273e31a279d267f3b3d8912e6f1","1","2","181812","","true","80","USUM71703095","spotify:user:316ye5nphj2c6qd5zczz6wspr4te","2026-08-19T17:18:47Z"
"spotify:track:7gDCVXV3vJKWsP93QnbbhJ","Al Capone","spotify:artist:0OLpdla9YvZOtlPnQkXScl, spotify:artist:4BZ0ACrHCLropCpHJypPvV, spotify:artist:71LRKKvAjoc6LyNmob269Q","Jovem Dex, Hash Produções, Portugal No Beat","spotify:album:38ajwmNRiAeMe4sUNWkWBh","Al Capone","spotify:artist:0OLpdla9YvZOtlPnQkXScl, spotify:artist:4BZ0ACrHCLropCpHJypPvV, spotify:artist:71LRKKvAjoc6LyNmob269Q","Jovem Dex, Hash Produções, Portugal No Beat","2018-11-21","https://i.scdn.co/image/ab67616d0000b2738a7ad0781ed791efa41c85b7","1","1","173552","https://p.scdn.co/mp3-preview/23ff193ff7f6483f31066bafeea97fa58d8a9305?cid=9950ac751e34487dbbe027c4fd7f8e99","false","29","BXXCT2000012","spotify:user:316ye5nphj2c6qd5zczz6wspr4te","2026-08-20T19:56:52Z"
"spotify:track:5MXxiHxK52i7QvnzAVrH1R","Fortaleza Town","spotify:artist:6V7KvqGk9aKqiPLiqjCLGV","Erdin","spotify:album:0qBzWQAOQu4HBb22hHICNf","Fortaleza Town","spotify:artist:6V7KvqGk9aKqiPLiqjCLGV","Erdin","2025-10-31","https://i.scdn.co/image/ab67616d0000b27375641251bd52b6af859a007b","1","1","201800","","true","46","ESA122553410","spotify:user:316ye5nphj2c6qd5zczz6wspr4te","2026-08-20T20:03:58Z"
"spotify:track:1LbGQIbIK5fybh2AfGz0hw","Lama no Copo","spotify:artist:5nP8x4uEFjAAmDzwOEc9b8","Matuê","spotify:album:710BKEnyqeANikZN48Ge8q","Lama no Copo","spotify:artist:5nP8x4uEFjAAmDzwOEc9b8","Matuê","2017-06-26","https://i.scdn.co/image/ab67616d0000b2736dd9b4c9e776418618a09d8a","1","1","253433","https://p.scdn.co/mp3-preview/0771bcb67dcd8a925785bf555fc4399eebb2e782?cid=9950ac751e34487dbbe027c4fd7f8e99","false","1","US7VG1789586","spotify:user:316ye5nphj2c6qd5zczz6wspr4te","2026-08-20T20:05:32Z"
"spotify:track:5jaqPYoLJjfJT92vQ7WXha","Tantos Planos","spotify:artist:6ixe2JpfacOq9BvkwQ9rXM, spotify:artist:5plOn7vFrwAlvqDfDCtM1M, spotify:artist:7Bcxsb61NAnVziEUPVvbIw","Brocasito, JayPluggz, Stuani","spotify:album:0KjiAyaNuS7rHFK72Q8yrq","Rest In Peace","spotify:artist:6ixe2JpfacOq9BvkwQ9rXM","Brocasito","2021-11-05","https://i.scdn.co/image/ab67616d0000b273cc9258770d04ea40b2a67012","1","1","146774","https://p.scdn.co/mp3-preview/4a47201cb081fbf8a44ede0ca14062bbfe186f05?cid=9950ac751e34487dbbe027c4fd7f8e99","true","64","QZNJY2114861","spotify:user:316ye5nphj2c6qd5zczz6wspr4te","2026-08-20T20:11:03Z"
"spotify:track:5pa5vziofJ0YsDTbKY49ow","JIGSAW","spotify:artist:7g4bHpDdeUyNES1eX8BQ3g, spotify:artist:7tojcuXcZ7eBlQjbAc65Ee, spotify:artist:2d7vU3M4WY23wRN1nAqEwp","FAB GODAMN, MC Caverinha, C4rlinhxs","spotify:album:6mVG3MQDjFsJwSsZDxfXfm","FATALFATALFATAL","spotify:artist:7g4bHpDdeUyNES1eX8BQ3g","FAB GODAMN","2026-01-30","https://i.scdn.co/image/ab67616d0000b273b48f2673ada467be74fd9ad7","1","3","93658","https://p.scdn.co/mp3-preview/24045933804188bbe928ecf3e7b98a7b2c401f07?cid=9950ac751e34487dbbe027c4fd7f8e99","true","37","QZ5FN2609476","spotify:user:316ye5nphj2c6qd5zczz6wspr4te","2026-08-20T20:21:38Z"
"spotify:track:7hgKeJgEQyjl6JcpudzvzU","Cacos De Vidro (sample: Esperar pra Ver)","spotify:artist:1YOVBTvznjiDvtAj4ExHeo, spotify:artist:1rsA71w7RvNFRojjnFzHcG, spotify:artist:6cnJ8gP9R3JEh5mCCvOwz3","BK, Kolo, Evinha","spotify:album:1OQpOh2CpuG85LuJzomUC3","Diamantes, Lágrimas e Rostos para Esquecer","spotify:artist:1YOVBTvznjiDvtAj4ExHeo","BK","2025-01-28","https://i.scdn.co/image/ab67616d0000b273327481999129daa293cd68b9","1","14","149373","https://p.scdn.co/mp3-preview/cda535db6470b07766a9a43492a7f2fe8eb87763?cid=9950ac751e34487dbbe027c4fd7f8e99","false","75","BXA5K2500015","spotify:user:316ye5nphj2c6qd5zczz6wspr4te","2026-08-20T21:27:13Z"
"spotify:track:1F5Qp0SJS0QUfqIoQggrLz","The Largest","spotify:artist:6qxpnaukVayrQn6ViNvu9I","BigXthaPlug","spotify:album:1pJj4lszz7C87NmizpZ144","The Largest","spotify:artist:6qxpnaukVayrQn6ViNvu9I","BigXthaPlug","2024-08-09","https://i.scdn.co/image/ab67616d0000b27343fdb33d0ec7446058ca1bde","1","1","132266","https://p.scdn.co/mp3-preview/8d3dcc7bc69072f22439d2c4faa6d58b037e6399?cid=9950ac751e34487dbbe027c4fd7f8e99","true","71","QZNMU2421699","spotify:user:316ye5nphj2c6qd5zczz6wspr4te","2026-08-20T21:54:12Z"
"spotify:track:5ooFbBHL6xleehCpWACc9M","Menos Foco Mais Ansiedade (Ce Ta Nervosa)","spotify:artist:6Y7e2jet1yvaymbzwOn4Fa, spotify:artist:6qrqAYlS6lUj2BVXax7SZW, spotify:artist:75i9GaW2MJUgt4BkdUnuUY, spotify:artist:1wMfs3UxnvluH33Wfgieuc, spotify:artist:1mV9h1AwhRXSjBFcYpajgY, spotify:artist:70jpkgy5oGT4YjaGFpCpk7","dj andreoli, Mc Jacaré, MC Ryan SP, ZANOLINI, Mc Lele JP, MC LUUKY","spotify:album:0w8Phtwh4NyFUApTSAQQDL","Menos Foco Mais Ansiedade (Ce Ta Nervosa)","spotify:artist:0LyfQWJT6nXafLPZqxe9Of","Vários intérpretes","2026-05-28","https://i.scdn.co/image/ab67616d0000b273b62a952841dd3828c821eddc","1","1","234461","https://p.scdn.co/mp3-preview/e711c0cb88d83f21bb04ef525b25347581ce4bd4?cid=9950ac751e34487dbbe027c4fd7f8e99","true","84","BKWDJ2600048","spotify:user:316ye5nphj2c6qd5zczz6wspr4te","2026-08-21T18:13:16Z"
"spotify:track:7JGpwS3i7HAUJnzV1q9WLX","Set do DJ Pedro 2.0","spotify:artist:4885EF8HYSK3OyCRe7yZIp, spotify:artist:5pBMkZNIlbGTH3hrsQJqAa, spotify:artist:75i9GaW2MJUgt4BkdUnuUY, spotify:artist:4maKTxhTIDEnWKra7wEIMR, spotify:artist:7Lmrb6KcIzfkmgbtokjsAL, spotify:artist:6sp12XzqjowOJNO1jkbXMR","MC Rodolfinho, Mc Kevin, MC Ryan SP, MC Menor da VG, Mc Don Juan, DJ Pedro","spotify:album:5FHeIVN4R4wbzszT8CDw5o","Set do DJ Pedro 2.0","spotify:artist:0LyfQWJT6nXafLPZqxe9Of","Vários intérpretes","2020-03-15","https://i.scdn.co/image/ab67616d0000b273f8748d477512274b55a6fb42","1","1","247741","https://p.scdn.co/mp3-preview/00aa194d1ee3cdba3d9fdb6c66701618a3574bdb?cid=9950ac751e34487dbbe027c4fd7f8e99","true","64","BXG6R2000355","spotify:user:316ye5nphj2c6qd5zczz6wspr4te","2026-08-21T18:23:42Z"
"spotify:track:4KX0RbKTvLxlFjHZBSMNWL","Torra a Paciência","spotify:artist:4LHTgACY32k94VDjenF0nP, spotify:artist:70jpkgy5oGT4YjaGFpCpk7, spotify:artist:75i9GaW2MJUgt4BkdUnuUY, spotify:artist:1bpnl8qbR9GxmiNlkEufW6, spotify:artist:7uVgmtaje8DlNep6BGuVgX","Mc Negão Original, MC LUUKY, MC Ryan SP, DJ Japa NK, DJ WILL TN","spotify:album:1nuq9LSfKdhGfbuAUOqmEB","Cadê o Negão?","spotify:artist:4LHTgACY32k94VDjenF0nP","Mc Negão Original","2026-05-07","https://i.scdn.co/image/ab67616d0000b273f2602c880076c8c07c475d06","1","16","170138","https://p.scdn.co/mp3-preview/06e0f9af43921fd5a3d4b0e57362f3dbf5b0c004?cid=9950ac751e34487dbbe027c4fd7f8e99","true","69","BRWMB2600543","spotify:user:316ye5nphj2c6qd5zczz6wspr4te","2026-08-21T18:48:41Z"
"spotify:track:3Uq45ipGutypFPmETfaoaH","Gaiola É o Troco","spotify:artist:6v4PBIzRAGaLp43LVureQc, spotify:artist:3tkq9ZnBaejLPLRpg8kGET","MC Du Black, DJ 2F","spotify:album:015kXzs5wCoiKyNQBPy19d","Gaiola É o Troco","spotify:artist:6v4PBIzRAGaLp43LVureQc, spotify:artist:3tkq9ZnBaejLPLRpg8kGET","MC Du Black, DJ 2F","2019-06-07","https://i.scdn.co/image/ab67616d0000b273e914fb068735b47e8f2491dd","1","1","187245","https://p.scdn.co/mp3-preview/90feaad933d2dbe690e11f29f22706bcf2509cd4?cid=9950ac751e34487dbbe027c4fd7f8e99","true","73","BX0SO1900185","spotify:user:316ye5nphj2c6qd5zczz6wspr4te","2026-08-21T18:59:18Z"
"spotify:track:5STdMlrBf6pqWiNE7WqxSi","Many Men (Wish Death)","spotify:artist:3q7HBObVc0L8jNeTe5Gofh","50 Cent","spotify:album:5G5rgQHzdQnw32SI0WjIo5","Get Rich Or Die Tryin'","spotify:artist:3q7HBObVc0L8jNeTe5Gofh","50 Cent","2003-02-06","https://i.scdn.co/image/ab67616d0000b273d843fabb75fef14010e30cae","1","4","256240","","true","82","USIR10300018","spotify:user:316ye5nphj2c6qd5zczz6wspr4te","2026-08-21T21:25:49Z"
"spotify:track:7JJmb5XwzOO8jgpou264Ml","There's Nothing Holdin' Me Back","spotify:artist:7n2wHs1TKAczGzO7Dd2rGr","Shawn Mendes","spotify:album:3wBabo4pmzsYjALMSKY7Iq","Illuminate (Deluxe)","spotify:artist:7n2wHs1TKAczGzO7Dd2rGr","Shawn Mendes","2017-04-20","https://i.scdn.co/image/ab67616d0000b273ea3ef7697cfd5705b8f47521","1","1","199440","","false","92","USUM71702833","spotify:user:316ye5nphj2c6qd5zczz6wspr4te","2026-08-21T22:26:10Z"
"spotify:track:0PvFJmanyNQMseIFrU708S","For The Night (feat. Lil Baby & DaBaby)","spotify:artist:0eDvMgVFoNV3TpwtrVCoTj, spotify:artist:5f7VJjfbwm532GiveGC0ZK, spotify:artist:4r63FhuTkUYltbVAg5TQnk","Pop Smoke, Lil Baby, DaBaby","spotify:album:7e7t0MCrNDcJZsPwUKjmOc","Shoot For The Stars Aim For The Moon","spotify:artist:0eDvMgVFoNV3TpwtrVCoTj","Pop Smoke","2020-07-03","https://i.scdn.co/image/ab67616d0000b27377ada0863603903f57b34369","1","3","190476","https://p.scdn.co/mp3-preview/d3e14f416ca46c17df0fc58bf8f7a69d16a7de49?cid=9950ac751e34487dbbe027c4fd7f8e99","true","13","USUM72013355","spotify:user:316ye5nphj2c6qd5zczz6wspr4te","2026-08-22T00:32:20Z"
"spotify:track:197cs7vsw5OyNDw7z4i6DK","TIKTAK ⏱️","spotify:artist:2h5Ha0ZiMFmOQD3iYcSXsy, spotify:artist:27azwwkxutWL1BWMkgNIh0, spotify:artist:7tojcuXcZ7eBlQjbAc65Ee, spotify:artist:5dLqjc2m428QbostsKrUYW","KayBlack, Vulgo FK, MC Caverinha, Fepache","spotify:album:4bJZgUcP13Q7LEswwYrDxR","FKAY","spotify:artist:2h5Ha0ZiMFmOQD3iYcSXsy, spotify:artist:27azwwkxutWL1BWMkgNIh0","KayBlack, Vulgo FK","2025-11-25","https://i.scdn.co/image/ab67616d0000b27375bd9c7656d9a33f0f6ece0f","1","9","180705","https://p.scdn.co/mp3-preview/9346a13963251e8e8ae449909ea2fc087ca54e64?cid=9950ac751e34487dbbe027c4fd7f8e99","false","55","BRWMB2501583","spotify:user:316ye5nphj2c6qd5zczz6wspr4te","2026-08-22T22:41:49Z"
"spotify:track:5vKFOIYILoR6UfhxKeHXtX","Ta Pedindo Toma","spotify:artist:6VyttZwyEMGBl90oGdKCB8, spotify:artist:0KelBuBLAY4mPbrEdNtzlP, spotify:artist:02RhvXTIhg46MyWF8yN6GG, spotify:artist:4CpxOMOqIfPQmEet9UnWhe, spotify:artist:0ktgQZv6VIj48TP9VupyFB, spotify:artist:7xjBn5rLzBR2MsY3SN5odx","MC Leozinho ZS, MC Murilo MT, Mc DR, DJ JHOW BEATS, MC RN do Capão, Mc Pelourinho","spotify:album:0tb8sjymeGOXlKWmtJnYGW","Na Contramão","spotify:artist:0LyfQWJT6nXafLPZqxe9Of","Vários intérpretes","2026-07-27","https://i.scdn.co/image/ab67616d0000b273aec11d9be8c3be2643047c86","1","2","276230","https://p.scdn.co/mp3-preview/e6bc3a1f913fc890ea4719a84a2923c2ec5f7ed1?cid=9950ac751e34487dbbe027c4fd7f8e99","true","68","BK4DA2660956","spotify:user:316ye5nphj2c6qd5zczz6wspr4te","2026-08-22T23:08:34Z"
"spotify:track:4ZuUJilJAe5MSA8dXHdOXR","2026","spotify:artist:6aoGgTKGqtsjj48ymcNs4Z, spotify:artist:1b8S7EPzdckRyIh0uSbOMI","MC Tuto, DJ Oreia","spotify:album:40l0eYTiD8VNsU05JZ1rVR","2026","spotify:artist:6aoGgTKGqtsjj48ymcNs4Z, spotify:artist:1b8S7EPzdckRyIh0uSbOMI","MC Tuto, DJ Oreia","2025-12-18","https://i.scdn.co/image/ab67616d0000b2731934ec8e48237e1fe26c866b","1","1","178048","","false","71","BCSOR2501271","spotify:user:316ye5nphj2c6qd5zczz6wspr4te","2026-08-23T23:44:25Z"
"spotify:track:6omKlm9PHL3w95NzNtVDZd","Faz Parte De Mim","spotify:artist:6aoGgTKGqtsjj48ymcNs4Z, spotify:artist:1b8S7EPzdckRyIh0uSbOMI","MC Tuto, DJ Oreia","spotify:album:2zl9Sd8R4Nuf5vNCcM35b2","Faz Parte De Mim","spotify:artist:6aoGgTKGqtsjj48ymcNs4Z, spotify:artist:1b8S7EPzdckRyIh0uSbOMI","MC Tuto, DJ Oreia","2026-02-02","https://i.scdn.co/image/ab67616d0000b273f7bd4008ce03446119f4b9a2","1","1","153600","","false","75","BCSOR2600024","spotify:user:316ye5nphj2c6qd5zczz6wspr4te","2026-08-23T23:45:15Z"
"spotify:track:7dLw4FM0rYgwJEzkbwRVr1","Pra Não Esquecer De Mim","spotify:artist:48yaM25WLHmQZXx5NN3DYH, spotify:artist:2FDaBZt51fOXh2rbHL8Afr, spotify:artist:1CbQrKvCpEnekM3QMGJtXK, spotify:artist:6XX6KGpomRDPmGGm7bofCK","Aaron Modesto, Mc Magal, MC Meno K, DJ Glenner","spotify:album:0Kb7GeuzMK4sS45zb3O06h","Pra Não Esquecer De Mim","spotify:artist:48yaM25WLHmQZXx5NN3DYH, spotify:artist:2FDaBZt51fOXh2rbHL8Afr, spotify:artist:1CbQrKvCpEnekM3QMGJtXK, spotify:artist:6XX6KGpomRDPmGGm7bofCK","Aaron Modesto, Mc Magal, MC Meno K, DJ Glenner","2025-11-10","https://i.scdn.co/image/ab67616d0000b27306ccbb3936e4801c05d5973b","1","1","192755","https://p.scdn.co/mp3-preview/f76ac6665cb32cbe0945bd969d4e084fda8154ca?cid=9950ac751e34487dbbe027c4fd7f8e99","true","83","BXG6R2500929","spotify:user:316ye5nphj2c6qd5zczz6wspr4te","2026-08-24T00:36:56Z"
"spotify:track:52cev0H35ReX3aS2URGbK6","Fantástico Mundo da Oakley - Bonus Track","spotify:artist:05qCf6M7E7AxizHVmrcPqh, spotify:artist:13yQqjPy4Esq0Ru3R1fipU","Kyan, Mu540","spotify:album:3BpvtVd1Xy2oPXbOot4RkI","UM Quebrada Inteligente","spotify:artist:05qCf6M7E7AxizHVmrcPqh, spotify:artist:13yQqjPy4Esq0Ru3R1fipU","Kyan, Mu540","2023-07-13","https://i.scdn.co/image/ab67616d0000b273b316c1bc56e1bb55c125ddb3","1","7","200000","https://p.scdn.co/mp3-preview/8830c10de4998a208513f065d2bb6774e21e9d3b?cid=9950ac751e34487dbbe027c4fd7f8e99","true","52","BKRQM2300013","spotify:user:316ye5nphj2c6qd5zczz6wspr4te","2026-08-24T21:17:57Z"
"spotify:track:0OuQVzrMf1mqhSNryxlqmo","Baby Cê é Gata","spotify:artist:05qCf6M7E7AxizHVmrcPqh, spotify:artist:13yQqjPy4Esq0Ru3R1fipU","Kyan, Mu540","spotify:album:6Wv8VUBVZ2zOIcybM83xrf","Dias Antes de Mandrake","spotify:artist:05qCf6M7E7AxizHVmrcPqh, spotify:artist:13yQqjPy4Esq0Ru3R1fipU","Kyan, Mu540","2022-10-11","https://i.scdn.co/image/ab67616d0000b27318df4eb17f63cf2e89cf526c","1","8","118976","https://p.scdn.co/mp3-preview/a9a94ee483ee2d7154eea8e0993e490dc24c9e8b?cid=9950ac751e34487dbbe027c4fd7f8e99","true","58","BX46W2200009","spotify:user:316ye5nphj2c6qd5zczz6wspr4te","2026-08-24T21:18:32Z"
"spotify:track:3QGsuHI8jO1Rx4JWLUh9jd","Treat You Better","spotify:artist:7n2wHs1TKAczGzO7Dd2rGr","Shawn Mendes","spotify:album:1ne2D0NxoGyZd31gAM4HNd","Illuminate","spotify:artist:7n2wHs1TKAczGzO7Dd2rGr","Shawn Mendes","2017-04-20","https://i.scdn.co/image/ab67616d0000b2731376b4b16f4bfcba02dc571b","1","4","187973","","false","95","USUM71604711","spotify:user:316ye5nphj2c6qd5zczz6wspr4te","2026-08-25T23:53:29Z"
"spotify:track:2UXbsA8Q2tg90kjEn2gV7j","Joga Essa Rabeta","spotify:artist:147EV9TBf4KgDU75GHwZgJ, spotify:artist:66y9wEcA9aucJ69FTYYbGb, spotify:artist:28EzVLPJYFV94rWxZVK6zd","MC Teuzin PV, MC Skcot, DJ GH Sheik","spotify:album:3ZM2MFfKHGJsgHFop9Lo0A","Joga Essa Rabeta","spotify:artist:147EV9TBf4KgDU75GHwZgJ, spotify:artist:66y9wEcA9aucJ69FTYYbGb, spotify:artist:28EzVLPJYFV94rWxZVK6zd","MC Teuzin PV, MC Skcot, DJ GH Sheik","2022-01-03","https://i.scdn.co/image/ab67616d0000b273b3e6cd2b38ddb8fc4cda3681","1","1","155076","https://p.scdn.co/mp3-preview/0a44d40638e28b20235ae5984b72ee162322bef5?cid=9950ac751e34487dbbe027c4fd7f8e99","true","70","BX9L12100282","spotify:user:316ye5nphj2c6qd5zczz6wspr4te","2026-08-26T00:57:51Z"
"spotify:track:0yL7K9MzC20uBesZTPY81r","Pandora","spotify:artist:1rIc4yTieeRq25NA3T8RQ5, spotify:artist:78Y1NpgD0yMKoBetaYlUzS, spotify:artist:5s27i7oqhNWIcE4HeoVdq0, spotify:artist:27azwwkxutWL1BWMkgNIh0","DJ Matt D, Menor MC, MC GP, Vulgo FK","spotify:album:25yqPTm5X7FXx62mPnjcsC","Pandora","spotify:artist:1rIc4yTieeRq25NA3T8RQ5, spotify:artist:78Y1NpgD0yMKoBetaYlUzS, spotify:artist:5s27i7oqhNWIcE4HeoVdq0","DJ Matt D, Menor MC, MC GP","2021-11-26","https://i.scdn.co/image/ab67616d0000b273b9c8cf5e78d18955643fec13","1","1","177000","https://p.scdn.co/mp3-preview/6758e76a9e035369a21097b1c4c5f573928035db?cid=9950ac751e34487dbbe027c4fd7f8e99","true","70","BXG5C2100582","spotify:user:316ye5nphj2c6qd5zczz6wspr4te","2026-08-26T00:58:07Z"
"spotify:track:2zUC2BnjdVkB0OWvFQkKHa","Pau Pra Toda Obra","spotify:artist:6qrqAYlS6lUj2BVXax7SZW, spotify:artist:75i9GaW2MJUgt4BkdUnuUY, spotify:artist:2q9wk5fkeU2C9CgCKdh4AN, spotify:artist:1mV9h1AwhRXSjBFcYpajgY","Mc Jacaré, MC Ryan SP, Mc IG, Mc Lele JP","spotify:album:0W66hHCN1cRJitO1dHEbUQ","Pau Pra Toda Obra","spotify:artist:6qrqAYlS6lUj2BVXax7SZW, spotify:artist:75i9GaW2MJUgt4BkdUnuUY, spotify:artist:2q9wk5fkeU2C9CgCKdh4AN","Mc Jacaré, MC Ryan SP, Mc IG","2026-06-19","https://i.scdn.co/image/ab67616d0000b273e2e1ee4b54f545c7835d820e","1","1","228923","","true","87","BKC3C2600020","spotify:user:316ye5nphj2c6qd5zczz6wspr4te","2026-08-28T17:45:48Z"
"spotify:track:1UD90xfJvPlRe4mRryjQCc","Menor Neurose","spotify:artist:3Y4ODN6kIBNpQj6eWNT9xw, spotify:artist:6XFc29m1ptfUNmaa1UTuBT, spotify:artist:6aoGgTKGqtsjj48ymcNs4Z, spotify:artist:04QHNiih9ZesPvals6II1h, spotify:artist:3UfwtvPZZea2HHwI23VtKP, spotify:artist:06CW6ZcdRZc14gC6wr3bt6, spotify:artist:2XCQiXMMDmHe3sPx50q4NY","DJ Gu, MC Joãozinho VT, MC Tuto, MC Marks, MC Vine7, Mc Dkziin, MC Jottak","spotify:album:10ufD0gNklYmWpT9vZO25U","Menor Neurose","spotify:artist:3Y4ODN6kIBNpQj6eWNT9xw, spotify:artist:6XFc29m1ptfUNmaa1UTuBT, spotify:artist:6aoGgTKGqtsjj48ymcNs4Z, spotify:artist:04QHNiih9ZesPvals6II1h","DJ Gu, MC Joãozinho VT, MC Tuto, MC Marks","2026-04-24","https://i.scdn.co/image/ab67616d0000b2734322da8cf3e48f43ba4612fa","1","1","324923","https://p.scdn.co/mp3-preview/223580e4442f0feaab16047a28e1e599b41f8e9a?cid=9950ac751e34487dbbe027c4fd7f8e99","true","77","BCSOR2600227","spotify:user:316ye5nphj2c6qd5zczz6wspr4te","2026-08-31T00:33:49Z"
"spotify:track:5Wcvle7c2jTMh5FFimP6Dw","Ela É do Tipo (feat. Drake) [Remix]","spotify:artist:2UMj7NCbuqy1yUZmiSYGjJ, spotify:artist:3TVXtAsR1Inumwj472S9r4","MC Kevin o Chris, Drake","spotify:album:7ybV3NCogLGAhBx75pB3ih","Ela É do Tipo (feat. Drake) [Remix]","spotify:artist:2UMj7NCbuqy1yUZmiSYGjJ, spotify:artist:3TVXtAsR1Inumwj472S9r4","MC Kevin o Chris, Drake","2019-11-06","https://i.scdn.co/image/ab67616d0000b27325c0a26ca22419123b3c5563","1","1","212432","https://p.scdn.co/mp3-preview/dfe7e270731e1678091fc8c0dda6f3018ecc69b5?cid=9950ac751e34487dbbe027c4fd7f8e99","true","53","USWB11902983","spotify:user:316ye5nphj2c6qd5zczz6wspr4te","2026-08-31T21:03:12Z"
"spotify:track:1hGy2eLcmC8eKx7qr1tOqx","Beautiful Girls","spotify:artist:6S0dmVVn4udvppDhZIWxCr","Sean Kingston","spotify:album:71clfVkkopYLrgweVj2cow","Beautiful Girls","spotify:artist:6S0dmVVn4udvppDhZIWxCr","Sean Kingston","2007-07-23","https://i.scdn.co/image/ab67616d0000b2736a45d20e414fbc456ecea553","1","1","225373","https://p.scdn.co/mp3-preview/65d63a1abee5ff1727c1cd5f717a9044d5c24ee7?cid=9950ac751e34487dbbe027c4fd7f8e99","false","85","USSM10701781","spotify:user:316ye5nphj2c6qd5zczz6wspr4te","2026-09-01T17:04:16Z"
"spotify:track:6FNItOka2SwtgxvIxihjsU","Praiou","spotify:artist:0cjkWe9VXcECGiOEHFuTfc, spotify:artist:03PnQHlbH5nDDVX3hNg628","Mc Lipi, Dj GM","spotify:album:1RhZQfAVRfCKtpX3wf2MBC","Praiou","spotify:artist:0cjkWe9VXcECGiOEHFuTfc, spotify:artist:03PnQHlbH5nDDVX3hNg628","Mc Lipi, Dj GM","2021-02-05","https://i.scdn.co/image/ab67616d0000b273ab9288e074a4bdd461cb9a74","1","1","203467","https://p.scdn.co/mp3-preview/8623f5e2d960b77168d5353656179104f072c7db?cid=9950ac751e34487dbbe027c4fd7f8e99","false","51","BXKG22100065","spotify:user:316ye5nphj2c6qd5zczz6wspr4te","2026-09-01T18:12:54Z"
"spotify:track:1AfNdxHdE4OLcnQUyC6j3i","Eterna Sacanagem","spotify:artist:5GqnSMX8p2hxqsM6LqDty3, spotify:artist:2ZXnTEyYopSLCDiz5Z0XIf, spotify:artist:1mXAhKnZEdF6rotyyd4GBi","MC JottaPê, MC Kekel, MC Kevinho","spotify:album:1Puqth90US8OUV5TykdXMF","Eterna Sacanagem","spotify:artist:5GqnSMX8p2hxqsM6LqDty3, spotify:artist:2ZXnTEyYopSLCDiz5Z0XIf, spotify:artist:1mXAhKnZEdF6rotyyd4GBi","MC JottaPê, MC Kekel, MC Kevinho","2019-10-18","https://i.scdn.co/image/ab67616d0000b2732d4eec30296442f518b4012a","1","1","168800","https://p.scdn.co/mp3-preview/1a9aee92741b8a70fb68641433d675092de12911?cid=9950ac751e34487dbbe027c4fd7f8e99","false","66","BXKZM1900362","spotify:user:316ye5nphj2c6qd5zczz6wspr4te","2026-09-01T23:45:04Z"
"spotify:track:5nzn9neUXxZhv0WPYMbBQw","Puxa o Lança","spotify:artist:2f8xoxornfSw6ePzgyM9NO, spotify:artist:2h5Ha0ZiMFmOQD3iYcSXsy, spotify:artist:4YqwRbMLqGHRHLS1w2ZKse, spotify:artist:27azwwkxutWL1BWMkgNIh0, spotify:artist:0PNcEYeVDBqbywI00Y3ANT, spotify:artist:6TPJK8tv3AKKSsw0lENTQk, spotify:artist:06DkLIR1RQFV7kEom04Frt, spotify:artist:7I4OIWw3Zm4lUmt2QHnz30","MC Jvila, KayBlack, Veigh, Vulgo FK, Honaiser, Nagalli, Stick, Toledo","spotify:album:1zBrs91xffe9UfAyMICwt2","Já Virei Lenda Aqui","spotify:artist:2f8xoxornfSw6ePzgyM9NO","MC Jvila","2026-09-01","https://i.scdn.co/image/ab67616d0000b27300bcf40dada2cd4407f327e9","1","3","291713","https://p.scdn.co/mp3-preview/a442de6203f18debc1ff8d659e2b660e1061dd67?cid=9950ac751e34487dbbe027c4fd7f8e99","true","79","BRWMB2601159","spotify:user:316ye5nphj2c6qd5zczz6wspr4te","2026-09-02T00:37:39Z"
"spotify:track:3M4B9yhMAdgnpYphJjlXvP","Veracruz","spotify:artist:5pBMkZNIlbGTH3hrsQJqAa","Mc Kevin","spotify:album:0A1XwzmRW8kQZSFQ4g2DH1","Veracruz","spotify:artist:5pBMkZNIlbGTH3hrsQJqAa","Mc Kevin","2016-01-06","https://i.scdn.co/image/ab67616d0000b2730492e115c7d4c8a6f64b5d5d","1","1","234057","https://p.scdn.co/mp3-preview/3e8bfb22fb36b30eed6d4642df05d2fda71157fb?cid=9950ac751e34487dbbe027c4fd7f8e99","true","62","US7VG1601528","spotify:user:316ye5nphj2c6qd5zczz6wspr4te","2026-09-02T11:59:48Z"
"spotify:track:3ruoIF2UnoXdzK8mR61ebq","Rich Nigga Shit (feat. Young Thug)","spotify:artist:1URnnhqYAYcrqrcwql10ft, spotify:artist:0iEtIxbK0KxaSlF7G42ZOp, spotify:artist:50co4Is1HCEo8bhOyUWKpn","21 Savage, Metro Boomin, Young Thug","spotify:album:6wTyGUWGCilBFZ837k5aRi","SAVAGE MODE II","spotify:artist:1URnnhqYAYcrqrcwql10ft, spotify:artist:0iEtIxbK0KxaSlF7G42ZOp","21 Savage, Metro Boomin","2020-10-02","https://i.scdn.co/image/ab67616d0000b2736a7e6ceda5e779fbb6ec1ba8","1","5","190331","https://p.scdn.co/mp3-preview/21dd18a936b2d833c0becedb87a293db481b4cdb?cid=9950ac751e34487dbbe027c4fd7f8e99","true","78","USSM12005348","spotify:user:316ye5nphj2c6qd5zczz6wspr4te","2026-09-02T12:02:47Z"
"spotify:track:6syoEFGSKDumTu7VTvO44A","Porsche Hortelã","spotify:artist:27azwwkxutWL1BWMkgNIh0, spotify:artist:23ot0eI6ByBW6LrlBfr2bm, spotify:artist:0WvTL8PecsD3VxRGuHdSxj","Vulgo FK, Pedro Lotto, Galdino","spotify:album:3qwvyGMmybAvkvyIKhlGwB","Perdas & Ganhos","spotify:artist:27azwwkxutWL1BWMkgNIh0","Vulgo FK","2023-07-14","https://i.scdn.co/image/ab67616d0000b2733aff972cb6057a5a924e928d","1","9","137374","https://p.scdn.co/mp3-preview/7070f080f1cd447f98f93be7563ae903ba63d9de?cid=9950ac751e34487dbbe027c4fd7f8e99","true","56","BRRGE2300533","spotify:user:316ye5nphj2c6qd5zczz6wspr4te","2026-09-03T03:03:13Z"
"spotify:track:0Pjd5h1ZOSyhSwZrDeCIXg","Giro dos Artistas","spotify:artist:7579yDSrhA6ZAArOo7m6UT, spotify:artist:5pBMkZNIlbGTH3hrsQJqAa, spotify:artist:2q9wk5fkeU2C9CgCKdh4AN, spotify:artist:2FDaBZt51fOXh2rbHL8Afr, spotify:artist:5s27i7oqhNWIcE4HeoVdq0, spotify:artist:1b8S7EPzdckRyIh0uSbOMI","Mc Bruninho da Praia, Mc Kevin, Mc IG, Mc Magal, MC GP, DJ Oreia","spotify:album:7dIiISUj9IcEcbcbABOEXq","Giro dos Artistas","spotify:artist:0LyfQWJT6nXafLPZqxe9Of","Vários intérpretes","2021-02-06","https://i.scdn.co/image/ab67616d0000b273dd20755ba86dd7be455588cd","1","1","338823","https://p.scdn.co/mp3-preview/15a6b22e7a9a6097f3d69ba2afa1aa670481517d?cid=9950ac751e34487dbbe027c4fd7f8e99","true","64","BXG6R2100135","spotify:user:316ye5nphj2c6qd5zczz6wspr4te","2026-09-03T21:53:48Z"
"spotify:track:5bcTCxgc7xVfSaMV3RuVke","Feels (feat. Pharrell Williams, Katy Perry & Big Sean)","spotify:artist:7CajNmpbOovFoOoasH2HaY, spotify:artist:2RdwBSPQiwcmiDo9kixcl8, spotify:artist:6jJ0s89eD6GaHleKKya26X, spotify:artist:0c173mlxpT3dSFRgMO8XPh, spotify:artist:4A0TivfinfALCAMJqqjZIk","Calvin Harris, Pharrell Williams, Katy Perry, Big Sean, Funk Wav","spotify:album:2HaqChIDc5go3qxVunBDK0","Funk Wav Bounces Vol.1","spotify:artist:7CajNmpbOovFoOoasH2HaY, spotify:artist:4A0TivfinfALCAMJqqjZIk","Calvin Harris, Funk Wav","2017-06-30","https://i.scdn.co/image/ab67616d0000b2734d3fa5ce7ba599f4fd7803ef","1","8","223413","https://p.scdn.co/mp3-preview/34a33c4a5bd5f815d329db8e1daf712c9dd9ffb1?cid=9950ac751e34487dbbe027c4fd7f8e99","true","84","GBARL1700772","spotify:user:316ye5nphj2c6qd5zczz6wspr4te","2026-09-03T22:00:48Z"
"spotify:track:48RrDBpOSSl1aLVCalGl5C","The Monster","spotify:artist:7dGJo4pcD2V6oG8kP0tJRR, spotify:artist:5pKCCKE2ajJHZ9KAiaK11H","Eminem, Rihanna","spotify:album:3vOgbDjgsZBAPwV2M3bNOj","The Marshall Mathers LP2","spotify:artist:7dGJo4pcD2V6oG8kP0tJRR","Eminem","2013-11-05","https://i.scdn.co/image/ab67616d0000b2733c65085a58aae2cccd892cbe","1","12","250188","","true","86","USUM71314082","spotify:user:316ye5nphj2c6qd5zczz6wspr4te","2026-09-03T22:02:21Z"
"spotify:track:4TtFvGGps7haO0XbmhVz2y","GASS (feat. Travis Scott)","spotify:artist:3DHtfeD4PsmR9YGhCP4VF7, spotify:artist:0Y5tJX1MQlPlqiwlOH1tJY","Nemzzz, Travis Scott","spotify:album:4yaN3XpOWa9P0oimUBQVpJ","LOCKED IN","spotify:artist:3DHtfeD4PsmR9YGhCP4VF7","Nemzzz","2026-09-04","https://i.scdn.co/image/ab67616d0000b2733adc10de85a4d8d677dcdb55","1","11","116571","https://p.scdn.co/mp3-preview/5954e27022cf8541ae0f4619187a5d4c7bd23be3?cid=9950ac751e34487dbbe027c4fd7f8e99","true","80","GBAHS2600451","spotify:user:316ye5nphj2c6qd5zczz6wspr4te","2026-09-04T17:07:08Z"
"spotify:track:6zk2KqmVIvyKRbF50hXP5Q","Odisseia","spotify:artist:3lIU3RoZiHen1QXAQ3KQ9e","Tz da Coronel","spotify:album:7boBqgtZPsVLsh2JUIMoyT","Odisseia","spotify:artist:3lIU3RoZiHen1QXAQ3KQ9e","Tz da Coronel","2025-05-19","https://i.scdn.co/image/ab67616d0000b273bb0183629b644c7a172f731e","1","1","137118","https://p.scdn.co/mp3-preview/6671254cb4f9f52be64dbe0e9fc1585b7690f70a?cid=9950ac751e34487dbbe027c4fd7f8e99","false","49","BC2TS2500005","spotify:user:316ye5nphj2c6qd5zczz6wspr4te","2026-09-04T21:51:26Z"
"spotify:track:0lodMO0qK83vfPiiD7FMEt","TOPIA TWINS (feat. Rob49 & 21 Savage)","spotify:artist:0Y5tJX1MQlPlqiwlOH1tJY, spotify:artist:1jBoSSrbz9n4ehQWA4cZgB, spotify:artist:1URnnhqYAYcrqrcwql10ft","Travis Scott, Rob49, 21 Savage","spotify:album:18NOKLkZETa4sWwLMIm0UZ","UTOPIA","spotify:artist:0Y5tJX1MQlPlqiwlOH1tJY","Travis Scott","2023-07-28","https://i.scdn.co/image/ab67616d0000b27304481c826dd292e5e4983b3f","1","11","223173","https://p.scdn.co/mp3-preview/4f31219659fe1a15f128fdf1d3adb62fd251bd83?cid=9950ac751e34487dbbe027c4fd7f8e99","true","74","USSM12305013","spotify:user:316ye5nphj2c6qd5zczz6wspr4te","2026-09-05T17:40:52Z"
"spotify:track:3B54sVLJ402zGa6Xm4YGNe","Unforgettable","spotify:artist:6vXTefBL93Dj5IqAWq6OTv, spotify:artist:1zNqQNIdeOUZHb8zbZRFMX","French Montana, Swae Lee","spotify:album:4c2p3TdN7NcQfCXyueCNnC","Jungle Rules","spotify:artist:6vXTefBL93Dj5IqAWq6OTv","French Montana","2017-07-14","https://i.scdn.co/image/ab67616d0000b2738a31195a371b2233456f6c07","1","2","233901","https://p.scdn.co/mp3-preview/f8d5e3c37feb980e60cac2df4256250d4b5cf5b5?cid=9950ac751e34487dbbe027c4fd7f8e99","true","90","USSM11703478","spotify:user:316ye5nphj2c6qd5zczz6wspr4te","2026-09-05T17:44:54Z"
"spotify:track:1RPrzKZdkzCNV0Ux0xEHg2","Ela Só Quer Paz","spotify:artist:2zGf6lwQ9PxXdoeo5XXP2K","Projota","spotify:album:0kt2b6HTMmlV4A5f97LZk9","Ela Só Quer Paz","spotify:artist:2zGf6lwQ9PxXdoeo5XXP2K","Projota","2016-01-27","https://i.scdn.co/image/ab67616d0000b273b501713bca9876ca4a1e5fe6","1","1","174382","","false","69","BRUM71600010","spotify:user:316ye5nphj2c6qd5zczz6wspr4te","2026-09-05T19:18:43Z"
"spotify:track:00j16DuIL1HPHjjLMNcYX0","Planos","spotify:artist:1YOVBTvznjiDvtAj4ExHeo, spotify:artist:6KA24IQsAVtlI34fSZR0Xa, spotify:artist:0CTLe0a6qZ7BZax8Du9B2k","BK, Luccas Carlos, Arit","spotify:album:6kjXPFw0BT3SdpWgHwjr32","Gigantes","spotify:artist:1YOVBTvznjiDvtAj4ExHeo","BK","2018-10-13","https://i.scdn.co/image/ab67616d0000b27349720414b47078b8d010f1b5","1","9","219334","https://p.scdn.co/mp3-preview/42c1a571f40492b9f1d46168e7625c81c0ab35a3?cid=9950ac751e34487dbbe027c4fd7f8e99","false","75","BXFGZ1800027","spotify:user:316ye5nphj2c6qd5zczz6wspr4te","2026-09-05T19:20:57Z"
"spotify:track:6czFTaJt3z4dQTUj9krR6k","Nois Dois","spotify:artist:32U24zpBrDLj0KMppA1bKf, spotify:artist:0gHj4MPwwcZ8Zl9CY0hqT5, spotify:artist:3prRKGJz16RRMRSIM97nHw","Ghard, Mc Paiva ZS, Supernova Ent","spotify:album:1AeMj46ygsaR5svcSy6P34","PAGANDO O PREÇO","spotify:artist:32U24zpBrDLj0KMppA1bKf, spotify:artist:3prRKGJz16RRMRSIM97nHw","Ghard, Supernova Ent","2026-09-03","https://i.scdn.co/image/ab67616d0000b27334cc32374ad451e1b719d669","1","10","155000","https://p.scdn.co/mp3-preview/a43b4aa17675c0db58e66e3b1b321f0a0a2149cc?cid=9950ac751e34487dbbe027c4fd7f8e99","true","49","BKSUV2600151","spotify:user:316ye5nphj2c6qd5zczz6wspr4te","2026-09-05T19:24:28Z"
"spotify:track:4BcymWo7t3t27RNb9mbNFx","GRWM","spotify:artist:3oAVbOfRvgOoCAEKnpohSo, spotify:artist:1IVneWn4g15GupVFKwNdGJ, spotify:artist:5eJi7nckPalxu8R7AAyfuO, spotify:artist:5s27i7oqhNWIcE4HeoVdq0, spotify:artist:70jpkgy5oGT4YjaGFpCpk7, spotify:artist:4bJqqUCbQmRxziUoxUz5mS","Mc Iguinho Ct, Dj Aladin GDB, MC Willian, MC GP, MC LUUKY, DU'L","spotify:album:1YtI1rFXKXmK4FBCMYyKhs","É O Iguinho Da CT","spotify:artist:3oAVbOfRvgOoCAEKnpohSo","Mc Iguinho Ct","2026-08-13","https://i.scdn.co/image/ab67616d0000b2738cf6383db6a97f750b12e909","1","3","433846","","false","79","BRUM72601741","spotify:user:316ye5nphj2c6qd5zczz6wspr4te","2026-09-05T19:34:16Z"
"spotify:track:5ZaXh71fEIjiUtqG8QRYEa","Ato de preocupação","spotify:artist:32U24zpBrDLj0KMppA1bKf, spotify:artist:4YqwRbMLqGHRHLS1w2ZKse, spotify:artist:3prRKGJz16RRMRSIM97nHw","Ghard, Veigh, Supernova Ent","spotify:album:1AeMj46ygsaR5svcSy6P34","PAGANDO O PREÇO","spotify:artist:32U24zpBrDLj0KMppA1bKf, spotify:artist:3prRKGJz16RRMRSIM97nHw","Ghard, Supernova Ent","2026-09-03","https://i.scdn.co/image/ab67616d0000b27334cc32374ad451e1b719d669","1","11","140625","https://p.scdn.co/mp3-preview/fce276bc82ca1e69dfe32089e6ba08a616ed9889?cid=9950ac751e34487dbbe027c4fd7f8e99","true","56","BKSUV2600153","spotify:user:316ye5nphj2c6qd5zczz6wspr4te","2026-09-08T14:21:48Z"
"spotify:track:3lb6WD4m1fYh0TpDJxe59h","É Ruim Ver Os Outros Vivendo (Ex É Ex)","spotify:artist:6qrqAYlS6lUj2BVXax7SZW, spotify:artist:2q9wk5fkeU2C9CgCKdh4AN, spotify:artist:6aoGgTKGqtsjj48ymcNs4Z","Mc Jacaré, Mc IG, MC Tuto","spotify:album:6QIwV37yURJkdZg5dm9pCL","É Ruim Ver Os Outros Vivendo (Ex É Ex)","spotify:artist:6qrqAYlS6lUj2BVXax7SZW, spotify:artist:2q9wk5fkeU2C9CgCKdh4AN, spotify:artist:6aoGgTKGqtsjj48ymcNs4Z","Mc Jacaré, Mc IG, MC Tuto","2026-08-13","https://i.scdn.co/image/ab67616d0000b273140cfe115eace6a5290bd641","1","1","206769","","true","73","BKC3C2600017","spotify:user:316ye5nphj2c6qd5zczz6wspr4te","2026-09-09T11:33:59Z"
"spotify:track:0EjL3q9qRkBGSKMyNnCJk9","KILLIN EM","spotify:artist:3DHtfeD4PsmR9YGhCP4VF7","Nemzzz","spotify:album:4yaN3XpOWa9P0oimUBQVpJ","LOCKED IN","spotify:artist:3DHtfeD4PsmR9YGhCP4VF7","Nemzzz","2026-09-04","https://i.scdn.co/image/ab67616d0000b2733adc10de85a4d8d677dcdb55","1","12","113437","https://p.scdn.co/mp3-preview/b141d08613315f0e214d8e5e7998ca30f34b61fe?cid=9950ac751e34487dbbe027c4fd7f8e99","true","67","GBAHS2600245","spotify:user:316ye5nphj2c6qd5zczz6wspr4te","2026-09-11T17:03:29Z"
"spotify:track:54T2LiX1K2qVgrkVFDvswJ","4AM","spotify:artist:3DHtfeD4PsmR9YGhCP4VF7","Nemzzz","spotify:album:4yaN3XpOWa9P0oimUBQVpJ","LOCKED IN","spotify:artist:3DHtfeD4PsmR9YGhCP4VF7","Nemzzz","2026-09-04","https://i.scdn.co/image/ab67616d0000b2733adc10de85a4d8d677dcdb55","1","1","155860","https://p.scdn.co/mp3-preview/afa59598435820019e48f37d585e98d22cb2b84e?cid=9950ac751e34487dbbe027c4fd7f8e99","true","69","GBAHS2600443","spotify:user:316ye5nphj2c6qd5zczz6wspr4te","2026-09-11T17:03:41Z"
"spotify:track:3TXiRWsysT8Edx8Jsffdpe","Longe de Mim","spotify:artist:05qCf6M7E7AxizHVmrcPqh, spotify:artist:13yQqjPy4Esq0Ru3R1fipU","Kyan, Mu540","spotify:album:6Wv8VUBVZ2zOIcybM83xrf","Dias Antes de Mandrake","spotify:artist:05qCf6M7E7AxizHVmrcPqh, spotify:artist:13yQqjPy4Esq0Ru3R1fipU","Kyan, Mu540","2022-10-11","https://i.scdn.co/image/ab67616d0000b27318df4eb17f63cf2e89cf526c","1","1","158730","https://p.scdn.co/mp3-preview/86c966835778664a34c00af7e167335a15fdce17?cid=9950ac751e34487dbbe027c4fd7f8e99","true","41","BX46W2200003","spotify:user:316ye5nphj2c6qd5zczz6wspr4te","2026-09-11T20:06:23Z"
"spotify:track:4vdXswz8cxjXUxCQCNuxZ8","Desde Menor","spotify:artist:05qCf6M7E7AxizHVmrcPqh, spotify:artist:13yQqjPy4Esq0Ru3R1fipU","Kyan, Mu540","spotify:album:6Wv8VUBVZ2zOIcybM83xrf","Dias Antes de Mandrake","spotify:artist:05qCf6M7E7AxizHVmrcPqh, spotify:artist:13yQqjPy4Esq0Ru3R1fipU","Kyan, Mu540","2022-10-11","https://i.scdn.co/image/ab67616d0000b27318df4eb17f63cf2e89cf526c","1","2","100469","https://p.scdn.co/mp3-preview/6c661b565ae74b6d62a734d311584ba6591c3acc?cid=9950ac751e34487dbbe027c4fd7f8e99","true","41","BX46W2200004","spotify:user:316ye5nphj2c6qd5zczz6wspr4te","2026-09-11T20:09:25Z"
"spotify:track:0z4u07ffYikAlS4twYeiey","Mente do Perigo","spotify:artist:05qCf6M7E7AxizHVmrcPqh, spotify:artist:13yQqjPy4Esq0Ru3R1fipU","Kyan, Mu540","spotify:album:6Wv8VUBVZ2zOIcybM83xrf","Dias Antes de Mandrake","spotify:artist:05qCf6M7E7AxizHVmrcPqh, spotify:artist:13yQqjPy4Esq0Ru3R1fipU","Kyan, Mu540","2022-10-11","https://i.scdn.co/image/ab67616d0000b27318df4eb17f63cf2e89cf526c","1","5","133125","https://p.scdn.co/mp3-preview/2220c3bd41693883f3664ec213fe424478fc15fa?cid=9950ac751e34487dbbe027c4fd7f8e99","true","41","BX46W2200007","spotify:user:316ye5nphj2c6qd5zczz6wspr4te","2026-09-11T20:14:42Z"
"spotify:track:31WvWvKxDxOCTeGzBUed9w","Neguin 171","spotify:artist:05qCf6M7E7AxizHVmrcPqh, spotify:artist:13yQqjPy4Esq0Ru3R1fipU, spotify:artist:5wEgjH2s4SAiffRmzkBqHB","Kyan, Mu540, Wall Hein","spotify:album:6Wv8VUBVZ2zOIcybM83xrf","Dias Antes de Mandrake","spotify:artist:05qCf6M7E7AxizHVmrcPqh, spotify:artist:13yQqjPy4Esq0Ru3R1fipU","Kyan, Mu540","2022-10-11","https://i.scdn.co/image/ab67616d0000b27318df4eb17f63cf2e89cf526c","1","6","148874","https://p.scdn.co/mp3-preview/2147a8cad78a539b2df78e18114251da7c4adefb?cid=9950ac751e34487dbbe027c4fd7f8e99","true","58","BX46W2200010","spotify:user:316ye5nphj2c6qd5zczz6wspr4te","2026-09-11T20:16:51Z"
"spotify:track:1UsPflAuWTNteFUPJAJe8E","SCIENTISTS & ENGINEERS (feat. Future & Eryn Allen Kane)","spotify:artist:2N4EYkIlG1kv25g6Wv8LGI, spotify:artist:74V3dE1a51skRkdII8y2C6, spotify:artist:5xI4mPixKfrCCspATqbpy3, spotify:artist:1RyvyyTE3xzB2ZywiAwp0i","Killer Mike, André 3000, Eryn Allen Kane, Future","spotify:album:2mBH7RhAS6vRKkSlA7IRIJ","MICHAEL","spotify:artist:2N4EYkIlG1kv25g6Wv8LGI","Killer Mike","2023-06-16","https://i.scdn.co/image/ab67616d0000b2730df6fde15c74b41449275c44","1","7","253663","","true","58","USC4R2332611","spotify:user:316ye5nphj2c6qd5zczz6wspr4te","2026-09-12T12:17:34Z"
"spotify:track:40oYjPdjvFBCZH1Smsk46H","Back Home","spotify:artist:3qiHUAX7zY4Qnjx8TNUzVx, spotify:artist:3MZsBdqDrRTJihTHQrO6Dq","Yeat, Joji","spotify:album:6sKe2lWmQxRYhhUnN7dln3","ADL","spotify:artist:3qiHUAX7zY4Qnjx8TNUzVx","Yeat","2026-03-27","https://i.scdn.co/image/ab67616d0000b27312b1d53215f6bfe4478f70e2","1","20","193684","","true","82","USUM72602587","spotify:user:316ye5nphj2c6qd5zczz6wspr4te","2026-09-12T18:41:43Z"
"spotify:track:37BxhA4gv0YX6QZaqPsgP6","CONSTRUA SEUS SONHOS","spotify:artist:05qCf6M7E7AxizHVmrcPqh, spotify:artist:6eBQDBWq5rlP76s4TpOHCC","Kyan, Fahel","spotify:album:3SJ2IFg4KKD0Deow7WV3CH","Só Vilão, Aqui Não Tem Herói","spotify:artist:05qCf6M7E7AxizHVmrcPqh","Kyan","2024-06-20","https://i.scdn.co/image/ab67616d0000b2734a17ba90b816c58400057935","1","4","97178","https://p.scdn.co/mp3-preview/45f0ce69b5e9f0caef2c42fe26a099665140acc4?cid=9950ac751e34487dbbe027c4fd7f8e99","true","46","BKRQM2400006","spotify:user:316ye5nphj2c6qd5zczz6wspr4te","2026-09-12T18:43:34Z"
"spotify:track:2w1bZ6XXclFD67yA1wtF1a","TRAP DE MALOKA","spotify:artist:05qCf6M7E7AxizHVmrcPqh, spotify:artist:23FGpj6N9wtORIuMoXu9Uk, spotify:artist:42TGK7zUYHdMcKOPRg8g61, spotify:artist:5utjRtQc65CvfyqVPw0asK, spotify:artist:6eBQDBWq5rlP76s4TpOHCC, spotify:artist:44sYX4gwGmUZBnNT2AZTPW, spotify:artist:0q3HhX2NqZo0or1zi7RAko","Kyan, KayG, Kayin, Danike, Fahel, 6ee, NERESZZ","spotify:album:3SJ2IFg4KKD0Deow7WV3CH","Só Vilão, Aqui Não Tem Herói","spotify:artist:05qCf6M7E7AxizHVmrcPqh","Kyan","2024-06-20","https://i.scdn.co/image/ab67616d0000b2734a17ba90b816c58400057935","1","5","288000","https://p.scdn.co/mp3-preview/893329dd327f704389a4267a93491fa137b76991?cid=9950ac751e34487dbbe027c4fd7f8e99","true","44","BKRQM2300014","spotify:user:316ye5nphj2c6qd5zczz6wspr4te","2026-09-12T18:46:16Z"
"spotify:track:6FPZOCbYA71IZenaTNEnS7","MELHOR DECISÃO","spotify:artist:05qCf6M7E7AxizHVmrcPqh, spotify:artist:0pcoadNMmvrUyab1RxWBoV, spotify:artist:1Bp5RHQ2K9k986YoxNvACB","Kyan, MC Hariel, Perera DJ","spotify:album:3SJ2IFg4KKD0Deow7WV3CH","Só Vilão, Aqui Não Tem Herói","spotify:artist:05qCf6M7E7AxizHVmrcPqh","Kyan","2024-06-20","https://i.scdn.co/image/ab67616d0000b2734a17ba90b816c58400057935","1","8","192000","https://p.scdn.co/mp3-preview/1d8020e8d1abb51ed2fe32e0e138e59480f53087?cid=9950ac751e34487dbbe027c4fd7f8e99","false","45","BKRQM2400008","spotify:user:316ye5nphj2c6qd5zczz6wspr4te","2026-09-12T18:53:54Z"
"spotify:track:0dCHahKuqi6SEzikN3POxk","MANDRAKA DO MOMENTO","spotify:artist:05qCf6M7E7AxizHVmrcPqh, spotify:artist:460m2YG30duLCuHwFdiLgX, spotify:artist:27azwwkxutWL1BWMkgNIh0, spotify:artist:7I4OIWw3Zm4lUmt2QHnz30, spotify:artist:6TPJK8tv3AKKSsw0lENTQk, spotify:artist:7saGN6a32YNpiMPo2SWJxE","Kyan, Yunk Vino, Vulgo FK, Toledo, Nagalli, Bvga Beatz","spotify:album:3SJ2IFg4KKD0Deow7WV3CH","Só Vilão, Aqui Não Tem Herói","spotify:artist:05qCf6M7E7AxizHVmrcPqh","Kyan","2024-06-20","https://i.scdn.co/image/ab67616d0000b2734a17ba90b816c58400057935","1","9","177144","https://p.scdn.co/mp3-preview/952402f20d95d6c6ef5d32d3b71f7bae67010d6d?cid=9950ac751e34487dbbe027c4fd7f8e99","false","55","BKRQM2400009","spotify:user:316ye5nphj2c6qd5zczz6wspr4te","2026-09-12T18:57:19Z"
"spotify:track:2kbSMgvj7H2cqnDXvDAfZS","Quando Você Ligou","spotify:artist:4LHTgACY32k94VDjenF0nP, spotify:artist:27azwwkxutWL1BWMkgNIh0, spotify:artist:3zG4hHVlA4xIX5jwvOa2KD, spotify:artist:4tdmp3YXtKZU6mk91K9yJb","Mc Negão Original, Vulgo FK, DJ Guh Mix, DJ Yago","spotify:album:0QPNCXbWTQqLXSSOZqp2dh","Quando Você Ligou","spotify:artist:4LHTgACY32k94VDjenF0nP, spotify:artist:27azwwkxutWL1BWMkgNIh0, spotify:artist:3zG4hHVlA4xIX5jwvOa2KD, spotify:artist:4tdmp3YXtKZU6mk91K9yJb","Mc Negão Original, Vulgo FK, DJ Guh Mix, DJ Yago","2025-04-30","https://i.scdn.co/image/ab67616d0000b273bc60de3766cbb1a090fadc19","1","1","189268","https://p.scdn.co/mp3-preview/6282293c995c02c4e0115578c8b2c32b50f53d33?cid=9950ac751e34487dbbe027c4fd7f8e99","true","54","BRWMB2500322","spotify:user:316ye5nphj2c6qd5zczz6wspr4te","2026-09-12T18:58:02Z"
"spotify:track:1gB5KOazfArBeOfXpPdmmz","UM QUEBRADA","spotify:artist:05qCf6M7E7AxizHVmrcPqh, spotify:artist:42TGK7zUYHdMcKOPRg8g61, spotify:artist:13yQqjPy4Esq0Ru3R1fipU","Kyan, Kayin, Mu540","spotify:album:3SJ2IFg4KKD0Deow7WV3CH","Só Vilão, Aqui Não Tem Herói","spotify:artist:05qCf6M7E7AxizHVmrcPqh","Kyan","2024-06-20","https://i.scdn.co/image/ab67616d0000b2734a17ba90b816c58400057935","1","11","243200","https://p.scdn.co/mp3-preview/648ade3ed3bbe9ffc433b4a4586e22f36a243da3?cid=9950ac751e34487dbbe027c4fd7f8e99","true","44","BKRQM2400011","spotify:user:316ye5nphj2c6qd5zczz6wspr4te","2026-09-12T19:00:47Z"
"spotify:track:1qmCoDHyfO0k2Kh3kqXwPs","Loverboy","spotify:artist:56OjNTX2bkrdGcB0staUOV","A-Wall","spotify:album:7MJAdQvN0RmEtAqU6mYocl","Loverboy","spotify:artist:56OjNTX2bkrdGcB0staUOV","A-Wall","2019-06-28","https://i.scdn.co/image/ab67616d0000b273742112f4ac904a52f9b7f29d","1","1","224520","https://p.scdn.co/mp3-preview/7b69a5416f66f7af13b04e10875e4a11bb7fa920?cid=9950ac751e34487dbbe027c4fd7f8e99","false","71","QZFZ41979172","spotify:user:316ye5nphj2c6qd5zczz6wspr4te","2026-09-14T01:29:45Z"
"spotify:track:6VOu9NObZ00mk5KFC6HfIQ","Gostosa Demais","spotify:artist:0KcbRunfjZHfwEnEgd1Dy6, spotify:artist:27azwwkxutWL1BWMkgNIh0, spotify:artist:6aoGgTKGqtsjj48ymcNs4Z, spotify:artist:5WFFFHVqeVk5tLuYh2KjQy, spotify:artist:39QiJaZ1HzRcpY9xlMKCsF, spotify:artist:4yFJeWVY6IZLc5KcYCvtBE, spotify:artist:48yaM25WLHmQZXx5NN3DYH, spotify:artist:6XFc29m1ptfUNmaa1UTuBT","Murillo e LT no Beat, Vulgo FK, MC Tuto, Luccas Carlos, TrapLaudo, G.A, Aaron Modesto, MC Joãozinho VT","spotify:album:1igloqPc3QZzGlugijWVga","BOLA + 1 BECK (DELUXE)","spotify:artist:0KcbRunfjZHfwEnEgd1Dy6","Murillo e LT no Beat","2025-05-22","https://i.scdn.co/image/ab67616d0000b273e3817ad2cfe388c037b26eb7","1","6","496941","https://p.scdn.co/mp3-preview/b2225cce07788045032b16ea2e615209c7f6d858?cid=9950ac751e34487dbbe027c4fd7f8e99","true","38","BRRGE2500276","spotify:user:316ye5nphj2c6qd5zczz6wspr4te","2026-09-15T00:58:54Z"
"spotify:track:2Ejyg4CavumEr7lFUkk9aF","Rendezvous (feat. Yeat)","spotify:artist:4Gso3d4CscCijv0lmajZWs, spotify:artist:3qiHUAX7zY4Qnjx8TNUzVx","Don Toliver, Yeat","spotify:album:131x9G87mD0hP0hGZc9qYN","OCTANE","spotify:artist:4Gso3d4CscCijv0lmajZWs","Don Toliver","2026-01-30","https://i.scdn.co/image/ab67616d0000b27325c28f3c9fbdbab1a88dd619","1","3","146801","https://p.scdn.co/mp3-preview/31f13c83eb97eb8e56e7f352be7712a3f728e56a?cid=9950ac751e34487dbbe027c4fd7f8e99","true","78","USAT22600119","spotify:user:316ye5nphj2c6qd5zczz6wspr4te","2026-09-15T01:03:06Z"
"spotify:track:6MF4tRr5lU8qok8IKaFOBE","Under The Sun (with J. Cole & Lute feat. DaBaby)","spotify:artist:1iNqsUDUraNWrj00bqssQG, spotify:artist:6l3HvQ5sa6mXTsMTB19rO5, spotify:artist:75WcpJKWXBV3o3cfluWapK, spotify:artist:4r63FhuTkUYltbVAg5TQnk","Dreamville, J. Cole, Lute, DaBaby","spotify:album:2n3quCZ0anEa46j2IveacI","Revenge Of The Dreamers III","spotify:artist:1iNqsUDUraNWrj00bqssQG, spotify:artist:6l3HvQ5sa6mXTsMTB19rO5","Dreamville, J. Cole","2019-07-05","https://i.scdn.co/image/ab67616d0000b273c0ae820e3b64854de4642101","1","1","202040","","true","72","USUM71912963","spotify:user:316ye5nphj2c6qd5zczz6wspr4te","2026-09-15T20:08:04Z"
"spotify:track:4UChhDCTtneR0QXN0btEmz","Sorri, Sou Rei (feat. Claudia Leitte)","spotify:artist:4PhdYoQGH8s1xee81dqQOO, spotify:artist:2OjoIDVPQKT9B7loZbPEfp","Natiruts, Claudia Leitte","spotify:album:6H7aEzVGlXJlMXfcZml7vP","Box Natiruts","spotify:artist:4PhdYoQGH8s1xee81dqQOO","Natiruts","2012-08-14","https://i.scdn.co/image/ab67616d0000b273444ff8a4009740c92fa61cb4","1","7","332653","https://p.scdn.co/mp3-preview/18f38c0b486a4b3a77b20180d4d1bbd987227dfd?cid=9950ac751e34487dbbe027c4fd7f8e99","false","68","BRXCR0900005","spotify:user:316ye5nphj2c6qd5zczz6wspr4te","2026-09-16T16:20:58Z"
"spotify:track:2e2J0gYhBEacqZQPiUUmdd","RELAÇÃO 👩‍❤️‍👨","spotify:artist:2h5Ha0ZiMFmOQD3iYcSXsy, spotify:artist:27azwwkxutWL1BWMkgNIh0, spotify:artist:0KcbRunfjZHfwEnEgd1Dy6, spotify:artist:0PNcEYeVDBqbywI00Y3ANT","KayBlack, Vulgo FK, Murillo e LT no Beat, Honaiser","spotify:album:4bJZgUcP13Q7LEswwYrDxR","FKAY","spotify:artist:2h5Ha0ZiMFmOQD3iYcSXsy, spotify:artist:27azwwkxutWL1BWMkgNIh0","KayBlack, Vulgo FK","2025-11-25","https://i.scdn.co/image/ab67616d0000b27375bd9c7656d9a33f0f6ece0f","1","5","209000","https://p.scdn.co/mp3-preview/c05c908b99e175c5788dc22227b2dec76ce465e9?cid=9950ac751e34487dbbe027c4fd7f8e99","false","60","BRWMB2501579","spotify:user:316ye5nphj2c6qd5zczz6wspr4te","2026-09-16T20:33:28Z"
"spotify:track:3QA7VF91ehKfoYEDa5wcJb","Mina do Condomínio","spotify:artist:0i1s9WcIu0PrUvHzALgofo","Seu Jorge","spotify:album:2JRqsbVt2EIKGszojQ8mu4","America Brasil","spotify:artist:0i1s9WcIu0PrUvHzALgofo","Seu Jorge","2007-01-01","https://i.scdn.co/image/ab67616d0000b273fc38471df4d724849e8726cc","1","5","400626","https://p.scdn.co/mp3-preview/e8813fc4af1bb3306d762cd2db62780f23b2acef?cid=9950ac751e34487dbbe027c4fd7f8e99","false","70","BRF280700002","spotify:user:316ye5nphj2c6qd5zczz6wspr4te","2026-09-16T21:21:31Z"
"spotify:track:2qcSN7Mhg5Pq1erd1O5ebK","SE ENVOLVE","spotify:artist:6TPJK8tv3AKKSsw0lENTQk, spotify:artist:4YqwRbMLqGHRHLS1w2ZKse, spotify:artist:3prRKGJz16RRMRSIM97nHw","Nagalli, Veigh, Supernova Ent","spotify:album:5lxnAXkn1mXv4LQSrnVtGW","MAGIC SHOW","spotify:artist:6TPJK8tv3AKKSsw0lENTQk, spotify:artist:3prRKGJz16RRMRSIM97nHw","Nagalli, Supernova Ent","2024-04-25","https://i.scdn.co/image/ab67616d0000b2734b5ceb2515a32f3115323ae8","1","8","129927","https://p.scdn.co/mp3-preview/4c3b13ca0b5dcaf98453d35cb7c33cf0d114a634?cid=9950ac751e34487dbbe027c4fd7f8e99","true","57","BKSUV2400020","spotify:user:316ye5nphj2c6qd5zczz6wspr4te","2026-09-16T21:24:28Z"
"spotify:track:6SCqMl5aQcHQnMspvyddNk","Saca da Twin","spotify:artist:1mV9h1AwhRXSjBFcYpajgY, spotify:artist:03PnQHlbH5nDDVX3hNg628, spotify:artist:6aoGgTKGqtsjj48ymcNs4Z, spotify:artist:7GXgrgtdo5kqKhsx4jfbhH","Mc Lele JP, Dj GM, MC Tuto, Gudy","spotify:album:6SGUHjgNrHjyH98flbofUe","Saca da Twin","spotify:artist:1mV9h1AwhRXSjBFcYpajgY, spotify:artist:03PnQHlbH5nDDVX3hNg628, spotify:artist:6aoGgTKGqtsjj48ymcNs4Z","Mc Lele JP, Dj GM, MC Tuto","2025-02-28","https://i.scdn.co/image/ab67616d0000b2730ecb8cdaeda44d3297f16bcf","1","1","238032","https://p.scdn.co/mp3-preview/212be2079b4943807517c25427e550f85d3cc311?cid=9950ac751e34487dbbe027c4fd7f8e99","false","67","BCGWP2500005","spotify:user:316ye5nphj2c6qd5zczz6wspr4te","2026-09-17T19:42:38Z"
"spotify:track:2l3qol4Ji7laBQtGxzJguJ","Ela Vem - SET DJ NENE","spotify:artist:5s27i7oqhNWIcE4HeoVdq0, spotify:artist:75i9GaW2MJUgt4BkdUnuUY, spotify:artist:5pBMkZNIlbGTH3hrsQJqAa, spotify:artist:1mV9h1AwhRXSjBFcYpajgY, spotify:artist:5iR3NEmAFbIBa7v8y3fRbM","MC GP, MC Ryan SP, Mc Kevin, Mc Lele JP, Dj Nene","spotify:album:2pkEakdCfLAEPR8GbM1xcI","Ela Vem (SET DJ NENE)","spotify:artist:0LyfQWJT6nXafLPZqxe9Of","Vários intérpretes","2020-03-31","https://i.scdn.co/image/ab67616d0000b273954a0e2bf4d90cc42b140ceb","1","1","282352","https://p.scdn.co/mp3-preview/6012ad111ae697de46bfdd7c05515fa2044bf3e1?cid=9950ac751e34487dbbe027c4fd7f8e99","true","68","BXG6R2001240","spotify:user:316ye5nphj2c6qd5zczz6wspr4te","2026-09-19T04:23:58Z"
"spotify:track:38Ps9Kui6qJjpVqdBOfN5M","P do Pecado - Ao Vivo","spotify:artist:6vTqEFbTtTRJsuIpzZgjxi, spotify:artist:2eK9gcJQ6uqVvJL63dnOM3","Grupo Menos É Mais, Simone Mendes","spotify:album:530bw7EzQLkhNq2zzD4ppi","MOLHO (Ao Vivo)","spotify:artist:6vTqEFbTtTRJsuIpzZgjxi","Grupo Menos É Mais","2025-10-16","https://i.scdn.co/image/ab67616d0000b273c89ff3434d85f33354c929b8","1","1","192367","https://p.scdn.co/mp3-preview/a272a1a5472f176619d94abf8b1a6e2780ab1220?cid=9950ac751e34487dbbe027c4fd7f8e99","false","78","BRRGE2500260","spotify:user:316ye5nphj2c6qd5zczz6wspr4te","2026-09-21T18:49:37Z"
"spotify:track:6l1U4fX41XmzZfi67q9i8X","Capricorniana","spotify:artist:4CjwZ3c0XNrtf2JkXV0Ss6, spotify:artist:7wQO16n82QaPAnxFkAGIFt","Mc Lzyn, DJ DuBom","spotify:album:3exXrNMJ6fvuLZyTZcnwb1","Capricorniana","spotify:artist:4CjwZ3c0XNrtf2JkXV0Ss6, spotify:artist:7wQO16n82QaPAnxFkAGIFt","Mc Lzyn, DJ DuBom","2023-03-31","https://i.scdn.co/image/ab67616d0000b273082cb34f21936a587b1d8caa","1","1","170181","https://p.scdn.co/mp3-preview/7cb499ced90d093d6b9fdd5d19e02921b75a280d?cid=9950ac751e34487dbbe027c4fd7f8e99","true","63","BC3PG2303886","spotify:user:316ye5nphj2c6qd5zczz6wspr4te","2026-09-21T19:24:34Z"
"spotify:track:6S2i0NlITbGZw8ltpUkwO7","Amanhecer","spotify:artist:1YOVBTvznjiDvtAj4ExHeo, spotify:artist:2eKpDydKIHp3fkST2ZDB8s, spotify:artist:6IRQqK4ODeABKC4kLRoiHe","BK, Nansy Silvvz, Gigantes","spotify:album:1vNlE8yT5AAswQPy8jCHlV","ICARUS","spotify:artist:1YOVBTvznjiDvtAj4ExHeo, spotify:artist:6IRQqK4ODeABKC4kLRoiHe, spotify:artist:2eYGPD8O1chWmQ92TvdtCW","BK, Gigantes, JXNV$","2022-11-17","https://i.scdn.co/image/ab67616d0000b273a4362ef6429c2c80ff0cfc05","1","13","211786","https://p.scdn.co/mp3-preview/c378838ae1e9a6737e9e9e7d28aa01e8c4c42590?cid=9950ac751e34487dbbe027c4fd7f8e99","false","76","BXA5K2200007","spotify:user:316ye5nphj2c6qd5zczz6wspr4te","2026-09-22T00:53:56Z"
