Track URI,Track Name,Album Name,Artist Name(s),Release Date,Duration (ms),Popularity,Explicit,Added By,Added At,Genres,Record Label,Danceability,Energy,Key,Loudness,Mode,Speechiness,Acousticness,Instrumentalness,Liveness,Valence,Tempo,Time Signature
spotify:track:2HzLEPWKXcfpwfmEIUURHo,"Qual é seu desejo?","Qual é seu desejo?","Tz da Coronel;Ryu, The Runner;Nagalli;Cúpula",2024-02-29,153429,61,true,31iyzpt6ozhhinwi72azy6ryb6lu,2024-04-04T02:45:14Z,"trap brasileiro,trap funk,trap,hip hop brasileiro","Cúpula",0.843,0.539,5,-4.376,0,0.0405,0.476,0,0.115,0.729,133.014,4
spotify:track:1axjkneyMaY05Vtbm0iodX,"Cheiro de Sexo","Cheiro de Sexo","Tz da Coronel;meLLo",2023-10-17,148525,32,true,31iyzpt6ozhhinwi72azy6ryb6lu,2024-04-04T02:45:17Z,"trap brasileiro,trap funk,trap,hip hop brasileiro","Cúpula",0.767,0.535,6,-8.757,0,0.124,0.186,0,0.206,0.54,131.987,4
spotify:track:5poQXGnGdCQgk62Qgsm5cn,"Faz Uns Dias / Jeito Que Te Faço Poderosa","O Cara Do Momento","MC PH;TrapLaudo;Murillo e LT no Beat;Solanno;011Frank;Mc IG;Prado",2023-11-29,277590,65,true,31iyzpt6ozhhinwi72azy6ryb6lu,2024-04-04T02:45:20Z,"funk,trap funk,funk consciente,trap brasileiro,hip hop brasileiro","GR6 Music",0.511,0.502,3,-4.708,0,0.0578,0.809,0.0000271,0.198,0.848,110.863,5
spotify:track:1aDGzQHWNCMy3pF1Stqjk7,"Celine","Perdas & Ganhos","Vulgo FK;KayBlack;WEY;Pedro Lotto;Wall Hein",2023-07-14,162506,65,false,31iyzpt6ozhhinwi72azy6ryb6lu,2024-04-04T02:45:21Z,"trap brasileiro,trap funk,trap,funk,hip hop brasileiro","Som Livre",0.641,0.43,0,-10.128,0,0.0547,0.347,0,0.1,0.301,120.141,4
spotify:track:0zTZONeg1hFNplaZGc7siE,"Não faz isso Comigo não","É o Trem!","Tz da Coronel;CalliCartel;Victor WAO",2022-03-11,120046,59,false,31iyzpt6ozhhinwi72azy6ryb6lu,2024-04-04T02:45:21Z,"trap brasileiro,trap funk,trap,hip hop brasileiro","CalliCartelRecords",0.821,0.38,2,-10.364,1,0.05,0.0822,0.00000398,0.2,0.155,120.033,4
spotify:track:6cRyy0XvzIdbSNzjYAOoFf,"zumzumzum","zumzumzum","Teto",2024-01-31,150000,59,true,31iyzpt6ozhhinwi72azy6ryb6lu,2024-04-04T02:45:22Z,"trap brasileiro,trap,trap funk,hip hop brasileiro","30PRAUM",0.849,0.521,8,-7.287,0,0.474,0.409,0,0.322,0.364,80.001,4
spotify:track:3pC5Zki978Ey1MdFDXd7wj,"Celebridade","Celebridade","Orochi;Kizzy",2020-03-27,231272,69,true,31iyzpt6ozhhinwi72azy6ryb6lu,2024-04-04T02:45:24Z,"trap brasileiro,hip hop brasileiro,trap funk,trap","Mainstreet Records",0.598,0.578,4,-7.639,0,0.176,0.812,0.00000155,0.11,0.454,109.883,4
spotify:track:6a35UETcJteB4oVCSFoAqr,"Perfeita","Um Toque de Malandragem","MC Ryan SP;Orochi;MC Hariel;DJ BOY;Oruam",2023-09-12,277411,58,false,31iyzpt6ozhhinwi72azy6ryb6lu,2024-04-04T02:45:25Z,"funk,funk consciente,trap funk,trap brasileiro,hip hop brasileiro,trap","WM Brazil",0.83,0.502,7,-5.605,0,0.322,0.546,0,0.119,0.447,113.788,5
spotify:track:6XSTDJMW7yUr4Zuzyr4Ht6,"Lenda","Amor e Ódio","Borges;Filipe Ret;TkN;Mindu",2023-12-13,192000,59,true,31iyzpt6ozhhinwi72azy6ryb6lu,2024-04-04T02:45:25Z,"trap brasileiro,trap,trap funk,hip hop brasileiro","Mainstreet Records",0.739,0.593,1,-5.855,0,0.0925,0.354,0,0.107,0.643,139.984,4
spotify:track:4ML8zKHATI6s31xmdQD0Qa,"Ela joga no 7","Dacoromode","Tz da Coronel;MC Ryan SP;KayBlack;Dj Murillo e LT no Beat;Cúpula",2023-10-18,200039,61,false,31iyzpt6ozhhinwi72azy6ryb6lu,2024-04-04T02:45:27Z,"trap brasileiro,trap funk,trap,hip hop brasileiro,funk,funk consciente","Cúpula",0.604,0.454,0,-8.525,0,0.177,0.309,0,0.321,0.83,119.872,4
spotify:track:3l5VjEAeUTqrlD50iEo8Yn,"Licor 43","Licor 43","KayBlack;CVSTRO;Wall Hein;AMUSIK",2022-04-28,142470,71,true,31iyzpt6ozhhinwi72azy6ryb6lu,2024-04-04T02:45:29Z,"trap brasileiro,trap funk,trap,hip hop brasileiro","Elenko Music",0.66,0.388,7,-10.104,0,0.296,0.611,0,0.243,0.311,90.009,4
spotify:track:4m8kG46clzxMxyrDuFo1Uq,"Horas Iguais","Horas Iguais","WIU;Oruam",2022-10-05,246942,68,false,31iyzpt6ozhhinwi72azy6ryb6lu,2024-04-04T02:45:29Z,"trap brasileiro,trap,trap funk,hip hop brasileiro,funk","Sony Music Entertainment",0.796,0.618,6,-5.295,1,0.0387,0.229,0,0.0737,0.353,120.987,4
spotify:track:4s2yKemk3Fu1UMD5cU5UYd,"Tropa do Mais Novo","A Nova Era","Chefin;Vulgo FK;Mainstreet;Ajaxx",2022-07-07,201398,63,true,31iyzpt6ozhhinwi72azy6ryb6lu,2024-04-04T02:45:30Z,"trap brasileiro,trap funk,trap,funk,hip hop brasileiro","Mainstreet Records",0.732,0.517,1,-6.303,0,0.358,0.183,0,0.108,0.647,142.971,4
spotify:track:15MMy5OQqEyGBLkjVSsS9e,"Bokaloka","Bokaloka","DJ BOY;Kako;MC Joãozinho VT;MC Tuto;MC V7;MC Erik;Mc Pê Leal;MC Vine7;Mc Don Juan",2022-10-07,553536,0,true,31iyzpt6ozhhinwi72azy6ryb6lu,2024-04-04T02:45:32Z,"funk consciente,funk,trap funk","Sonar Music",0.71,0.473,4,-4.355,0,0.632,0.631,0,0.216,0.737,109.456,5
spotify:track:2AwpSQRW0iOKlx3AWSUZaf,"Doutora 2","Doutora 2","Mc Kevin;Dj Nene",2020-10-07,206117,67,true,31iyzpt6ozhhinwi72azy6ryb6lu,2024-04-04T02:45:33Z,"funk,funk consciente,trap funk","GR6 Music",0.722,0.565,2,-5.775,0,0.0898,0.0241,0.00000585,0.118,0.471,169.93,4
spotify:track:7pWzcOoDF3ssFLrH5wivif,"Avisa Lá, Pt.3","Avisa Lá, Pt.3","Mc Kelvinho;MC Ryan SP;DJ 900;MC Hariel;Kyan;KayBlack;Dj Victor",2021-09-29,338823,61,true,31iyzpt6ozhhinwi72azy6ryb6lu,2024-04-04T02:45:35Z,"funk consciente,funk,trap funk,trap brasileiro,trap,hip hop brasileiro","GR6 Music",0.918,0.383,3,-7.164,0,0.405,0.373,0,0.0717,0.752,113.189,5
spotify:track:1XlFMIer2WxuSUKb43EQID,"Esquadrilha da Fumaça","O Que O Igor Guilherme Anda Pensando ?","Mc IG;MC Menor da VG;MC PH;DJ Oreia;MC Ryan SP",2022-08-24,251707,58,true,31iyzpt6ozhhinwi72azy6ryb6lu,2024-04-04T02:45:37Z,"funk,trap funk,funk consciente,trap brasileiro","GR6 Music",0.637,0.447,11,-8.498,0,0.0977,0.146,0,0.124,0.749,105.155,5
spotify:track:5MGhz9NF41oppyU31Z0dpj,"É o Rei do Sexo","Funktroit","MC Saci;Djonga;DJ Sammer",2023-07-25,140134,44,true,31iyzpt6ozhhinwi72azy6ryb6lu,2024-04-04T02:45:38Z,"funk de bh,funk,hip hop brasileiro,boom bap,trap brasileiro","eumcsaci",0.696,0.516,4,-0.831,1,0.392,0.506,0.0000461,0.103,0.749,82.607,3
spotify:track:21VmGZLEhMu6e8cACBmS2A,"Quem Vai Patrocinar?","Meu Nome Não é Igor %","Mc IG;MC Ryan SP;Kotim",2023-08-31,227294,50,false,31iyzpt6ozhhinwi72azy6ryb6lu,2024-04-04T02:45:38Z,"funk,trap funk,funk consciente","WM Brazil",0.797,0.636,10,-5.26,0,0.479,0.259,0.00000152,0.105,0.765,112.856,5
spotify:track:1xP8x5cee3M2DOZDoKnhwV,"Cheguei No Anonimato","Cheguei No Anonimato","Mc Kevin;Mc IG;MC PH",2019-06-06,168000,67,true,31iyzpt6ozhhinwi72azy6ryb6lu,2024-04-04T02:45:39Z,"funk,funk consciente,trap funk,trap brasileiro","GR6 Music",0.748,0.355,9,-8.267,0,0.241,0.853,0.0000317,0.0875,0.551,45.109,3
spotify:track:4AKsSRxe6z6woOAsXr5gVA,"Coração na Geladeira 2","O Menino Ainda Encanta a Quebrada","Mc Kevin;MC Hariel;DJ Jorgin",2023-07-14,144000,59,false,31iyzpt6ozhhinwi72azy6ryb6lu,2024-04-04T02:45:40Z,"funk,funk consciente,trap funk","WMD",0.622,0.662,11,-5.46,0,0.108,0.654,0,0.0736,0.801,89.858,4
spotify:track:2Nkd6eJ3SnbUjWG7aoALkk,"Banco do carona (feat. Gabb MC, MC Joãozinho VT, MC Marks, MC Vine7 & Mc Robs)","As Melhores do MC Don Juan","Mc Don Juan;Kako;DJ BOY;Gabb MC;MC Joãozinho VT;MC Marks;MC Vine7;Mc Robs",2024-02-09,450410,58,false,31iyzpt6ozhhinwi72azy6ryb6lu,2024-04-04T02:45:42Z,"funk,funk consciente,trap funk","Warner Music Group - X5 Music Group",0.864,0.445,6,-6.771,1,0.286,0.668,0,0.116,0.794,145.992,4
spotify:track:7m1XHClMNEKjDh1EinoTlo,"Deixou Pra Lá","Isolado No Quarto 2.0","Mc Kevin;Dj Nene",2021-12-03,246575,66,false,31iyzpt6ozhhinwi72azy6ryb6lu,2024-04-04T02:45:43Z,"funk,funk consciente,trap funk","WMD",0.564,0.797,9,-2.419,0,0.0639,0.138,0,0.0977,0.481,146.048,4
spotify:track:1TL33F4bcT9fZPSqvUbFV5,"Carro Forte","Dono das Esquinas","BIN;MC Cabelinho;Mainstreet;Dallass",2021-09-29,240000,62,false,31iyzpt6ozhhinwi72azy6ryb6lu,2024-04-04T02:45:44Z,"trap brasileiro,hip hop brasileiro,trap funk,trap,funk consciente","Mainstreet Records",0.44,0.725,5,-4.73,1,0.185,0.162,0,0.149,0.596,184.357,3
spotify:track:2hu1nbvST1AFS7BNqjLK0W,"Peças De Griffe","Trap Funk Star","Menor MC;DJ Matt D;Oruam",2022-08-30,206068,60,false,31iyzpt6ozhhinwi72azy6ryb6lu,2024-04-04T02:45:46Z,"trap brasileiro,trap funk,funk,trap,funk consciente","GREE CASSUA",0.829,0.342,2,-9.825,1,0.534,0.478,0,0.179,0.384,130.964,4
spotify:track:5SoOozhQ7KZx55I6EzPwVo,"Cicatrizes","Vida Cara","Orochi;Kizzy;jess beats",2023-01-09,194594,63,true,31iyzpt6ozhhinwi72azy6ryb6lu,2024-04-04T02:45:48Z,"trap brasileiro,hip hop brasileiro,trap funk,trap","Mainstreet Records",0.388,0.453,6,-8.655,0,0.134,0.754,0,0.1,0.322,75.229,4
spotify:track:6b7bKdjQVs3Dzeqoz2s7uN,"Deixa Chapar","Lobo","Orochi;Kizzy;Mainstreet",2021-04-29,219230,69,true,31iyzpt6ozhhinwi72azy6ryb6lu,2024-04-04T02:45:49Z,"trap brasileiro,hip hop brasileiro,trap funk,trap","Mainstreet Records",0.502,0.561,10,-7.492,0,0.0618,0.616,0.000374,0.119,0.344,119.981,4
spotify:track:6EOLDQz2rjwpZ2M5rApgH4,"Superficial","Contradições","KayBlack;Marquinho no Beat;Wall Hein;Yokame",2023-03-31,136464,61,false,31iyzpt6ozhhinwi72azy6ryb6lu,2024-04-04T02:45:49Z,"trap brasileiro,trap funk,trap,hip hop brasileiro,funk","WM Brazil",0.626,0.386,0,-9.107,0,0.396,0.113,0,0.11,0.435,186.141,3
spotify:track:1DPa9uuVDMUeGKNZQCgoQx,"EU TE AVISEI","LITTLE HAIR","MC Cabelinho;Dallass",2021-12-20,186240,56,true,31iyzpt6ozhhinwi72azy6ryb6lu,2024-04-04T02:45:51Z,"trap brasileiro,trap funk,trap,hip hop brasileiro,funk consciente","MC Cabelinho",0.704,0.703,1,-5.172,1,0.0665,0.415,0,0.226,0.43,125.159,4
spotify:track:4v6TGGmgoJC3P2gqToqJLr,"Close Friends","Virus Love","Caio Luccas;NADAMAL;L7NNON;Teto;Rocco;Viper;A$IX",2023-06-12,232195,53,true,31iyzpt6ozhhinwi72azy6ryb6lu,2024-04-04T02:45:52Z,"trap brasileiro,trap funk,trap,hip hop brasileiro,funk carioca","NadamalRecords",0.813,0.583,1,-4.977,0,0.055,0.572,0,0.218,0.579,122.95,4
spotify:track:3XMIEYJFHxHilIhTu1RT21,"tipo, sonho de consumo!","UM Quebrada Inteligente","Kyan;Mu540;Tasha & Tracie",2023-07-13,147692,0,true,31iyzpt6ozhhinwi72azy6ryb6lu,2024-04-04T02:45:54Z,"trap brasileiro,trap funk,trap,hip hop brasileiro","UM Quebrada Inteligente",0.69,0.852,1,-3.688,0,0.484,0.566,0,0.0618,0.89,129.943,4
spotify:track:5i5UVJZdZBE1J0G0n003KQ,"Tudo Que Eu Faço","Virus Love","Caio Luccas;NADAMAL;Oruam;Mozin;Tkd",2023-06-12,183652,59,true,31iyzpt6ozhhinwi72azy6ryb6lu,2024-04-04T02:45:55Z,"trap brasileiro,trap funk,trap,hip hop brasileiro,funk","NadamalRecords",0.703,0.665,8,-5.052,0,0.0621,0.291,0,0.132,0.443,115.246,4
spotify:track:1JY0M9yLPgv9VChWoCunYX,"Sem Compaixão","Vetin","Leviano;MC Cabelinho",2023-11-28,202451,55,true,31iyzpt6ozhhinwi72azy6ryb6lu,2024-04-04T02:45:55Z,"trap brasileiro,trap,trap funk,hip hop brasileiro,funk consciente","Virgin Music Label And Artist Services (S&D)",0.92,0.568,8,-3.738,1,0.0908,0.106,0,0.0676,0.543,118.943,4
spotify:track:6lAt4KOlD5lXDMgC59j3w1,"Nota Dó","Dacoromode","Tz da Coronel;Kawe;DJ DuBom;Vulgo FK;Cúpula",2023-10-18,202550,47,true,31iyzpt6ozhhinwi72azy6ryb6lu,2024-04-04T02:45:57Z,"trap brasileiro,trap funk,trap,hip hop brasileiro,funk","Cúpula",0.829,0.556,10,-6.04,0,0.0679,0.278,0,0.103,0.671,109.982,4
spotify:track:0x4Hiy4evh6K0fkhIsEE9s,"Assault (Joias no Pulso)","Assault (Joias no Pulso)","Orochi;Oruam;Mc Poze do Rodo;Borges;Chefin",2023-04-06,274015,52,true,31iyzpt6ozhhinwi72azy6ryb6lu,2024-04-04T02:45:58Z,"trap brasileiro,hip hop brasileiro,trap funk,trap,funk,funk consciente","Mainstreet",0.51,0.555,7,-7.515,0,0.312,0.017,0,0.149,0.406,126.828,4
spotify:track:6iKT8x1sTotyl1ye0lgD5I,"Gucci, Prada","Gucci, Prada","Oruam;Borges;Chefin;Ajaxx",2023-01-25,184421,49,true,31iyzpt6ozhhinwi72azy6ryb6lu,2024-04-04T02:45:59Z,"trap funk,trap brasileiro,funk,trap,hip hop brasileiro","Mainstreet Records",0.772,0.679,1,-4.602,0,0.191,0.0729,0,0.0851,0.654,94.809,4
spotify:track:4V43mdZCFdpZvdDoUHpHUZ,"Bandana 2","Dos Prédios","Veigh;Rocco;Nagalli;Supernova Ent;Yunk Vino;Lp067",2022-11-18,132923,62,true,31iyzpt6ozhhinwi72azy6ryb6lu,2024-04-04T02:46:02Z,"trap brasileiro,trap funk,trap,hip hop brasileiro","Supernova Entertainment",0.788,0.432,4,-7.858,0,0.0473,0.282,0,0.142,0.185,129.953,4
spotify:track:3yJPPXZi4RINC7MC2cqYmR,"Vetin","Vetin","Leviano;Borges;Orochi;Tz da Coronel",2023-11-28,263709,49,true,31iyzpt6ozhhinwi72azy6ryb6lu,2024-04-04T02:46:07Z,"trap brasileiro,trap,trap funk,hip hop brasileiro","Virgin Music Label And Artist Services (S&D)",0.797,0.491,8,-5.671,1,0.0858,0.0783,0,0.109,0.298,124.075,4
spotify:track:6MAmqRj8wEiIULizWgEBd9,"Mágoa e Rancor (feat. Portugal No Beat)","Um Toque de Malandragem","MC Ryan SP;KayBlack;MC Caverinha;Portugal No Beat;Vulgo FK",2023-09-12,215520,43,false,31iyzpt6ozhhinwi72azy6ryb6lu,2024-04-04T02:46:08Z,"funk,funk consciente,trap funk,trap brasileiro,trap,hip hop brasileiro","WM Brazil",0.775,0.513,1,-6.466,0,0.113,0.465,0,0.107,0.579,125.111,4
spotify:track:1lT7k7RXpNR39SpLwYAD9E,"Saint Laurent","Saint Laurent","Lil Kid 777;CJota;MC PH;Mc IG",2023-03-28,174853,49,true,31iyzpt6ozhhinwi72azy6ryb6lu,2024-04-04T02:46:13Z,"trap funk,funk,trap brasileiro,funk consciente,trap","GR6 Music",0.787,0.451,0,-8.281,0,0.39,0.28,0,0.0931,0.769,139.782,4
spotify:track:4IavDOfEOKg8zzdfCx9TmJ,"NA ONDA","MUITA ONDA","MC Maneirinho;NADAMAL;MC Cabelinho;AJ Wav",2022-10-31,150508,60,true,31iyzpt6ozhhinwi72azy6ryb6lu,2024-04-04T02:46:17Z,"trap brasileiro,trap funk,funk,funk carioca,funk consciente,trap,hip hop brasileiro","NadamalRecords",0.661,0.588,10,-6.666,0,0.0389,0.414,0.000012,0.199,0.424,117.939,4
spotify:track:3zrAPsfxf957oS161JlnKM,"Espelho","Chora Agora, Ri Depois","MC Hariel;Gaab",2020-05-01,234000,62,false,31iyzpt6ozhhinwi72azy6ryb6lu,2024-04-04T02:46:20Z,"funk,funk consciente,trap funk,pagode","GR6 Music",0.877,0.532,7,-7.935,1,0.107,0.351,0,0.0787,0.662,135.969,4
spotify:track:0vy51G7oHHjUvIIklBpquR,"Tóxica só que vicia","O mesmo que rimava na roda","Thiago Kelbert;CJota;Cave",2022-10-28,189718,50,true,31iyzpt6ozhhinwi72azy6ryb6lu,2024-04-04T02:46:21Z,"trap brasileiro,hip hop brasileiro,trap,trap funk","Thiago Kelbert",0.771,0.493,4,-6.744,0,0.0708,0.292,0,0.088,0.326,123.939,4
spotify:track:18kwZPjom1rUAoJgOCUsW9,"Homenagem aos Relíquias (feat. Menor MC, MC Vinny, MC Julio D.E R., MC Leozinho ZS, Makalo)","Homenagem aos Relíquias","DJ Matt D;Mc Lipi;MC Lemos;Menor MC;MC Vinny;MC Julio D.E R.;MC Leozinho ZS;Makalo",2020-08-07,303769,0,false,31iyzpt6ozhhinwi72azy6ryb6lu,2024-04-04T02:46:22Z,"funk,funk consciente,trap funk,trap brasileiro,trap","Satélite Funk",0.906,0.641,3,-2.875,0,0.308,0.0935,0,0.0551,0.678,129.987,4
spotify:track:1YgRhGSIFlek65mUniq27Z,"Cupido","Chora Agora, Ri Depois","MC Hariel",2020-05-01,161916,65,true,31iyzpt6ozhhinwi72azy6ryb6lu,2024-04-04T02:46:24Z,"funk,funk consciente,trap funk","GR6 Music",0.74,0.467,4,-6.654,0,0.378,0.242,0,0.0797,0.674,174.214,4
spotify:track:2E3XCbETX40q6k85K2ViND,"Antes do Sol Nascer","Celebridade","Orochi;Kizzy;PL Quest;Shok",2020-03-27,229333,68,true,31iyzpt6ozhhinwi72azy6ryb6lu,2024-04-04T02:46:24Z,"trap brasileiro,hip hop brasileiro,trap funk,trap,funk,funk carioca","Mainstreet Records",0.619,0.483,9,-7.973,0,0.0294,0.189,0,0.133,0.304,134.755,4
spotify:track:0C1cJj3ZNCS75sojrcMhZV,"Revoada do Tubarão","Revoada do Tubarão","MC Ryan SP;Mc Kevin;Mc IG;MC Rick;Mc Brisola;Mc Davi;Dfideliz;MC Dricka;Mc Vk;Mc Brinquedo;MC Paulin da Capital",2020-09-11,573333,63,true,31iyzpt6ozhhinwi72azy6ryb6lu,2024-04-04T02:46:25Z,"funk,funk consciente,trap funk,funk de bh,trap brasileiro,hip hop brasileiro,trap,brega funk","GR6 Music",0.889,0.821,8,-2.415,1,0.184,0.265,0,0.0949,0.732,90.014,4
spotify:track:1dMUsdVtoSLVkaJVMBk8Rk,"Ela se Envolve","Ela se Envolve","MC GP;DJ Japa NK;WHITE NO BEAT",2023-04-28,144043,56,true,31iyzpt6ozhhinwi72azy6ryb6lu,2024-04-04T02:46:27Z,"funk,funk consciente,trap funk","MC GP NOVA ERA",0.609,0.518,9,-3.877,1,0.587,0.608,0,0.312,0.353,86.752,5
spotify:track:6Oj0oJD4feRnzrAbcYqURl,"Lá no PPG","RICKNELSO","MC Rick;MC Cabelinho;Mc Leozin;Dj Win",2023-11-03,165230,50,true,31iyzpt6ozhhinwi72azy6ryb6lu,2024-04-04T02:46:28Z,"funk,funk de bh,trap funk,trap brasileiro,trap,hip hop brasileiro,funk consciente","GR6 Music",0.786,0.572,5,-3.765,0,0.0692,0.579,0,0.0938,0.616,129.89,4
spotify:track:22p1f7rHf3dDveLVyot0eY,"Noite Paulista","O Que O Igor Guilherme Anda Pensando ?","Mc IG;Mc Paiva ZS;MC PH;MC Ryan SP;Mc Luki;Gabb MC",2022-08-24,323855,60,true,31iyzpt6ozhhinwi72azy6ryb6lu,2024-04-04T02:46:29Z,"funk,trap funk,funk consciente,funk carioca,trap brasileiro","GR6 Music",0.717,0.675,6,-4.451,0,0.0977,0.807,0,0.229,0.799,165.964,4
spotify:track:0bvLxd9bUAYGKkpMYdR60F,"Mal Caminho","Mal Caminho","DJ JOAO DA INESTAN;Mc J Mito;Dj Tg Da Inestan;MC LORIN DA ZL",2022-02-18,155076,59,true,31iyzpt6ozhhinwi72azy6ryb6lu,2024-04-04T02:46:32Z,"funk de bh,funk","DjJoaoDaInestan",0.732,0.467,7,-5.1,0,0.499,0.716,0,0.0892,0.414,76.195,5
spotify:track:4DhDNNhIDdduS6nZMbSMbs,"Amantes da Foda","Amantes da Foda","Mc Rodrigo do CN;DJ JOAO DA INESTAN",2022-03-25,81230,71,true,31iyzpt6ozhhinwi72azy6ryb6lu,2024-04-04T02:46:33Z,"funk,funk de bh,funk carioca","Mc Rodrigo Do CN",0.862,0.186,9,-4.745,1,0.443,0.781,0,0.146,0.852,86.58,5
spotify:track:3O2wrDL7nnSDZOrdZqxyoY,"Noite Fria","Ninguém Tá Puro!","Mc IG;MC Pipokinha;DJ Glenner",2023-03-15,160975,63,true,31iyzpt6ozhhinwi72azy6ryb6lu,2024-04-04T02:46:35Z,"funk,trap funk,funk consciente","GR6 Music",0.76,0.435,6,-5.883,1,0.222,0.326,0,0.0679,0.451,81.653,4
spotify:track:3d1im1pw3WLuEty2k9XzTr,"Clickbait","Dos Prédios Deluxe","Veigh;Niink;Bvga Beatz;JHXW;Supernova Ent",2023-05-19,161344,64,true,31iyzpt6ozhhinwi72azy6ryb6lu,2024-04-04T02:46:37Z,"trap brasileiro,trap funk,trap,hip hop brasileiro","Supernova Entertainment Under Exclusive License to UnitedMasters",0.899,0.544,0,-6.674,0,0.32,0.391,0,0.138,0.753,119.022,4
spotify:track:6kNZdlmjH4BQnSUfHeJIuc,"Let's Go 3 (feat. MC Marks, Mc Don Juan, MC PH, Mc Luki, Mc Paiva ZS, MC GP & Makalo)","Let's Go 3 (feat. MC Marks, Mc Don Juan, MC PH, Mc Luki, Mc Paiva ZS, MC GP & Makalo)","Dj GBR;Mc IG;MC Ryan SP;MC Marks;Mc Don Juan;MC PH;Mc Luki;Mc Paiva ZS;MC GP;Makalo",2022-10-28,508586,60,false,31iyzpt6ozhhinwi72azy6ryb6lu,2024-04-04T02:46:37Z,"funk,trap funk,funk consciente,trap brasileiro,funk carioca","Sony Music Entertainment",0.791,0.681,5,-7.087,0,0.361,0.0522,0,0.116,0.9,86.988,4
spotify:track:2xs2TwrlfamtW0DQqId0M5,"Set Dj Boy 3.0","Set Dj Boy 3.0","DJ BOY;Mc Don Juan;MC Joãozinho VT;Kako;MC Hariel;MC Tuto;MC Marks;MC Vine7",2023-05-05,409411,63,true,31iyzpt6ozhhinwi72azy6ryb6lu,2024-04-04T02:46:40Z,"funk consciente,funk,trap funk","Sonar Music",0.81,0.589,9,-4.982,0,0.372,0.486,0,0.104,0.741,113.487,5
spotify:track:3Ci8V9ys9v7TPYyNt5WWqg,"Let's Go 2 (feat. MC Hariel, Mc Kadu, MC Marks, Mc Don Juan, Mc Luki & MC PH)","Let's Go 2 (feat. MC Hariel, Mc Kadu, MC Marks, Mc Don Juan, Mc Luki & MC PH)","Dj GBR;Mc IG;MC Ryan SP;MC Hariel;Mc Kadu;MC Marks;Mc Don Juan;Mc Luki;MC PH",2022-05-26,486547,59,false,31iyzpt6ozhhinwi72azy6ryb6lu,2024-04-04T02:46:41Z,"funk,trap funk,funk consciente,trap brasileiro","Sony Music Entertainment",0.602,0.689,4,-5.443,0,0.488,0.143,0,0.12,0.825,173.947,4
spotify:track:1N6oQPKuRss4kpl4H2qt8K,"Set Dj Gm 4.0","Set Dj Gm 4.0","Mc Lipi;MC Paulin da Capital;Mc Lele JP;Dj GM;MC Ryan SP;Nego do Borel;Mc Neguinho do ITR;Theus Costa;Mc Piedro;Mc Nathan ZK",2020-10-22,508865,63,false,31iyzpt6ozhhinwi72azy6ryb6lu,2024-04-04T02:46:42Z,"funk consciente,funk,trap funk,funk pop,funk carioca","LoveFunk",0.481,0.803,4,-0.808,0,0.0745,0.34,0,0.2,0.727,100.106,4
spotify:track:39za6I56DBTjr2JBJ2eIdo,"Personnalite","Inferno de Kant (Deluxe)","Kant;Chiocki;Sobs;Sueth;UCLÃ",2022-10-27,208910,63,true,31iyzpt6ozhhinwi72azy6ryb6lu,2024-04-04T02:46:43Z,"trap brasileiro,hip hop brasileiro,trap,trap funk","Kant",0.607,0.602,3,-6.011,0,0.23,0.322,0,0.0907,0.717,125.959,4
spotify:track:5QZEKx4SQOxABjMvcJjrGj,"Nunca Sozinho","Nunca Sozinho","Supernova Ent;Veigh;Nagalli;Rocco",2023-03-03,137102,0,true,31iyzpt6ozhhinwi72azy6ryb6lu,2024-04-04T02:46:45Z,"trap brasileiro,trap,trap funk,hip hop brasileiro","Supernova Ent",0.818,0.701,1,-5.656,0,0.342,0.0605,0,0.485,0.947,139.963,4
spotify:track:0pZIBIJ253pH9gJtXE0Ouf,"Vestido da Fendi","Vestido da Fendi","KayBlack;Marquinho no Beat;Wall Hein",2021-09-09,164203,68,false,31iyzpt6ozhhinwi72azy6ryb6lu,2024-04-04T02:46:46Z,"trap brasileiro,trap funk,trap,hip hop brasileiro,funk","Elenko Music",0.844,0.363,3,-11.099,0,0.442,0.0957,0,0.115,0.626,118.096,4
spotify:track:6jxE4XjFVSKF18kfo7FCl9,"Iphone Branco","Iphone Branco","Borges;L3OZIN;Mainstreet",2022-02-09,137142,62,true,31iyzpt6ozhhinwi72azy6ryb6lu,2024-04-04T02:46:48Z,"trap brasileiro,trap,trap funk,hip hop brasileiro","Mainstreet",0.929,0.561,0,-6.686,1,0.403,0.0907,0,0.188,0.708,139.958,4
spotify:track:0cHflpV8SSGbE0NKaasEfT,"F* F* M*","Imaterial (Deluxe)","Filipe Ret;Dallass",2021-04-22,176000,66,true,31iyzpt6ozhhinwi72azy6ryb6lu,2024-04-04T02:46:50Z,"hip hop brasileiro,trap brasileiro,trap funk,trap","Som Livre",0.866,0.542,4,-7.13,0,0.344,0.651,0,0.09,0.362,119.982,4
spotify:track:6Vgn3IEUkWs3d6og029Gtm,"Mustang Preto","Mustang Preto","Teto",2021-10-10,183000,64,true,31iyzpt6ozhhinwi72azy6ryb6lu,2024-04-04T02:46:51Z,"trap brasileiro,trap,trap funk,hip hop brasileiro","Sony Music Entertainment",0.917,0.52,1,-7.138,1,0.129,0.0473,0,0.086,0.564,111.023,4
spotify:track:2VbKpQWIMRelKmEy8rSCAf,"Set Tatuapé Conceito 2","Set Tatuapé Conceito 2","Kako;MC Erik;MC GP;MC Ryan SP;MC Marks;MC Joãozinho VT;DJ BOY;Dj GM",2022-06-27,406588,57,false,31iyzpt6ozhhinwi72azy6ryb6lu,2024-04-04T02:46:51Z,"funk consciente,funk,trap funk","Sonar Music",0.718,0.644,3,-2.096,0,0.315,0.444,0,0.0884,0.778,113.283,5
spotify:track:4pjznsLeoyimnxGlVpmyJI,"NÉ SEGREDO","NÉ SEGREDO","MC Cabelinho;Victor WAO;Bairro 13",2022-09-19,155771,67,false,31iyzpt6ozhhinwi72azy6ryb6lu,2024-04-04T02:46:56Z,"trap brasileiro,trap funk,trap,hip hop brasileiro,funk consciente","MC Cabelinho",0.654,0.71,3,-5.68,0,0.111,0.619,0,0.218,0.508,103.548,3
spotify:track:3gx9a8ea1nI0Wym9hJpdbJ,"Hino dos Mlks","Hino dos Mlks","BIN;Orochi;Mc Daniel;Caio Passos;Mainstreet",2022-10-17,209032,52,true,31iyzpt6ozhhinwi72azy6ryb6lu,2024-04-04T02:46:59Z,"trap brasileiro,hip hop brasileiro,trap funk,trap,funk,agronejo,funk consciente","Mainstreet Records",0.66,0.586,5,-5.359,0,0.165,0.313,0,0.104,0.792,92.821,4
spotify:track:52EYWdjiulHaehpexuowyh,"FOGO E GASOLINA","LITTLE LOVE","MC Cabelinho;Cyclope Beatz;Red;meLLo",2022-12-20,181767,68,true,31iyzpt6ozhhinwi72azy6ryb6lu,2024-04-04T02:47:00Z,"trap brasileiro,trap funk,trap,hip hop brasileiro,funk consciente","Bairro 13",0.531,0.629,10,-6.378,0,0.108,0.184,0,0.134,0.508,141.562,4
spotify:track:3jrxlhAtoxi83qc76NT9EG,"7 Meiota","LUME","Filipe Ret;MC Cabelinho;MC Maneirinho",2022-06-16,190000,61,true,31iyzpt6ozhhinwi72azy6ryb6lu,2024-04-04T02:47:02Z,"hip hop brasileiro,trap brasileiro,trap funk,trap,funk consciente,funk,funk carioca","Som Livre",0.628,0.67,10,-5.386,0,0.0517,0.0872,0,0.131,0.541,120.02,4
spotify:track:3MGYvpoNOH3Tv5DywjJ0wA,"Dinheiro e Putaria","Nova Moda","Caio Luccas;NADAMAL;Dallass;MC Cabelinho",2022-06-03,193333,62,true,31iyzpt6ozhhinwi72azy6ryb6lu,2024-04-04T02:47:06Z,"trap brasileiro,trap funk,trap,hip hop brasileiro,funk consciente","NadamalRecords",0.677,0.763,5,-3.828,0,0.0539,0.236,0.00000114,0.101,0.607,143.918,4
spotify:track:09q3ImHxfH10Fs6rEJ4G1S,"Met Gala!","É o Trem!","Tz da Coronel;Borges;CalliCartel;Victor WAO",2022-03-11,170000,54,false,31iyzpt6ozhhinwi72azy6ryb6lu,2024-04-04T02:47:08Z,"trap brasileiro,trap funk,trap,hip hop brasileiro","CalliCartelRecords",0.916,0.53,1,-8.869,1,0.142,0.128,0.00000944,0.116,0.429,119.95,4
spotify:track:2bkkpu275WfxZxAfD0AAYL,"Malokeragem","Malokeragem","MC GP;DJ Kaio Mix",2022-05-27,173142,53,true,31iyzpt6ozhhinwi72azy6ryb6lu,2024-04-04T02:47:24Z,"funk,funk consciente,trap funk","Nova Era",0.672,0.34,11,-13.758,0,0.372,0.362,0,0.0967,0.319,139.955,4
spotify:track:5ME83xsz5O9u3A0qhMtKyj,"Jogo do Corinthians","Meu Nome Não é Igor %","Mc IG;Murillo e LT no Beat",2023-08-31,146776,57,true,31iyzpt6ozhhinwi72azy6ryb6lu,2024-04-04T02:47:35Z,"funk,trap funk,funk consciente,trap brasileiro","WM Brazil",0.716,0.422,0,-7.56,0,0.258,0.241,0,0.151,0.646,121.036,4
spotify:track:3Q36LH3rlABCEt4JMLbD8p,"Vergonha pra Mídia (feat. MC Ryan SP & Mc Lele JP)","Vergonha pra Mídia (feat. MC Ryan SP & Mc Lele JP)","Salvador Da Rima;NOG;Mc Kevin;MC Ryan SP;Mc Lele JP",2020-04-01,385357,69,true,31iyzpt6ozhhinwi72azy6ryb6lu,2024-04-04T02:47:37Z,"funk consciente,funk,trap funk,trap brasileiro,hip hop brasileiro","Rap RJ",0.814,0.671,0,-6.813,1,0.297,0.219,0,0.0736,0.593,83.944,4
spotify:track:1i2kguziI3ZbUZnZMKNhQ2,"400K","Ninguém Tá Puro!","Mc IG;DJ Jorgin",2023-03-15,163500,68,false,31iyzpt6ozhhinwi72azy6ryb6lu,2024-04-04T02:47:41Z,"funk,trap funk,funk consciente","GR6 Music",0.768,0.52,5,-5.916,0,0.05,0.347,0,0.0843,0.838,79.97,4
spotify:track:44SHcghjva9vipAIyTvxnw,"Goodnight Menina 2","Ninguém Tá Puro!","Mc IG;DJ Glenner;Fepache",2023-03-15,149052,67,true,31iyzpt6ozhhinwi72azy6ryb6lu,2024-04-04T02:47:43Z,"funk,trap funk,funk consciente","GR6 Music",0.494,0.519,9,-7.039,0,0.165,0.343,0,0.232,0.391,94.914,4
spotify:track:6O9jSv39iYQjUeOA2JoBvg,"Magnata","Magnata","Mc Paiva ZS;Kotim",2021-12-10,119457,57,false,31iyzpt6ozhhinwi72azy6ryb6lu,2024-04-04T02:47:45Z,"funk,trap funk,funk consciente,funk carioca","LOVE FUNK",0.839,0.631,0,-7.134,0,0.119,0.629,0,0.0882,0.514,130.046,4
spotify:track:5qoyC8lcuuQ7s7QmtvLDiV,"Passar de Foguetão","Passar de Foguetão","Mc Don Juan;Mc Kevin;MC Ryan SP;Perera DJ",2021-01-21,247578,63,true,31iyzpt6ozhhinwi72azy6ryb6lu,2024-04-04T02:47:45Z,"funk,funk consciente,trap funk","GR6 Music",0.635,0.352,2,-9.109,1,0.464,0.613,0,0.101,0.151,97.518,4
spotify:track:1eQNfAxNIp3bBTMVOPCIsI,"Pula Catraca","Pula Catraca","Mc Kevin;Dj Nene",2020-04-17,192000,64,false,31iyzpt6ozhhinwi72azy6ryb6lu,2024-04-04T02:47:46Z,"funk,funk consciente,trap funk","GR6 Music",0.784,0.716,2,-3.287,0,0.0786,0.245,0,0.0967,0.195,129.973,4
spotify:track:0dyr2vWp1BXPAGRepsCnJQ,"Hit do Ano - O Peso da Luta","Hit do Ano - O Peso da Luta","MC Hariel;Mc Don Juan;Mc Kevin;MC Leozinho ZS;Mc IG;MC Marks;MC Neguinho do Kaxeta;Mc Vitão Do Savoy;MC Ryan SP;MC Menor da VG;Mc Lele JP;Mc Kelvinho;Perera DJ;DJ Pedro;Djay W;DJ Murillo;LTnoBeat",2021-02-05,744727,63,true,31iyzpt6ozhhinwi72azy6ryb6lu,2024-04-04T02:47:48Z,"funk,funk consciente,trap funk,hip hop brasileiro,boom bap","GR6 Music",0.683,0.429,2,-6.319,0,0.435,0.72,0,0.12,0.416,109.957,5
spotify:track:3IZA1IsJi4VPLxJy858rHn,"Jacaré no Peito","Jacaré no Peito","Mc Paiva ZS;MC Ryan SP;Gabb MC;MC Lemos;MC Leozinho ZS;Oldilla",2022-03-03,259764,48,true,31iyzpt6ozhhinwi72azy6ryb6lu,2024-04-04T02:47:49Z,"funk,trap funk,funk consciente,funk carioca","Love Funk",0.621,0.503,1,-7.141,0,0.11,0.521,0.00000541,0.0559,0.738,113.079,3
spotify:track:3SaBoJ7DpqaZ0W5dU7998H,"Postura de Bandido Mau","Tropa 7Lc","Mc Anjim",2019-12-01,180976,67,true,31iyzpt6ozhhinwi72azy6ryb6lu,2024-04-04T02:47:51Z,"funk de bh,funk","MC Anjim 7Lc",0.566,0.61,8,-3.187,1,0.0816,0.729,0,0.0913,0.65,129.998,4
spotify:track:5vT597y9XW27TDo43Sx5SP,"Predominante","Predominante","Mc Paiva ZS;DJ MAYK",2021-11-19,161333,55,true,31iyzpt6ozhhinwi72azy6ryb6lu,2024-04-04T02:47:52Z,"funk,trap funk,funk consciente,funk carioca","Love Funk",0.799,0.488,10,-9.42,0,0.0883,0.179,0,0.0758,0.699,90.079,4
spotify:track:5SHXAn3kfXh5fwJFUtzqZX,"Tá Querendo","Tá Querendo","Gaab;Gabb MC",2022-10-21,157125,52,true,31iyzpt6ozhhinwi72azy6ryb6lu,2024-04-04T02:47:54Z,"pagode,funk,funk consciente,trap funk","Som Livre",0.767,0.423,7,-4.976,1,0.0626,0.635,0.0000183,0.107,0.849,80.049,4
spotify:track:0xSYfmxbUMj2ZpkM8rQIlh,"Quando A Gente Briga","Quando A Gente Briga","Mc Kevin;Mahogany Beatz;Gaab",2022-01-26,277890,55,false,31iyzpt6ozhhinwi72azy6ryb6lu,2024-04-04T02:47:56Z,"funk,funk consciente,trap funk,pagode","GR6 Music",0.819,0.434,0,-7.942,1,0.126,0.204,0,0.108,0.425,111.923,5
spotify:track:5t2RXNtjGIzKPGiNYSU6FG,"Vida Rasa","442","Orochi;Mainstreet;MC Cabelinho;RUXN;Palma",2024-02-27,125760,56,false,31iyzpt6ozhhinwi72azy6ryb6lu,2024-04-04T02:48:02Z,"trap brasileiro,hip hop brasileiro,trap funk,trap,funk consciente","Mainstreet Records",0.703,0.678,10,-6.244,0,0.0914,0.182,0,0.103,0.314,125.105,4
spotify:track:15I6cAW7N022uQ51FJmRPB,"Assault Monopólio","442","Orochi;Mainstreet;Shenlong;Azevedo;PL Quest;BIN;Borges;RUXN;Kizzy;TkN",2024-02-27,288721,47,false,31iyzpt6ozhhinwi72azy6ryb6lu,2024-04-04T02:48:04Z,"trap brasileiro,hip hop brasileiro,trap funk,trap","Mainstreet Records",0.609,0.656,9,-6.22,1,0.145,0.00476,0,0.142,0.181,132.915,4
spotify:track:5jDiJWKgksOhxvaa5qfRJp,"Modo Esquece","Nova Tendência","MC GP;Dj Victor;Mc IG;TrapLaudo;MC Menor da VG;Lil Kid 777;Aaron Modesto;MC Gui Da Norte;MC Tuto",2023-12-14,520090,65,true,31iyzpt6ozhhinwi72azy6ryb6lu,2024-04-04T02:48:09Z,"funk,funk consciente,trap funk,trap brasileiro","MC GP NOVA ERA",0.637,0.477,9,-6.071,0,0.473,0.649,0,0.0832,0.35,115.715,5
spotify:track:0yZRkiCSy4ra9EykuYyGo0,"Mandona (Se eu te dissesse)","Mandona (Se eu te dissesse)","Vulgo FK;Kyan;Bvga Beatz;Toledo",2023-04-20,127058,67,false,31iyzpt6ozhhinwi72azy6ryb6lu,2024-04-04T02:48:09Z,"trap brasileiro,trap funk,trap,funk,hip hop brasileiro","GR6 Music",0.824,0.45,8,-7.821,0,0.273,0.309,0,0.122,0.802,135.885,4
spotify:track:4sfY9Q4rQKVwxQVKo6v04i,"2023","Perdas & Ganhos","Vulgo FK;MC Ryan SP;Tkd;Bvga Beatz;MATHINVOKER",2023-07-14,178407,57,true,31iyzpt6ozhhinwi72azy6ryb6lu,2024-04-04T02:48:10Z,"trap brasileiro,trap funk,trap,funk,hip hop brasileiro,funk consciente","Som Livre",0.53,0.463,1,-9.158,0,0.229,0.443,0,0.0999,0.556,86.484,4
spotify:track:5ROyrHNiEx9DeZ5SONjVbM,"Terapia","Terapia","Mc Kevin",2020-04-06,212166,72,true,31iyzpt6ozhhinwi72azy6ryb6lu,2024-04-04T02:48:10Z,"funk,funk consciente,trap funk","GR6 Music",0.811,0.52,8,-7.977,1,0.0737,0.534,0.0000484,0.0988,0.692,171.963,4
spotify:track:5brVlCCt8gp4pP0iJOOctj,"Melhor Vibe","Melhor Vibe","MC Ryan SP;Filipe Ret;Caio Luccas;Chefin;Dallass;Rocco",2024-03-20,341408,69,true,31iyzpt6ozhhinwi72azy6ryb6lu,2024-04-04T02:48:11Z,"funk,funk consciente,trap funk,hip hop brasileiro,trap brasileiro,trap","WM Brazil",0.739,0.586,2,-5.644,0,0.153,0.754,0,0.12,0.578,141.829,4
spotify:track:3eTTlwVfTqMEbFfDfdiqcJ,"Tchau Obrigado 2","Tchau Obrigado 2","MC Ryan SP;Mc IG;MC Paulin da Capital;Dj Victor;MC GH do 7;MC GP;Mc Kadu;Mc Kanhoto",2023-09-26,485647,56,false,31iyzpt6ozhhinwi72azy6ryb6lu,2024-04-04T02:48:11Z,"funk,funk consciente,trap funk","WM Brazil",0.857,0.577,7,-6.521,1,0.398,0.82,0,0.0894,0.484,113.165,5
spotify:track:2329XxRFYoAPdQSb4DmjXQ,"Deus, Por favor","Todo Mundo Odeia o IG","Mc IG;Mc Kevin;DJ WN;MC PH",2024-03-21,279000,58,false,31iyzpt6ozhhinwi72azy6ryb6lu,2024-04-04T02:48:12Z,"funk,trap funk,funk consciente,trap brasileiro","WM Brazil",0.715,0.411,8,-8.585,1,0.309,0.162,0,0.104,0.585,82.452,3
spotify:track:1IZmGrAEkq98MxDQCYhtjJ,"Disposição e Atividade","Disposição e Atividade","KayBlack;Wall Hein;Caio Passos;Yokame",2023-10-05,164874,54,false,31iyzpt6ozhhinwi72azy6ryb6lu,2024-04-04T02:48:12Z,"trap brasileiro,trap funk,trap,hip hop brasileiro,funk,funk consciente","WM Brazil",0.738,0.451,8,-11.894,1,0.539,0.193,0,0.09,0.681,189.854,4
spotify:track:6l1U4fX41XmzZfi67q9i8X,"Capricorniana","Capricorniana","Mc Lzyn;DJ DuBom",2023-03-31,170181,63,true,31iyzpt6ozhhinwi72azy6ryb6lu,2024-04-04T02:48:15Z,"funk,trap funk","MR10 e Portuga Records",0.913,0.34,3,-7.807,1,0.134,0.184,0.000077,0.12,0.622,109.946,4
spotify:track:0a3hjvUXenNxbCknm0zpOh,"Olá Mercedes","Olá Mercedes","DJ BOY;MC Tuto;MC Marks;MC Joãozinho VT;MC Vine7;Gabb MC;MC Ryan SP",2023-08-25,395294,62,true,31iyzpt6ozhhinwi72azy6ryb6lu,2024-04-04T02:48:16Z,"funk consciente,funk,trap funk","Sonar Music",0.89,0.488,5,-4.749,0,0.359,0.624,0,0.0956,0.633,113.263,5
spotify:track:5T9QnISeG2Q6Ysu9HbaAzS,"Dialogo","Meu Amigo Diário, Vol. 1 - M.A.D","Yunk Vino;D Santana;Labbel Rec",2023-05-08,141639,62,true,31iyzpt6ozhhinwi72azy6ryb6lu,2024-04-04T02:48:16Z,"trap brasileiro,trap,trap funk,hip hop brasileiro","Yunk Vino Oficial",0.876,0.446,6,-7.988,0,0.0357,0.431,0.0000302,0.118,0.588,121.973,4
spotify:track:2CzIoSG4eDkstyTiXzjryy,"Paladar Infantil","Paladar Infantil","G.A;Bvga Beatz;Supernova Ent;Toledo",2023-07-21,143283,63,true,31iyzpt6ozhhinwi72azy6ryb6lu,2024-04-04T02:48:17Z,"trap brasileiro,trap funk,trap,hip hop brasileiro","G.AZINN",0.856,0.441,5,-6.901,0,0.0862,0.652,0,0.109,0.731,134.08,4
spotify:track:53d5THIukxStMHSJrGOOvu,"7 NOVINHA PRA 2 MLK - BONUS TRACK","Trap The Fato Deluxe","Derek;Emitê Único;Senndy",2023-10-06,180923,54,true,31iyzpt6ozhhinwi72azy6ryb6lu,2024-04-04T02:48:19Z,"trap brasileiro,trap,hip hop brasileiro,trap funk","Universal Music Ltda.",0.806,0.636,1,-4.919,1,0.201,0.00397,0,0.637,0.303,129.991,4
spotify:track:4Fd1cs4q4oA95DmqiPSXhO,"Mantém o Pique","Mantém o Pique","Ryu, The Runner;Neckklace;Salve Crazy",2023-05-12,163880,43,true,31iyzpt6ozhhinwi72azy6ryb6lu,2024-04-04T02:48:19Z,"trap brasileiro,trap,trap funk,hip hop brasileiro","Ryu, the Runner",0.886,0.43,8,-9.155,1,0.249,0.259,0,0.183,0.519,134.048,4
spotify:track:3QOYcmlQz9xu9XRToik7oc,"brinks!","UM Quebrada Inteligente","Kyan;Mu540",2023-07-13,155076,0,true,31iyzpt6ozhhinwi72azy6ryb6lu,2024-04-04T02:48:20Z,"trap brasileiro,trap funk,trap,hip hop brasileiro","UM Quebrada Inteligente",0.637,0.89,10,-3.756,1,0.885,0.627,0,0.0793,0.842,83.925,5
spotify:track:5GV7OpSEb8MPTryL0Q5i6c,"Mtg Quero Te Encontrar","Mtg Quero Te Encontrar","DJ JZ;Humberto & Ronaldo;Mc Mininin;DJ LG PROD;Silvanno Salles",2024-02-23,177230,62,false,31iyzpt6ozhhinwi72azy6ryb6lu,2024-04-04T02:48:24Z,"funk,funk de bh,sertanejo,sertanejo universitário,arrocha,seresta,brega,forró,piseiro","Tropa do Serrão",0.697,0.394,11,-6.446,0,0.214,0.631,0.000127,0.116,0.32,79.573,5
spotify:track:2SBIlsrpaSWsfEFcTSurP7,"Mtg - Rainha do Chupa e Quete","Mtg - Rainha do Chupa e Quete","DJ GUIZIN DA SERRA;MC Marlon PH",2023-09-27,136615,51,true,31iyzpt6ozhhinwi72azy6ryb6lu,2024-04-04T02:48:31Z,"funk de bh,funk,funk bruxaria,funk carioca","Hard Produção",0.639,0.68,4,-0.365,1,0.197,0.641,0.00149,0.128,0.739,161.453,5
spotify:track:2fOF0tKf60xXxCEbnmcbOM,"Mtg - Vai na rola vem na rola","Mtg - Vai na rola vem na rola","DJ Ws da Igrejinha;Mc Magrinho;Mc Alef;MC Myres;Mc Treyce;Mc Gordinho",2022-08-12,180922,0,true,31iyzpt6ozhhinwi72azy6ryb6lu,2024-04-04T02:48:35Z,"funk de bh,funk,funk bruxaria,funk carioca,phonk brasileiro,brega funk","Dalãma registra 2021",0.6,0.711,1,-1.233,1,0.374,0.162,0,0.088,0.883,164.646,5
spotify:track:4jwiF4S20Rc5ribUUTQBnx,"Eu Não Consigo Entender","Three Single","MC Jvila;DJ Torricelli;DJ CARLINHOS",2023-10-23,164410,46,true,31iyzpt6ozhhinwi72azy6ryb6lu,2024-04-04T02:48:42Z,"funk,trap funk,funk consciente","MC JVILA",0.794,0.794,1,-4.717,0,0.417,0.327,0,0.707,0.657,129.606,4
spotify:track:2bwEs5CP234z3SaQkqVLEL,"Pix ou Presente","Pix ou Presente","MC Jvila;DJ Torricelli;Dj Flor;DJ CARLINHOS;DJ KAUE SOUZA",2023-11-29,163141,44,true,31iyzpt6ozhhinwi72azy6ryb6lu,2024-04-04T02:48:46Z,"funk,trap funk,funk consciente","MC JVILA",0.836,0.651,0,-4.723,0,0.161,0.612,0.00000129,0.0933,0.632,129.7,4
spotify:track:5Z9GMt9W6nh3XWQqQIcGoY,"É Isso Bebê, Tá Certa!","É Isso Bebê, Tá Certa!","Mc IG;MC Ryan SP;MC PH;DJ Glenner",2024-03-20,271058,46,true,31iyzpt6ozhhinwi72azy6ryb6lu,2024-04-04T02:51:28Z,"funk,trap funk,funk consciente,trap brasileiro","WM Brazil",0.709,0.635,1,-3.836,0,0.118,0.281,0.0000659,0.08,0.61,170.053,4
spotify:track:7b8DQTeaj2fO7JwHth1WJd,"VAMOS SAIR UM POUCO PRA DANÇAR","VAMOS SAIR UM POUCO PRA DANÇAR","DJ NT DA SERRA;Dj Scar;MC Fabinho da Osk",2024-03-06,192000,0,true,31iyzpt6ozhhinwi72azy6ryb6lu,2024-04-04T02:51:40Z,"funk de bh,funk,phonk,phonk brasileiro,brega funk","DJ NT DA SERRA",0.768,0.4,5,-2.919,0,0.451,0.692,0,0.084,0.746,82.42,5
,"undefined","undefined","undefined",,,,,31iyzpt6ozhhinwi72azy6ryb6lu,2024-04-04T02:51:48Z,"","undefined",,,,,,,,,,,,
spotify:track:2HWogzHGTVaCYoj3ZRVwRa,"Goodnight Menina 3","Todo Mundo Odeia o IG","Mc IG;DJ Glenner",2024-03-21,209032,65,true,31iyzpt6ozhhinwi72azy6ryb6lu,2024-04-04T02:51:58Z,"funk,trap funk,funk consciente","WM Brazil",0.621,0.449,10,-11.612,1,0.0826,0.388,0,0.0897,0.665,123.917,4
spotify:track:0cpCu3J0Xg1did5lnzDCJs,"Só Mais Um Copo","Todo Mundo Odeia o IG","Mc IG;Murillo e LT no Beat",2024-03-21,145920,52,true,31iyzpt6ozhhinwi72azy6ryb6lu,2024-04-04T02:52:01Z,"funk,trap funk,funk consciente,trap brasileiro","WM Brazil",0.674,0.558,3,-6.057,0,0.332,0.326,0,0.175,0.698,83.147,5
spotify:track:0yEz4sDC2dYVGAjH8LTnQz,"Migo ou Vida?","Ninguém Tá Puro!","Mc IG;MC PH;Murillo e LT no Beat;DJ Oreia;MC Ryan SP",2023-03-15,297391,52,true,31iyzpt6ozhhinwi72azy6ryb6lu,2024-04-04T02:52:03Z,"funk,trap funk,funk consciente,trap brasileiro","GR6 Music",0.765,0.499,11,-5.493,1,0.472,0.285,0,0.183,0.855,184.114,4
spotify:track:4tr1iblR7CglyVmsKhuhvL,"Cola No Ap","Malokeragem","MC GP;Mc Dena;Mc IG;DJ Glenner",2022-05-27,304953,66,true,31iyzpt6ozhhinwi72azy6ryb6lu,2024-04-04T02:52:04Z,"funk,funk consciente,trap funk","Nova Era",0.554,0.418,10,-4.654,0,0.357,0.636,0,0.0911,0.598,113.225,5
spotify:track:6WFGHhw5TKG6kq2viiGh5T,"Rave dos Mandrake","Rave dos Mandrake","DJ WN;MC GP;MC Gudan;Kako;Mc King;MC Leozinho ZS;Mc Magal;MV RECORDS",2021-09-29,448000,13,true,31iyzpt6ozhhinwi72azy6ryb6lu,2024-04-04T02:52:06Z,"funk,funk consciente,trap funk","MV RECORDS",0.608,0.516,11,-3.928,0,0.225,0.145,0,0.119,0.555,180.167,4
spotify:track:4RRLhnGJRuouaX8Qhtek8a,"Aposentei o 12 Molas","Aposentei o 12 Molas","Kako",2022-01-14,194666,58,false,31iyzpt6ozhhinwi72azy6ryb6lu,2024-04-04T02:52:06Z,"funk consciente,funk,trap funk","Sonar Music",0.606,0.535,11,-4.144,0,0.209,0.193,0,0.102,0.535,88.143,4
spotify:track:4DIfs7pYossATpbk0WCLNB,"Nois Não é Migo","Nois Não é Migo","MC Ryan SP;MC GP;MC GH do 7;DJ Japa NK;MC Dena;Mc Negão Original",2023-11-09,267697,64,true,31iyzpt6ozhhinwi72azy6ryb6lu,2024-04-04T02:52:08Z,"funk,funk consciente,trap funk","WM Brazil",0.82,0.889,1,-4.189,0,0.251,0.545,0,0.117,0.843,129.992,4
spotify:track:764U7nIITk6YZ2FLJlJ7fg,"Let's Go","Let's Go","Mc IG;MC Ryan SP;MC Marks;Mc Kadu;MC Cebezinho;MC GP;Mc Luki",2021-09-09,441482,57,true,31iyzpt6ozhhinwi72azy6ryb6lu,2024-04-04T02:52:09Z,"funk,trap funk,funk consciente","GR6 Music",0.701,0.567,3,-6.873,0,0.459,0.171,0,0.555,0.856,114.221,5
spotify:track:0UbpJ2jRYTSHRy61viIC61,"Aliança","Coração Terra de Ninguém","MC Ryan SP;Orochi;Pedro Lotto;MC Cabelinho;Mc Don Juan;Paiva Prod",2022-04-15,318666,54,true,31iyzpt6ozhhinwi72azy6ryb6lu,2024-04-04T02:52:11Z,"funk,funk consciente,trap funk,trap brasileiro,hip hop brasileiro,trap","GR6 Music",0.58,0.596,4,-3.999,0,0.251,0.452,0,0.227,0.531,119.837,5
spotify:track:1nDyM3w67sL96wIY4jern1,"Sem Gin, Sem Ela","O Que O Igor Guilherme Anda Pensando ?","Mc IG;MC PH;TrapLaudo;MC Marks",2022-08-24,263558,53,true,31iyzpt6ozhhinwi72azy6ryb6lu,2024-04-04T02:52:12Z,"funk,trap funk,funk consciente,trap brasileiro","GR6 Music",0.848,0.438,3,-9.463,1,0.438,0.319,0,0.107,0.691,108.644,5
spotify:track:5IHEF3flM0S4w4as6gtGP1,"8ª Cypher 4M","8ª Cypher 4M","MC PH;Mc IG;Mc B.o;Mc Kevin;MC Neguinho do Kaxeta;Mc Magal;MC Hariel;Mc Kelvinho;Dj Nene;DJ Oreia",2019-12-20,373200,58,false,31iyzpt6ozhhinwi72azy6ryb6lu,2024-04-04T02:52:12Z,"funk,trap funk,funk consciente,trap brasileiro","GR6 Music",0.917,0.43,5,-5.102,0,0.143,0.217,0,0.23,0.828,113.392,5
spotify:track:4TVocq3mwwagB9vexTrK2i,"Facilmente","Facilmente","TrapLaudo;DJ Oreia;DJ Vida",2023-06-09,134280,0,true,31iyzpt6ozhhinwi72azy6ryb6lu,2024-04-04T02:52:14Z,"funk,trap funk,funk consciente","4M RECORDS",0.575,0.492,8,-10.632,0,0.12,0.656,0,0.0849,0.753,118.005,4
spotify:track:5UJm8uLwHumv20szDWUaDn,"Meu Nome Não é Igor","Meu Nome Não é Igor %","Mc IG;MC Ryan SP;Mc Davi;DJ Glenner;DJ Oreia;Ferrari offG;Kyan;MC Menor da VG;Mc PP da VS;TrapLaudo",2023-08-31,396279,48,true,31iyzpt6ozhhinwi72azy6ryb6lu,2024-04-04T02:52:18Z,"funk,trap funk,funk consciente,trap brasileiro,trap,hip hop brasileiro","WM Brazil",0.589,0.398,8,-12.797,0,0.483,0.152,0,0.192,0.699,86.016,4
spotify:track:07AEi9FRj54ZN3zM5muhmK,"Cada Um Com Seu Job","Cada Um Com Seu Job","Mc IG;MC Ryan SP;Kotim;Vulgo FK",2023-05-10,225882,50,true,31iyzpt6ozhhinwi72azy6ryb6lu,2024-04-04T02:52:19Z,"funk,trap funk,funk consciente,trap brasileiro,trap,hip hop brasileiro","GR6 Music",0.653,0.437,3,-10.481,0,0.451,0.267,0,0.0844,0.601,114.305,5
spotify:track:3t2LAmQsVGxY3MBlLao4oA,"Roubou Meu Coração","Isolado No Quarto","Mc Kevin;Dj Nene",2020-05-23,189176,58,false,31iyzpt6ozhhinwi72azy6ryb6lu,2024-04-04T02:52:21Z,"funk,funk consciente,trap funk","GR6 Music",0.756,0.745,5,-0.791,0,0.052,0.56,0,0.0785,0.545,85.001,4
spotify:track:027ielmg4mNR1p1Ds3Mvgh,"Não Vou Namorar","Não Vou Namorar","DJ Ws da Igrejinha;DJ JOÃO PEREIRA;Mc Dudu Sk;MC TH DA SERRA;DALÃMA",2024-01-19,162461,1,true,31iyzpt6ozhhinwi72azy6ryb6lu,2024-04-08T14:12:04Z,"funk de bh,funk","Dalama Records",0.761,0.724,5,-0.681,1,0.325,0.818,0.0000945,0.107,0.514,85.899,5
spotify:track:2l6YkP5Rj1w3GsrhE7cDqx,"MTG - BARRACO DELA LÁ","MTG - BARRACO DELA LÁ","DJ GUIZIN DA SERRA;MC Marlon PH",2024-02-16,149999,0,true,31iyzpt6ozhhinwi72azy6ryb6lu,2024-04-08T14:12:58Z,"funk de bh,funk,funk bruxaria,funk carioca","DJ GUIZIN DA SERRA",0.883,0.883,6,-0.962,0,0.27,0.84,0.00363,0.322,0.791,86.685,5
,"undefined","undefined","undefined",,,,,31iyzpt6ozhhinwi72azy6ryb6lu,2024-04-08T14:13:37Z,"","undefined",,,,,,,,,,,,
spotify:track:5kwAHAWidpGPwNQZeimvVR,"Rebola pra vagabundo","Rebola pra vagabundo","DJ FUMO DO SAO PEDRO;mclkdosp;Mc Mãe;Mc Magrinho",2023-12-13,132922,35,true,31iyzpt6ozhhinwi72azy6ryb6lu,2024-04-08T14:14:54Z,"funk de bh,funk,funk bruxaria","uniao_dos_brabos",0.741,0.943,2,3.506,1,0.303,0.413,0,0.239,0.707,86.239,3
spotify:track:4qUzKYwRuWuFifRWqUhiFW,"MTG Que mina perversa","MTG Que mina perversa","DJ GL DA GALO",2023-02-01,166128,0,true,31iyzpt6ozhhinwi72azy6ryb6lu,2024-04-08T14:15:13Z,"funk de bh","DJ GL DA GALO",0.943,0.666,7,-1.723,1,0.13,0.146,0.725,0.122,0.655,130.047,4
spotify:track:5lxHmv4yRVw9ky3I758O1p,"Vou fuder teu batalhao","Vou fuder teu batalhao","DJ Ws da Igrejinha;Mc Gw;Mc Vuk Vuk;Mc Magico;MC RF",2023-03-04,169845,0,true,31iyzpt6ozhhinwi72azy6ryb6lu,2024-04-08T14:15:39Z,"funk de bh,funk,phonk,phonk brasileiro,funk carioca,funk bruxaria,brega funk,funk melody","Dalãma registra 2021",0.625,0.628,3,-2.102,1,0.472,0.612,0,0.081,0.684,165.116,5
spotify:track:6uqxWNVU8XxOaG0KXSeTUX,"Sem Gin, Sem Ela 2","Sem Gin, Sem Ela 2","Mc IG;MC Ryan SP;MC PH;Murillo e LT no Beat;TrapLaudo",2023-08-30,326871,54,true,31iyzpt6ozhhinwi72azy6ryb6lu,2024-04-08T14:16:00Z,"funk,trap funk,funk consciente,trap brasileiro","WM Brazil",0.63,0.463,7,-8.523,1,0.424,0.195,0,0.136,0.608,108.59,5
spotify:track:3Ea3wNB5St2Qwq1jP3tq2P,"Nois É O Bicho","Nois É O Bicho","Wam Baster;Mc Th;Douth!;Dj Brenno Paixão;SAM SAM",2024-02-29,130072,51,true,31iyzpt6ozhhinwi72azy6ryb6lu,2024-04-10T14:25:33Z,"electro,funk,funk carioca,agronejo","SAM BUSINESS CONSULTORIA EIRELI",0.766,0.696,11,-5.791,1,0.0379,0.0063,0.00611,0.107,0.394,130.003,4
spotify:track:7nrkeYqdK3nE2nwtAmB7jy,"Sem Juizo","Sem Juizo","Dj Dg Do Rb;Mc Rodrigo do CN",2022-07-20,187384,7,true,31iyzpt6ozhhinwi72azy6ryb6lu,2024-04-17T00:46:06Z,"funk de bh,funk,funk carioca","FERA ENTRETENIMENTO SP",0.638,0.428,8,-5.027,1,0.492,0.557,0,0.135,0.79,163.238,5
spotify:track:1312ZAYpw7aeRQ8GMkbJux,"want u","want u","noevdv",2023-03-11,101440,68,false,31iyzpt6ozhhinwi72azy6ryb6lu,2024-04-24T16:25:13Z,"","Want U",0.619,0.292,1,-14.878,1,0.173,0.773,0.596,0.105,0.0901,97.018,4
spotify:track:70maGr0lQYDj0tcpcA2ORM,"Te Amar Demais","Te Amar Demais","Sodré",2018-07-10,131970,70,false,31iyzpt6ozhhinwi72azy6ryb6lu,2024-04-24T18:35:04Z,"funk,brega funk","39D Studios",0.659,0.178,4,-10.287,0,0.0558,0.897,0,0.137,0.553,76.775,4
spotify:track:7aWxNKi3sycttLY7wR6Smp,"Liga Pros Tralha","Liga Pros Tralha","DJ Yas;MC LCKaiique;Dexhenry",2024-04-15,176448,0,true,31iyzpt6ozhhinwi72azy6ryb6lu,2024-04-25T17:31:29Z,"funk,funk carioca","G7 MUSIC BR",0.72,0.512,0,-7.539,0,0.376,0.625,0.0000542,0.124,0.555,75.615,4
spotify:track:2Dq3dRjAgl0jYGrmH8DnqH,"Taco Lá Dentro e Não Tiro de Dentro","Taco Lá Dentro e Não Tiro de Dentro","Dj Tk;Mc Gw",2022-04-12,157675,0,true,31iyzpt6ozhhinwi72azy6ryb6lu,2024-04-26T17:07:07Z,"funk,phonk,phonk brasileiro,funk carioca,funk bruxaria,brega funk","Marcha Nos Progresso",0.964,0.554,4,-3.252,1,0.234,0.397,0.000112,0.0803,0.714,129.904,4
spotify:track:602ReDdmKF8XJVYlSV4Q90,"MANTEM O PIQUE VERSÃO FUNK RJ","MANTEM O PIQUE VERSÃO FUNK RJ","Rd Sucessada Oficial;MTS Silva",2023-04-18,80499,23,false,31iyzpt6ozhhinwi72azy6ryb6lu,2024-04-26T17:09:54Z,"funk carioca,funk","Wp Digital",0.867,0.859,1,0.215,1,0.357,0.105,0,0.144,0.833,104.679,3
spotify:track:4BgvflEWxX5yS3GJoI09SD,"Netflix, Senta Sua Fdp","Netflix, Senta Sua Fdp","Mc Nauan;Mc Gw;DJ Miller Oficial",2023-06-15,133384,0,true,31iyzpt6ozhhinwi72azy6ryb6lu,2024-04-26T17:10:22Z,"funk,funk bruxaria,phonk,phonk brasileiro,funk carioca,brega funk","Potência Music",0.838,0.858,10,-2.328,1,0.19,0.216,0.0000294,0.0966,0.475,130.028,4
spotify:track:0ZF6kKax6HszfdGj7scuDX,"SÓ PORQUÊ EU SOU MENOR, EU NÃO ENTRO NO CARICIA x FUNK DO TIKTOK","SÓ PORQUÊ EU SOU MENOR, EU NÃO ENTRO NO CARICIA x FUNK DO TIKTOK","Rd Sucessada Oficial",2023-05-03,85449,28,false,31iyzpt6ozhhinwi72azy6ryb6lu,2024-04-26T17:10:52Z,"funk carioca,funk","Rd Sucessada Oficial",0.723,0.331,10,-8.679,0,0.479,0.369,0.00000208,0.178,0.856,59.603,3
spotify:track:3tUdidYYNxPwJlw62yjaQF,"Não Olha pra Minha Cara Não","Não Olha pra Minha Cara Não","Mc Gw;DJ NOVATO",2023-07-08,94740,42,true,31iyzpt6ozhhinwi72azy6ryb6lu,2024-04-26T17:11:08Z,"funk,phonk,phonk brasileiro,funk carioca,funk bruxaria,brega funk","DJM Musics",0.884,0.491,4,-4.397,1,0.368,0.687,0.0686,0.0811,0.504,129.654,4
spotify:track:3lHV3YbZNltXHyZaDDpios,"Ligou na Madruga","Ligou na Madruga","Mc Laranjinha;Dj Lv Mdp",2022-09-27,92307,60,true,31iyzpt6ozhhinwi72azy6ryb6lu,2024-04-26T17:11:36Z,"funk de bh,funk,funk consciente,brega funk","DC MUSIC",0.76,0.272,3,-13.441,0,0.103,0.844,0.00175,0.0949,0.279,65.068,4
spotify:track:6Gn8SHd3RIWjOermcidCJk,"A Internet É Toxica","A Internet É Toxica","Dj Lc;DJ JOAO DA INESTAN;Mc Pretchako;MC Saci;Complexo dos Hits",2023-08-29,161884,65,false,31iyzpt6ozhhinwi72azy6ryb6lu,2024-04-26T17:11:43Z,"funk,funk de bh","Complexo dos Hits",0.6,0.862,5,-0.684,1,0.404,0.597,0,0.654,0.821,81.432,5
spotify:track:3hfCle1QRfbwIpQ1B746lV,"Aquariano Nato","Funktroit","MC Saci;Complexo dos Hits;DJ Sammer;Mc Pretchako",2023-07-25,116307,67,true,31iyzpt6ozhhinwi72azy6ryb6lu,2024-04-26T17:11:53Z,"funk de bh,funk","eumcsaci",0.856,0.661,0,-0.188,1,0.135,0.789,0.00367,0.0912,0.672,130.003,4
spotify:track:4MFGqdbmN23Doa9cHATo4V,"Ritmada da Laura","Ritmada da Laura","DJ VINI ORIGINAL;Yuri Redicopa",2023-08-05,177191,49,true,31iyzpt6ozhhinwi72azy6ryb6lu,2024-04-26T17:12:06Z,"funk,funk bruxaria","Authentic Records OFC",0.832,0.813,6,-3.525,0,0.121,0.516,0.000641,0.0656,0.718,130.084,4
spotify:track:3nvsCH5j63K3CbL9zhpdxU,"Privacy Dela (Gosta Que Pega Bolado)","Privacy Dela (Gosta Que Pega Bolado)","DJ FAISCA;Mc Rodrigo do CN;MC Xenon",2023-06-02,118674,53,true,31iyzpt6ozhhinwi72azy6ryb6lu,2024-04-26T17:12:14Z,"funk de bh,funk,funk carioca,funk consciente","FERA ENTRETENIMENTO SP",0.774,0.309,9,-3.987,0,0.57,0.602,0.0000625,0.62,0.815,86.282,3
spotify:track:0YgVM20w0W2Xe4hw2vTibU,"MTG - Base da Maldade","MTG - Base da Maldade","Dj Leo Lg;Mc Rodrigo do CN;Dj Dg Do Rb;DJ TH DO PRIMEIRO",2023-03-06,116538,54,true,31iyzpt6ozhhinwi72azy6ryb6lu,2024-04-26T17:22:10Z,"funk de bh,funk,funk carioca","FERA ENTRETENIMENTO SP",0.83,0.664,6,-2.297,1,0.28,0.51,0,0.67,0.934,86.665,5
spotify:track:7vEM40x4fO5zjDCXpm3PZa,"Bato Com o Placo na Cara","Bato Com o Placo na Cara","DJ DH;MC Taradin;Cjtinha;DN22",2024-03-21,120000,52,true,31iyzpt6ozhhinwi72azy6ryb6lu,2024-04-26T22:51:18Z,"funk","HELIPA",0.912,0.783,6,-5.657,1,0.201,0.21,0.0000185,0.0217,0.503,132.036,4
spotify:track:4iRAUEDRCAGGAp7GAi4BYV,"Tu Sabe Amo Seus Peitos","Tu Sabe Amo Seus Peitos","DJ PK O Único;MC RESTRITO ORIGINAL",2024-03-10,97714,50,true,31iyzpt6ozhhinwi72azy6ryb6lu,2024-04-26T22:52:09Z,"funk carioca,funk","DJ PK O Único65t",0.866,0.772,8,0.469,1,0.377,0.321,0.0296,0.111,0.906,140.249,4
spotify:track:3MxbRHE1u74SoMNR9iURIZ,"Jogo do Amor","Jogo do Amor","MC Bruninho",2018-05-08,144039,61,false,31iyzpt6ozhhinwi72azy6ryb6lu,2024-04-26T22:52:47Z,"brega funk,funk","Thiago Gravações",0.758,0.52,1,-6.405,1,0.0866,0.212,0,0.071,0.857,154.06,4
spotify:track:3ybvcngBWfJ5YAU8PLYIVy,"Sem Lovezinho","Sem Lovezinho","Felipe Amorim;Ya Malb",2023-12-14,165230,53,true,31iyzpt6ozhhinwi72azy6ryb6lu,2024-04-26T22:54:59Z,"piseiro,forró,arrocha,sertanejo,agronejo,brega","One Play",0.855,0.829,7,-2.718,1,0.0402,0.263,0,0.245,0.829,130.009,4
spotify:track:01efDF4LDREwvViIR2M6sL,"Ela Quer Fumar Do Rush","Ela Quer Fumar Do Rush","DJ ESCOBAR;MC Theuzyn;LIPE DIIAS;MC Flavinho;DJ Cayoo",2022-06-06,108922,37,true,31iyzpt6ozhhinwi72azy6ryb6lu,2024-04-27T20:52:02Z,"funk,funk de bh,funk carioca","iMusics",0.709,0.602,6,-6.162,0,0.423,0.615,0.0000577,0.179,0.316,86.483,3
spotify:track:7BCLsQczpr8tC0L4yg4HxM,"Mais Novo, Eu Quero Putaria, Cansei do 150","Mais Novo, Eu Quero Putaria, Cansei do 150","Mc Rose da Treta;Márcio Fantasia",2023-07-10,165013,48,true,31iyzpt6ozhhinwi72azy6ryb6lu,2024-04-27T20:53:29Z,"funk carioca,funk,phonk brasileiro","Mc Rose da Treta",0.896,0.775,9,-0.946,1,0.176,0.0097,0.00000124,0.0414,0.95,140.014,4
spotify:track:01xPaQv2fAE3aDOANB2gv3,"Compromisso","Compromisso","Mc Leozin",2018-09-13,112615,57,false,31iyzpt6ozhhinwi72azy6ryb6lu,2024-04-28T11:58:47Z,"funk,funk de bh","A2M Produtora",0.904,0.227,4,-16.419,0,0.343,0.802,0,0.111,0.839,129.791,4
spotify:track:4NPLTwiuGGDZYdrDtTnGdp,"Migué de Boleiro","Hits dos Passinhos","Shevchenko e Elloco",2017-10-01,237374,4,true,31iyzpt6ozhhinwi72azy6ryb6lu,2024-04-28T15:39:56Z,"brega funk,brega,funk","JP Music BR",0.767,0.827,10,-2.101,1,0.243,0.567,0,0.159,0.808,160.041,4
spotify:track:5J1xChbEwiI3q371r7mDOg,"Os Mandrake Curte a Vida","Os Mandrake Curte a Vida","MC Paulin da Capital;MC Ryan SP",2020-09-25,256000,56,true,31iyzpt6ozhhinwi72azy6ryb6lu,2024-04-28T15:41:20Z,"funk consciente,funk,trap funk","GR6 Music",0.756,0.688,6,-5.966,0,0.308,0.485,0,0.0691,0.628,89.829,4
spotify:track:5u0iZ81Yf2L90FQLYQUiiG,"Famoso Machuca Xota","Famoso Machuca Xota","Mc Larissa;Mc Lekão;DJ Arana",2023-02-13,169800,58,true,31iyzpt6ozhhinwi72azy6ryb6lu,2024-04-28T15:43:03Z,"brega funk,funk,funk bruxaria","Portuga Records & Funk 24por48",0.595,0.718,11,-3.022,1,0.196,0.154,0,0.163,0.553,129.614,4
spotify:track:5QyecPCNZUVL1qDNTdt1qM,"Que Saudade de Você","Que Saudade de Você","Mc Kaio;MC L da Vinte;Vitin Do MT;A2M PRODUTORA",2019-12-19,123791,68,true,31iyzpt6ozhhinwi72azy6ryb6lu,2024-04-28T16:16:44Z,"funk de bh,funk,funk carioca,funk consciente","A2M Produtora",0.584,0.315,2,-4.379,0,0.201,0.829,0,0.0915,0.479,85.299,5
spotify:track:1hNyAO6FGbezL5nMAdn6W7,"Era uma Vez","Era uma Vez","MC Cabelinho;DJ Meek;Davi;Luan;Juninho",2019-01-07,208692,0,true,31iyzpt6ozhhinwi72azy6ryb6lu,2024-04-29T02:37:58Z,"trap brasileiro,trap funk,trap,hip hop brasileiro,funk consciente,funk carioca,funk,funk melody","MC Cabelinho",0.464,0.868,11,-4.745,0,0.456,0.382,0,0.658,0.884,180.767,5
spotify:track:7ad8Dl0dVmj6i3hfRxUKoD,"Predador de Perereca","Predador de Perereca","Mc Jhey",2015-08-18,198556,59,true,31iyzpt6ozhhinwi72azy6ryb6lu,2024-04-29T02:38:07Z,"phonk,funk,funk bruxaria,phonk brasileiro","MC Jhey",0.726,0.31,1,-6.004,1,0.606,0.103,0,0.0949,0.415,130.054,4
spotify:track:12v6LfkX9YIR3uLefIAAYZ,"Comprei um Lança","Comprei um Lança","Mc Jacaré",2020-04-07,112345,57,true,31iyzpt6ozhhinwi72azy6ryb6lu,2024-04-29T02:40:03Z,"funk,trap funk,funk carioca","Mc Jacare / Los Pantchos",0.652,0.723,7,-7.576,1,0.112,0.238,0.000349,0.0719,0.53,130.759,3
spotify:track:5UP7bp4eLm6MNOTWqqn19x,"A Gente Brigou","A Gente Brigou","Mc Don Juan",2017-05-29,169769,65,true,31iyzpt6ozhhinwi72azy6ryb6lu,2024-04-29T19:14:13Z,"funk,funk consciente,trap funk","GR6 Music",0.853,0.543,11,-3.074,1,0.123,0.176,0,0.0654,0.751,99.724,4
spotify:track:6Diq6oBnDVzsrNcRllXRbM,"Maldita de Ex","Maldita de Ex","Mc Leozin;Mc Frog;A2M PRODUTORA",2019-06-27,164257,70,true,31iyzpt6ozhhinwi72azy6ryb6lu,2024-05-03T14:04:44Z,"funk,funk de bh,funk consciente","A2M Produtora",0.811,0.583,6,-0.969,0,0.0306,0.194,0.000256,0.0685,0.673,133.054,4
spotify:track:3TvRRQj7qg8GOD612X9hKT,"Namorar Não Dá","Namorar Não Dá","MC Kevin o Chris;Vitor Canetinha",2019-03-28,122462,52,true,31iyzpt6ozhhinwi72azy6ryb6lu,2024-05-03T14:05:05Z,"funk,funk carioca,brega funk","ADpar",0.774,0.654,1,-3.626,1,0.425,0.233,0.00208,0.087,0.742,99.864,3
spotify:track:0pmk1GXXva2fYczbaz9OFn,"Lei do Retorno","Lei do Retorno","MC Hariel;Mc Don Juan",2017-06-09,257278,63,true,31iyzpt6ozhhinwi72azy6ryb6lu,2024-05-03T14:05:22Z,"funk,funk consciente,trap funk","GR6 Music",0.595,0.699,11,-4.36,1,0.177,0.141,0,0.301,0.787,129.842,4
spotify:track:6vqDWhoHb6RnkI6pOGHgXU,"De Copão Na Mão","De Copão Na Mão","MC Novinho da Praça",2018-01-17,273319,53,false,31iyzpt6ozhhinwi72azy6ryb6lu,2024-05-03T14:05:33Z,"funk,funk carioca","GR6 Music",0.713,0.53,8,-9.402,1,0.168,0.541,0,0.266,0.626,129.928,4
spotify:track:0WhDotK0QXigmsrlw0DxKK,"Evoluiu","Evoluiu","MC Kevin o Chris;Sodré",2019-03-15,179644,67,true,31iyzpt6ozhhinwi72azy6ryb6lu,2024-05-03T14:05:46Z,"funk,funk carioca,brega funk","ADpar",0.776,0.465,7,-6.368,0,0.434,0.466,0,0.363,0.694,149.829,4
spotify:track:7FiIQXpIeLo3ITfGGpb8PB,"Vamos pra Gaiola","Vamos pra Gaiola","MC Kevin o Chris;FP do Trem Bala",2019-01-11,161600,70,true,31iyzpt6ozhhinwi72azy6ryb6lu,2024-05-03T14:05:54Z,"funk,funk carioca,brega funk","ADPAR Produções",0.872,0.971,6,-5.576,1,0.281,0.917,0.00143,0.121,0.521,149.987,4
spotify:track:2x8TNY9KwNvD19gVGs4WOP,"Ela É do Tipo","Ela É do Tipo","MC Kevin o Chris",2019-03-07,204930,72,false,31iyzpt6ozhhinwi72azy6ryb6lu,2024-05-03T14:06:04Z,"funk,funk carioca,brega funk","ADpar",0.632,0.398,6,-6.615,1,0.373,0.945,0,0.228,0.633,90.695,4
spotify:track:08HT2Iw41g8crDGiZtQnn2,"Toma Toma Tá","Toma Toma Tá","MC Rogê;Dj Pedro Henrique",2019,160511,0,false,31iyzpt6ozhhinwi72azy6ryb6lu,2024-05-03T14:06:13Z,"funk,funk carioca,brega funk","Produtora X",0.584,0.799,11,-4.094,0,0.503,0.369,0,0.226,0.596,149.589,4
spotify:track:67mqU3FeErlvWwsxnMfvQo,"Tudo Aconteceu","Tudo Aconteceu","MC Du Black;Delacruz;Dj Salgueirinho",2020-02-07,155124,73,true,31iyzpt6ozhhinwi72azy6ryb6lu,2024-05-03T14:06:20Z,"funk,brega funk,hip hop brasileiro,pop nacional","Universal Music Ltda.",0.579,0.346,0,-13.975,0,0.368,0.86,0.00000202,0.0945,0.741,102.374,5
spotify:track:1YUqCv6BvaXH1MFLecR8FE,"Foi Até Bom Te Encontrar","Foi Até Bom Te Encontrar","FP do Trem Bala;Mc Niel",2018-10-18,137085,60,true,31iyzpt6ozhhinwi72azy6ryb6lu,2024-05-03T14:06:31Z,"funk,funk carioca,brega funk","FP do Trem Bala",0.663,0.831,5,-5.664,1,0.527,0.15,0,0.123,0.712,149.886,4
spotify:track:3w47coeWpV2BjqcaX3FtKD,"Eu Que Sabotei","Eu Que Sabotei","Mc Mr. Bim;Mc Gw",2019-07-26,120066,53,true,31iyzpt6ozhhinwi72azy6ryb6lu,2024-05-03T14:06:52Z,"funk de bh,funk,brega funk,phonk,phonk brasileiro,funk carioca,funk bruxaria","GR6 Music",0.684,0.717,6,-3.315,0,0.125,0.829,0.000011,0.0702,0.579,85.455,5
spotify:track:1VrurP5jOjRM7dRNUFLXly,"Tu Ja Sabe o Que Eu Faço Lá No Meu Barraco","Tu Ja Sabe o Que Eu Faço Lá No Meu Barraco","MC Nego da Marcone;Selminho DJ;DJ Denilson o clínico",2018-09-28,173400,62,true,31iyzpt6ozhhinwi72azy6ryb6lu,2024-05-03T14:07:04Z,"funk,funk carioca,brega funk","GR6 Music",0.714,0.556,0,-4.8,1,0.533,0.0918,0.0000459,0.127,0.494,130.326,1
spotify:track:3ZjpeqP47CBSMUTc6IVhEM,"Bonita, Lindinha e Sagaz","Bonita, Lindinha e Sagaz","Mc Davi;Mc Pedrinho",2018-01-18,155076,64,true,31iyzpt6ozhhinwi72azy6ryb6lu,2024-05-03T14:07:15Z,"funk,funk consciente,trap funk","GR6 Music",0.63,0.465,1,-7.143,1,0.541,0.306,0,0.0783,0.84,167.285,5
spotify:track:26WpOBpHiIMoBuMEIwtOCH,"Quando a vontade bater (Participação especial de PK Delas)","Quando a vontade bater (Participação especial de PK Delas)","Pk;PK Delas",2019-03-04,166400,72,true,31iyzpt6ozhhinwi72azy6ryb6lu,2024-05-03T14:07:23Z,"funk,trap funk,hip hop brasileiro,funk carioca","WM Brazil",0.621,0.7,8,-5.502,1,0.247,0.539,0,0.152,0.704,149.902,4
spotify:track:0uwACgfVjhpqvVFcmZFV6p,"Sobe Balão Desce Princesa","Sobe Balão Desce Princesa","MC Kevin o Chris;MC Vitinho Avassalador",2018-12-18,211200,60,false,31iyzpt6ozhhinwi72azy6ryb6lu,2024-05-03T14:07:33Z,"funk,funk carioca,brega funk","ADpar",0.682,0.401,0,-6.139,1,0.485,0.11,0.00000188,0.0388,0.676,150.062,4
spotify:track:2HMlz3LPm1NurXSZOAykzU,"Bye Bye","Bye Bye","Mc Don Juan;Mc Davi;Perera DJ",2019-03-11,184615,55,true,31iyzpt6ozhhinwi72azy6ryb6lu,2024-05-03T14:07:40Z,"funk,funk consciente,trap funk","GR6 Music",0.655,0.34,10,-6.834,1,0.358,0.332,0.0000904,0.106,0.24,90.682,5
spotify:track:3YXBNLStlE1G6bOniRFsaO,"Vai Sentando Sem Compromisso - Radio Edit","Vai Sentando Sem Compromisso (Radio Edit)","Mc Alysson",2018-09-24,192052,57,true,31iyzpt6ozhhinwi72azy6ryb6lu,2024-05-03T14:07:50Z,"funk,funk carioca,brega funk","ADpar",0.833,0.881,8,-7.294,1,0.454,0.679,0.000135,0.0793,0.682,149.962,4
spotify:track:63SHcJzckFykS8faA5zojY,"Vem Me Satisfazer","Vem Me Satisfazer","MC Ingryd;DJ Henrique da VK",2019-08-20,188388,66,false,31iyzpt6ozhhinwi72azy6ryb6lu,2024-05-03T14:07:59Z,"funk,brega funk,funk carioca","MC Ingryd",0.862,0.561,8,-5.703,1,0.335,0.596,0,0.108,0.541,99.864,3
spotify:track:1KK42XawUcZ8ruUJu3sHvZ,"Vizinha","Vizinha","DENNIS;MC Kevin o Chris",2019-05-03,115084,49,false,31iyzpt6ozhhinwi72azy6ryb6lu,2024-05-03T14:08:09Z,"funk,funk carioca,funk pop,brega funk","Sony Music Entertainment",0.837,0.756,11,-6.847,0,0.359,0.268,0,0.109,0.831,150.261,4
spotify:track:7DROtyR6IMNifyZmyksyE7,"3 Dias Virado","Só Explosão","Mc IG",2017-12-22,207157,72,true,31iyzpt6ozhhinwi72azy6ryb6lu,2024-05-03T14:08:19Z,"funk,trap funk,funk consciente","GR6 Music",0.823,0.474,2,-9.289,0,0.0503,0.0202,0,0.201,0.833,95.05,4
spotify:track:7MLaJ4MllwDWgNiXGZbC2E,"To Gostando Tanto de Você","To Gostando Tanto de Você","Mc Don Juan",2018-09-14,158383,55,false,31iyzpt6ozhhinwi72azy6ryb6lu,2024-05-03T14:08:33Z,"funk,funk consciente,trap funk","GR6 Music",0.869,0.681,8,-1.796,1,0.0942,0.481,0,0.457,0.904,133.945,4
spotify:track:4ho6IyVZ0TilPf7ctKd84D,"Se Prepara 2","Se Prepara 2","Mc Livinho;Mc Pedrinho;Perera DJ",2019-10-01,147335,65,true,31iyzpt6ozhhinwi72azy6ryb6lu,2024-05-03T14:08:43Z,"funk,funk carioca,funk consciente,trap funk","GR6 Music",0.785,0.453,8,-8.969,0,0.455,0.106,0.00000378,0.106,0.362,134.642,4
spotify:track:2u2T2sB5Geli45Wh7r4lhr,"Hoje Eu Vou Parar Na Gaiola","Hoje Eu Vou Parar Na Gaiola","Mc Livinho;Rennan da Penha",2018-10-17,177093,70,true,31iyzpt6ozhhinwi72azy6ryb6lu,2024-05-03T14:08:55Z,"funk,funk carioca,brega funk","GR6 Music",0.65,0.361,2,-7.153,1,0.404,0.0327,0,0.0978,0.844,89.809,4
spotify:track:3Hb9kUdm4yf839Fle4RIdT,"Parado no Bailão","Parado no Bailão","MC L da Vinte;MC Gury;DJ Swat",2018-07-23,171692,78,false,31iyzpt6ozhhinwi72azy6ryb6lu,2024-05-03T14:09:05Z,"funk,funk de bh,funk carioca","Onerpm",0.828,0.599,11,-1.624,1,0.149,0.381,0,0.0775,0.478,86.533,5
spotify:track:0HiOQzcBkMLj2t5m3ghcbm,"Deu Onda","Deu Onda","MC G15",2016-12-15,143800,66,true,31iyzpt6ozhhinwi72azy6ryb6lu,2024-05-03T14:09:29Z,"funk","GR6 Music",0.938,0.62,8,-1.885,1,0.0606,0.511,0,0.0466,0.845,129.984,4
spotify:track:5cDJa11YyWoUYtAgSCwgcZ,"Festa no Motel","Festa no Motel","Mc Davi;Mc Boy do Charmes",2016-11-30,170200,49,true,31iyzpt6ozhhinwi72azy6ryb6lu,2024-05-03T17:06:49Z,"funk,funk consciente,trap funk","GR6 Music",0.845,0.495,2,-3.245,0,0.101,0.097,0,0.05,0.801,129.968,4
spotify:track:79Jc0SPUwSaUx5br8fRC0c,"Festa de Dodiban","Festa de Dodiban","Taramps;MC Neguinho BDP;Mc Kaverinha;Mc Neguin da BRC",2023-04-17,338000,45,true,31iyzpt6ozhhinwi72azy6ryb6lu,2024-05-03T17:06:59Z,"funk,funk consciente","Rage Massive Records",0.653,0.49,2,-9.46,1,0.31,0.529,0,0.654,0.448,90.726,3
spotify:track:0MHCBUSKMLYfvKHkLHQzU9,"Foi Papai e Mamãe Que Fez","Foi Papai e Mamãe Que Fez","Taramps;MC Iguinho da Capital",2023-06-09,184000,57,false,31iyzpt6ozhhinwi72azy6ryb6lu,2024-05-03T17:08:02Z,"funk,funk consciente","Rage Massive Records",0.567,0.275,8,-17.602,0,0.264,0.689,0.129,0.0791,0.636,92.072,3
spotify:track:0yvv1xKzAPX9rm4wsA5wI7,"A Tropa Do 100 amor","A Tropa Do 100 amor","DJ Guih MS;MC GW",2023-08-12,125538,40,true,31iyzpt6ozhhinwi72azy6ryb6lu,2024-05-03T17:11:25Z,"funk","NOISÉMANDELA",0.839,0.727,9,-0.87,1,0.394,0.599,0.0000526,0.598,0.251,130.074,4
spotify:track:3fktsDCCX8fOm1JE4skIWG,"Brota Na Penha","Brota Na Penha","Mc Livinho;Dj Tavares;Rennan da Penha",2018-11-03,153652,60,true,31iyzpt6ozhhinwi72azy6ryb6lu,2024-05-03T17:35:36Z,"funk,funk carioca,brega funk","GR6 Music",0.572,0.53,5,-9.603,1,0.495,0.21,0,0.0734,0.765,181.809,5
spotify:track:1Cmy8GxBFbWNbh4jPnPQ9n,"Irmã Gostosa","Irmã Gostosa","Mc Livinho;Mc Davi;Perera DJ",2018-02-07,187951,69,true,31iyzpt6ozhhinwi72azy6ryb6lu,2024-05-03T17:35:46Z,"funk,funk carioca,funk consciente,trap funk","GR6 Music",0.865,0.462,4,-4.802,0,0.151,0.412,0,0.233,0.667,133.063,4
spotify:track:79sm6sT7JshUwkCtypMFsJ,"Tchau Pra Falsidade","Tchau Pra Falsidade","Mc Davi",2018-11-22,151384,0,false,31iyzpt6ozhhinwi72azy6ryb6lu,2024-05-03T17:35:54Z,"funk,funk consciente,trap funk","GR6 MUSIC",0.526,0.68,0,-6.827,0,0.132,0.0708,0,0.145,0.839,88.072,5
spotify:track:4yPEpc7XjUhBZLYxqKTBON,"Set Djay W","Set Djay W","Djay W;MC Hariel;Mc Kevin;Mc Davi;Mc Don Juan",2019-04-30,198246,0,false,31iyzpt6ozhhinwi72azy6ryb6lu,2024-05-03T17:36:03Z,"funk consciente,funk,trap funk","GR6 MUSIC",0.597,0.519,5,-5.394,0,0.28,0.122,0,0.137,0.38,63.046,4
spotify:track:7BuAL61SozCjzzaDInr4RE,"Dor de Cabeça","Dor de Cabeça","Mc Don Juan",2019-04-08,172153,0,true,31iyzpt6ozhhinwi72azy6ryb6lu,2024-05-03T17:36:16Z,"funk,funk consciente,trap funk","GR6 MUSIC",0.649,0.676,6,-3.792,1,0.368,0.0372,0,0.169,0.492,86.639,5
spotify:track:5vGseHQ4jBwf4CAF1kwt1C,"Vamo Ali","Vamo Ali","Mc Davi",2017-07-12,144461,0,false,31iyzpt6ozhhinwi72azy6ryb6lu,2024-05-03T17:36:30Z,"funk,funk consciente,trap funk","GR6 MUSIC",0.776,0.719,4,-1.277,1,0.43,0.262,0,0.101,0.633,86.673,3
spotify:track:3ExGiQsyhGSNTHos7CjQIr,"Fiquei Só","Fiquei Só","Mc Davi",2017-07-13,198552,0,false,31iyzpt6ozhhinwi72azy6ryb6lu,2024-05-03T17:36:47Z,"funk,funk consciente,trap funk","GR6 MUSIC",0.593,0.71,2,-2.765,1,0.144,0.0447,0,0.0876,0.508,88.722,5
spotify:track:2O1145fSGWrUY7akiGT6q4,"Ela Bebe Bebe Fuma","Ela Bebe Bebe Fuma","Mc Davi",2017-09-11,169896,0,true,31iyzpt6ozhhinwi72azy6ryb6lu,2024-05-03T17:36:54Z,"funk,funk consciente,trap funk","GR6 MUSIC",0.914,0.83,5,-0.657,1,0.0701,0.106,0,0.0586,0.501,130.025,4
spotify:track:05BYJ6fZzBCIYoXkh50T8h,"Os Cria Ta de Radinho","Os Cria Ta de Radinho","MC GL",2023-09-28,157017,0,true,31iyzpt6ozhhinwi72azy6ryb6lu,2024-05-03T20:28:44Z,"funk carioca,funk,brega funk","MC GL 021",0.468,0.943,7,-2.357,1,0.0902,0.53,0,0.393,0.886,73.496,3
spotify:track:2g87iUiVHLhEWobrC0RdxW,"Medley - Hoje Eu Vou Cair pra Pista","Proibidões 150 Bpm","Mc Pe de Pano;B7 City;Mc Guidanny;Dj Jeffinho Thug",2023-10-12,114580,51,true,31iyzpt6ozhhinwi72azy6ryb6lu,2024-05-03T20:29:23Z,"funk carioca,funk","B7 City",0.841,0.593,3,-5.993,0,0.45,0.554,0,0.0674,0.893,103.321,5
spotify:track:1FZRLPtVdGN01YKtj1IhG4,"Grave Com Som - DJ R7 Mix","Mc Davi","Mc Davi",2016-02-25,151486,0,true,31iyzpt6ozhhinwi72azy6ryb6lu,2024-05-04T00:48:38Z,"funk,funk consciente,trap funk","MC Davi",0.849,0.523,7,-7.923,1,0.268,0.0727,0.00000116,0.106,0.422,130.021,4
spotify:track:1K2FXpscixOkfAPTcpNlPl,"Sem Essa de Perder","Sem Essa de Perder","MC Rogê;Dj Pedro Henrique",2018-10-01,155663,58,true,31iyzpt6ozhhinwi72azy6ryb6lu,2024-05-05T14:50:19Z,"funk,funk carioca,brega funk","Mc Rogê",0.661,0.965,5,-1.604,0,0.0564,0.689,0.00279,0.292,0.914,150.044,4
spotify:track:12R6npsSMx8g0k5GN19poM,"Saquarema","Saquarema","MC Rogê;DJ Meek;Boladinho DJ;Mc G Talibã",2020-07-24,201600,68,true,31iyzpt6ozhhinwi72azy6ryb6lu,2024-05-05T14:50:23Z,"funk,funk carioca,brega funk","Mc Rogê",0.896,0.518,9,-8.524,1,0.266,0.285,0.00306,0.0897,0.793,150.066,4
spotify:track:1Mo6Y99bcMfGvcKhutzYV9,"Coisas da Vida","Coisas da Vida","MC Rogê;Dj Pedro Henrique",2018-10-01,151797,60,true,31iyzpt6ozhhinwi72azy6ryb6lu,2024-05-05T14:50:28Z,"funk,funk carioca,brega funk","Mc Rogê",0.584,0.733,0,-4.457,1,0.35,0.407,0,0.508,0.763,100.435,5
spotify:track:5chdCXDH13v15dwJ8pVc2h,"Quer os Amigos Que Ta de Pt","Quer os Amigos Que Ta de Pt","DJ Brenin;Mc Zangão;Mc Teus",2019-02-04,169999,51,true,31iyzpt6ozhhinwi72azy6ryb6lu,2024-05-05T14:51:50Z,"funk carioca,funk","FW MUSIC",0.911,0.934,7,2.036,1,0.333,0.0246,0.0000304,0.182,0.793,135.048,4
spotify:track:1FDW4AbYuE3EaylVp1QsIq,"Então Ta, Quando Tu Quiser Foder É Só Me Ligar","Então Ta, Quando Tu Quiser Foder É Só Me Ligar","MC Carioca do Sem Terra;DJ GUILHERME DUARTE",2023-06-20,143160,44,true,31iyzpt6ozhhinwi72azy6ryb6lu,2024-05-05T14:57:39Z,"funk carioca,funk","lucky produtora",0.653,0.869,2,2.234,1,0.42,0.445,0,0.0582,0.772,88.192,3
spotify:track:6einQWKRBWArH6fg0HXdNr,"Fode Com os Raul Bigode","Fode Com os Raul Bigode","DJ NINOW 013;Mc Dobella;MC ZERO K",2023-05-15,139520,0,true,31iyzpt6ozhhinwi72azy6ryb6lu,2024-05-06T17:08:41Z,"funk,funk bruxaria","BRUXARIA SOUND",0.661,0.843,5,-0.024,1,0.434,0.192,0,0.232,0.695,86.677,5
spotify:track:37aLQx7BaA9LpDsqr9tKx6,"FEFA","Meu Nome Não é Igor %","Mc IG;TrapLaudo;MC GP;Mc Dena",2023-08-31,281481,51,true,31iyzpt6ozhhinwi72azy6ryb6lu,2024-05-06T18:19:02Z,"funk,trap funk,funk consciente","WM Brazil",0.643,0.465,7,-4.535,1,0.198,0.102,0,0.187,0.657,161.817,4
spotify:track:4ldcxPVAtih8alepJTu8Hx,"Faz Completo, Chefe","Meu Nome Não é Igor %","Mc IG;DJ WN",2023-08-31,127228,62,false,31iyzpt6ozhhinwi72azy6ryb6lu,2024-05-06T18:20:32Z,"funk,trap funk,funk consciente","WM Brazil",0.714,0.373,4,-8.01,0,0.0917,0.593,0.00202,0.0897,0.703,165.935,4
spotify:track:6aCTB0oOxgHSEJ1En3ttdR,"Baile de Marginal","Baile de Marginal","DJ Zigão;Mc Rodrigo do CN",2024-03-21,232615,56,true,31iyzpt6ozhhinwi72azy6ryb6lu,2024-05-07T10:45:20Z,"funk,funk carioca,funk de bh","DJ Zigão",0.855,0.881,6,1.341,1,0.426,0.258,0,0.0672,0.377,86.599,5
spotify:track:5GDnVKUlldY5HMn9iKbuON,"Elas Gosta de Baile de Marginal (feat. DJ MK o Mlk Sinistro)","Elas Gosta de Baile de Marginal","Iasmin Turbininha;Mc Rodrigo do CN;Somália Sucessada;DJ MK o Mlk Sinistro",2024-04-19,181894,0,false,31iyzpt6ozhhinwi72azy6ryb6lu,2024-05-07T10:45:32Z,"funk carioca,brega funk,funk,funk de bh","170 Bpm",0.932,0.807,2,0.822,1,0.432,0.262,0,0.0828,0.58,135.081,4
spotify:track:5F4VhP5xo43O9AmKd1Y260,"Vida Rasa 4-4-2","Vida Rasa 4-4-2","DJ Bertolossi;DG DO BROOKLYN;DJ RD DO MARTINS;Mc Gordinho do Catarina",2023-12-31,168358,0,true,31iyzpt6ozhhinwi72azy6ryb6lu,2024-05-07T10:45:38Z,"funk carioca,funk,funk de bh","FIRMA 21",0.743,0.957,9,2.823,0,0.4,0.483,0,0.0823,0.885,201.281,3
spotify:track:7IOeWNbgtBm4SzHRRO6P1W,"Agora Fudeu Virei 157 Vs Mete Com Força","Agora Fudeu Virei 157 Vs Mete Com Força","DJ ERIC DO RM;Mc Alysson;Funk SÉRIE GOLD",2023-06-10,121110,44,true,31iyzpt6ozhhinwi72azy6ryb6lu,2024-05-07T10:45:43Z,"funk carioca,funk,brega funk","DJ ERIC DO RM",0.73,0.965,1,-3.189,1,0.4,0.192,0,0.293,0.781,66.628,4
spotify:track:5ibCmdjaL6KE3fmtzZBaIJ,"Filipe Ret (Me Enforca, Me Bota)","Filipe Ret (Me Enforca, Me Bota)","DJ Dollynho Da Lapa;MC Biela",2023-12-15,159999,60,true,31iyzpt6ozhhinwi72azy6ryb6lu,2024-05-07T10:45:52Z,"funk carioca,funk","Dj Dollynho da Lapa",0.837,0.763,2,-1.537,1,0.424,0.203,0,0.0696,0.826,135.137,4
spotify:track:0o0wW2KjzK3Cg3RM29lCbI,"12","12","DEGE;Pedrin;jess beats",2021-05-12,120958,51,true,31iyzpt6ozhhinwi72azy6ryb6lu,2024-05-07T10:46:07Z,"trap brasileiro,trap funk,trap","jess beats",0.707,0.508,8,-5.464,1,0.5,0.305,0,0.114,0.419,130.776,4
spotify:track:2fpXsG0aC2uNbUhH142gLX,"Vida de Ladrão","Vida de Ladrão","Mc J Mito",2022-06-24,125769,0,true,31iyzpt6ozhhinwi72azy6ryb6lu,2024-05-07T22:07:34Z,"funk,funk de bh","MK",0.841,0.457,4,-7.496,1,0.719,0.469,0,0.358,0.455,86.64,5
spotify:track:4fMjqKYYsvtT6Fvca8lGFl,"Sua Mãe Vai Me Amar","Sua Mãe Vai Me Amar","Turma do Pagode",2018-06-28,183758,67,false,31iyzpt6ozhhinwi72azy6ryb6lu,2024-05-10T12:55:50Z,"pagode,samba","Turma do Pagode Produções Artísticas ltda.",0.571,0.816,8,-6.011,0,0.0374,0.4,0,0.808,0.942,163.941,4
spotify:track:3zBlkrcLoGqI9ROqynEuQM,"Camisa 10 - Ao Vivo","Esse É o Clima (Ao Vivo)","Turma do Pagode",2010-09-01,197360,55,false,31iyzpt6ozhhinwi72azy6ryb6lu,2024-05-10T12:56:04Z,"pagode,samba","Atração",0.634,0.777,11,-6.277,1,0.0384,0.726,0,0.932,0.942,91.033,4
spotify:track:2gChdW50WOzAYsK3P5JJot,"Deixa Alagar - Ao Vivo","O Bom Samba Continua - Ao Vivo, Vol. 2","Grupo Revelação",2018-06-08,203984,70,false,31iyzpt6ozhhinwi72azy6ryb6lu,2024-05-10T12:56:14Z,"pagode,samba","Deckdisc",0.589,0.911,7,-5.755,0,0.0945,0.478,0,0.938,0.818,100.992,4
spotify:track:02uGRWxlEIbpdypNUvJoXm,"Até Que Durou - Ao Vivo","Até Que Durou (Ao Vivo)","Péricles",2018-06-15,313854,0,false,31iyzpt6ozhhinwi72azy6ryb6lu,2024-05-10T12:56:22Z,"pagode,samba","Farias Produções",0.477,0.715,4,-5.524,0,0.0435,0.576,0,0.736,0.597,136.155,4
spotify:track:7Cf2Hsy3cPlA4e115tElXv,"Liberdade Provisória - Live - Ibirapuera / 2019","Ao Vivo No Ibirapuera","Henrique & Juliano",2020-05-15,186379,17,true,31iyzpt6ozhhinwi72azy6ryb6lu,2024-05-10T12:56:28Z,"sertanejo,sertanejo universitário,arrocha,agronejo","Vida Nova Producoes",0.679,0.659,1,-6.039,1,0.0497,0.674,0,0.948,0.698,108.221,4
spotify:track:1XCKlzIqaehohdUTihetGN,"Cobertor de Orelha - Ao Vivo","Misturadin (Ao Vivo)","Turma do Pagode",2017-08-15,156921,65,false,31iyzpt6ozhhinwi72azy6ryb6lu,2024-05-10T12:56:41Z,"pagode,samba","Sony Music Entertainment",0.611,0.849,9,-6.652,1,0.0415,0.773,0,0.982,0.907,80.067,4
spotify:track:5A4DlgM68SnFSKImnMeiUH,"Bebe e Vem Me Procurar / Quem Ama Sente Saudade (Ao Vivo)","Bebe e Vem Me Procurar / Quem Ama Sente Saudade (Ao Vivo)","Turma do Pagode;Grupo Menos É Mais",2021-01-28,216818,72,false,31iyzpt6ozhhinwi72azy6ryb6lu,2024-05-10T12:58:15Z,"pagode,samba","Sony Music Entertainment",0.68,0.712,9,-6.781,1,0.0609,0.634,0,0.933,0.784,88,4
spotify:track:4rGZaAoBrEvfLGMDZapBKL,"Vai Me Dando Corda - Ao Vivo","Churrasquinho Menos É Mais (Ao Vivo)","Grupo Menos É Mais;Di Propósito;Vou Zuar",2020-04-23,268597,69,false,31iyzpt6ozhhinwi72azy6ryb6lu,2024-05-10T12:59:28Z,"pagode,samba","Som Livre",0.567,0.779,5,-4.464,0,0.152,0.651,0,0.914,0.909,92.384,4
spotify:track:6DjKWVAqXUvMaAzO4U4CIo,"Tá Vendo Aquela Lua","25 Anos (Ao Vivo)","Exaltasamba",2011-07-05,196306,69,false,31iyzpt6ozhhinwi72azy6ryb6lu,2024-05-10T12:59:40Z,"pagode,samba","FVA Music Solutions",0.57,0.888,7,-9.044,1,0.05,0.561,0,0.93,0.645,163.966,4
spotify:track:5r9CZJMoMmxio2AnJdxuDS,"Pot-Pourri: Melhor Eu Ir / Ligando Os Fatos / Sonho de Amor / Deixa Eu Te Querer - Ao Vivo","Churrasquinho Menos É Mais (Ao Vivo)","Grupo Menos É Mais;Di Propósito;Vou Zuar",2020-04-23,521088,75,false,31iyzpt6ozhhinwi72azy6ryb6lu,2024-05-10T12:59:47Z,"pagode,samba","Som Livre",0.437,0.798,2,-3.928,1,0.0792,0.603,0,0.552,0.706,157.828,4
spotify:track:3IbQGxLsZfV8EzA7ILNDwB,"Me Apaixonei Pela Pessoa Errada","Eu e Você Sempre","Exaltasamba",2011-01-01,208173,55,false,31iyzpt6ozhhinwi72azy6ryb6lu,2024-05-10T12:59:56Z,"pagode,samba","EMI",0.555,0.59,11,-9.228,0,0.0396,0.663,0,0.384,0.748,140.854,4
spotify:track:4f0aDk7HX37SfzerfznYlr,"Lapada Dela - Ao Vivo","Confia (Ao Vivo)","Grupo Menos É Mais;Matheus Fernandes",2023-01-20,159322,76,false,31iyzpt6ozhhinwi72azy6ryb6lu,2024-05-10T13:00:04Z,"pagode,samba,piseiro,sertanejo,forró,arrocha,sertanejo universitário","Som Livre",0.691,0.752,4,-6.796,0,0.157,0.708,0.00000607,0.912,0.684,167.073,4
spotify:track:6LQQGxRzNLsWQtwgLe5fAm,"Insegurança - Ao Vivo","15 Anos (Ao Vivo)","Pixote",2007-10-01,180853,74,false,31iyzpt6ozhhinwi72azy6ryb6lu,2024-05-10T13:00:52Z,"pagode,samba","Atração",0.442,0.806,10,-5.79,1,0.125,0.58,0,0.78,0.591,149.427,4
spotify:track:3rDAHk73LZmgJIyGZstWQ0,"Nem de Graça / Saudade Arregaça - Ao Vivo","Fã de Carteirinha Sunset (Ao Vivo)","Pixote",2019-11-22,342622,70,false,31iyzpt6ozhhinwi72azy6ryb6lu,2024-05-10T13:01:03Z,"pagode,samba","GR Shows",0.477,0.813,10,-5.919,1,0.0743,0.605,0,0.467,0.75,97.888,4
spotify:track:5u7Xi0QhfkYy3qETJJ5lae,"Samba de Malandro","Samba de Malandro","MC Paulin da Capital;Love Funk;Mc Piedro;Dj GM;DJ WN;MC Ryan SP;Mc Daniel",2024-03-14,300842,57,true,31iyzpt6ozhhinwi72azy6ryb6lu,2024-05-10T13:01:15Z,"funk consciente,funk,trap funk,agronejo","Love Funk",0.633,0.463,5,-4.479,0,0.353,0.124,0,0.247,0.827,92.615,4
spotify:track:5geU4byUA1hnQofQPOsPDS,"Sereia","Vida Cara","Orochi;MC Ryan SP;Oruam;Xamã;Neo Beats;Kizzy;Mainstreet",2023-01-09,294418,71,true,31iyzpt6ozhhinwi72azy6ryb6lu,2024-05-10T13:36:01Z,"trap brasileiro,hip hop brasileiro,trap funk,trap,funk,funk consciente","Mainstreet Records",0.651,0.661,9,-5.08,1,0.147,0.276,0,0.105,0.505,114.528,5
spotify:track:1xw0BToTM3XnVnqXSPRByZ,"Sereia Me Perdoa","Sereia Me Perdoa","MC Ryan SP;Mc Don Juan;Mc IG;Kotim;MC Joãozinho VT;MC Tuto;Kako;Vulgo FK",2023-05-25,457411,61,false,31iyzpt6ozhhinwi72azy6ryb6lu,2024-05-10T13:36:06Z,"funk,funk consciente,trap funk,trap brasileiro,trap,hip hop brasileiro","WM Brazil",0.491,0.792,1,-3,0,0.253,0.336,0,0.113,0.651,84.31,4
spotify:track:2orGm2E68ODFYOURjaES62,"Felina","Felina","WIU;MC Ryan SP",2022-09-22,225882,67,false,31iyzpt6ozhhinwi72azy6ryb6lu,2024-05-10T13:36:13Z,"trap brasileiro,trap,trap funk,hip hop brasileiro,funk,funk consciente","Sony Music Entertainment",0.585,0.662,5,-4.235,0,0.351,0.385,0,0.0966,0.533,169.239,4
spotify:track:19ipNAuJDPuz6ILrT0UFu1,"Trilogia 150","Trilogia 150","MC Roger;MC Kevin o Chris;MC PG",2019-06-14,129645,70,true,31iyzpt6ozhhinwi72azy6ryb6lu,2024-05-10T15:41:18Z,"funk,brega funk,funk carioca","Mc Roger",0.85,0.38,1,-5.436,1,0.469,0.635,0,0.0793,0.724,150.306,4
spotify:track:1AhMg7aEFYxr1JKWWUHfmV,"Pam, Pam","Pam, Pam","DJ GUSTAVO DA VS;Mc J Mito;Mc Tevez",2024-03-26,146269,43,true,31iyzpt6ozhhinwi72azy6ryb6lu,2024-05-11T14:56:56Z,"funk,funk de bh","24por48",0.625,0.412,2,-11.114,1,0.894,0.0673,0.00000761,0.111,0.673,77.388,5
spotify:track:7vojkaMG9kvfnCDmEzzjAT,"Me Apaixonei Nessa Louca","Me Apaixonei Nessa Louca","DJ Weriky",2024-01-30,79438,0,true,31iyzpt6ozhhinwi72azy6ryb6lu,2024-05-11T14:57:11Z,"","DJ Weriky",0.864,0.831,9,-1.85,1,0.077,0.172,0.00222,0.196,0.625,133.077,4
spotify:track:4a0sqvCBo7aRIS4GzBQpnp,"Kikando e Me Olhando","Kikando e Me Olhando","MC Braz;MC Tairon;Dj Win",2022-03-23,210461,7,false,31iyzpt6ozhhinwi72azy6ryb6lu,2024-05-11T14:57:29Z,"funk de bh,funk","Fun Mídia",0.742,0.439,3,-5.141,0,0.28,0.637,0,0.0876,0.842,85.974,3
spotify:track:2K509QflSq6A4joclOriyv,"Ela É Malandra","Ela É Malandra","MC Luan da BS;MC AK;Mc Kaio;Mc Vaguin;DJ Marcus Vinicius",2021-02-01,214204,49,true,31iyzpt6ozhhinwi72azy6ryb6lu,2024-05-11T14:59:26Z,"funk de bh,funk","Funk Explode Records",0.655,0.564,0,-1.734,0,0.0511,0.419,0,0.174,0.529,86.302,3
spotify:track:0VHFqk685Lxlqgwiyk7EcU,"Apaixonou Eu","Apaixonou Eu","MC CJ",2020-05-15,221596,49,false,31iyzpt6ozhhinwi72azy6ryb6lu,2024-05-11T15:06:06Z,"funk de bh,funk","The Gang Music",0.729,0.549,2,-3.277,0,0.0345,0.662,0.00000359,0.0879,0.293,129.934,4
spotify:track:5iSs0h9KT1zlfuhRrSXfik,"Seu Ex Ta Nervoso Demais","Seu Ex Ta Nervoso Demais","Mc Dudu Sk;Mc Pepeu;Doug Hits",2020-10-14,129230,65,true,31iyzpt6ozhhinwi72azy6ryb6lu,2024-05-11T15:07:33Z,"funk,funk de bh,brega funk","Doug Filmes",0.82,0.518,6,-3.454,0,0.033,0.46,0,0.141,0.724,129.89,4
spotify:track:68JG6IZTv050MioMhaps2m,"Tentei Me Apaixonar","Tentei Me Apaixonar","MC Meno K;DJ Kaio Mix",2021-04-16,180457,30,true,31iyzpt6ozhhinwi72azy6ryb6lu,2024-05-11T15:07:56Z,"funk,funk carioca,trap funk,funk consciente","Resumo Produtora",0.891,0.562,6,-8.479,0,0.319,0.343,0,0.104,0.63,131.101,4
spotify:track:2LF0YQwf7Y3qwB0FuCBBQh,"Amiga Best","Amiga Best","MC CJ",2020-01-27,172615,1,false,31iyzpt6ozhhinwi72azy6ryb6lu,2024-05-11T15:08:35Z,"funk de bh,funk","The Gang Music",0.818,0.501,3,-4.47,0,0.0572,0.671,0,0.115,0.407,129.866,4
spotify:track:3KChQJNn7bAVEii7IodmoX,"Igual Cristiano Ronaldo nos Joga Com a 7","Igual Cristiano Ronaldo nos Joga Com a 7","Dj Bruninho Pzs;Dj Mano Lost;MC Gringo 22",2023-05-27,184961,0,true,31iyzpt6ozhhinwi72azy6ryb6lu,2024-05-11T15:08:41Z,"funk,funk carioca","DJ Bruninho Pzs Music",0.951,0.573,11,-1.671,0,0.435,0.363,0,0.0583,0.564,130.034,4
spotify:track:2ASs0n7ukfyxAxDtdir4vF,"Privilégio","Privilégio","MC Luan da BS;Mc Vitin do LJ;MC Marley;DJ 2w",2020-09-22,151384,52,true,31iyzpt6ozhhinwi72azy6ryb6lu,2024-05-11T15:10:50Z,"funk de bh,funk,brega funk","Funk Explode",0.567,0.645,3,-1.842,0,0.0817,0.623,0.00294,0.0822,0.888,85.107,5
spotify:track:66KlcaDo2PlaFpumUHVG0W,"Moça - Ao Vivo","Samba Pro Meu Povo: Bloco Rua Mariana (Ao Vivo)","Tiee",2022-12-16,212884,61,false,31iyzpt6ozhhinwi72azy6ryb6lu,2024-05-17T19:11:35Z,"pagode,samba","Som Livre",0.592,0.752,8,-6.736,1,0.0435,0.745,0,0.755,0.751,158.057,4
spotify:track:3kBYuWrGtx1tSHjzr0vlZh,"Sorriso no Rosto","Sorriso no Rosto","Mc IG;Murillo e LT no Beat;DJ Glenner",2024-05-28,148000,61,true,31iyzpt6ozhhinwi72azy6ryb6lu,2024-05-29T22:57:47Z,"funk,trap funk,funk consciente,trap brasileiro","WM Brazil",0.637,0.805,7,-5.17,0,0.326,0.361,0.0000149,0.125,0.572,90.3,3
spotify:track:03lktDGYEv8pr5xHbQaln9,"Isso Que É Arte","Celebridade","Orochi;Kizzy",2020-03-27,280000,64,true,31iyzpt6ozhhinwi72azy6ryb6lu,2024-06-09T15:12:06Z,"trap brasileiro,hip hop brasileiro,trap funk,trap","Mainstreet Records",0.621,0.622,8,-6.439,0,0.0384,0.101,0,0.101,0.376,127.055,4
spotify:track:1DYb1BUnPtlU6ISAHcJT8Z,"Ritmada Antidepressiva","Ritmada Antidepressiva","Dj Menor K;Yuri Redicopa;MC Buraga",2023-12-02,194806,0,true,31iyzpt6ozhhinwi72azy6ryb6lu,2024-06-16T01:46:00Z,"funk,funk bruxaria","JM Stúdio",0.891,0.336,2,-7.965,0,0.292,0.97,0.295,0.101,0.545,130.036,4
spotify:track:0WXAuH4oLzRzW8eHnS05Tf,"Super Magrão Devastador","Super Magrão Devastador","DJ Guih MS;Mc Gw",2023-07-04,97750,31,true,31iyzpt6ozhhinwi72azy6ryb6lu,2024-06-16T01:46:12Z,"funk,phonk,phonk brasileiro,funk carioca,funk bruxaria,brega funk","NOISÉMANDELA",0.76,0.792,6,-1.733,0,0.11,0.0226,0.00201,0.127,0.766,129.955,4
spotify:track:6s10JhCg5l6ckm8sdviEea,"Toque Carinhoso","Toque Carinhoso","Kempa;Jhonny;Empire Street",2024-05-24,186994,57,true,31iyzpt6ozhhinwi72azy6ryb6lu,2024-06-22T16:57:16Z,"arrocha,piseiro,forró,seresta","Empire Street",0.766,0.667,5,-6.711,0,0.039,0.509,0,0.0463,0.825,145.987,4
spotify:track:4W87Hv4pBFsE0JEi7enRBQ,"Malvada","Magia Azul","TrapLaudo;Mc IG;MC PH;MC Ryan SP;Mc Don Juan;Murillo e LT no Beat",2024-06-20,300487,59,false,31iyzpt6ozhhinwi72azy6ryb6lu,2024-06-22T16:57:45Z,"funk,trap funk,funk consciente,trap brasileiro","4M RECORDS",0.646,0.627,9,-8.304,0,0.439,0.581,0,0.112,0.657,122.904,4
spotify:track:4JSROzfWqKccwZ68DX1aJe,"Tudo Que Você Quiser - Ao Vivo","O Nosso Tempo É Hoje (Ao Vivo)","Luan Santana",2013-10-21,249106,73,false,31iyzpt6ozhhinwi72azy6ryb6lu,2024-07-02T19:00:16Z,"sertanejo,sertanejo universitário,arrocha","Som Livre",0.228,0.789,0,-5.907,1,0.0627,0.621,0.00235,0.871,0.189,172.667,4
spotify:track:3vG5tTQZsAPTDqMiXFhKJy,"Avião","Avião","MC Caverinha",2019-12-06,139200,52,false,31iyzpt6ozhhinwi72azy6ryb6lu,2024-07-12T22:08:16Z,"trap brasileiro,trap,trap funk,hip hop brasileiro","Cp9 Produtora",0.879,0.418,10,-11.914,0,0.0559,0.572,0,0.107,0.696,100.018,4
spotify:track:6WZjB7VKPed4PPRnWLGZ68,"Você Foi Diferente","Você Foi Diferente","MC G15",2016-12-19,177789,63,true,31iyzpt6ozhhinwi72azy6ryb6lu,2024-07-17T23:18:13Z,"funk","GR6 Music",0.684,0.76,11,-5.542,0,0.887,0.609,0,0.271,0.652,129.758,4
spotify:track:3ODUgIaqdpkMXXlsH1kDLh,"300 no 7","300 no 7","MC GP;MC Jvila;MC LUUKY;Dj Yuri Pedrada",2024-06-21,195572,68,true,31iyzpt6ozhhinwi72azy6ryb6lu,2024-07-26T21:10:31Z,"funk,funk consciente,trap funk","MC GP NOVA ERA",0.631,0.614,9,-4.851,1,0.521,0.326,0,0.622,0.612,83.953,5
spotify:track:77uKOPe9LycSfrXCKqfJp2,"Perdoa Por Tudo Vida","Dos Prédios","Veigh;Toledo;Supernova Ent;Bvga Beatz",2022-11-18,160000,66,true,31iyzpt6ozhhinwi72azy6ryb6lu,2024-07-29T18:59:22Z,"trap brasileiro,trap funk,trap,hip hop brasileiro","Supernova Entertainment",0.738,0.32,1,-10.635,0,0.444,0.457,0,0.0848,0.667,114.005,4
spotify:track:65SlJkgtdhFkL6JpDvuEq3,"Ei, Dama!","Ei, Dama!","Mc IG;DJ Glenner",2023-08-30,171428,45,true,31iyzpt6ozhhinwi72azy6ryb6lu,2024-07-31T17:07:35Z,"funk,trap funk,funk consciente","WM Brazil",0.749,0.376,9,-10.358,0,0.149,0.204,0,0.327,0.511,111.928,5
spotify:track:4XaLEsmrRGSDkgd7qpn4Nl,"Sempre na Simplicidade","Sempre na Simplicidade","MC LUUKY;MC Ryan SP;Dj Victor;Boladin 211;MC Vine7",2024-07-17,300000,59,true,31iyzpt6ozhhinwi72azy6ryb6lu,2024-07-31T17:07:46Z,"funk,trap funk,funk consciente,funk de bh,fado","EDITORA E GRAVADORA A BASE RECORDS",0.69,0.771,1,-3.382,0,0.445,0.268,0,0.0965,0.454,116.539,4
spotify:track:4MF0VMffyxHsy3GZwwUnAs,"A Morte do Autotune","A Morte do Autotune","Matuê",2018-12-25,216710,5,false,31iyzpt6ozhhinwi72azy6ryb6lu,2024-08-01T19:21:27Z,"trap brasileiro,trap,hip hop brasileiro,trap funk","30PRAUM",0.615,0.529,11,-9.255,0,0.262,0.363,0,0.266,0.35,151.786,4
spotify:track:1lflD04lIdgV10sCMwFYOu,"Sorriso no Rosto","Menino Maluquinho","Mc Leozin;MC Rick;Boladin 211;Deliverymusic;Dj L Martins",2024-05-24,155132,63,true,31iyzpt6ozhhinwi72azy6ryb6lu,2024-08-02T22:46:01Z,"funk,funk de bh,trap funk,funk consciente,fado","Delivery Music LTDA",0.924,0.42,5,-7.145,0,0.205,0.625,0.000308,0.0701,0.744,129.99,4
spotify:track:7IMgQcO4mFbv2Uqr41nJnm,"TMOIG","Todo Mundo Odeia o IG","Mc IG;DJ Glenner",2024-03-21,176000,55,true,31iyzpt6ozhhinwi72azy6ryb6lu,2024-08-02T22:46:36Z,"funk,trap funk,funk consciente","WM Brazil",0.857,0.43,6,-12.487,1,0.229,0.307,0,0.0988,0.668,120.088,4
spotify:track:1a007rHiLXXU4B6cLhKPPj,"Noite Paulista","Noite Paulista","Mc IG;MC Ryan SP;Mc Paiva ZS;Mc Luki;Gabb MC;MC PH;DJ Oreia",2022-08-10,323855,52,true,31iyzpt6ozhhinwi72azy6ryb6lu,2024-08-02T22:46:52Z,"funk,trap funk,funk consciente,funk carioca,trap brasileiro","GR6 Music",0.717,0.675,6,-4.451,0,0.0977,0.807,0,0.229,0.799,165.964,4
spotify:track:0OBv4CEP5FKS19ZQGHAUM6,"Fala na Cara","Fala na Cara","Mc Paiva ZS;DJ Ak beats;Love Funk",2023-10-11,171707,70,true,31iyzpt6ozhhinwi72azy6ryb6lu,2024-08-02T22:50:11Z,"funk,trap funk,funk consciente,funk carioca","Love Funk",0.795,0.507,9,-6.515,0,0.101,0.774,0,0.107,0.785,122.934,4
spotify:track:27ECP9NCzTAoTpxXNePZuS,"01 Não É 02","01 Não É 02","Mc Paiva ZS;Love Funk;DJ Ak beats",2023-06-21,128503,64,true,31iyzpt6ozhhinwi72azy6ryb6lu,2024-08-02T22:50:15Z,"funk,trap funk,funk consciente,funk carioca","Love Funk",0.566,0.656,11,-5.697,1,0.752,0.648,0,0.164,0.609,127.173,4
spotify:track:398GQsAm55L04n4LcBgzFP,"Mó Tempão Que Tu Não Fala Comigo","Mó Tempão Que Tu Não Fala Comigo","Oruam;MC Ryan SP;Kotim;Vulgo FK;Mc IG;Mc Don Juan;MC PH;Mc Paiva ZS;MC LUUKY",2024-07-02,532941,54,true,31iyzpt6ozhhinwi72azy6ryb6lu,2024-08-02T22:50:45Z,"trap funk,trap brasileiro,funk,trap,funk consciente,hip hop brasileiro,funk carioca","Mainstreet Records",0.619,0.581,11,-2.312,0,0.0934,0.654,0,0.168,0.56,112.369,5
spotify:track:0aXHnXG1twZEc7AUGTK4Fo,"Melhor Dia 13 - Era Uma Vez","Melhor Dia 13 - Era Uma Vez","Marcos Baroni;WIU;MC Hariel;Mc IG;Kako;Vulgo FK;Tuzão",2024-06-13,382222,0,true,31iyzpt6ozhhinwi72azy6ryb6lu,2024-08-02T22:51:01Z,"trap brasileiro,trap funk,trap,hip hop brasileiro,funk,funk consciente","Estúdio Baroni",0.753,0.682,7,-3.672,0,0.152,0.26,0,0.0985,0.692,161.911,4
spotify:track:4UjDsy4EYZxFpKcKVRy7Ht,"Tropa Dos Mais Novo","Tropa Dos Mais Novo","DJ Cayoo;DJ ESCOBAR;MC HENRY",2022-10-14,96922,48,true,31iyzpt6ozhhinwi72azy6ryb6lu,2024-08-02T22:51:07Z,"funk,funk de bh,funk carioca","Tropa 7lc",0.729,0.63,0,-3.829,0,0.521,0.541,0,0.17,0.548,81.032,5
spotify:track:5oI9blwsXC8AkTWw6wASY8,"Máquina do Tempo","Máquina do Tempo","Matuê",2020-09-10,230400,78,true,31iyzpt6ozhhinwi72azy6ryb6lu,2024-08-03T17:31:31Z,"trap brasileiro,trap,hip hop brasileiro,trap funk","Sony Music Entertainment",0.629,0.727,4,-4.387,0,0.0499,0.0647,0,0.138,0.132,149.978,4
spotify:track:0bV0LtjtZH76gD0ujPYS3n,"Gorilla Roxo","Máquina do Tempo","Matuê",2020-09-10,165336,74,true,31iyzpt6ozhhinwi72azy6ryb6lu,2024-08-03T17:31:35Z,"trap brasileiro,trap,hip hop brasileiro,trap funk","Sony Music Entertainment",0.668,0.814,10,-4.218,0,0.106,0.0614,0,0.133,0.276,134.988,4
spotify:track:0GYPcKDlsb8WEtJkkKdtgH,"Anos Luz","Anos Luz","Matuê",2017-11-10,264035,4,false,31iyzpt6ozhhinwi72azy6ryb6lu,2024-08-03T17:31:38Z,"trap brasileiro,trap,hip hop brasileiro,trap funk","Matuê",0.634,0.498,6,-10.242,0,0.103,0.375,0,0.115,0.299,109.817,4
spotify:track:3MkdA6vwF0ifRl86yzTlJW,"Kenny G","Kenny G","Matuê",2019-09-04,189600,74,true,31iyzpt6ozhhinwi72azy6ryb6lu,2024-08-03T17:31:42Z,"trap brasileiro,trap,hip hop brasileiro,trap funk","Sony Music Entertainment",0.417,0.767,9,-3.31,1,0.193,0.0778,0,0.113,0.152,72.573,3
spotify:track:3sGcETRMuAgcPgjDpIkgMn,"777-666","Máquina do Tempo","Matuê",2020-09-10,164000,73,true,31iyzpt6ozhhinwi72azy6ryb6lu,2024-08-03T17:31:47Z,"trap brasileiro,trap,hip hop brasileiro,trap funk","Sony Music Entertainment",0.544,0.802,10,-4.534,0,0.326,0.0534,0,0.139,0.322,179.924,4
spotify:track:3a4W4YjeCPvzdpVqoqG8NL,"Deixa o Cavalo Correr","Deixa o Cavalo Correr","Oldilla;Gabb MC;MC LUUKY;Mc Tato;MC Bruno MS;TrapLaudo;Boladin 211",2024-07-31,389538,60,true,31iyzpt6ozhhinwi72azy6ryb6lu,2024-08-05T00:28:34Z,"funk,funk consciente,trap funk,funk de bh,fado","Love Funk",0.791,0.527,1,-8.497,1,0.431,0.454,0,0.121,0.601,130.051,4
spotify:track:5Tl43e7O21NZaiGyx4F9QB,"Iphone Black","Iphone Black","Mc Davi;MC Ryan SP",2020-06-16,250434,42,false,31iyzpt6ozhhinwi72azy6ryb6lu,2024-08-28T21:12:44Z,"funk,funk consciente,trap funk","GR6 Music",0.678,0.607,10,-4.646,0,0.256,0.0353,0,0.0694,0.691,122.132,5
spotify:track:6kxC1D2TDKrwPOlx23VoFS,"X6","1 Beat 1 Letra","MC Hariel",2022-12-16,194000,56,false,31iyzpt6ozhhinwi72azy6ryb6lu,2024-08-30T23:58:16Z,"funk,funk consciente,trap funk","WM Brazil",0.567,0.647,3,-5.475,0,0.469,0.569,0.00000217,0.153,0.755,165.429,3
spotify:track:3bcJIkPhkmoiF31lcHZ96t,"Rebola Lentinho","Rebola Lentinho","Mc Kaio;MC Rick;DJ Swat",2020-12-01,184615,53,true,31iyzpt6ozhhinwi72azy6ryb6lu,2024-09-29T05:43:12Z,"funk de bh,funk,trap funk","Funk Explode Records",0.857,0.469,6,-3.549,0,0.0649,0.582,0,0.0917,0.528,86.569,5
spotify:track:5hM7pFBBtWd9iuRtDPpA77,"Cê É Da Rua Eu Sei Luuky","Cê É Da Rua Eu Sei Luuky","Previas MC´s",2024-10-17,267493,0,true,31iyzpt6ozhhinwi72azy6ryb6lu,2024-10-25T14:37:56Z,"","DJ Felipe MIX",0.804,0.551,10,-7.395,0,0.303,0.451,0,0.177,0.47,129.758,4
spotify:track:0tYzN4b4XdLk3dLk7JRgMh,"Te Levei Pro Beco","Te Levei Pro Beco","MC LUUKY;DJ Japa NK",2024-05-02,193067,58,true,31iyzpt6ozhhinwi72azy6ryb6lu,2024-10-25T14:38:18Z,"funk,trap funk,funk consciente","EDITORA E GRAVADORA A BASE RECORDS",0.9,0.389,5,-7.292,0,0.738,0.577,0,0.123,0.388,130.059,4
spotify:track:02I0Nm97YdmZ8teGFcIHEy,"Tropa do Sem K.O","Tropa do Sem K.O","MC Joãozinho VT;MC Tuto;MC Vine7;MC Ryan SP;Mc Duzinho SP;MC LUUKY;Caio Passos",2024-09-03,376000,64,true,31iyzpt6ozhhinwi72azy6ryb6lu,2024-10-25T14:38:25Z,"funk,funk consciente,trap funk,trap brasileiro","Sonar Music",0.612,0.729,8,-3.7,0,0.487,0.311,0,0.0495,0.786,85.511,3
spotify:track:4RkBJDTvjDxPMAU1Oydz34,"Só Menina Linda","Só Menina Linda","MC LUUKY;MC Bruno MS;Boladin 211;Mc Negão Original;MC GH do 7;Mc Daniel;DJ Japa NK;DJ DAVI DOGDOG;MC Ryan SP",2024-09-11,490163,59,true,31iyzpt6ozhhinwi72azy6ryb6lu,2024-10-25T14:38:31Z,"funk,trap funk,funk consciente,funk de bh,fado,agronejo","EDITORA E GRAVADORA A BASE RECORDS",0.637,0.654,6,-4.714,0,0.383,0.353,0,0.12,0.636,129.642,4
spotify:track:1QJaeNvg0vhNxAdozXOH4L,"Pra Roncar Tem que Desbicar","Pra Roncar Tem que Desbicar","Mc IG;MC Ryan SP;DJ Glenner;Lil Kid 777;Mc Don Juan;MC GH do 7;MC Hariel;MC LUUKY;MC Marcos IP;MC Nego Micha;Mc Menor Kau;Mc Paiva ZS;TrapLaudo;Ttheuz1n",2024-07-23,665196,46,true,31iyzpt6ozhhinwi72azy6ryb6lu,2024-10-25T14:38:44Z,"funk,trap funk,funk consciente,trap brasileiro,funk carioca","WM Brazil",0.663,0.737,6,-6.578,0,0.517,0.348,0,0.319,0.881,127.113,4
spotify:track:6s1kzj4EbhFLXbuAGJbhbn,"Barbie","Barbie","MC Tuto;DJ Glenner",2024-10-18,192755,71,false,31iyzpt6ozhhinwi72azy6ryb6lu,2024-10-25T14:39:05Z,"funk,funk consciente,trap funk","Sonar Music",0.955,0.425,3,-8.242,0,0.43,0.711,0,0.101,0.716,127.032,4
spotify:track:2MHQdlPaIcD49dJXHd6MYI,"Hoje o Dia Tá Bonito","Hoje o Dia Tá Bonito","MC Marks;GringoBeats808",2024-09-30,109571,61,false,31iyzpt6ozhhinwi72azy6ryb6lu,2024-10-25T14:39:19Z,"funk consciente,funk,trap funk","WM Brazil",0.904,0.539,11,-7.79,1,0.123,0.281,0.00000863,0.0934,0.787,126.12,4
spotify:track:2drZGdAOxfE2KoMGTkidmq,"365 Dias (Vida Mansa)","365 Dias (Vida Mansa)","MC Marks;MC Ryan SP;MC Jvila;MC Bruno MS;Mc Magal;Aaron Modesto;DJ Dael;MC LUUKY",2024-09-27,527220,73,false,31iyzpt6ozhhinwi72azy6ryb6lu,2024-10-25T14:39:36Z,"funk consciente,funk,trap funk","Legenda Records",0.765,0.669,11,-4.029,1,0.212,0.558,0,0.271,0.84,130.999,4
spotify:track:2wXqRqVGiGB2fyy9eoPJbP,"Eu sou Cantor Não Sou Bandido","Eu sou Cantor Não Sou Bandido","Mc Lele JP;MC Marks;MC Leozinho ZS;MC Joãozinho VT",2024-07-10,266666,67,false,31iyzpt6ozhhinwi72azy6ryb6lu,2024-10-25T14:39:42Z,"funk,funk consciente,trap funk","A Luz Records",0.694,0.488,11,-8.343,1,0.45,0.323,0.00000794,0.107,0.673,126.032,4
spotify:track:5d5R5A3dkYJGnnOKt68bF5,"Vida Louca, Bela e Curta - Ao Vivo","Vida Louca, Bela e Curta (Ao Vivo)","MC Hariel;Mc IG;MC Marks;MC GP;Mc Kanhoto;Mc Luki",2024-08-01,339604,52,false,31iyzpt6ozhhinwi72azy6ryb6lu,2024-10-25T14:39:52Z,"funk,funk consciente,trap funk","WM Brazil",0.517,0.331,9,-14.504,0,0.473,0.483,0,0.138,0.55,163.892,4
spotify:track:2Rr2mkxwAGZJFq0wlcEpGP,"Sem Topete","Sem Topete","MC Marks;Murillo e LT no Beat;Fepache",2024-09-05,175609,60,true,31iyzpt6ozhhinwi72azy6ryb6lu,2024-10-25T14:39:59Z,"funk consciente,funk,trap funk,trap brasileiro","WM Brazil",0.755,0.582,4,-4.905,0,0.478,0.576,0,0.0918,0.534,81.972,4
spotify:track:6kMt2Jqj1vpScwS7267w21,"Nóis É Chefe 2","Nóis É Chefe 2","MC GP;DJ Japa NK;MC Rick;Mc Dena;Mc Negão Original;MC Ryan SP;DU'L;Boladin 211;MC LUUKY",2024-09-06,420927,53,true,31iyzpt6ozhhinwi72azy6ryb6lu,2024-10-25T14:40:05Z,"funk,funk consciente,trap funk,funk de bh,fado","MC GP NOVA ERA",0.837,0.753,8,-3.258,1,0.268,0.215,0,0.539,0.612,129.879,4
spotify:track:32FjfUr6WlI54zX0Kh4MTI,"Voltei pras putas","Voltei pras putas","MC GP",2019-03-22,137195,58,true,31iyzpt6ozhhinwi72azy6ryb6lu,2024-10-25T14:40:36Z,"funk,funk consciente,trap funk","WM Brazil",0.896,0.459,10,-2.318,0,0.0939,0.0405,0.0000139,0.0864,0.514,132.906,4
spotify:track:1OZ4uv7OAP24Ix6j3vojLt,"Casei Com a Putaria","Casei Com a Putaria","Mc Paiva ZS;MC Ryan SP;Kotim",2022-07-01,157500,63,true,31iyzpt6ozhhinwi72azy6ryb6lu,2024-10-25T14:41:17Z,"funk,trap funk,funk consciente,funk carioca","Love Funk",0.585,0.6,10,-7.008,0,0.436,0.117,0,0.0504,0.617,160.635,4
spotify:track:76eqnawESChKcwt2UElEoA,"Doida pra Fuder Com o Trem","Doida pra Fuder Com o Trem","DJ Lukinha;Mc Magal",2020-11-21,168515,38,true,31iyzpt6ozhhinwi72azy6ryb6lu,2024-10-25T14:45:59Z,"funk de bh,funk,funk consciente,trap funk","DJ Lukinha",0.642,0.356,7,-4.346,0,0.0761,0.132,0,0.134,0.233,162.507,5
spotify:track:6mUNR2pJOxKRCVo97YVlHE,"Gonzaga Deu Fuga Com Uma Loira Cabulosa Em Cima Da 66","Gonzaga Deu Fuga Com Uma Loira Cabulosa Em Cima Da 66","Wesley Gonzaga;MC Fahah;Mc Vitin Lc",2021-03-01,127846,58,true,31iyzpt6ozhhinwi72azy6ryb6lu,2024-10-25T14:46:23Z,"funk de bh,funk","FERA ENTRETENIMENTO",0.899,0.367,7,-1.952,0,0.186,0.51,0,0.124,0.319,130.032,4
spotify:track:3GiY6uqCIFD8ufQ12ElSUZ,"Manto do Timão","Manto do Timão","Mc Kevin;MC Hariel;MC Ryan SP",2021-03-19,295909,52,true,31iyzpt6ozhhinwi72azy6ryb6lu,2024-10-25T22:29:41Z,"funk,funk consciente,trap funk","GR6 Music",0.6,0.548,2,-6.046,1,0.503,0.624,0,0.11,0.71,85.275,5
spotify:track:4WXVqLSRHF4ypdiBngbcqU,"Set Dj Gm 6.0","Set Dj Gm 6.0","Dj GM;Mc Paiva ZS;Triz;MC Paulin da Capital;Mc Lipi;Mc Lele JP;MC Ryan SP;Gabb MC;Mc Daniel;MC Cebezinho;MC GH do 7;MC Marks;Mc Negão Original;GREGO",2023-12-22,624000,76,false,31iyzpt6ozhhinwi72azy6ryb6lu,2024-11-05T16:31:12Z,"funk consciente,funk,trap funk,funk carioca,agronejo,piseiro,forró","Love Funk",0.459,0.747,8,-2.665,0,0.199,0.355,0,0.289,0.517,63.546,5
spotify:track:3D06dCZbYilOFAB8kR5tYF,"Malvadinho","Malvadinho","MC LUUKY;DJ JB Mix",2024-11-01,120115,64,true,31iyzpt6ozhhinwi72azy6ryb6lu,2024-11-05T16:38:56Z,"funk,trap funk,funk consciente","EDITORA E GRAVADORA A BASE RECORDS",0.842,0.499,1,-7.244,1,0.114,0.557,0,0.0942,0.688,130.071,4
spotify:track:4xUt1LlIwkZ9pGk4G255Ct,"Já Não É Legal","Já Não É Legal","Mc. Tg",2024-10-20,84125,0,true,31iyzpt6ozhhinwi72azy6ryb6lu,2024-11-05T16:39:01Z,"","7220890 Records DK",0.827,0.35,0,-14.492,1,0.473,0.252,0,0.133,0.451,129.771,4
spotify:track:3TfBBEpK7pFaVoyz3XEaB4,"Vida de Solteiro é Bom","Fênix","Mc Kevin;MC Ryan SP",2021-02-10,166153,46,true,31iyzpt6ozhhinwi72azy6ryb6lu,2024-11-06T20:51:52Z,"funk,funk consciente,trap funk","GR6 Music",0.777,0.663,4,-3.464,0,0.382,0.322,0,0.0928,0.657,129.737,4
spotify:track:0HrfC94KO4hQx21pGHWBcv,"Calendário do Papai","Calendário do Papai","Mc Don Juan;Perera DJ",2019-10-07,141192,64,false,31iyzpt6ozhhinwi72azy6ryb6lu,2024-11-06T20:52:11Z,"funk,funk consciente,trap funk","GR6 Music",0.815,0.437,2,-9.189,1,0.0548,0.244,0,0.206,0.566,129.967,4
spotify:track:1Nmcs8zk7LfcvHRgLtTM5J,"Amor de Fim de Noite","Celebridade","Orochi;Papatinho",2020-03-27,221142,74,true,31iyzpt6ozhhinwi72azy6ryb6lu,2024-11-09T17:01:01Z,"trap brasileiro,hip hop brasileiro,trap funk,trap","Mainstreet Records",0.473,0.427,7,-9.693,0,0.066,0.842,0,0.0839,0.694,138.655,4
spotify:track:1xBtguJMm7XnK37YpmyvRK,"Bela Dama","Bela Dama","Gaab;Mc Kevin;Murillo e LT no Beat",2023-04-02,213333,46,false,31iyzpt6ozhhinwi72azy6ryb6lu,2024-11-09T17:01:14Z,"pagode,funk,funk consciente,trap funk,trap brasileiro","Som Livre",0.628,0.7,8,-5.461,0,0.298,0.53,0.0000024,0.555,0.603,88.379,4
spotify:track:1ZvwQdhgtgLkfvs9OszuDJ,"Piloto da Nasa","Piloto da Nasa","Mc Kevin;Vulgo FK;Gaab",2021-11-04,310636,62,true,31iyzpt6ozhhinwi72azy6ryb6lu,2024-11-09T17:01:19Z,"funk,funk consciente,trap funk,trap brasileiro,trap,hip hop brasileiro,pagode","Elenko Music",0.644,0.517,0,-7.105,1,0.49,0.411,0,0.0933,0.532,110.825,5
spotify:track:6hiKXxS7pgPKnKfCU7UJ6O,"Vem Cá","Vem Cá","Altamira;Pelé MilFlows",2019-06-29,166692,74,false,31iyzpt6ozhhinwi72azy6ryb6lu,2024-11-09T17:01:39Z,"hip hop brasileiro,trap brasileiro","2019 Altamira Music",0.753,0.395,4,-8.19,1,0.133,0.525,0,0.181,0.724,80.959,4
spotify:track:68cPbG7hJnwDW9nPX1uQcX,"Saturno","Saturno","BIN;Mainstreet;Ajaxx",2020-12-10,186947,68,false,31iyzpt6ozhhinwi72azy6ryb6lu,2024-11-09T17:01:46Z,"trap brasileiro,hip hop brasileiro,trap funk,trap","Mainstreet Records",0.694,0.551,5,-5.929,1,0.0485,0.704,0,0.1,0.908,95.003,4
spotify:track:49gOjWojM4U1XX5ff773yp,"Dose de Desilusão","Dose de Desilusão","MC Hariel",2019-07-11,232421,55,false,31iyzpt6ozhhinwi72azy6ryb6lu,2024-11-09T17:02:01Z,"funk,funk consciente,trap funk","GR6 Music",0.876,0.515,11,-6.543,0,0.268,0.721,0.0000034,0.113,0.536,95.047,4
spotify:track:62KxFsmBdIO7STtzgFDJ9z,"Eu Te Avisei","Eu Te Avisei","Mc Paiva ZS;Gabb MC;TrapLaudo;Love Funk;DJ Vilão Original;oBornal",2024-04-11,331685,50,true,31iyzpt6ozhhinwi72azy6ryb6lu,2024-11-09T17:02:05Z,"funk,trap funk,funk consciente,funk carioca","Love Funk",0.722,0.537,8,-4.658,0,0.14,0.796,0.000491,0.108,0.636,88.854,4
spotify:track:36wWhtZyNc7YSGORYvLZ5X,"Sentimento","Isolado No Quarto","Mc Kevin;Dj Nene",2020-05-23,216000,65,false,31iyzpt6ozhhinwi72azy6ryb6lu,2024-11-09T17:02:16Z,"funk,funk consciente,trap funk","GR6 Music",0.493,0.587,7,-4.743,0,0.0603,0.791,0,0.0919,0.456,109.967,4
spotify:track:5cCwZJUf8QiCQGnyakhpmF,"Papo de Agustinho","Papo de Agustinho","Oruam;Mainstreet",2022-09-27,173333,59,true,31iyzpt6ozhhinwi72azy6ryb6lu,2024-11-09T17:08:03Z,"trap funk,trap brasileiro,funk,trap,hip hop brasileiro","Mainstreet Records",0.817,0.483,1,-6.822,0,0.112,0.469,0,0.129,0.436,111.981,4
spotify:track:3rhCQVwAYYdcc0yFLQi3Kb,"Relaxa a Bct Mulher","Relaxa a Bct Mulher","DJ NATHAN RV;DJ Blakes;Mc Roba Cena",2024-04-11,198370,58,true,31iyzpt6ozhhinwi72azy6ryb6lu,2024-11-16T21:10:59Z,"funk bruxaria,funk,phonk brasileiro,funk carioca,phonk","FLUXO DE RUA MUSIC",0.682,0.861,7,-3.83,1,0.219,0.00559,0.0014,0.139,0.504,129.919,4
spotify:track:7eoRm37Ta1jvGMiMRfOQoa,"Eu So Comi Ela uma Vez","Eu So Comi Ela uma Vez","Dj VN Maestro;MC G DS",2023-11-19,107102,63,true,31iyzpt6ozhhinwi72azy6ryb6lu,2024-11-16T21:11:07Z,"funk,funk carioca","Love Funk Records",0.887,0.574,4,-7.84,0,0.0759,0.295,0,0.0993,0.847,130.124,4
spotify:track:5Wo7n1OpPGKSMzTvfou9s8,"Aí Aí Que Legal - Aí Aí Que Fenomenal","Aí Aí Que Legal - Aí Aí Que Fenomenal","DJ Miller Oficial;Mc Nauan;MC Digu;Metralha dos Bailes",2024-04-26,147692,0,true,31iyzpt6ozhhinwi72azy6ryb6lu,2024-11-16T21:11:13Z,"funk,funk bruxaria","Potência Music",0.938,0.874,3,-0.847,1,0.109,0.267,0.00309,0.0848,0.759,130.075,4
spotify:track:2jDF9LwoDCuM54t3c3Rwvm,"MEGA FUNK EMBRAZANTE 3","MEGA FUNK EMBRAZANTE 3","DJ Petroski;MC Nego da Marcone;MC Menor MT",2023-01-13,288104,57,true,31iyzpt6ozhhinwi72azy6ryb6lu,2024-11-16T21:11:22Z,"funk","iMusics",0.855,0.8,1,-6.885,0,0.0498,0.16,0.0919,0.0484,0.741,125.037,4
spotify:track:5CtXR89REICvEZljUEK8r1,"Do Jeito Que Você Mete","Do Jeito Que Você Mete","DJ L30;MC Thaizinha",2024-02-20,120950,65,true,31iyzpt6ozhhinwi72azy6ryb6lu,2024-11-20T02:54:23Z,"funk,brega funk,funk carioca","Conquista Records Agenciamento Artístico",0.964,0.459,0,-4.661,1,0.145,0.334,0.072,0.0974,0.738,130.013,4
spotify:track:4yLspEg9oER71Z7kumIhHX,"O U PENTE ELETROFUNK","O U PENTE ELETROFUNK","Freizin7",2024-03-12,84924,31,true,31iyzpt6ozhhinwi72azy6ryb6lu,2024-11-20T02:54:44Z,"electro","Freizin7",0.882,0.669,1,-4.381,1,0.051,0.138,0.0884,0.0595,0.289,130.113,4
spotify:track:0hWzBcYtmwsL1TwByzjiUG,"Boy Besta","Boy Besta","MC Joãozinho VT;Mc Negão Original;MC Tuto;Matheuszin DJ;Kako;MC Ryan SP",2024-11-12,424615,70,true,31iyzpt6ozhhinwi72azy6ryb6lu,2024-12-03T22:16:57Z,"funk,funk consciente,trap funk","Sonar Music",0.922,0.539,8,-6.114,0,0.482,0.504,0,0.0924,0.747,130.007,4
spotify:track:27kdwA80vjgbIR1iu5h91j,"Que Burocracia","Que Burocracia","MC LUUKY;DJ Japa NK",2024-11-15,208562,51,true,31iyzpt6ozhhinwi72azy6ryb6lu,2024-12-10T00:37:24Z,"funk,trap funk,funk consciente","EDITORA E GRAVADORA A BASE RECORDS",0.802,0.557,2,-7.618,0,0.319,0.553,0,0.156,0.0458,86.659,5
spotify:track:0d4FoBkKaSZ4lGzd6pgJTc,"Bbzão da Boca Inchada","Bbzão da Boca Inchada","Mc Negão Original;DJ Japa NK;DJ DAVI DOGDOG",2024-10-01,195692,60,true,31iyzpt6ozhhinwi72azy6ryb6lu,2024-12-10T00:44:04Z,"funk,trap funk,funk consciente","Love Funk",0.587,0.611,6,-5.266,0,0.42,0.502,0.0000123,0.285,0.65,101.898,3
spotify:track:4FbYt9D0katV4nXZaC01Yt,"Medley de Igaratá 3","Medley de Igaratá 3","Mc Negão Original;DJ Guh Mix;Mc Robert",2024-11-07,265750,67,true,31iyzpt6ozhhinwi72azy6ryb6lu,2024-12-14T21:42:27Z,"funk,trap funk,funk consciente,funk carioca","Cria Hit BR",0.839,0.662,5,-5.738,0,0.307,0.312,0,0.398,0.834,130.12,4
spotify:track:3Zueb6ALSNxmNC9aCKK9z8,"A Bebê Quer Oque","A Bebê Quer Oque","MC Cebezinho;DJ Oreia;Menor Richard;Love Funk;MC GP;Mc Don Juan",2024-11-05,248000,56,true,31iyzpt6ozhhinwi72azy6ryb6lu,2024-12-14T21:42:34Z,"funk,funk consciente,trap funk","Love Funk",0.731,0.625,7,-5.226,1,0.665,0.0481,0,0.0634,0.932,119.989,4
spotify:track:0jC7CITOLqQhFIjd7Wb3aL,"Macetada nas do Job","Macetada nas do Job","Mc Rodrigo do CN;MC 2jhow;DJ Cayoo;Mc Ws da leste",2024-06-08,162461,70,true,31iyzpt6ozhhinwi72azy6ryb6lu,2024-12-14T21:42:42Z,"funk,funk de bh,funk carioca,brega funk","Malô Produtora",0.606,0.69,4,-3.625,0,0.368,0.701,0.0000291,0.0896,0.599,129.998,4
spotify:track:5mPn4ueXc1oua018FDvknz,"Calculista","Coração de Ouro","MC Joãozinho VT;DJ JR No Beat",2024-10-11,186165,67,true,31iyzpt6ozhhinwi72azy6ryb6lu,2024-12-14T21:42:48Z,"funk,funk consciente,trap funk","Sonar Music",0.647,0.557,11,-5.96,1,0.326,0.308,0,0.107,0.852,91.199,3
spotify:track:7BLjPZwgbxQSLZ4rWbboJY,"Vida de Artista","Vida de Artista","MC Joãozinho VT;MC Tuto;Deejhay RB",2024-06-26,196000,65,true,31iyzpt6ozhhinwi72azy6ryb6lu,2024-12-14T21:42:56Z,"funk,funk consciente,trap funk","Sonar Music",0.913,0.724,10,-4.866,0,0.193,0.502,0,0.0794,0.831,119.922,4
spotify:track:3Sa2gVQioE31DcG4nKNDqD,"Isso é Sério","333","Matuê;Brandão85",2024-09-09,285000,15,true,31iyzpt6ozhhinwi72azy6ryb6lu,2024-12-21T19:11:31Z,"trap brasileiro,trap,hip hop brasileiro,trap funk","30PRAUM",0.636,0.808,11,-3.318,0,0.255,0.359,0,0.107,0.576,79.98,4
spotify:track:0CFQq05zBENvvhImnjxJE9,"Piranha Surreal","Piranha Surreal","DJ Mimo Prod;MC Turtle;Victor JR",2024-02-07,101076,47,true,31iyzpt6ozhhinwi72azy6ryb6lu,2024-12-24T04:23:30Z,"funk","DJ Mimo Prod.",0.611,0.571,6,-4.85,1,0.0439,0.337,0,0.0764,0.572,134.199,4
spotify:track:2Doe6AaIpyDy4JvFTsxSDn,"Última Noite - Solo","Última Noite (Solo)","Léo Foguete;Acertei",2024-09-12,154553,68,true,31iyzpt6ozhhinwi72azy6ryb6lu,2025-01-03T23:01:31Z,"piseiro,forró,sertanejo,arrocha,agronejo","Acertei Produções",0.473,0.832,4,-5.633,0,0.0788,0.31,0,0.14,0.755,83.806,4
spotify:track:4yCaCU8oRB8Pcztid6D77d,"A NATA","A NATA","Som de Cria BR;TÁ RAUL EM BIGODE",2024-10-25,251239,0,true,31iyzpt6ozhhinwi72azy6ryb6lu,2025-01-04T08:41:29Z,"","Becos e Vielas RECORDS",0.568,0.59,4,-5.877,1,0.489,0.631,0,0.108,0.766,85.871,5
spotify:track:5kuUOpHZlZjL8b7HXkxRsm,"Luxúria","Pecado Capital","Xamã;Bagua Records;Neo Beats;Matuê",2018-05-24,185310,73,false,31iyzpt6ozhhinwi72azy6ryb6lu,2025-01-19T19:42:16Z,"hip hop brasileiro,trap brasileiro,trap funk,trap,boom bap","Baguá Records",0.737,0.564,7,-8.293,1,0.316,0.301,0,0.0985,0.684,140.075,4
spotify:track:4ssHL7bSnOAE7HjiuLx6Co,"Crack com Mussilon","333","Matuê",2024-09-09,154418,18,true,31iyzpt6ozhhinwi72azy6ryb6lu,2025-01-19T19:42:27Z,"trap brasileiro,trap,hip hop brasileiro,trap funk","30PRAUM",0.767,0.803,6,-2.833,0,0.116,0.173,0,0.14,0.462,128.979,4
spotify:track:6VH6SBNNL2RVWwImq046ce,"Penélope Charmosa 2","Penélope Charmosa 2","Boladin 211;Dejinha;MC Rick;DJ AL4DDIN",2024-09-27,171692,69,true,31iyzpt6ozhhinwi72azy6ryb6lu,2025-01-20T20:10:00Z,"funk,trap funk,funk de bh,funk consciente,fado","Kave",0.839,0.64,9,-5.842,0,0.169,0.609,0,0.0361,0.923,130.022,4
spotify:track:7A03CjXLZG2Vf2mHrPJ8d1,"Gps","Gps","Mc Pw;DJ Lukinha",2020-06-03,155193,3,true,31iyzpt6ozhhinwi72azy6ryb6lu,2025-01-20T21:08:14Z,"funk de bh,funk,trap funk,funk consciente","mc pw",0.654,0.61,7,-2.942,0,0.0869,0.56,0.000197,0.0545,0.252,130.066,4
spotify:track:7DWAerOfnQXuvH84B4kx53,"TÁ TARDE","TÁ TARDE","Vulgo FK;BK;Murillo e LT no Beat;Fepache",2024-10-23,200586,57,true,31iyzpt6ozhhinwi72azy6ryb6lu,2025-01-29T21:39:14Z,"trap brasileiro,trap funk,trap,funk,hip hop brasileiro,boom bap,funk consciente","Som Livre",0.531,0.424,10,-10.151,0,0.2,0.688,0.00000775,0.117,0.515,127.898,4
spotify:track:7jCgslBhuPF61B6yk90VYb,"Sexta Feira Hoje Tem","Sexta Feira Hoje Tem","MC Ryan SP;Mc IG;DJ Japa NK;Nilo;Boladin 211;MC LUUKY;Mc Negão Original",2025-01-10,387711,74,true,31iyzpt6ozhhinwi72azy6ryb6lu,2025-02-07T18:46:12Z,"funk,funk consciente,trap funk,funk de bh,fado","WM Brazil",0.774,0.583,11,-4.495,0,0.468,0.282,0,0.108,0.48,129.798,4
spotify:track:06n87WQroP5WFD4aR45T8X,"Comedinha Ficou Bravo","É o Japa Nk Né Bebê","DJ Japa NK;Mc Negão Original;MC Meno K",2024-12-05,152355,69,true,31iyzpt6ozhhinwi72azy6ryb6lu,2025-02-07T18:52:04Z,"funk,trap funk,funk consciente,funk carioca","Love Funk",0.772,0.761,1,-5.591,0,0.132,0.0332,0.0000275,0.478,0.51,130.046,4
spotify:track:4jUZymsR3lkia9wkP0o9cX,"MTG NA IMAGINAÇÃO - TOPO SESSIONS VOL. 1","MTG NA IMAGINAÇÃO (TOPO SESSIONS VOL. 1)","DJ TOPO;Mc Livinho",2024-09-13,144923,35,false,31iyzpt6ozhhinwi72azy6ryb6lu,2025-02-07T20:25:22Z,"funk,funk carioca","DJ TOPO",0.64,0.588,2,-0.766,0,0.177,0.605,0.0000151,0.0979,0.379,162.568,5
spotify:track:3yCtRV7LMeGBpvSHDR8uMV,"Chapa Máxima","Chapa Máxima","Boladin 211;MC Rick;MC Leozinho ZS;CAO$;Dj Lv Mdp;Dj Vitin do Pc",2024-12-05,151384,63,false,31iyzpt6ozhhinwi72azy6ryb6lu,2025-02-07T20:25:45Z,"funk,trap funk,funk de bh,funk consciente,fado","WM Brazil",0.711,0.462,2,-8.206,1,0.594,0.263,0,0.12,0.685,77.763,4
spotify:track:1ZdNxrONzkrBkc8vTCED6j,"Mãe Natureza","Tipo Sedex","MC Neguinho BDP;MC Iguinho da Capital;Taramps",2023-08-31,184000,56,true,31iyzpt6ozhhinwi72azy6ryb6lu,2025-02-07T20:26:55Z,"funk consciente,funk","Rage Massive Records",0.805,0.514,8,-9.528,0,0.472,0.597,0,0.174,0.528,90.328,3
spotify:track:3gws5jf2l6PC3PZZMVPxmn,"Tiger Preta","Tiger Preta","Mc Lele JP",2019-08-23,207272,59,false,31iyzpt6ozhhinwi72azy6ryb6lu,2025-02-07T20:27:15Z,"funk,funk consciente,trap funk","GR6 Music",0.931,0.568,5,-2.6,0,0.252,0.479,0,0.0759,0.863,131.916,4
spotify:track:5AU2BAA0ZfCmLj52ryqP6Q,"Fica Empinada","Fica Empinada","MC Meno K;DJ Borest;Resumo Produtora",2023-03-23,154064,50,true,31iyzpt6ozhhinwi72azy6ryb6lu,2025-02-07T20:28:52Z,"funk,funk carioca,trap funk","Resumo Produtora",0.644,0.38,1,-8.118,0,0.377,0.809,0,0.0779,0.921,86.925,3
spotify:track:5ODJgSfWFajkPOzU4A3uXP,"O Terror Vai Tá de Volta","O Terror Vai Tá de Volta","Boladin 211;MC Rick;DJ AL4DDIN",2024-05-10,150821,57,true,31iyzpt6ozhhinwi72azy6ryb6lu,2025-02-07T20:29:02Z,"funk,trap funk,funk de bh,funk consciente,fado","Kave",0.78,0.435,0,-7.774,1,0.22,0.136,0.000586,0.185,0.548,129.982,4
spotify:track:5d9VjXqrh4CyjDjVKYnOqZ,"Nemo","Nemo","JayA Luuck;Pineapple StormTv;Jogzz",2019-12-07,216000,53,false,31iyzpt6ozhhinwi72azy6ryb6lu,2025-02-07T20:33:35Z,"trap brasileiro,trap,hip hop brasileiro,trap funk","Pineapple StormTV",0.761,0.636,8,-7.041,0,0.0536,0.325,0,0.0812,0.256,109.964,4
spotify:track:3Y3LVTjdbZ35hGLhvYJxAq,"Iluminado","Iluminado","Kawe;Original Quality",2020-05-28,200625,64,true,31iyzpt6ozhhinwi72azy6ryb6lu,2025-02-07T20:33:42Z,"trap brasileiro,hip hop brasileiro,trap funk,trap","OQProduções",0.6,0.528,6,-7.713,0,0.434,0.0232,0.000962,0.0998,0.0847,120.115,4
spotify:track:6x6EA3N9xXgptSakS7VZUg,"FANTASMA (versão GORDÃO DO PC)","FANTASMA (versão GORDÃO DO PC)","GORDÃO DO PC;Mc Menor DN;Mc Leozin;Ana Laura Lopes",2024-12-11,171162,65,true,31iyzpt6ozhhinwi72azy6ryb6lu,2025-02-07T22:49:53Z,"funk de bh,funk,pop nacional","Alt Music",0.601,0.831,9,-1.794,0,0.142,0.638,0.00000268,0.131,0.419,85.389,5
spotify:track:1iSqfoUFnQwV0QW1EfUit8,"Suicidal","Melly vs. Melvin","YNW Melly",2019-11-22,222997,79,true,31iyzpt6ozhhinwi72azy6ryb6lu,2025-02-08T07:05:05Z,"rap melódico","P2019",0.735,0.369,9,-9.682,0,0.0688,0.334,0,0.126,0.235,140.004,4
spotify:track:361DsT1rBpJKIYVJNSP0pk,"Não Bebo Não Fumo Mais","Não Bebo Não Fumo Mais","MC Ryan SP;Mc IG;Mc Don Juan;Boladin 211;MC LUUKY;MC Neguinho do Kaxeta;Oldilla",2025-01-21,520615,62,true,31iyzpt6ozhhinwi72azy6ryb6lu,2025-02-10T20:59:48Z,"funk,funk consciente,trap funk,funk de bh,fado","WM Brazil",0.618,0.616,1,-7.324,0,0.348,0.181,0,0.122,0.35,129.698,4
spotify:track:3WxetTBTlpfyknxJfPQ7eQ,"Observando Essa Salada","Observando Essa Salada","MC Cebezinho;Dj Yuri Pedrada;Love Funk",2025-01-22,181644,64,false,31iyzpt6ozhhinwi72azy6ryb6lu,2025-02-10T20:59:54Z,"funk,funk consciente,trap funk","Love Funk",0.651,0.602,5,-4.544,0,0.457,0.314,0.00000389,0.215,0.756,86.317,5
spotify:track:43ugyXggO4iOtePz71p8Yt,"Solta o Grave","Mc Pedrinho","Mc Pedrinho;DJ R7",2016-01-29,180233,54,true,31iyzpt6ozhhinwi72azy6ryb6lu,2025-02-10T21:00:08Z,"funk","GR6 Music",0.742,0.628,0,-6.216,1,0.545,0.302,0.000839,0.429,0.543,64.612,4
spotify:track:3mR8h8YKamYcrzW6jZhLw3,"Também","Também","Mc Th;Dj Terrorista;DJ Tacinho",2024-03-07,121846,54,true,31iyzpt6ozhhinwi72azy6ryb6lu,2025-02-10T21:00:39Z,"funk,funk carioca","MC TH OFICIAL",0.911,0.947,11,-0.616,0,0.349,0.0479,0,0.0703,0.697,130.143,4
spotify:track:2VCXxwtchwIjamZthZ3D9J,"Ninguém Deu Nada pra Nós","Ninguém Deu Nada pra Nós","Dj Alle da coro;Tz da Coronel;Boladin 211;Oruam",2024-10-29,192991,56,true,31iyzpt6ozhhinwi72azy6ryb6lu,2025-02-17T09:40:30Z,"trap brasileiro,trap funk,funk carioca,trap,hip hop brasileiro,funk,funk de bh,funk consciente,fado","A Cupula Gravadora E Entretenimento Ltda.",0.721,0.525,1,-6.936,0,0.423,0.0807,0,0.739,0.595,126.472,5
spotify:track:1sOekKvVvsXudILOOnNasw,"Nois não é Migo 2","Nois não é Migo 2","MC Ryan SP;MC GP;Boladin 211;Mc Negão Original;MC GH do 7;Mc Dena;Mc Rodrigo do CN;DJ Japa NK",2024-11-07,384014,65,true,31iyzpt6ozhhinwi72azy6ryb6lu,2025-02-17T23:29:09Z,"funk,funk consciente,trap funk,funk de bh,fado,funk carioca","WM Brazil",0.579,0.671,1,-3.732,0,0.478,0.0871,0,0.218,0.525,78.161,5
spotify:track:2Z1DmmPWD3Lm0dWAxMfjxG,"Pirocada Quente","Pirocada Quente","MC Jvila;Mc Negão Original;DJ Dael;DJ Guh Mix",2025-01-28,195692,75,true,31iyzpt6ozhhinwi72azy6ryb6lu,2025-02-17T23:29:16Z,"funk,trap funk,funk consciente","Legenda Records",0.882,0.87,11,-1.803,0,0.32,0.319,0.00000174,0.101,0.75,130,4
spotify:track:2PsrJc45N7xbFo2ZrL4bHD,"Invisível pt.2","Invisível pt.2","Veigh;Supernova Ent;Honaiser;Toledo;Nagalli;Bvga Beatz",2023-10-08,174556,65,false,31iyzpt6ozhhinwi72azy6ryb6lu,2025-02-28T22:44:24Z,"trap brasileiro,trap funk,trap,hip hop brasileiro","Supernova Entertainment Under Exclusive License to UnitedMasters",0.667,0.486,1,-8.593,0,0.244,0.143,0,0.385,0.487,87.838,4
spotify:track:66M2BhBm05PVdA6PATvOdD,"Aventura Com as Paty","Aventura Com as Paty","Dj Caio Vieira;Dj Alan Melo;DJ WG DO SS;Mc Leozin;Mc Menor DN",2024-04-12,134817,59,false,31iyzpt6ozhhinwi72azy6ryb6lu,2025-03-03T19:03:20Z,"funk,funk de bh","Lucas Produtor",0.65,0.535,0,-2.891,1,0.367,0.66,0.00157,0.0472,0.314,81.764,5
spotify:track:3iDZj9V0RSElRwVgtmMYgJ,"Lei Anti O.R.U.A.M","Liberdade","Oruam;Victor WAO;Maurin",2025-02-21,158608,3,false,31iyzpt6ozhhinwi72azy6ryb6lu,2025-03-08T02:22:05Z,"trap funk,trap brasileiro,funk,trap,hip hop brasileiro","Oruam Distribuições",0.665,0.477,11,-7.596,0,0.529,0.653,0,0.0817,0.304,115.369,4
spotify:track:6XXqPj8USz1oebSmMPCBLC,"Tipo Nino Abravanel","Tipo Nino Abravanel","DJ Gouveia;DJ Dozabri;Mc Rodrigo do CN",2025-01-23,131076,64,true,31iyzpt6ozhhinwi72azy6ryb6lu,2025-03-08T02:22:15Z,"funk,funk carioca,funk de bh","Mandela Music",0.961,0.666,11,-0.687,1,0.0934,0.119,0.0000107,0.0548,0.736,130.059,4
spotify:track:7qrQs4rPGCXnwNyLn2YVCT,"Devolve as Correntes / Invisível","Dos Prédios Deluxe","Veigh;Nagalli;Toledo;Bvga Beatz;Honaiser;Supernova Ent",2023-05-19,140860,63,true,31iyzpt6ozhhinwi72azy6ryb6lu,2025-03-08T02:22:24Z,"trap brasileiro,trap funk,trap,hip hop brasileiro","Supernova Entertainment Under Exclusive License to UnitedMasters",0.543,0.414,8,-10.167,0,0.482,0.295,0,0.129,0.352,87.374,4
spotify:track:38JBvhMnbVTmU4yAJtK2c8,"Bota Bem Devagarin","Bota Bem Devagarin","Mc Larissa;Mc Gw;DJ GUSTAVO DA VS",2023-03-15,147778,45,true,31iyzpt6ozhhinwi72azy6ryb6lu,2025-03-08T02:22:41Z,"brega funk,funk,phonk,phonk brasileiro,funk carioca,funk bruxaria","Portuga Records / Funk 24por48",0.933,0.533,5,-3.117,0,0.39,0.19,0,0.21,0.549,130.009,4
spotify:track:22AbXxQbMdVqEz7xJjhccG,"Welcome To Jamrock","Welcome to Jamrock","Damian Marley",2005-01-01,213200,77,false,31iyzpt6ozhhinwi72azy6ryb6lu,2025-03-09T02:47:10Z,"reggae,ragga,reggae raiz","Universal Records/Tuff Gong Records",0.836,0.661,7,-6.502,0,0.338,0.0208,0,0.449,0.753,76.71,4
spotify:track:4Hk1gmBr2KVEXr3hHwSgUi,"Mãe Solteira","Mãe Solteira","DG e Batidão Stronda;Mc Davi;J. Eskine;MC G15",2025-03-03,144000,72,false,31iyzpt6ozhhinwi72azy6ryb6lu,2025-03-11T09:56:43Z,"piseiro,arrocha,funk,forró,brega funk,funk consciente,trap funk,seresta","FORTAL MUSIC",0.745,0.881,4,-2.964,0,0.0335,0.192,0,0.0639,0.967,140.047,4
spotify:track:5zX2Q3p9qd0yicoNIrHGZ8,"Deixa Rolar","Deixa Rolar","MC LUUKY;Leonne;Perera DJ",2025-02-21,208000,61,true,31iyzpt6ozhhinwi72azy6ryb6lu,2025-03-12T19:33:39Z,"funk,trap funk,funk consciente","EDITORA E GRAVADORA A BASE RECORDS",0.637,0.323,6,-10.159,0,0.0543,0.856,0,0.11,0.732,119.772,4
spotify:track:6WoRPSzUOTo8vKeaDSSkqG,"Welcome To Jamrock","Best of Reggae","Damian Marley",2021-02-26,213280,0,true,31iyzpt6ozhhinwi72azy6ryb6lu,2025-03-12T19:33:53Z,"reggae,ragga,reggae raiz","UME - Global Clearing House",0.836,0.71,2,-5.415,1,0.319,0.0251,0,0.367,0.784,76.63,4
spotify:track:0mXi9KD428xznGieDycH6o,"Self Esteem (featuring NLE Choppa)","Self Esteem (featuring NLE Choppa)","Lambo4oe;NLE Choppa",2022-11-25,169500,71,true,31iyzpt6ozhhinwi72azy6ryb6lu,2025-03-17T17:50:45Z,"","Artist Partner Group",0.37,0.698,2,-7.468,1,0.0552,0.0135,0,0.135,0.0623,97.863,4
spotify:track:4uZ11Ex6cbzmaXDBtV4iLB,"Self Esteem - Sped Up","Self Esteem Pack (Remixes)","Lambo4oe",2024-02-02,112022,46,true,31iyzpt6ozhhinwi72azy6ryb6lu,2025-03-17T17:51:22Z,"","Artist Partner Group",0.411,0.655,4,-9.046,1,0.0446,0.0263,0.000779,0.193,0.151,148.962,5
spotify:track:6qL5UWxRSQYml9O99ozoLv,"Love Songs - Bonus","Parked Car Convos","Kaash Paige",2019-11-15,148640,82,false,31iyzpt6ozhhinwi72azy6ryb6lu,2025-03-17T17:51:36Z,"","Se Lavi Productions(Kaasha Paige)/Def Jam",0.64,0.355,5,-10.599,1,0.0906,0.83,0.000938,0.11,0.451,120.063,4
spotify:track:3CvpnVAV75lKCcaTtUTpgW,"Se Essa Bunda For Uma Empresa","Se Essa Bunda For Uma Empresa","Chefin;LB Único",2025-02-18,162461,30,true,31iyzpt6ozhhinwi72azy6ryb6lu,2025-03-18T03:14:24Z,"trap brasileiro,trap funk,trap,funk,hip hop brasileiro","Chefin Distribuição",0.791,0.819,9,-2.283,0,0.188,0.513,0,0.0811,0.709,130.005,4
spotify:track:5gcpZiNbE3P2bjgmGDM4nN,"Nova Geração","Nova Geração","MC Iguinho da Capital;DJ RF3",2024-07-26,127476,53,true,31iyzpt6ozhhinwi72azy6ryb6lu,2025-03-18T03:14:44Z,"funk,funk consciente","MEDLEY DE RUA ORIGINAL",0.889,0.682,1,-6.606,1,0.223,0.363,0,0.154,0.952,150.136,4
spotify:track:1VpOT1TfTivUmFjSGSRt1U,"Olha pra Cara de Quem Te...","Olha pra Cara de Quem Te...","MC LUUKY;MC Jvila;DJ Dael",2025-03-06,120916,69,true,31iyzpt6ozhhinwi72azy6ryb6lu,2025-03-20T20:24:17Z,"funk,trap funk,funk consciente","EDITORA E GRAVADORA A BASE RECORDS",0.939,0.701,2,-3.701,1,0.246,0.515,0.000116,0.113,0.863,131.024,4
spotify:track:3k6hHOPclz71RdjuCcWFUE,"Por Onde Eu For","Por Onde Eu For","DJ Japa NK;Love Funk;MC LUUKY",2025-02-05,153235,57,true,31iyzpt6ozhhinwi72azy6ryb6lu,2025-03-21T23:00:13Z,"funk,trap funk,funk consciente","Love Funk",0.925,0.5,1,-4.986,1,0.0573,0.65,0.00000758,0.101,0.516,130.008,4
spotify:track:5rIv8Ya5G1bLQoXwIKTn80,"Nem Ligo Pro Amor","Nem Ligo Pro Amor","MC LUUKY;Oldilla",2024-08-30,164307,56,true,31iyzpt6ozhhinwi72azy6ryb6lu,2025-03-21T23:02:13Z,"funk,trap funk,funk consciente","EDITORA E GRAVADORA A BASE RECORDS",0.867,0.488,3,-8.959,0,0.44,0.656,0,0.113,0.828,129.995,4
spotify:track:6YdJ2jJOo143KhXT9qvQVe,"300 no 7","Quem Quer F1 Com o G?","MC GP;MC Jvila;MC LUUKY;Dj Yuri Pedrada",2024-10-25,195572,66,true,31iyzpt6ozhhinwi72azy6ryb6lu,2025-03-21T23:06:45Z,"funk,funk consciente,trap funk","MC GP & GR6",0.631,0.614,9,-4.851,1,0.521,0.326,0,0.622,0.612,83.953,5
spotify:track:2iJ6CT5jxBcErhEyduEtdz,"A Nata","A Nata de Tudo - A Ovelha Negra","Mc Negão Original;MC GP;DJ Guh Mix;Mc Dena;MC Bruno MS",2025-02-07,238153,63,true,31iyzpt6ozhhinwi72azy6ryb6lu,2025-03-21T23:07:53Z,"funk,trap funk,funk consciente","Cria Hit BR",0.647,0.74,9,-2.054,1,0.435,0.732,0,0.126,0.671,129.78,4
spotify:track:5gA82C4xfyvmRtpD1QdsDz,"Nem Ligo Pro Amor","Menor do Desacato","MC LUUKY;Oldilla",2024-12-03,164307,64,true,31iyzpt6ozhhinwi72azy6ryb6lu,2025-03-21T23:07:58Z,"funk,trap funk,funk consciente","EDITORA E GRAVADORA A BASE RECORDS",0.867,0.488,3,-8.959,0,0.44,0.656,0,0.113,0.828,129.995,4
spotify:track:3zXIfbjxSzPMNP6JDZsQsi,"Mitsubishi","Celebridade","Orochi;Kizzy",2020-03-27,182181,73,true,31iyzpt6ozhhinwi72azy6ryb6lu,2025-03-21T23:08:03Z,"trap brasileiro,hip hop brasileiro,trap funk,trap","Mainstreet Records",0.751,0.571,11,-7.017,0,0.209,0.132,0,0.101,0.698,110.021,4
spotify:track:7c2zWmVMYkqd86M1pL82rS,"Longe de Magnata","Longe de Magnata","Deejhay RB;MC Tuto;MC Joãozinho VT;Borges;Chefin;Kako;MC Vine7",2024-12-17,452762,69,true,31iyzpt6ozhhinwi72azy6ryb6lu,2025-03-21T23:08:08Z,"funk,funk consciente,trap funk,trap brasileiro,trap,hip hop brasileiro","Sonar Produtora",0.847,0.36,11,-8.937,0,0.26,0.631,0,0.111,0.502,125.095,4
spotify:track:0j3Cte2hiN6wb7Owc9nQ8h,"Sempre na Simplicidade","Menor do Desacato","MC LUUKY;MC Ryan SP;Dj Victor;Boladin 211;MC Vine7",2024-12-03,300000,59,true,31iyzpt6ozhhinwi72azy6ryb6lu,2025-03-21T23:08:13Z,"funk,trap funk,funk consciente,funk de bh,fado","EDITORA E GRAVADORA A BASE RECORDS",0.69,0.771,1,-3.382,0,0.445,0.268,0,0.0965,0.454,116.539,4
spotify:track:0UGGLKM970ymsBBN5TKjsD,"2025","2025","MC Tuto;DJ Oreia",2024-12-16,172820,66,false,31iyzpt6ozhhinwi72azy6ryb6lu,2025-03-21T23:08:34Z,"funk,funk consciente,trap funk","Sonar Produtora",0.702,0.473,10,-10.179,0,0.617,0.386,0.0000133,0.134,0.648,80.165,3
spotify:track:4OMSfAavn8k6HxZ0HwVtV1,"CONFISSÕES PT1","MAGIC SHOW","Nagalli;Menor MC;Dfideliz;CJota;Leviano;Supernova Ent",2024-04-25,213357,69,true,31iyzpt6ozhhinwi72azy6ryb6lu,2025-03-24T23:42:16Z,"trap brasileiro,trap,trap funk,hip hop brasileiro,funk","Supernova Ent",0.681,0.53,4,-8.103,0,0.375,0.599,0,0.451,0.421,125.874,4
spotify:track:7oWd2k0fhorqIpXotLNN9F,"Bolsa de Ombro","Dos Prédios Deluxe","Veigh;G.A;Toledo;H4lfmeasures;6ee;Supernova Ent",2023-05-19,114321,62,true,31iyzpt6ozhhinwi72azy6ryb6lu,2025-03-24T23:42:27Z,"trap brasileiro,trap funk,trap,hip hop brasileiro","Supernova Entertainment Under Exclusive License to UnitedMasters",0.681,0.302,9,-12.124,0,0.431,0.482,0,0.108,0.371,126.497,5
spotify:track:4T5HWV1f1t4pAp1tqG7Sm8,"Hoje Que Tu Brota na Minha Base","Hoje Que Tu Brota na Minha Base","Mc Alysson",2018-06-08,176065,36,true,31iyzpt6ozhhinwi72azy6ryb6lu,2025-03-27T18:09:51Z,"funk,funk carioca,brega funk","ADpar",0.857,0.62,8,-3.738,1,0.237,0.733,0,0.0929,0.379,149.889,4
spotify:track:2ZyZnlSYXvWzTDafpuTepq,"Camarote 25 (feat. MC Joãozinho VT)","Camarote 25 (feat. MC Joãozinho VT)","MC Jvila;MC Ryan SP;Mc Negão Original;DJ Dael;MC Joãozinho VT",2025-03-07,304615,58,true,31iyzpt6ozhhinwi72azy6ryb6lu,2025-03-29T17:20:42Z,"funk,trap funk,funk consciente","Legenda Records",0.878,0.701,6,-3.814,0,0.343,0.54,0,0.0925,0.85,129.971,4
spotify:track:4ZALzGyVxoRpFIm6SK9i8h,"Se Enrosca No Arame","Se Enrosca No Arame","Mc Livinho;DJ Oreia",2025-01-28,173801,0,true,31iyzpt6ozhhinwi72azy6ryb6lu,2025-03-29T17:20:51Z,"funk,funk carioca,funk consciente,trap funk","Mc Livinho",0.836,0.637,11,-5.89,1,0.279,0.0646,0.0000144,0.0776,0.769,119.896,4
spotify:track:62BMP3xJ0NupOWjz1eQ0Vj,"Sem Sentimento","Sem Sentimento","MC Roger",2019-05-10,156055,57,true,31iyzpt6ozhhinwi72azy6ryb6lu,2025-03-29T17:21:04Z,"funk,brega funk,funk carioca","Mc Roger",0.899,0.556,10,-3.803,0,0.397,0.167,0,0.0841,0.626,150.015,4
spotify:track:0VRORixdDtAiOkxP85FKAv,"Metaverso","Metaverso","4migor",2023-09-10,156456,0,false,31iyzpt6ozhhinwi72azy6ryb6lu,2025-03-29T17:21:37Z,"","iMusics",0.577,0.624,4,-7.172,1,0.385,0.203,0,0.101,0.765,160.697,4
spotify:track:6n2u9ClY5dNbVF5WWENQTz,"Ontem Me Trombou No Jet","Ontem Me Trombou No Jet","4migor",2023-09-06,141014,0,false,31iyzpt6ozhhinwi72azy6ryb6lu,2025-03-29T17:21:45Z,"","iMusics",0.804,0.242,1,-11.746,0,0.642,0.803,0.00000604,0.0907,0.467,119.789,5
spotify:track:20HkmGBexRxeTwjDY1mxOr,"Ela Se Envolve 3 (feat. MC Ryan SP & Mc IG)","Ela Se Envolve 3 (feat. MC Ryan SP & Mc IG)","MC GP;MC Tuto;DJ Japa NK;MC Ryan SP;Mc IG",2025-03-21,259264,61,true,31iyzpt6ozhhinwi72azy6ryb6lu,2025-03-29T17:45:48Z,"funk,funk consciente,trap funk","Legenda Records",0.89,0.54,6,-3.799,0,0.573,0.359,0,0.106,0.487,130.008,4
spotify:track:15ymhW6QdrKfkhpeeJvz79,"Os Mlk É Ruim","Os Mlk É Ruim","Mc Negão Original;Veigh;Toledo;DJ Yago;DJ Guh Mix",2025-02-07,192000,54,true,31iyzpt6ozhhinwi72azy6ryb6lu,2025-04-01T19:06:32Z,"funk,trap funk,funk consciente,trap brasileiro,trap,hip hop brasileiro","Cria Hit BR",0.789,0.548,5,-5.45,0,0.351,0.872,0,0.145,0.663,129.892,4
spotify:track:0qxLQ6opocOGyFnlXqJ53x,"Bipolar","Bipolar","Mc Davi;Mc Pedrinho;Mc Don Juan;DJ 900",2021-04-09,276480,60,true,31iyzpt6ozhhinwi72azy6ryb6lu,2025-04-02T23:11:29Z,"funk,funk consciente,trap funk","GR6 Music",0.601,0.36,9,-7.791,0,0.0877,0.586,0,0.0882,0.335,124.993,4
spotify:track:6eNRGL6Nkdg7RhJtmbcl0j,"Luz do Luar","Luz do Luar","Mc Tato;DJ Ak beats",2022-06-14,184615,62,true,31iyzpt6ozhhinwi72azy6ryb6lu,2025-04-02T23:18:37Z,"funk,trap funk","RF PRODUTORA",0.627,0.754,3,-2.505,0,0.0298,0.437,0,0.0963,0.786,130.128,4
spotify:track:0bBwi6ddYeTv5fXgHAdfiH,"Evoque Prata","Evoque Prata","MC MENOR HR;MC MENOR SG;DJ ESCOBAR;A2M PRODUTORA",2022-09-09,107076,22,true,31iyzpt6ozhhinwi72azy6ryb6lu,2025-04-02T23:18:49Z,"funk,funk carioca,funk de bh,funk consciente","GUETTO RECORDS",0.872,0.519,7,-4.467,1,0.244,0.306,0,0.276,0.52,86.768,5
spotify:track:04vzhKfl5HtPEgrdZJCZ7L,"Bagulho Louco","Bagulho Louco","Mc Paiva ZS;Kotim",2022-01-25,124238,60,true,31iyzpt6ozhhinwi72azy6ryb6lu,2025-04-03T20:49:37Z,"funk,trap funk,funk consciente,funk carioca","Love Funk",0.531,0.464,0,-9.882,0,0.346,0.814,0.00000157,0.133,0.643,170.085,4
spotify:track:4XU8biqm2T3VxsPoX20t2v,"Mel e Skunk","Mel e Skunk","Mc Paiva ZS;DJ Ak beats",2021-07-23,140487,52,true,31iyzpt6ozhhinwi72azy6ryb6lu,2025-04-03T20:49:44Z,"funk,trap funk,funk consciente,funk carioca","RF PRODUTORA",0.955,0.692,10,-2.557,0,0.0603,0.523,0,0.0976,0.6,123.004,4
spotify:track:47OSM2U3bRS1cFDc26TpKw,"Tchau Obrigado","Tchau Obrigado","MC Ryan SP;Mc Kadu;MC GP;Mc Kanhoto;Mc Paiva ZS;Mc IG;Dj Victor",2021-12-20,350117,63,true,31iyzpt6ozhhinwi72azy6ryb6lu,2025-04-03T20:49:59Z,"funk,funk consciente,trap funk,funk carioca","GR6 Music",0.806,0.595,10,-3.628,0,0.575,0.679,0,0.083,0.645,113.11,5
spotify:track:4i9WKFDJP0MSl5moMbHUfm,"Festa de Vagabundo","Festa de Vagabundo","Mc Paiva ZS;Love Funk;Kotim",2022-06-09,171000,51,true,31iyzpt6ozhhinwi72azy6ryb6lu,2025-04-03T20:50:08Z,"funk,trap funk,funk consciente,funk carioca","Love Funk",0.728,0.366,10,-13.274,0,0.407,0.475,0,0.105,0.715,106.405,5
spotify:track:5S1PfGwsSGlEnLcMSXRYMg,"Sentar pro Trem","Sentar pro Trem","DJ KN DE VILA VELHA;Mc Jacaré;Mc Marcelo da Cj;Mc 2G Do SF;TDK Rec",2025-03-20,139384,0,false,31iyzpt6ozhhinwi72azy6ryb6lu,2025-04-03T20:56:03Z,"funk,funk carioca,trap funk","TDK Rec",0.72,0.722,2,0.256,1,0.147,0.704,0.000426,0.0851,0.596,130.003,4
spotify:track:42XLOKRo2bv2Ne9lTOGSQA,"Vidigal","Vagabundo de Luxo","WIU",2024-07-10,197903,71,true,31iyzpt6ozhhinwi72azy6ryb6lu,2025-04-03T22:23:21Z,"trap brasileiro,trap,trap funk,hip hop brasileiro","30PRAUM",0.754,0.846,5,-3.064,0,0.265,0.122,0,0.119,0.589,172.054,4
spotify:track:6ubWrh2GuyKMpQrzOynRjD,"Hora Errada","Dos Prédios Deluxe","Veigh;Caio Luccas;Nagalli;Honaiser;Bvga Beatz;Supernova Ent",2023-05-19,210000,61,true,31iyzpt6ozhhinwi72azy6ryb6lu,2025-04-04T18:55:20Z,"trap brasileiro,trap funk,trap,hip hop brasileiro","Supernova Entertainment Under Exclusive License to UnitedMasters",0.728,0.575,5,-7.85,0,0.244,0.518,0,0.101,0.639,128.035,4
spotify:track:2bs2t2YTKgOLeqfuDMoRJv,"Choro Igual Neguin do Corte","Choro Igual Neguin do Corte","DJ QUINHAS;Mc Gw;Iraqui ZL",2025-02-13,123648,10,true,31iyzpt6ozhhinwi72azy6ryb6lu,2025-04-04T18:55:29Z,"funk,phonk,phonk brasileiro,funk carioca,funk bruxaria,brega funk","Só Hits Records",0.965,0.72,10,-1.523,0,0.343,0.0128,0.0254,0.0513,0.84,129.992,4
spotify:track:6v6MmJlw7elqJUty23mvS4,"Cada Vez Mais Gostosa","Cada Vez Mais Gostosa","Dj Tchouzen;Mc Rodrigo do CN",2023-04-13,133846,66,true,31iyzpt6ozhhinwi72azy6ryb6lu,2025-04-04T21:33:48Z,"funk bruxaria,funk,funk de bh,funk carioca","Dj Tchouzen",0.621,0.524,0,1.975,1,0.267,0.517,0,0.0684,0.642,86.854,5
spotify:track:28m43rfXTN3vJseUZbenTY,"Romance Fdp","Romance Fdp","DJ Voltz;Mc Jhey;FreesTyle Sounds",2024-10-12,91937,14,true,31iyzpt6ozhhinwi72azy6ryb6lu,2025-04-04T21:34:03Z,"funk,phonk,funk bruxaria,phonk brasileiro","FreesTyle Sounds",0.698,0.633,1,-2.89,0,0.0301,0.416,0.0032,0.0871,0.814,86.586,5
spotify:track:4pOGEJRVOuaa9oyy7qTGf6,"Fui Mlk","Fui Mlk","Nilo;Mc Paiva ZS;DJ Di Marques;Tropa da W&S;FamousKyo",2024-11-22,174110,75,false,31iyzpt6ozhhinwi72azy6ryb6lu,2025-04-04T21:34:13Z,"funk,trap funk,funk consciente,funk carioca","WMD",0.635,0.636,5,-3.72,1,0.309,0.636,0,0.317,0.691,128.528,4
spotify:track:4eqOz5gdCYww9GB5q3q1pU,"Puta É Só um Detalhe","Puta É Só um Detalhe","DJ Douglinhas;DJ Miller Oficial;MC Torugo",2024-10-14,158827,70,true,31iyzpt6ozhhinwi72azy6ryb6lu,2025-04-04T21:34:28Z,"funk,brega funk","DJ DOUGLINHAS",0.943,0.415,6,-6.324,1,0.535,0.0807,0,0.0215,0.677,130.152,4
spotify:track:7e2WCQLxkbCVlrVSQh7ifh,"100 MIDIA","100 MIDIA","Mc Rose da Treta;Eduxrdo.7;KOODAz;MC Novinho da Praça;gkbeats",2024-11-01,96000,54,true,31iyzpt6ozhhinwi72azy6ryb6lu,2025-04-04T21:34:33Z,"funk carioca,funk,phonk brasileiro","WMD Distribuidora",0.797,0.597,9,-5.462,1,0.282,0.0077,0,0.125,0.866,78.818,4
spotify:track:6ehmOxh9Qq9BlLnvz4RYcV,"Igual PC Da China","Igual PC Da China","DJ LKS 067;Mc Menor Do Alvorada;Mc Luizinho;FreesTyle Sounds",2024-07-02,109014,14,true,31iyzpt6ozhhinwi72azy6ryb6lu,2025-04-04T21:34:40Z,"funk bruxaria,funk,phonk,phonk brasileiro","FreesTyle Sounds",0.869,0.826,10,-0.56,1,0.0704,0.169,0.0162,0.311,0.689,130.194,4
spotify:track:37kYjgn4rv36tYsrk2vdCM,"Vou Te Catucar","Vou Te Catucar","Mc Jhey;DJ QUIRINO;DJ GOMEZ",2024-10-07,125475,50,true,31iyzpt6ozhhinwi72azy6ryb6lu,2025-04-04T21:34:45Z,"phonk,funk,funk bruxaria,phonk brasileiro","Mc Jhey",0.635,0.783,9,-1.787,1,0.222,0.283,0,0.32,0.67,159.6,5
spotify:track:3Uq45ipGutypFPmETfaoaH,"Gaiola É o Troco","Gaiola É o Troco","MC Du Black;DJ 2F",2019-06-07,187245,72,true,31iyzpt6ozhhinwi72azy6ryb6lu,2025-04-04T21:34:59Z,"funk,brega funk,funk carioca","EP MIX Editora",0.722,0.84,10,-3.24,0,0.0785,0.42,0,0.112,0.851,150.108,4
spotify:track:52nb1PnO46yKrEfuotz5MV,"Eu Te Amo Meu Amor / Faixa Rosa","Caça Fantasma, Vol. 1","DJ Ws da Igrejinha;Mac Júlia;MC Xenon",2023-07-28,114045,59,true,31iyzpt6ozhhinwi72azy6ryb6lu,2025-04-04T21:35:08Z,"funk de bh,funk,funk consciente","Dalama Records",0.638,0.363,3,-2.888,0,0.475,0.219,0.0000101,0.259,0.753,84.838,5
spotify:track:1uGVaYQNjMPmVO0gAtzHnZ,"Folga No Trampo","Folga No Trampo","MC Luiggi;Mc Kitinho;DJ Lukas Matheus",2023-07-12,143769,58,false,31iyzpt6ozhhinwi72azy6ryb6lu,2025-04-04T21:35:16Z,"funk","GR6 Music",0.788,0.979,6,-3.514,1,0.211,0.139,0.000231,0.113,0.314,130.362,4
spotify:track:2OMkXPz6pHdKJSkzxG0MwZ,"Descer","Descer","Kew;Dj LK da Escócia",2025-01-30,111653,73,true,31iyzpt6ozhhinwi72azy6ryb6lu,2025-04-04T21:35:21Z,"funk,funk carioca","Legenda Records",0.84,0.72,9,-4.23,1,0.0538,0.143,0.0000336,0.0587,0.828,130.029,4
spotify:track:1doabnddFvYxNztr40fdGP,"Set do Buzeira 2.0","Set do Buzeira 2.0","MC Neguinho do Kaxeta;MC Ryan SP;Mc Don Juan;Buzeira;Oruam;Mc IG;MC Lon;Mc Luki;Murillo e LT no Beat;DJ Japa NK;MC LUUKY",2025-03-26,533000,52,true,31iyzpt6ozhhinwi72azy6ryb6lu,2025-04-06T00:01:38Z,"funk consciente,funk,trap funk,trap brasileiro,trap","GR6 Music",0.633,0.614,5,-4.501,0,0.458,0.329,0,0.0971,0.642,88.587,3
spotify:track:2OzH7kHik4zOcup7eBm11H,"Aproveita e Desce","Aproveita e Desce","MC Luan da BS",2022-03-18,155076,50,true,31iyzpt6ozhhinwi72azy6ryb6lu,2025-04-06T02:19:34Z,"funk de bh,funk","Fun Mídia",0.571,0.543,2,-4.143,0,0.107,0.507,0,0.206,0.708,82.755,5
spotify:track:1gKXrwKn5ub6wyefqMsnZp,"Joga na Cara","Joga na Cara","MC Braz;MC Gabluca;DJ 2w",2021-11-16,109846,57,true,31iyzpt6ozhhinwi72azy6ryb6lu,2025-04-06T02:20:01Z,"funk de bh,funk","Funk Explode Records",0.612,0.415,4,-5.704,0,0.119,0.789,0,0.0791,0.913,87.449,5
spotify:track:1Qt8wL1hGNLiSYX9xlg0iV,"Então Joga","Então Joga","MC Don Juan;Novo Império",2016-10-24,157036,53,true,31iyzpt6ozhhinwi72azy6ryb6lu,2025-04-08T03:32:19Z,"funk","Mc Don Juan",0.678,0.609,7,-7.408,1,0.419,0.201,0.0000105,0.275,0.516,129.849,4
spotify:track:2obwm0sD8jewbM4DWvLg8w,"Jogando o Bumbum","Jogando o Bumbum","Mc Davi;MC Kevinho",2016-12-26,137400,51,false,31iyzpt6ozhhinwi72azy6ryb6lu,2025-04-08T03:32:26Z,"funk,funk consciente,trap funk,funk pop","GR6 Music",0.847,0.841,6,-1.973,1,0.0516,0.437,0.00404,0.0396,0.93,130.086,4
spotify:track:0cPXyNCneGIWz2Ndaf0NWd,"Me Amarro na Noite","Me Amarro na Noite","Mc Don Juan;Novo Império",2016-09-30,238701,48,false,31iyzpt6ozhhinwi72azy6ryb6lu,2025-04-08T03:32:43Z,"funk,funk consciente,trap funk","RwProdutora",0.822,0.742,7,-5.514,1,0.0762,0.00814,0,0.224,0.87,129.985,4
spotify:track:1L3enLPv2RjsaytQFXTpuN,"Social Narga e Piscina","Social Narga e Piscina","MC MM",2017-01-03,185436,62,false,31iyzpt6ozhhinwi72azy6ryb6lu,2025-04-08T03:32:48Z,"funk","KondZilla",0.944,0.675,0,-3.782,1,0.199,0.47,0.00000253,0.0713,0.848,132.113,4
spotify:track:3S5cUCJsPxTAuryIjC89WC,"Pé Direito","Pé Direito","Mc Davi;Perera DJ",2016-10-19,190721,60,true,31iyzpt6ozhhinwi72azy6ryb6lu,2025-04-08T03:33:02Z,"funk,funk consciente,trap funk","GR6 Music",0.793,0.54,6,-3.72,0,0.0349,0.628,0,0.139,0.322,130.025,4
spotify:track:3vqZC9Pp8ft72lkD6oauJl,"Amar Amei","Amar Amei","Mc Don Juan",2017-11-01,217845,67,false,31iyzpt6ozhhinwi72azy6ryb6lu,2025-04-08T03:33:09Z,"funk,funk consciente,trap funk","GR6 Music",0.675,0.493,1,-5.197,0,0.0793,0.486,0,0.0774,0.816,129.844,4
spotify:track:1IDd3GbBn1en5ydr6y6LoZ,"Boca Rosa","Boca Rosa","Mc Vittin PV;DJ Swat;Dj Marques MPC",2020-12-14,161846,2,false,31iyzpt6ozhhinwi72azy6ryb6lu,2025-04-10T02:24:37Z,"funk de bh,funk,brega funk","Gl7 Produções",0.493,0.428,3,-3.954,1,0.055,0.276,0,0.121,0.455,78.518,5
spotify:track:7afaZ37wJJL6880z1NRgJS,"Fim de Semana no Rio","Fim de Semana no Rio","Teto",2022-03-30,165882,67,true,31iyzpt6ozhhinwi72azy6ryb6lu,2025-04-12T01:56:20Z,"trap brasileiro,trap,trap funk,hip hop brasileiro","Sony Music Entertainment",0.867,0.494,1,-6.514,0,0.084,0.118,0,0.101,0.29,118.868,4
spotify:track:7BGhllQfISbfkwYSkp5nRC,"YES OR NO","MAIOR QUE O TEMPO","Teto",2025-03-27,188571,70,false,31iyzpt6ozhhinwi72azy6ryb6lu,2025-04-12T01:56:37Z,"trap brasileiro,trap,trap funk,hip hop brasileiro","30PRAUM",0.929,0.708,3,-3.621,0,0.067,0.161,0,0.103,0.791,140.019,4
spotify:track:4oZF2LDiPi7EiOH03JAoOF,"Dollar","Dollar","Only",2021-02-07,160250,59,true,31iyzpt6ozhhinwi72azy6ryb6lu,2025-04-12T02:43:06Z,"trap brasileiro,trap,trap funk","Only (back catalog)",0.81,0.562,5,-7.764,0,0.12,0.254,0,0.254,0.667,120.016,4
spotify:track:0TA12jLkmAdhkUa9Vz84jq,"QUASE QUE FALEI TE AMO","QUASE QUE FALEI TE AMO","Aka Rasta",2025-02-21,166058,60,true,31iyzpt6ozhhinwi72azy6ryb6lu,2025-04-14T02:47:57Z,"trap brasileiro,trap,hip hop brasileiro","Aka Rasta",0.942,0.382,1,-10.428,1,0.127,0.712,0.0000131,0.09,0.689,126.936,4
spotify:track:7LdYiTZzlxsPKi8kvNXeBS,"Set do G15 - A Revoada Começou","Set do G15 - A Revoada Começou","MC G15;Mc Davi;Mc Pedrinho;MC Ryan SP;Gaab;Mc Don Juan;MC JottaPê;MC Menor da VG;DJ 900;Perera DJ;Dj GBR",2022-04-20,542000,69,true,31iyzpt6ozhhinwi72azy6ryb6lu,2025-04-14T18:10:29Z,"funk,funk consciente,trap funk,pagode,brega funk,agronejo","GR6 Music",0.654,0.309,5,-13.401,1,0.0567,0.435,0.0474,0.104,0.109,86.698,5
spotify:track:5onALPPboSh4z6cO24tOvW,"Canto da Sereia","Canto da Sereia","MC Menor da VG;Perera DJ",2020-03-26,151384,60,false,31iyzpt6ozhhinwi72azy6ryb6lu,2025-04-14T18:11:52Z,"funk,funk consciente,trap funk","GR6 Music",0.7,0.41,1,-5.548,0,0.445,0.492,0,0.12,0.774,129.958,4
spotify:track:1RljKrmC3uVtuP8w0RW2xk,"Cara Bacana","Cara Bacana","MC G15",2017-05-03,232727,69,true,31iyzpt6ozhhinwi72azy6ryb6lu,2025-04-14T18:11:55Z,"funk","GR6 Music",0.599,0.512,4,-2.578,1,0.0644,0.0711,0,0.0816,0.726,87.891,5
spotify:track:7JGpwS3i7HAUJnzV1q9WLX,"Set do DJ Pedro 2.0","Set do DJ Pedro 2.0","MC Rodolfinho;Mc Kevin;MC Ryan SP;MC Menor da VG;Mc Don Juan;DJ Pedro",2020-03-15,247741,64,true,31iyzpt6ozhhinwi72azy6ryb6lu,2025-04-14T18:12:48Z,"funk,funk consciente,trap funk","GR6 Music",0.787,0.643,7,-5.056,0,0.11,0.554,0,0.111,0.721,92.979,4
spotify:track:6hFERL2sg92Y9IfH9nwpcL,"Bumbum Bate","Bumbum Bate","Mc Pedrinho;Perera DJ",2017-06-02,180048,60,false,31iyzpt6ozhhinwi72azy6ryb6lu,2025-04-14T18:21:35Z,"funk,funk consciente,trap funk","GR6 Music",0.852,0.653,8,-4.729,1,0.102,0.51,0.0000043,0.059,0.947,94.991,4
spotify:track:5J2SxIkVuMQq05ypE9Lnqt,"Pela Marginal","Pela Marginal","Mc IG",2020-10-16,220625,45,false,31iyzpt6ozhhinwi72azy6ryb6lu,2025-04-21T01:25:05Z,"funk,trap funk,funk consciente","GR6 Music",0.524,0.579,8,-5.204,1,0.0871,0.549,0,0.173,0.489,96.06,4
spotify:track:2tyFI8BL1fWH4SO2x2GYNU,"Câmera Lenta","Câmera Lenta","Gaab;MC Hariel",2018-02-10,212021,60,true,31iyzpt6ozhhinwi72azy6ryb6lu,2025-04-21T01:30:20Z,"pagode,funk,funk consciente,trap funk","Som Livre",0.742,0.65,5,-5.512,0,0.0585,0.376,0,0.255,0.473,134.968,4
spotify:track:1lmsc7V1gSzFKFhOOY1a7N,"Vou Comer Minha Ex Dnv","Vou Comer Minha Ex Dnv","MC LUUKY;MC KZS;DJ Yago;Mc Fidelis;DJ Gouveia",2025-03-25,192000,44,true,31iyzpt6ozhhinwi72azy6ryb6lu,2025-04-22T17:23:17Z,"funk,trap funk,funk consciente,funk carioca","Cria Hit BR",0.691,0.746,11,-2.085,0,0.392,0.219,0,0.0767,0.665,130.818,4
spotify:track:0PbfJow1wtsLoedbwbul8J,"Amor Te Juro","Amor Te Juro","MC LUUKY;MC Jvila;DJ Murillo;LT no Beat",2024-08-01,152000,30,true,31iyzpt6ozhhinwi72azy6ryb6lu,2025-04-22T17:24:06Z,"funk,trap funk,funk consciente,hip hop brasileiro,boom bap","EDITORA E GRAVADORA A BASE RECORDS",0.725,0.707,5,-4.336,0,0.653,0.679,0,0.107,0.681,94.658,3
spotify:track:0L5RwUKdgUPzFJq3bvlBOf,"Mensagem","Fênix","Mc Kevin",2021-02-10,141333,56,true,31iyzpt6ozhhinwi72azy6ryb6lu,2025-04-22T17:24:16Z,"funk,funk consciente,trap funk","GR6 Music",0.662,0.521,2,-5.925,1,0.417,0.493,0,0.072,0.277,89.353,4
spotify:track:0ZYoftaLXNQMJle5fR8LY8,"Opção","Passado & Presente","Mc Kevin;MC PH;Perera DJ",2021-05-21,251076,0,true,31iyzpt6ozhhinwi72azy6ryb6lu,2025-04-22T17:24:43Z,"funk,funk consciente,trap funk,trap brasileiro","Revolução Record",0.843,0.536,10,-9.015,0,0.378,0.222,0,0.0992,0.561,130.02,4
spotify:track:09otOI8Suk88Lg1MJmZJPE,"Trinta Minutos","Hat-Trick do Tubarão","MC Ryan SP;Mc Kevin",2021-07-23,205333,49,true,31iyzpt6ozhhinwi72azy6ryb6lu,2025-04-23T02:57:15Z,"funk,funk consciente,trap funk","GR6 Music",0.747,0.421,10,-10.707,0,0.375,0.443,0,0.231,0.821,90.442,4
spotify:track:3bpNcH1SCEMn6zuynZGY5e,"Fashion","Mixtape Chiró","Orochi;TkN;RUXN;Kizzy;ProdSmile",2025-02-28,213284,72,false,31iyzpt6ozhhinwi72azy6ryb6lu,2025-04-23T10:01:42Z,"trap brasileiro,hip hop brasileiro,trap funk,trap","Mainstreet Records",0.582,0.472,7,-8.188,0,0.0817,0.319,0,0.144,0.146,136.794,4
spotify:track:7LhRcnNZ2xDV3CKMGxQPZn,"Fetiche","Trip","Maquiny;Orochi",2018-11-01,270588,60,true,31iyzpt6ozhhinwi72azy6ryb6lu,2025-04-23T10:01:47Z,"hip hop brasileiro,trap brasileiro,trap funk,trap","Deckdisc",0.572,0.608,1,-7.8,1,0.239,0.309,0,0.137,0.315,119.805,4
spotify:track:1DdEU9f7uXklMx6Dm0Mdwq,"Acende o Isqueiro","Acende o Isqueiro","Orochi;Kizzy",2019-06-14,207529,66,false,31iyzpt6ozhhinwi72azy6ryb6lu,2025-04-23T10:01:53Z,"trap brasileiro,hip hop brasileiro,trap funk,trap","Orochi",0.48,0.565,8,-9.954,0,0.375,0.38,0,0.096,0.806,112.988,5
spotify:track:0yNT55PxVoLMHb75JaF2s0,"Na Onda","Na Onda","Orochi;MC Kevin o Chris;Kizzy",2019-11-05,199384,64,true,31iyzpt6ozhhinwi72azy6ryb6lu,2025-04-23T10:01:57Z,"trap brasileiro,hip hop brasileiro,trap funk,trap,funk,funk carioca,brega funk","Orochi Records",0.515,0.454,0,-9.268,1,0.0906,0.457,0,0.0895,0.209,130.154,4
spotify:track:5JBPL86Xg32B8Pstmnd9JU,"Vida Tá Demais","Vida Tá Demais","Mc DB",2020-10-22,142222,61,true,31iyzpt6ozhhinwi72azy6ryb6lu,2025-04-23T16:43:53Z,"funk de bh,funk","Funk Explode Records",0.591,0.517,6,-2.17,0,0.0818,0.588,0,0.5,0.882,76.076,5
spotify:track:0I5T3QPC4CtvwPjhQBf2Ju,"Vida de Celebridade","Vida de Celebridade","MC Joãozinho VT;Mc Kelvinho;DJ JR No Beat",2025-02-20,211000,57,true,31iyzpt6ozhhinwi72azy6ryb6lu,2025-04-23T16:44:01Z,"funk,funk consciente,trap funk","Sonar Music",0.701,0.544,1,-6.2,0,0.793,0.579,0,0.126,0.603,119.766,4
spotify:track:4l5BQRypyRhbt3PzLPNPNf,"Sempre Tem","Meu Nome Não é Igor %","Mc IG;DJ Glenner",2023-08-31,203294,56,true,31iyzpt6ozhhinwi72azy6ryb6lu,2025-04-23T18:44:39Z,"funk,trap funk,funk consciente","WM Brazil",0.411,0.247,11,-13.961,0,0.161,0.775,0,0.0871,0.217,84.004,4
spotify:track:54A1OLM4R62kzvmnS5EXs9,"Derrotas Pro Amor Ganhar - Ao Vivo","DVD X PEDRINHO, VOL. 2 (Ao Vivo)","Mc Pedrinho;Murillo e LT no Beat;Mc IG",2024-03-16,214285,56,true,31iyzpt6ozhhinwi72azy6ryb6lu,2025-04-23T18:44:45Z,"funk,trap funk,funk consciente,trap brasileiro","GR6 Music",0.704,0.562,3,-6.608,0,0.105,0.62,0.0000306,0.35,0.5,111.771,5
spotify:track:0JPpScEAtvRvWQ38nifwO9,"USD, é USD!","USD, é USD!","Kyan;Mu540;DJ Mzl Ori",2025-04-03,181629,0,true,31iyzpt6ozhhinwi72azy6ryb6lu,2025-04-25T15:45:44Z,"trap brasileiro,trap funk,trap,hip hop brasileiro,funk bruxaria","Kyan",0.625,0.592,1,-5.625,1,0.328,0.0502,0,0.412,0.508,130.051,4
spotify:track:0d16iGBlngyLHsldWzvahM,"BRAZIL","BRAZIL","Kyan;Mu540;DJ Ery",2022-11-25,124564,0,false,31iyzpt6ozhhinwi72azy6ryb6lu,2025-04-25T15:46:00Z,"trap brasileiro,trap funk,trap,hip hop brasileiro,funk,funk bruxaria","Ceia Ent.",0.83,0.783,9,-6.563,1,0.286,0.313,0,0.288,0.776,144.979,4
spotify:track:7bBJH2fcMpObd5ZfAqhbfI,"Vou Jogar Uma Pedra Na Janela Dela","Vou Jogar Uma Pedra Na Janela Dela","DJ TITÍ OFICIAL;Dj Carlitinho;Mc Calvin;dj paulinho da faizao",2025-04-17,134400,0,true,31iyzpt6ozhhinwi72azy6ryb6lu,2025-04-25T20:25:12Z,"funk,funk carioca","DJ TITÍ OFICIAL",0.591,0.675,7,-5.436,1,0.413,0.201,0,0.0989,0.809,81.424,4
spotify:track:1torN4n9hcUHoJ5gCgNS11,"Bad Boys","Bad Boys","Mc IG;MC Ryan SP;MC PH;DJ Glenner;Mano Brown",2024-08-20,351496,55,false,31iyzpt6ozhhinwi72azy6ryb6lu,2025-04-25T22:37:35Z,"funk,trap funk,funk consciente,trap brasileiro,hip hop brasileiro","WM Brazil",0.484,0.628,11,-8.069,0,0.319,0.604,0,0.11,0.797,84.969,5
spotify:track:1A49wiptiVH7PQrpHovc7x,"Rebola Gostoso no Pai","Rebola Gostoso no Pai","Mc DB;Dj KS",2020-06-11,167592,54,true,31iyzpt6ozhhinwi72azy6ryb6lu,2025-04-25T23:35:41Z,"funk de bh,funk","Funk Explode Records",0.562,0.629,5,-1.899,0,0.0408,0.66,0.00000116,0.0791,0.824,129.84,4
spotify:track:7FLTjvwvWMrBvoA9NlRSqO,"Aplico o Chá","Aplico o Chá","Mc DB;Dj KS;DJ Rk",2020-09-19,189753,66,true,31iyzpt6ozhhinwi72azy6ryb6lu,2025-04-25T23:39:43Z,"funk de bh,funk","Amsterdam Music",0.468,0.426,4,-5.796,0,0.0805,0.426,0.00692,0.104,0.513,86.767,3
spotify:track:2zQiqpgjBjh1jXJEIPunDa,"Falei pra Elas","Falei pra Elas","MC G15;DJ R7",2016-10-06,203000,55,true,31iyzpt6ozhhinwi72azy6ryb6lu,2025-04-25T23:40:23Z,"funk","GR6 Music",0.73,0.695,9,-2.084,1,0.256,0.465,0,0.346,0.582,75.696,5
spotify:track:507tluWzOtxx58Kb13L9qu,"THE BOX MEDLEY 6","THE BOX MEDLEY 6","THE BOX;Raffé;Tchelo;TOKIODK;Lipinho Oficial",2023-12-07,241799,66,false,31iyzpt6ozhhinwi72azy6ryb6lu,2025-04-25T23:42:44Z,"trap brasileiro,trap funk,funk,funk consciente,trap,boom bap,hip hop brasileiro","Sony Music Entertainment",0.775,0.674,11,-6.498,0,0.329,0.159,0,0.112,0.252,139.848,4
spotify:track:4KrEpOBfkKmZkZzVDlXYI6,"Faz a Propaganda Amor","Faz a Propaganda Amor","MC BF;DJ YUZAK",2024-02-21,163108,14,true,31iyzpt6ozhhinwi72azy6ryb6lu,2025-04-25T23:55:21Z,"funk bruxaria,funk","Fluxos Records",0.943,0.776,6,-2.532,0,0.159,0.167,0.00000207,0.276,0.784,129.921,4
spotify:track:4qsBHFXwKXi3OxVTVBNYSy,"MEGA PUSH THE FEELING","MEGA PUSH THE FEELING","DJ FRACARI;DJ Petroski;DJ TH PR;MC MENOR DO DOZE",2024-10-04,224896,62,true,31iyzpt6ozhhinwi72azy6ryb6lu,2025-04-26T01:17:56Z,"funk,agronejo","5802208 Records DK",0.785,0.614,11,-7.247,0,0.0497,0.451,0.00000463,0.195,0.762,127.019,4
spotify:track:6CqxfFXqUWtfdF3Usd31Fk,"Gostosa 2","Gostosa 2","Mc DB;DJ 2w",2023-01-13,125538,33,true,31iyzpt6ozhhinwi72azy6ryb6lu,2025-04-26T01:48:16Z,"funk de bh,funk","Amsterdam Music",0.652,0.513,7,-1.451,0,0.32,0.53,0.000307,0.0656,0.862,75.249,5
spotify:track:57A5HbAVHLF9yfEUk2vT5G,"Chuva de Verão (Modo Esquece)","Chuva de Verão (Modo Esquece)","TrapLaudo;Dj Victor",2024-02-23,198620,58,false,31iyzpt6ozhhinwi72azy6ryb6lu,2025-04-29T23:39:44Z,"funk,trap funk,funk consciente","4M RECORDS",0.659,0.444,9,-9.441,0,0.415,0.662,0,0.101,0.33,113.903,5
spotify:track:7ldcYtMOjtX1eFVEYzj2kJ,"Sagrado Profano","Escândalo Íntimo","Luísa Sonza;KayBlack",2024-05-28,196601,73,false,31iyzpt6ozhhinwi72azy6ryb6lu,2025-04-30T17:32:00Z,"pop nacional,funk pop,funk,trap brasileiro,trap funk,trap,hip hop brasileiro","Sony Music Entertainment",0.665,0.717,8,-5.554,1,0.249,0.497,0,0.0998,0.638,129.882,4
spotify:track:1KTBGSbVagQL2auTnNgmoR,"Luisa Sonza","Luisa Sonza","Derek;Sueth;Celo1st;DatBoyTwnty",2022-04-08,187941,27,true,31iyzpt6ozhhinwi72azy6ryb6lu,2025-04-30T17:32:25Z,"trap brasileiro,trap,hip hop brasileiro,trap funk","Derek",0.901,0.444,8,-8.554,1,0.192,0.0538,0,0.0953,0.42,135.982,4
spotify:track:0dx6aQzEGCAU79v3P31r4G,"Carlos Lacerda","Carlos Lacerda","MC GP",2021-05-14,172941,58,false,31iyzpt6ozhhinwi72azy6ryb6lu,2025-05-03T13:40:47Z,"funk,funk consciente,trap funk","Nova Era",0.816,0.476,0,-7.022,0,0.527,0.592,0,0.195,0.591,113.439,5
spotify:track:0WFA9Klvxj0rFc9YFe7Zgv,"Ta Rico Os Menino Do Gueto 🍀","Ta Rico Os Menino Do Gueto 🍀","Mc IG;MC Ryan SP;Mc Negão Original;MC GP;DJ DAVI DOGDOG;DJ Japa NK;DU'L;MC Meno K;Mc guizinho niazi;Nickz Beatz;SiarBeats",2025-04-30,459692,65,true,31iyzpt6ozhhinwi72azy6ryb6lu,2025-05-03T15:11:14Z,"funk,trap funk,funk consciente,funk carioca,brega funk,trap brasileiro","WM Brazil",0.543,0.715,7,-5.036,0,0.389,0.358,0,0.107,0.552,86.681,5
spotify:track:4S0MWFMTbNowLzfk1FplZq,"Trava Do Trava Chip , Tropa Do 00","Trava Do Trava Chip , Tropa Do 00","Previas SP;Previas MC´s",2025-04-24,216549,0,true,31iyzpt6ozhhinwi72azy6ryb6lu,2025-05-03T19:40:48Z,"","Previas SP",0.643,0.423,10,-12.366,0,0.77,0.25,0,0.232,0.869,86.513,5
spotify:track:1RpRvtfmHBNjSd66wLPs9w,"Tubarão Gigante","Tubarão Gigante","MC Ryan SP",2019-04-05,239882,60,false,31iyzpt6ozhhinwi72azy6ryb6lu,2025-05-03T19:41:04Z,"funk,funk consciente,trap funk","GR6 Music",0.685,0.55,5,-1.231,1,0.197,0.454,0,0.24,0.572,120.026,5
spotify:track:1MpOGXIiTrbkkITj0tpm8q,"Ela Quer Se Bronzear","Ela Quer Se Bronzear","Murillo e LT no Beat;MC Jvila;MC Marks;Mc Negão Original;DJ Dael",2025-02-14,224985,57,true,31iyzpt6ozhhinwi72azy6ryb6lu,2025-05-03T20:55:12Z,"trap funk,funk,funk consciente,trap brasileiro","Som Livre",0.877,0.766,2,-4.022,1,0.267,0.121,0,0.0601,0.603,128.966,4
spotify:track:2LzXPUzL9sgeRl9a5miHMA,"OUTRA","OUTRA","tarisiix;fire hair;WenHard",2025-04-15,128000,67,true,31iyzpt6ozhhinwi72azy6ryb6lu,2025-05-03T21:45:08Z,"funk","NOISQTA",0.887,0.5,9,-6.805,0,0.349,0.11,0.0206,0.103,0.58,90.023,3
spotify:track:5QzmpS3dCwJRh4vpUgCi53,"Gordinho Bololô","Gordinho Bololô","MC Ryan SP;Djay W",2021-03-12,144600,46,true,31iyzpt6ozhhinwi72azy6ryb6lu,2025-05-03T21:49:15Z,"funk,funk consciente,trap funk","GR6 Music",0.902,0.656,9,-5.746,1,0.288,0.455,0,0.0989,0.587,99.979,4
spotify:track:2xebCnKCjYWBhJ4Ai8hO5E,"Set dos Casados","Set dos Casados","Mc Davi;Mc Kevin;Mc Don Juan;MC Hariel;MC Marks;MC G15;Mc Phe Cachorrera;Gaab;MC Menor da VG;MC Ryan SP;MC Kapela;Perera DJ;Veiga no Beat",2021-09-17,643200,71,true,31iyzpt6ozhhinwi72azy6ryb6lu,2025-05-03T21:51:30Z,"funk,funk consciente,trap funk,pagode","GR6 Music",0.581,0.384,4,-7.618,0,0.295,0.325,0,0.0953,0.149,199.884,4
spotify:track:2RB5ezMGgV3YJUgZvr5WcF,"Mulher Gosta De Grana","Mulher Gosta De Grana","DJ ML ORIGINAL;Mc Jhey;FreesTyle Sounds",2025-01-31,113495,7,true,31iyzpt6ozhhinwi72azy6ryb6lu,2025-05-03T21:58:05Z,"funk bruxaria,funk,phonk,phonk brasileiro","FreesTyle Sounds",0.908,0.911,4,0.398,0,0.0723,0.012,0.00000743,0.0739,0.545,129.849,4
spotify:track:3omgUq6LcYmKRJ0FGswWkm,"Desejos","Contradições","KayBlack;Marquinho no Beat;Wall Hein",2023-03-31,128000,62,false,31iyzpt6ozhhinwi72azy6ryb6lu,2025-05-05T13:28:30Z,"trap brasileiro,trap funk,trap,hip hop brasileiro,funk","WM Brazil",0.57,0.259,10,-13.061,0,0.181,0.087,0,0.247,0.132,74.836,5
spotify:track:7DlhowLuTcMywk3QdZF9KX,"Balmain","Balmain","EarKid;THS",2020-11-12,175680,0,true,31iyzpt6ozhhinwi72azy6ryb6lu,2025-05-05T16:44:19Z,"trap brasileiro,trap","2020 Bio G3 Music",0.807,0.488,10,-10.773,0,0.281,0.58,0,0.194,0.609,92.041,4
spotify:track:3oxk3UVbKJiPcPokw9h64D,"Tipo Gringa","Tipo Gringa","DJ Matt D;Menor MC",2021-03-12,114143,59,true,31iyzpt6ozhhinwi72azy6ryb6lu,2025-05-05T16:44:23Z,"funk,funk consciente,trap funk,trap brasileiro,trap","GREE CASSUA",0.712,0.594,9,-6.321,1,0.448,0.0138,0,0.191,0.742,144.307,4
spotify:track:7eBqSVxrzQZtK2mmgRG6lC,"Murder on My Mind","I AM YOU","YNW Melly",2018-08-03,268434,81,true,31iyzpt6ozhhinwi72azy6ryb6lu,2025-05-06T18:14:18Z,"rap melódico","P2018",0.759,0.73,0,-7.985,0,0.0516,0.145,0.00000306,0.11,0.74,115.007,4
spotify:track:1K14aw84e0i5IHFHkq7aNn,"Mistérios","Mistérios","KayBlack;Murillo e LT no Beat",2024-07-16,136695,70,false,31iyzpt6ozhhinwi72azy6ryb6lu,2025-05-06T18:15:43Z,"trap brasileiro,trap funk,trap,hip hop brasileiro,funk,funk consciente","WM Brazil",0.762,0.41,8,-9.06,0,0.178,0.189,0,0.221,0.531,113.915,4
spotify:track:3QGxgNaqaFSpORp2OVLXHR,"212","212","Chefin;Mainstreet",2022-01-15,150610,64,true,31iyzpt6ozhhinwi72azy6ryb6lu,2025-05-07T23:15:00Z,"trap brasileiro,trap funk,trap,funk,hip hop brasileiro","Mainstreet Records",0.789,0.519,2,-4.84,0,0.0697,0.659,0,0.085,0.857,154.037,4
spotify:track:4QCwvUs4ob87Tq9VP07Uo3,"Loucura","Amor e Ódio","Borges;MC Cabelinho;Veigh;RUXN;Palma;Kizzy",2023-12-13,179945,69,true,31iyzpt6ozhhinwi72azy6ryb6lu,2025-05-07T23:15:18Z,"trap brasileiro,trap,trap funk,hip hop brasileiro,funk consciente","Mainstreet Records",0.458,0.677,8,-5.783,1,0.158,0.593,0,0.238,0.696,80.344,3
spotify:track:5RHOhXxMVhpEaBcG6hIydA,"Maturidade","Maturidade","KayBlack;Wall Hein;AMUSIK",2022-09-08,142026,72,true,31iyzpt6ozhhinwi72azy6ryb6lu,2025-05-07T23:15:32Z,"trap brasileiro,trap funk,trap,hip hop brasileiro","Elenko Music",0.722,0.411,2,-9.963,0,0.387,0.509,0,0.0976,0.503,172.445,3
spotify:track:0yL7K9MzC20uBesZTPY81r,"Pandora","Pandora","DJ Matt D;Menor MC;MC GP;Vulgo FK",2021-11-26,177000,70,true,31iyzpt6ozhhinwi72azy6ryb6lu,2025-05-07T23:15:43Z,"funk,funk consciente,trap funk,trap brasileiro,trap,hip hop brasileiro","GREE CASSUA",0.688,0.458,1,-9.138,0,0.588,0.14,0,0.407,0.559,124.553,4
spotify:track:6bTdZ7xfKp3NqqADJ8HLyj,"Vampiro","Vampiro","Matuê;WIU;Teto",2022-03-29,250434,74,false,31iyzpt6ozhhinwi72azy6ryb6lu,2025-05-07T23:15:50Z,"trap brasileiro,trap,hip hop brasileiro,trap funk","Sony Music Entertainment",0.782,0.643,8,-4.956,0,0.0438,0.0136,0,0.0654,0.627,114.994,4
spotify:track:5XhG8HGyxLrkJAASxLA463,"Champagne","Lobo","Orochi;PL Quest;BIN;Kizzy;Mainstreet",2021-04-29,245070,72,true,31iyzpt6ozhhinwi72azy6ryb6lu,2025-05-07T23:15:59Z,"trap brasileiro,hip hop brasileiro,trap funk,trap","Mainstreet Records",0.399,0.599,9,-5.252,0,0.2,0.164,0.00000194,0.111,0.31,91.523,4
spotify:track:0Q1ySdDoHDiotYn4nbMXNm,"CONFISSÕES PT2","MAGIC SHOW","Nagalli;KayBlack;Veigh;Supernova Ent",2024-04-25,145812,71,true,31iyzpt6ozhhinwi72azy6ryb6lu,2025-05-07T23:16:14Z,"trap brasileiro,trap,trap funk,hip hop brasileiro","Supernova Ent",0.654,0.452,6,-7.103,0,0.322,0.609,0,0.123,0.414,125.994,4
spotify:track:0Pjd5h1ZOSyhSwZrDeCIXg,"Giro dos Artistas","Giro dos Artistas","Mc Bruninho da Praia;Mc Kevin;Mc IG;Mc Magal;MC GP;DJ Oreia",2021-02-06,338823,64,true,31iyzpt6ozhhinwi72azy6ryb6lu,2025-05-07T23:16:19Z,"funk consciente,funk,trap funk","GR6 Music",0.737,0.484,0,-7.767,0,0.309,0.331,0,0.191,0.826,113.757,5
spotify:track:5zCrBIhg3eKTmuz8Y7BhWB,"Vai no Chão Doidona","Vai no Chão Doidona","Mc Vittin PV;DJ PH DA SERRA;Dj Tg Da Inestan",2020-03-23,163511,10,false,31iyzpt6ozhhinwi72azy6ryb6lu,2025-05-07T23:16:31Z,"funk de bh,funk,brega funk","Gl7 Produções Artísticas",0.842,0.567,5,-5.123,1,0.0483,0.487,0,0.0881,0.789,129.857,4
spotify:track:1pK2Tr5zwOkkuBrrDAkLbb,"Quem Tem Transa","Quem Tem Transa","MC Jvila;TrapLaudo;Mc IG;Murillo e LT no Beat",2025-03-27,241846,56,true,31iyzpt6ozhhinwi72azy6ryb6lu,2025-05-07T23:16:36Z,"funk,trap funk,funk consciente,trap brasileiro","GR6 Music",0.881,0.614,6,-7.507,0,0.344,0.733,0,0.123,0.779,130.001,4
spotify:track:5DlrNzF7YmK2dZBjfr0qZ2,"De Marola","Paz Terrível","Azevedo;MC Cabelinho;Dallass;Skinny Beats",2023-09-22,169411,60,false,31iyzpt6ozhhinwi72azy6ryb6lu,2025-05-07T23:16:47Z,"trap brasileiro,hip hop brasileiro,trap funk,trap,funk consciente","Virgin Music Label And Artist Services (S&D)",0.755,0.675,10,-3.456,0,0.0537,0.405,0,0.0727,0.521,118.94,4
spotify:track:65pAYWPmG6DrCeg72cVxMG,"Sou de todas","Sou de Todas","Dj Tg Da Inestan;DJ PH DA SERRA;Dj Lv Mdp;Dj Arthuzin;Mc Kaio;MC L da Vinte;MC AK",2020-06-18,179004,0,true,31iyzpt6ozhhinwi72azy6ryb6lu,2025-05-07T23:16:54Z,"funk de bh,funk,funk carioca","NW MUSIC",0.766,0.472,2,-5.543,0,0.0543,0.523,0.000519,0.325,0.545,129.887,4
spotify:track:1mGakXBGsniTOWCzPl9Zd1,"Chega de Tristeza Amor","Chega de Tristeza Amor","DJ FAISCA;Mc Rodrigo do CN;Mc Mininin;MC LORIN DA ZL",2022-01-24,188595,59,true,31iyzpt6ozhhinwi72azy6ryb6lu,2025-05-07T23:19:12Z,"funk de bh,funk,funk carioca","DJ FAISCA, Mc Rodrigo do CN",0.855,0.547,11,-4.164,0,0.276,0.498,0.000401,0.192,0.647,86.664,5
spotify:track:3sOcmmmWB7dqyziUVLXpTi,"Hylander","Hylander","Abbot;somynem.grin",2020-09-18,96624,65,false,31iyzpt6ozhhinwi72azy6ryb6lu,2025-05-08T22:47:33Z,"trap brasileiro,trap,trap funk","Valhalla Records",0.903,0.642,1,-7.307,1,0.356,0.0692,0,0.0975,0.651,131.96,4
spotify:track:3eYOxLGAl20agLMeP8s3Fw,"Mlks de Sp","Mlks de Sp","Recayd Mob;Dfideliz;MC Igu;Jé;Derek",2020-06-05,195767,60,true,31iyzpt6ozhhinwi72azy6ryb6lu,2025-05-08T22:48:21Z,"trap brasileiro,trap,hip hop brasileiro,trap funk","213 Estudios",0.891,0.613,1,-6.251,1,0.0628,0.149,0,0.139,0.194,118.964,4
spotify:track:6LD5vzCqfDlGmXBXqHcYcP,"ADORO ESSA VIDA $$$","Nós Era Duro","Chefin;MC Joãozinho VT;MC LUUKY;DJ Rafinha",2024-12-10,280615,21,false,31iyzpt6ozhhinwi72azy6ryb6lu,2025-05-13T04:53:07Z,"trap brasileiro,trap funk,trap,funk,hip hop brasileiro,funk consciente","Chefin Distribuição",0.682,0.724,7,-3.721,0,0.405,0.446,0,0.0976,0.751,130.038,4
spotify:track:3qWg5yAEOqLeN9MYGhsVrm,"Se Pa Que Ela Tente Mudar","Se Pa Que Ela Tente Mudar","Yuri Redicopa;Dj Bnão",2023-05-15,171135,55,true,31iyzpt6ozhhinwi72azy6ryb6lu,2025-05-13T04:53:50Z,"funk,funk bruxaria","24por48",0.485,0.631,11,-5.044,0,0.221,0.832,0,0.19,0.433,129.994,4
spotify:track:403DKkI4Ss4H1YJw1hUGRp,"Te Arrepiar","Te Arrepiar","MC Ryan SP;Mc Kevin;Mc Don Juan",2021-05-09,251076,54,true,31iyzpt6ozhhinwi72azy6ryb6lu,2025-05-13T04:54:54Z,"funk,funk consciente,trap funk","GR6 Music",0.766,0.482,8,-9.198,1,0.543,0.527,0,0.0992,0.38,129.986,4
spotify:track:4LbfU2H0OgDFDPf85CwpTt,"De Navão luuky","De Navão luuky","chinaprevias",2025-04-25,83091,0,true,31iyzpt6ozhhinwi72azy6ryb6lu,2025-05-14T17:41:11Z,"","9368491 Records DK",0.639,0.296,5,-15.107,1,0.393,0.926,0,0.129,0.837,134.933,4
spotify:track:6SCqMl5aQcHQnMspvyddNk,"Saca da Twin","Saca da Twin","Mc Lele JP;Dj GM;MC Tuto;Gudy",2025-02-28,238032,67,false,31iyzpt6ozhhinwi72azy6ryb6lu,2025-05-14T17:41:25Z,"funk,funk consciente,trap funk","GRINGOS WORLD PRODUTORA",0.841,0.546,6,-7.696,0,0.199,0.314,0.0000616,0.11,0.665,122.003,4
spotify:track:03IWUFK6Tg3pPde4Z2RDfw,"Só de Teste (Modo Particular)","Só de Teste (Modo Particular)","TrapLaudo;DJ Hyago",2025-04-15,144000,50,false,31iyzpt6ozhhinwi72azy6ryb6lu,2025-05-15T22:25:15Z,"funk,trap funk,funk consciente","4M RECORDS",0.814,0.492,9,-8.638,0,0.59,0.576,0.00000266,0.171,0.776,129.889,4
spotify:track:2kbSMgvj7H2cqnDXvDAfZS,"Quando Você Ligou","Quando Você Ligou","Mc Negão Original;Vulgo FK;DJ Guh Mix;DJ Yago",2025-04-30,189268,53,true,31iyzpt6ozhhinwi72azy6ryb6lu,2025-05-17T16:27:36Z,"funk,trap funk,funk consciente,trap brasileiro,trap,hip hop brasileiro","WM Brazil",0.666,0.587,7,-4.953,0,0.228,0.353,0,0.0952,0.431,86.032,3
spotify:track:7IFsTX5H1sWcEl8joV0IdD,"THE BOX MEDLEY FUNK 2","THE BOX MEDLEY FUNK 2","THE BOX;Mc Brinquedo;MC Cebezinho;MC Tuto;Mc Laranjinha;DJ Oreia",2024-04-18,266666,72,false,31iyzpt6ozhhinwi72azy6ryb6lu,2025-05-17T16:28:21Z,"trap brasileiro,trap funk,funk,funk consciente,trap,funk de bh,brega funk","Sony Music Entertainment",0.778,0.687,11,-8.568,0,0.105,0.578,0.0105,0.356,0.839,117.008,4
spotify:track:7sO4qwDP84KRGKNCbMSn2o,"Chega de Falar de Ice","Chega de Falar de Ice","Leozin",2019-05-28,177245,50,false,31iyzpt6ozhhinwi72azy6ryb6lu,2025-05-17T16:33:17Z,"trap brasileiro,trap,hip hop brasileiro","Leozin",0.612,0.464,11,-8.509,1,0.212,0.219,0,0.104,0.265,129.806,4
spotify:track:5Nj2UVsxXAvhfYNpcre3al,"FAMOSINHA","FAMOSINHA","Dj Caio Vieira;MC Meno K;Mc Rodrigo do CN",2025-02-28,133384,76,true,31iyzpt6ozhhinwi72azy6ryb6lu,2025-05-17T17:49:39Z,"funk,funk de bh,funk carioca,trap funk","BR MUSIC DIREITOS MUSICAIS LTDA.",0.945,0.661,9,-2.343,0,0.356,0.216,0,0.0698,0.773,130.069,4
spotify:track:0cKW1MV3SSmGNKGvdGlUAv,"Bsbanda","Bsbanda","Mc Vittin PV;DJ PH DA SERRA",2020-03-30,164388,5,true,31iyzpt6ozhhinwi72azy6ryb6lu,2025-05-17T17:49:46Z,"funk de bh,funk,brega funk","Atlas Agency",0.704,0.416,3,-6.94,0,0.159,0.51,0.00225,0.104,0.59,74.628,5
spotify:track:3mfJvLwi1VocsfO2VUXuHO,"Hoje Tem, Hoje Tem","Hoje Tem, Hoje Tem","Nego Trufa;Oruam;Marquinho no Beat;Buzeira;Boladin 211;MC Rick;Mc Rodrigo do CN",2025-05-01,280615,51,true,31iyzpt6ozhhinwi72azy6ryb6lu,2025-05-19T00:36:53Z,"funk,trap funk,trap brasileiro,trap,funk consciente,funk de bh,fado,funk carioca","GRINGOS WORLD PRODUTORA",0.696,0.676,5,-2.808,1,0.333,0.531,0.00000522,0.0932,0.385,82.194,5
spotify:track:13JOBGfXB8KZGqVbho2bjJ,"RITMADA PODEROSA","RITMADA PODEROSA","DJ KOALA6;DJ ROBOCOP MF;Mc Gw",2025-02-14,137142,59,true,31iyzpt6ozhhinwi72azy6ryb6lu,2025-05-21T03:50:13Z,"funk,phonk,phonk brasileiro,funk carioca,funk bruxaria,brega funk","DJ KOALA6",0.604,0.802,6,-3.439,1,0.132,0.514,0.0000191,0.0896,0.952,108.302,3
spotify:track:1QTkT8x2l6cDEQldqbjB0C,"Tropa do Pisa 2","Tropa do Pisa 2","MC PH;TrapLaudo;Murillo e LT no Beat;Fepache",2025-01-30,196535,57,true,31iyzpt6ozhhinwi72azy6ryb6lu,2025-05-23T02:31:38Z,"funk,trap funk,funk consciente,trap brasileiro","GR6 Music",0.506,0.773,1,-4.398,0,0.316,0.339,0.304,0.0463,0.771,190.334,3
spotify:track:2jDtIlLcRSqFFdjDYF5Dsj,"Para de K.O","Para de K.O","Mc Denny;Selminho DJ",2024-10-18,224614,46,true,31iyzpt6ozhhinwi72azy6ryb6lu,2025-05-23T04:23:45Z,"phonk,phonk brasileiro,funk,funk carioca","Imagine Music",0.888,0.603,0,-2.63,1,0.115,0.291,0,0.129,0.425,130.1,4
spotify:track:1bjvTcHiftBtqeK6Y2Mh8H,"Para de Mentir","Para de Mentir","Oruam;WIU;Chris MC;Mainstreet",2023-11-16,254142,58,false,31iyzpt6ozhhinwi72azy6ryb6lu,2025-05-23T04:23:54Z,"trap funk,trap brasileiro,funk,trap,hip hop brasileiro","Mainstreet Records",0.518,0.497,4,-6.839,1,0.0766,0.51,0,0.0888,0.795,136.538,4
spotify:track:1LbGQIbIK5fybh2AfGz0hw,"Lama no Copo","Lama no Copo","Matuê",2017-06-26,253433,1,false,31iyzpt6ozhhinwi72azy6ryb6lu,2025-05-24T14:58:12Z,"trap brasileiro,trap,hip hop brasileiro,trap funk","30PRAUM",0.433,0.624,3,-6.66,0,0.0614,0.161,0,0.194,0.327,120.696,4
spotify:track:6LeKnFXj99E6pdlq7rz0x7,"Solo Paulista","Vagabundo","DJ JHOW BEATS;Yuri Redicopa;DJ J2",2024-12-12,159634,48,false,31iyzpt6ozhhinwi72azy6ryb6lu,2025-05-24T14:59:19Z,"funk,funk bruxaria","Resumo Produtora",0.723,0.663,4,-4.981,0,0.312,0.232,0.0000343,0.0733,0.648,124.163,4
spotify:track:6oRX9iOblopFeYzThIxckq,"Paty ou Put4?","Paty ou Put4?","MC Joãozinho VT;Kako;DJ JR No Beat",2025-03-07,160800,56,true,31iyzpt6ozhhinwi72azy6ryb6lu,2025-05-29T20:49:04Z,"funk,funk consciente,trap funk","Sonar Music",0.631,0.576,1,-4.567,1,0.469,0.257,0,0.0925,0.453,83.288,3
spotify:track:606Ps4kfMlkeZp0Zr6Xzrk,"Pataco","Pataco","Mc Paiva ZS;Kotim",2022-04-15,163200,48,true,31iyzpt6ozhhinwi72azy6ryb6lu,2025-05-29T20:49:08Z,"funk,trap funk,funk consciente,funk carioca","Love Funk",0.686,0.613,10,-5.874,0,0.651,0.278,0,0.167,0.639,126.091,5
spotify:track:5dpFeWLyIjhJupWAG7U5PX,"Bailão","Bailão","Meno Tody;Mestre B;Young World",2019-07-29,210616,0,true,31iyzpt6ozhhinwi72azy6ryb6lu,2025-06-01T20:37:53Z,"trap brasileiro,trap,trap funk,hip hop brasileiro","Meno Tody",0.761,0.57,8,-7.438,1,0.0887,0.000468,0,0.098,0.585,146.993,4
spotify:track:5UGKVzE5Vhd9EVC38xIIYX,"Pandemia","Fênix","Mc Kevin;Perera DJ",2021-02-10,139636,61,false,31iyzpt6ozhhinwi72azy6ryb6lu,2025-06-01T21:07:30Z,"funk,funk consciente,trap funk","GR6 Music",0.664,0.423,8,-7.966,0,0.563,0.733,0.000021,0.0715,0.382,145.044,5
spotify:track:0Pg5ZL3uEn5FXpqdD2g1R4,"Airbnb","Airbnb","Caio Luccas;Leviano;NADAMAL;Rocco;Viper",2024-06-17,145822,41,true,31iyzpt6ozhhinwi72azy6ryb6lu,2025-06-01T21:20:09Z,"trap brasileiro,trap funk,trap,hip hop brasileiro","NadamalRecords",0.773,0.626,1,-8.071,0,0.355,0.0592,0,0.11,0.205,78.911,4
spotify:track:1AeoHXrRKPuBZxpTrCELCX,"24 Horas","Celebridade","Orochi;Kizzy;SV;BIN",2020-03-27,253714,55,true,31iyzpt6ozhhinwi72azy6ryb6lu,2025-06-01T21:23:58Z,"trap brasileiro,hip hop brasileiro,trap funk,trap","Mainstreet Records",0.555,0.63,4,-7.174,0,0.264,0.0797,0,0.112,0.393,175.137,4
spotify:track:6ZnVSNNryDmF0w1j73Fndd,"Poesia Acústica #6 Era uma Vez","Poesia Acústica #6 Era uma Vez","Pineapple StormTv;MC Cabelinho;Bob do Contra;Azzy;Filipe Ret;Dudu;Xamã;Orochi;Maquiny;Salve Malak",2018-12-24,577819,61,false,31iyzpt6ozhhinwi72azy6ryb6lu,2025-06-03T09:57:31Z,"hip hop brasileiro,trap brasileiro,trap funk,trap,funk consciente","Pineapple StormTV",0.499,0.576,5,-10.454,0,0.0544,0.428,0,0.155,0.571,93.899,4
spotify:track:40IXmplKTcyWPr9HNCik7e,"Filho da Noite","Filho da Noite","Matuê;MC Ryan SP",2024-04-30,236666,59,false,31iyzpt6ozhhinwi72azy6ryb6lu,2025-06-06T22:20:18Z,"trap brasileiro,trap,hip hop brasileiro,trap funk,funk,funk consciente","Sony Music Entertainment",0.755,0.654,5,-4.517,0,0.208,0.318,0,0.0852,0.827,143.884,4
spotify:track:7EQhA1Kpc97yDbD0LYPGNc,"Znorte City","Znorte City","Mc IG",2018-07-09,134817,51,true,31iyzpt6ozhhinwi72azy6ryb6lu,2025-06-06T22:21:00Z,"funk,trap funk,funk consciente","GR6 Music",0.868,0.497,4,-6.301,0,0.121,0.231,0.00000244,0.0441,0.602,129.985,4
spotify:track:06VStvBWfFbepR97LhRo8D,"Contagem Regressiva","Contagem Regressiva","Mc IG;Mc Negão Original;MC Ryan SP;MC Jvila;DJ Guh Mix;Mc Lele JP;Murillo e LT no Beat",2025-03-24,288372,70,true,31iyzpt6ozhhinwi72azy6ryb6lu,2025-06-06T22:21:07Z,"funk,trap funk,funk consciente,trap brasileiro","WM Brazil",0.863,0.616,5,-6.135,0,0.161,0.862,0.0000328,0.101,0.775,128.93,4
spotify:track:6OPqR2PJZpPlWVZ4IOyljf,"Romântico 2","ZIMA","Aka Rasta;Veigh",2022-06-17,150932,52,true,31iyzpt6ozhhinwi72azy6ryb6lu,2025-06-06T22:22:31Z,"trap brasileiro,trap,hip hop brasileiro,trap funk","Aka Rasta",0.807,0.276,4,-11.199,0,0.171,0.745,0,0.109,0.358,92.482,4
spotify:track:0Z2J91b2iTGLVTZC4fKgxf,"Hit 'Em Up - Single Version","Greatest Hits","2Pac;Outlawz",1998-01-01,312626,85,true,31iyzpt6ozhhinwi72azy6ryb6lu,2025-06-06T22:23:03Z,"hip hop old school,gangster rap,west coast hip hop,g-funk,hip hop","2Pac Greatest Hits",0.916,0.844,7,-3.967,1,0.236,0.0394,0,0.0778,0.586,95.19,4
spotify:track:7B3w4xCIecXIZnxOqaol9k,"Medley de Igaratá 4","Medley de Igaratá 4","Mc Negão Original;DJ Guh Mix",2025-02-04,299076,55,true,31iyzpt6ozhhinwi72azy6ryb6lu,2025-06-06T22:23:14Z,"funk,trap funk,funk consciente","Cria Hit BR",0.83,0.69,5,-5.544,0,0.421,0.516,0,0.071,0.812,130.068,4
spotify:track:0QpiyJbgWUjyAQNqjIA5tO,"Hate Me","Hate Me","Lil Yachty;ian",2024-07-26,161142,66,true,31iyzpt6ozhhinwi72azy6ryb6lu,2025-06-06T22:23:46Z,"","Quality Control Music/Motown Records/Bu Vision/Columbia",0.638,0.625,8,-6.909,1,0.117,0.000976,0.732,0.157,0.105,140.047,4
spotify:track:1WlSkYNVAGgPc1K01Pdfxt,"Jogador Não Olha Pra Foto","Jogador Não Olha Pra Foto","Krawk;Kant;Blakbone;Kawe;Thiago Kelbert;Freelipe",2020-12-18,249917,24,true,31iyzpt6ozhhinwi72azy6ryb6lu,2025-06-06T22:24:13Z,"trap brasileiro,hip hop brasileiro,trap,trap funk","Krawk",0.927,0.552,6,-8.27,1,0.114,0.137,0,0.0678,0.584,121.051,4
spotify:track:32UtuK4CbRoYgrTDliihBX,"Coisa Rara","Coisa Rara","Mc Brinquedo",2022-05-25,193846,27,false,31iyzpt6ozhhinwi72azy6ryb6lu,2025-06-06T23:54:12Z,"funk,funk consciente,trap funk","JoyRecords",0.633,0.466,1,-6.843,1,0.702,0.322,0,0.146,0.527,170.152,4
spotify:track:5cDqPZ79hO8LujICezKQm0,"UM ERRO","LITTLE LOVE","MC Cabelinho;Dallass;Honaiser",2022-12-20,183196,59,true,31iyzpt6ozhhinwi72azy6ryb6lu,2025-06-06T23:54:32Z,"trap brasileiro,trap funk,trap,hip hop brasileiro,funk consciente","Bairro 13",0.732,0.537,4,-6.926,0,0.0721,0.738,0,0.0889,0.448,115.94,4
spotify:track:0OFWfxaRyyXe3zNUwDf7i8,"Poesia Acústica #10 Recomeçar","Poesia Acústica #10 Recomeçar","Pineapple StormTv;MC Cabelinho;Orochi;JayA Luuck;Pk;Black;Delacruz;BK;LUDMILLA;Salve Malak",2020-11-27,682816,53,false,31iyzpt6ozhhinwi72azy6ryb6lu,2025-06-09T10:05:18Z,"hip hop brasileiro,trap brasileiro,trap funk,trap,funk consciente,funk,pop nacional,boom bap,pagode,funk pop,pagode baiano,funk carioca,samba","Pineapple StormTV",0.737,0.636,8,-5.974,1,0.0727,0.257,0,0.175,0.439,142.085,4
spotify:track:3GcNE4VrwfOvgRl8I4fTgi,"Amar, amei Gostar, gostei (FUNK RJ)","Amar, amei Gostar, gostei (FUNK RJ)","PIQUEZIN DOS CRIA;VN CARDOSO ofc;DJ PÜTELLO",2023-06-16,200136,29,false,31iyzpt6ozhhinwi72azy6ryb6lu,2025-06-10T01:24:15Z,"funk carioca","PIQUEZIN DOS CRIAS",0.858,0.685,4,-1.473,0,0.299,0.0443,0.000101,0.0779,0.72,140.111,4
spotify:track:0p7HRekZUwR61Dh7qF2kUm,"Meia Noite Ela Sai X Os do Momento Lá de Lisboa","Meia Noite Ela Sai X Os do Momento Lá de Lisboa","Rd Sucessada Oficial;MC PW",2024-03-15,88150,35,false,31iyzpt6ozhhinwi72azy6ryb6lu,2025-06-10T01:24:22Z,"funk carioca,funk,funk de bh","Mago da DZ7 Music",0.907,0.633,9,-2.053,0,0.0765,0.0161,0.0321,0.27,0.678,130.099,4
spotify:track:1jxQFCC0ukN7AaUwXWK0N8,"Tipo Nino Vs Kabrinha","Tipo Nino Vs Kabrinha","DJ Biel Divulga;DJ Dozabri;Mc Lekão",2025-05-31,201230,71,true,31iyzpt6ozhhinwi72azy6ryb6lu,2025-06-11T18:33:02Z,"funk","Mandela Music",0.963,0.862,0,-4.335,1,0.234,0.544,0.00158,0.193,0.919,130.113,4
spotify:track:0gDVV9Y53DR5FfwZP6tlGm,"Aperta 70","Aperta 70","DJ BRUNIN DA NT;MC BLACK DA PENHA;DG DO BROOKLYN",2025-06-06,134769,52,true,31iyzpt6ozhhinwi72azy6ryb6lu,2025-06-14T19:12:47Z,"funk,funk carioca,funk de bh","Tiger Records Brasil",0.922,0.885,6,-3.746,0,0.368,0.261,0.0000113,0.0814,0.847,130.136,4
spotify:track:1Goev6cA7GPslY2CdxXzDG,"desgraçadagostosamaldita","Vagabundo de Luxo","WIU",2024-07-10,180800,67,true,31iyzpt6ozhhinwi72azy6ryb6lu,2025-06-16T09:43:07Z,"trap brasileiro,trap,trap funk,hip hop brasileiro","30PRAUM",0.759,0.598,4,-4.327,0,0.0616,0.358,0,0.0861,0.281,149.861,4
spotify:track:0cHWY5mDhNenRUtqyKTyTD,"Sagaz","Sagaz","MC LUUKY;Dj Victor",2025-04-25,124878,53,true,31iyzpt6ozhhinwi72azy6ryb6lu,2025-06-17T19:32:14Z,"funk,trap funk,funk consciente","EDITORA E GRAVADORA A BASE RECORDS",0.672,0.572,1,-5.56,0,0.324,0.646,0,0.0758,0.567,88.068,3
spotify:track:366ezcFOSlKTivoCfkZdPG,"Artigo de Grife","Artigo de Grife","MC Vine7;DJ BOY",2024-12-16,178909,63,false,31iyzpt6ozhhinwi72azy6ryb6lu,2025-06-17T19:32:38Z,"funk,funk consciente,trap funk","Sonar Produtora",0.72,0.419,8,-7.077,0,0.536,0.765,0,0.108,0.749,110.003,4
spotify:track:1G93i9ga7ZPEOqpiNhM1mq,"I Wanna Fuck You","Tha Blue Carpet Treatment","Snoop Dogg;Akon",2006-01-01,178840,71,true,31iyzpt6ozhhinwi72azy6ryb6lu,2025-06-17T19:32:50Z,"g-funk,west coast hip hop,gangster rap,hip hop old school,hip hop,rap","Geffen",0.861,0.479,7,-8.433,1,0.0515,0.0452,0,0.351,0.278,99.969,4
spotify:track:70FCugJxa7XW04Np6iYJdI,"21 Questions","Get Rich Or Die Tryin'","50 Cent;Nate Dogg",2003-02-06,224440,81,true,31iyzpt6ozhhinwi72azy6ryb6lu,2025-06-17T19:32:56Z,"hip hop old school,east coast hip hop,g-funk,west coast hip hop","Shady Records",0.646,0.813,6,-3.846,0,0.299,0.349,0.0000937,0.0427,0.895,92.729,4
spotify:track:63BcfK6YAzJYeISaTPr6IO,"Big Poppa - 2007 Remaster","Greatest Hits","The Notorious B.I.G.",2007-03-02,249866,74,true,31iyzpt6ozhhinwi72azy6ryb6lu,2025-06-17T19:33:02Z,"hip hop old school,gangster rap,east coast hip hop,hip hop","Bad Boy Records",0.765,0.671,9,-5.249,0,0.278,0.344,0,0.0506,0.798,84.5,4
spotify:track:5STdMlrBf6pqWiNE7WqxSi,"Many Men (Wish Death)","Get Rich Or Die Tryin'","50 Cent",2003-02-06,256240,81,true,31iyzpt6ozhhinwi72azy6ryb6lu,2025-06-17T19:33:07Z,"hip hop old school,east coast hip hop","Shady Records",0.589,0.827,11,-2.938,1,0.384,0.0143,0.00151,0.14,0.386,161.978,4
spotify:track:75lRRdjplzfpmBjNzMPyjR,"Bump, Bump, Bump (feat. P. Diddy)","Pandemonium!","B2K;Diddy",2003-03-06,282773,68,false,31iyzpt6ozhhinwi72azy6ryb6lu,2025-06-17T19:33:14Z,"hip hop,east coast hip hop","Epic",0.835,0.68,1,-6.02,0,0.21,0.1,0,0.049,0.889,95.508,4
spotify:track:6bN4FXYG74weALXPBOGMui,"Collect Call (Freestyle)","Lost Files","Kennyraccs",2022-05-05,139133,3,true,31iyzpt6ozhhinwi72azy6ryb6lu,2025-06-17T21:16:15Z,"","Kennyraccs",0.714,0.625,7,-6.493,1,0.297,0.373,0,0.232,0.511,155.178,4
spotify:track:0RkL3poajWMDLB7Q90cpjr,"Veterano","Veterano","Lipinho Oficial;Vinicin;Surfista;Ryuchi;Ian Durso;JVMVO",2025-04-03,240000,1,true,31iyzpt6ozhhinwi72azy6ryb6lu,2025-06-25T17:10:33Z,"trap funk,trap brasileiro","Lipinho Oficial",0.465,0.678,4,-4.749,0,0.308,0.573,0,0.103,0.246,72.756,4
spotify:track:7CLwQ5MSaQjUD0Va27RAp1,"Bateu 20H","Bateu 20H","MC NT",2020-01-29,155062,59,true,31iyzpt6ozhhinwi72azy6ryb6lu,2025-06-25T17:12:40Z,"funk de bh,funk","MC NT",0.748,0.364,11,-13.112,0,0.069,0.228,0,0.17,0.281,130.14,4
spotify:track:1GW9HiviLL0kWgcKhzpfoE,"Só Por Hoje","Só Por Hoje","Gaab;MC Hariel",2020-04-24,193422,52,false,31iyzpt6ozhhinwi72azy6ryb6lu,2025-06-25T21:54:32Z,"pagode,funk,funk consciente,trap funk","GR6 Music",0.624,0.337,11,-11.117,1,0.463,0.834,0,0.106,0.614,179.994,4
spotify:track:1mdTOH62rLqnTUZZfJ5kln,"Louco no Pião","Louco no Pião","Mc Negão Original;MC Ryan SP;DJ Japa NK;Murillo e LT no Beat",2025-03-28,206774,57,true,31iyzpt6ozhhinwi72azy6ryb6lu,2025-07-01T10:00:30Z,"funk,trap funk,funk consciente,trap brasileiro","Fusion Records",0.673,0.671,2,-3.724,0,0.414,0.307,0,0.137,0.423,130.096,4
spotify:track:31AT1FISlYKCZennhjBZJm,"Uma Milha na Rua","Quem Quer F1 Com o G?","MC GP;Murillo e LT no Beat",2024-10-25,181818,45,true,31iyzpt6ozhhinwi72azy6ryb6lu,2025-07-06T21:53:05Z,"funk,funk consciente,trap funk,trap brasileiro","MC GP & GR6",0.889,0.552,10,-4.848,0,0.301,0.667,0,0.104,0.72,131.87,4
spotify:track:7yRlmQTjZ5pdtlq7ska9mj,"Artista Genérico","Eu Venci o Mundo","Veigh;Supernova Ent",2025-06-26,150861,73,true,21g2fo2juh5falzo6dqta7iei,2025-07-07T20:00:21Z,"trap brasileiro,trap funk,trap,hip hop brasileiro","Supernova Entertainment",0.671,0.742,1,-4.478,1,0.148,0.0707,0,0.13,0.209,139.944,4
spotify:track:3eBjtEPgx1Z2O5ILHdEoJ7,"Bokaloka","Bokaloka","DJ BOY;Kako;MC Joãozinho VT;Mc Don Juan;MC Tuto;MC V7;MC Vine7;Mc Pê Leal",2022-10-07,561951,66,false,31iyzpt6ozhhinwi72azy6ryb6lu,2025-07-10T20:07:57Z,"funk consciente,funk,trap funk","Sonar Music",0.711,0.478,7,-4.382,1,0.63,0.632,0,0.0803,0.744,109.411,5
spotify:track:62yC4Y5JyMKwh2AKcYCSeB,"Eu Vou na Sua Casa","Eu Vou na Sua Casa","Felipe Amorim;Vitão;BIN;Malibu",2025-06-12,179039,64,true,31iyzpt6ozhhinwi72azy6ryb6lu,2025-07-10T21:14:25Z,"piseiro,forró,arrocha,sertanejo,agronejo,brega,pop nacional,trap brasileiro,hip hop brasileiro,trap funk,trap,pagode","One Play",0.783,0.832,2,-4.019,0,0.0383,0.0762,0.00000241,0.827,0.652,125.007,4
spotify:track:4jwyUnhhmmPaEJlxjG97ic,"Tecnicamente","Tecnicamente","TrapLaudo;Dj TC",2024-12-10,151181,51,true,31iyzpt6ozhhinwi72azy6ryb6lu,2025-07-15T23:44:12Z,"funk,trap funk,funk consciente","4M RECORDS",0.892,0.322,2,-14.929,1,0.593,0.838,0,0.096,0.369,126.872,4
spotify:track:6TdopDJvNQPmFbczybPC3N,"Tenta Peitar","Tenta Peitar","MC GP;Mc Dena;Vulgo FK;DU'L;Dj Victor;MC Cebezinho",2024-12-30,353057,56,true,31iyzpt6ozhhinwi72azy6ryb6lu,2025-07-16T22:01:19Z,"funk,funk consciente,trap funk,trap brasileiro,trap,hip hop brasileiro","MC GP & GR6",0.619,0.565,8,-5.839,1,0.45,0.672,0,0.0967,0.781,78.034,5
spotify:track:2RRT3xOtc3TLCRqeQ1nlR0,"Casal Celebridade","Casal Celebridade","Mc IG;MC Ryan SP;DJ Glenner;Fepache",2024-08-20,222720,55,false,31iyzpt6ozhhinwi72azy6ryb6lu,2025-07-16T22:01:28Z,"funk,trap funk,funk consciente","WM Brazil",0.514,0.586,0,-6.128,0,0.309,0.113,0,0.101,0.789,93.939,3
spotify:track:3u1VG564LJUHKj8QohFjfN,"Chute No Balde","Meu Momento","MC Joãozinho VT;Mc IG;Kako;DJ BOY;DJ WN;Mc Kanhoto;MC Rick;MC Leozinho ZS;MC Ryan SP;MC Tuto",2022-08-05,474785,58,false,31iyzpt6ozhhinwi72azy6ryb6lu,2025-07-16T22:01:46Z,"funk,funk consciente,trap funk,funk de bh","Sonar Music",0.667,0.652,6,-2.016,1,0.405,0.656,0,0.1,0.887,151.961,4
spotify:track:3qDr9C2wBjH4seSWhGERvI,"Cartel do 900","Cartel do 900","DJ 900;MC Hariel;Mc Kevin;MC Menor da VG;Mc IG;MC Rick;Mc Don Juan",2020-07-14,443076,67,true,31iyzpt6ozhhinwi72azy6ryb6lu,2025-07-20T16:05:54Z,"funk,funk consciente,trap funk,funk de bh","GR6 Music",0.722,0.365,8,-9.739,1,0.215,0.027,0,0.083,0.273,71.498,4
spotify:track:5D0fSkRiQCrEuBvk9CK0bT,"Aventura Noturna","Aventura Noturna","Perera DJ;Mc Magal;MC Menor da VG;Mc Davi;Mc Don Juan;Mc Kevin",2019-03-18,286080,68,true,31iyzpt6ozhhinwi72azy6ryb6lu,2025-07-20T16:05:59Z,"funk,funk consciente,trap funk","GR6 Music",0.834,0.391,6,-9.493,1,0.19,0.0309,0,0.107,0.674,145.038,4
spotify:track:59xgceM6ACWSn4vcdOzjJ0,"Mistério","Mistério","Mc Kevin",2020-10-06,211200,69,false,31iyzpt6ozhhinwi72azy6ryb6lu,2025-07-20T16:06:14Z,"funk,funk consciente,trap funk","GR6 Music",0.628,0.436,11,-5.416,0,0.192,0.509,0,0.0966,0.321,74.692,3
spotify:track:3imzmQM2DPPVBLMiBBexRL,"202","202","Kweller;Enzo Cello;Thomie;prodbyeros",2022-08-09,170000,59,true,31iyzpt6ozhhinwi72azy6ryb6lu,2025-07-22T03:23:27Z,"trap brasileiro,hip hop brasileiro,trap funk","Kweller",0.76,0.305,5,-10.233,0,0.303,0.7,0,0.184,0.788,119.992,4
spotify:track:29wpflca4iReYa4UX7lSYg,"202 - Speed","202 (Speed)","Kweller;Enzo Cello;Thomie;prodbyeros",2022-08-09,142006,43,true,31iyzpt6ozhhinwi72azy6ryb6lu,2025-07-22T03:23:36Z,"trap brasileiro,hip hop brasileiro,trap funk","Kweller",0.693,0.385,3,-10.566,0,0.418,0.716,0,0.184,0.805,143.659,4
spotify:track:2erKs4xu3msrxZegoXPrJV,"Eu Só Tenho Uma Pergunta (Cade o 7D)","Eu Só Tenho Uma Pergunta (Cade o 7D)","Stories dos MC's",2025-07-09,103653,0,true,31iyzpt6ozhhinwi72azy6ryb6lu,2025-07-22T03:29:34Z,"","9888712 Records DK",0.944,0.538,1,-3.78,0,0.152,0.529,0.0427,0.0872,0.87,131.932,4
spotify:track:72TFWvU3wUYdUuxejTTIzt,"Work","ANTI (Deluxe)","Rihanna;Drake",2016-01-28,219320,84,true,31iyzpt6ozhhinwi72azy6ryb6lu,2025-07-24T06:08:05Z,"rap","Roc Nation / Rihanna",0.723,0.534,11,-6.238,1,0.0891,0.0747,0,0.0919,0.551,91.974,4
spotify:track:1l0wjEdL5zYutUW8tVFiZO,"Medley de Igaratá 3","A Nata de Tudo - A Ovelha Negra","Mc Negão Original;DJ Japa NK;DJ Guh Mix",2025-02-07,265848,62,true,31iyzpt6ozhhinwi72azy6ryb6lu,2025-07-26T00:11:18Z,"funk,trap funk,funk consciente","Cria Hit BR",0.844,0.654,5,-5.723,0,0.379,0.338,0,0.287,0.844,130.104,4
spotify:track:2mNMJuTflv6QGF6iXIYlJU,"Medley de Igaratá 6","Vizinhança do Bigode","Mc Negão Original;DJ Guh Mix",2025-06-26,235037,43,true,31iyzpt6ozhhinwi72azy6ryb6lu,2025-07-26T00:11:22Z,"funk,trap funk,funk consciente","WM Brazil",0.907,0.752,10,-4.262,1,0.389,0.452,0,0.0817,0.939,130.049,4
spotify:track:5pFKYnVJvof8TZb2wQdCG4,"Eu Até Gosto de Você","Eu Até Gosto de Você","Mc Jacaré;Mc Negão Original;DJ Japa NK",2025-04-24,149543,62,false,31iyzpt6ozhhinwi72azy6ryb6lu,2025-07-26T00:11:34Z,"funk,trap funk,funk carioca,funk consciente","Croco Hits",0.804,0.685,7,-4.7,0,0.0999,0.117,0,0.546,0.323,129.968,4
spotify:track:3p58wJmZqIc9RjsdeZ5Jfq,"Vou pela Madrugada","A Nata de Tudo - A Ovelha Negra","Mc Negão Original;MC Jvila;MC Willian;DJ Japa NK;MC Meno K;DJ Guh Mix",2025-02-07,281774,78,true,31iyzpt6ozhhinwi72azy6ryb6lu,2025-07-26T00:11:41Z,"funk,trap funk,funk consciente,funk carioca","Cria Hit BR",0.627,0.502,10,-4.334,0,0.234,0.344,0,0.151,0.546,86.751,5
spotify:track:0rqn9g0GZtn5y4ogm5U3NF,"Toma Que Toma","A Nata de Tudo - A Ovelha Negra","Mc Negão Original;MC Cebezinho;Dj Yuri Pedrada;Mc Fidelis;MC GP;MC Jvila;MC Ryan SP",2025-02-07,461538,62,true,31iyzpt6ozhhinwi72azy6ryb6lu,2025-07-26T00:11:45Z,"funk,trap funk,funk consciente","Cria Hit BR",0.633,0.738,10,-3.781,0,0.57,0.164,0,0.115,0.755,82.144,3
spotify:track:0tV4Ghk7APMn5E87SLjkwe,"MTG - Geme Bem Baixinho no Meu Ouvido","MTG - Geme Bem Baixinho no Meu Ouvido","Mc Kn bh",2022-11-08,136158,41,true,31iyzpt6ozhhinwi72azy6ryb6lu,2025-07-26T05:58:51Z,"funk de bh,funk","Original Blues",0.757,0.343,3,-7.682,0,0.293,0.759,0,0.0991,0.894,86.165,5
spotify:track:0Fdm292lKmF7juECjJG92y,"Cala Boca e Senta no Pau","Cala Boca e Senta no Pau","DJ KNOTE ORIGINAL",2023-02-25,136183,7,true,31iyzpt6ozhhinwi72azy6ryb6lu,2025-07-26T08:44:58Z,"funk bruxaria","BRUXARIA SOUND",0.833,0.667,1,-8.118,1,0.326,0.446,0.0142,0.149,0.303,131.913,4
spotify:track:1lPLswPvM7DHjwNHeOqO4z,"NA ONDA DA BOLHA","NA ONDA DA BOLHA","petrus.wav;Kevo;Novin Yarp;Mc Dobella;Mc Gw",2025-03-18,120000,13,true,31iyzpt6ozhhinwi72azy6ryb6lu,2025-07-26T08:45:11Z,"funk bruxaria,funk,phonk,phonk brasileiro,funk carioca,brega funk","petrus.wav",0.955,0.676,2,-4.565,1,0.276,0.0863,0.000617,0.0719,0.335,130.027,4
spotify:track:021N4YeDE3zgJuy4QCKwRr,"FILHA DA PUTA","FILHA DA PUTA","petrus.wav;Novin Yarp;Mc DDSV",2024-06-20,99980,50,true,31iyzpt6ozhhinwi72azy6ryb6lu,2025-07-26T08:48:45Z,"funk bruxaria,funk","Pinote Records",0.963,0.809,7,-5.792,1,0.263,0.0611,0.00464,0.136,0.541,130.066,4
spotify:track:56OPIXzDKeVvlXfeWFXnxk,"Bolha Envolvente","Bolha Envolvente","DJ KEVIN.xpj;DJ MAZZAY;MC BF;ORIGINAL MUSIC PRODUTORA",2024-02-23,135360,49,true,31iyzpt6ozhhinwi72azy6ryb6lu,2025-07-26T08:49:20Z,"funk,funk bruxaria","ORIGINAL MUSIC PRODUTORA",0.618,0.554,11,-4.331,0,0.461,0.0984,0.162,0.104,0.733,194.832,3
spotify:track:0dLKtR7PIHh0u2T99wpMrQ,"Onda Subaquática 2","Onda Subaquática 2","DJ VINI DA ZO;MC Lipivox;MC Davi CPR;MC Buraga;Authentic Records;Yuri Redicopa",2022-10-10,228923,48,true,31iyzpt6ozhhinwi72azy6ryb6lu,2025-07-26T08:51:04Z,"funk,funk bruxaria","Authentic Records OFC",0.922,0.627,10,-5.371,1,0.348,0.812,0.000887,0.0869,0.771,129.862,4
spotify:track:45AGZPv5djNJj0CH6sEjjp,"AK de Bipé","Liberdade","Oruam;Chefin;MC Cabelinho;MC Ryan SP;Ajaxx",2025-02-21,225365,0,true,31iyzpt6ozhhinwi72azy6ryb6lu,2025-07-28T03:27:42Z,"trap funk,trap brasileiro,funk,trap,hip hop brasileiro,funk consciente","Oruam Distribuições",0.615,0.762,11,-4.537,0,0.119,0.209,0,0.276,0.287,109.366,5
spotify:track:66W9xkKoZeJlhTQdq7lL8w,"Tô Confuso","Tô Confuso","MC LUUKY;MC Rick;Mc Leozin;Mc Jacaré;Mc Menor DN;Dj Aladin GDB;GORDÃO DO PC",2024-10-16,221538,53,false,31iyzpt6ozhhinwi72azy6ryb6lu,2025-07-29T01:55:42Z,"funk,trap funk,funk consciente,funk de bh,funk carioca","EDITORA E GRAVADORA A BASE RECORDS",0.591,0.732,11,-3.566,1,0.258,0.624,0,0.104,0.574,130.102,4
spotify:track:0Oq7iEhC6hL4tHsd0z1RTK,"Mega das Blogueiras","Mega das Blogueiras","Mc Frog;Mc DB;Mc Laranjinha;Mc Junior Pk",2020-10-08,212307,51,true,31iyzpt6ozhhinwi72azy6ryb6lu,2025-07-29T09:50:08Z,"funk,funk de bh,funk consciente,brega funk","A2M Produtora",0.724,0.673,8,-3.588,1,0.0813,0.408,0.0000195,0.191,0.473,130.099,4
spotify:track:7FFxxNZXNYIBgWOgmAfbxg,"Redes Sociais","Redes Sociais","MC Luan da BS;DJ Marcus Vinicius",2019-04-08,206811,59,true,31iyzpt6ozhhinwi72azy6ryb6lu,2025-07-29T09:50:19Z,"funk de bh,funk","Funk Explode",0.449,0.571,5,-2.457,1,0.0468,0.561,0,0.122,0.487,86.809,5
spotify:track:7KmHC6VzDk5hhOalSMqE1Y,"Insônia Braba","Insônia Braba","MC Luan da BS;DJ Marcus Vinicius",2019-06-24,183135,50,false,31iyzpt6ozhhinwi72azy6ryb6lu,2025-07-29T09:50:32Z,"funk de bh,funk","Funk Explode",0.586,0.61,9,-3.009,0,0.331,0.405,0,0.122,0.284,83.633,5
spotify:track:5hIljecYWZlwiyBBrCJ68d,"Primeira Vista","Primeira Vista","MC Luan da BS",2020-03-26,161221,51,true,31iyzpt6ozhhinwi72azy6ryb6lu,2025-07-29T09:50:50Z,"funk de bh,funk","The Gang Music",0.673,0.637,9,-2.495,0,0.044,0.514,0,0.0972,0.421,130.856,4
spotify:track:0wptxOxLFYrxffSRhpePZD,"Bipolar","Bipolar","MC Luan da BS;MC Vitin LC;DJ Marcus Vinicius",2020-04-09,179826,43,false,31iyzpt6ozhhinwi72azy6ryb6lu,2025-07-29T09:51:00Z,"funk de bh,funk,brega funk","The Gang Music",0.925,0.404,4,-5.383,0,0.0466,0.191,0,0.0719,0.294,129.984,4
spotify:track:3JsydWaf2Ev4ehaLUjj3SY,"Confident","Journals","Justin Bieber;Chance the Rapper",2014-05-13,248133,90,false,31iyzpt6ozhhinwi72azy6ryb6lu,2025-07-31T04:25:29Z,"","RBMG/Def Jam",0.741,0.565,5,-5.448,0,0.108,0.114,0,0.205,0.892,134.122,4
spotify:track:5c9VHlNEv9sQhAfTwXp5Ml,"Dark Knight Dummo (feat. Travis Scott)","Dark Knight Dummo (feat. Travis Scott)","Trippie Redd;Travis Scott",2017-12-05,256161,55,true,31iyzpt6ozhhinwi72azy6ryb6lu,2025-08-01T23:23:08Z,"rap melódico,rap","TenThousand Projects",0.28,0.822,8,-2.864,0,0.112,0.165,0,0.139,0.255,181.434,3
spotify:track:5USEa1Qge2R76REs8NQGmJ,"Medley 2023","Medley 2023","Mc IG;DJ Glenner",2023-01-11,469391,60,true,31iyzpt6ozhhinwi72azy6ryb6lu,2025-08-04T15:17:52Z,"funk,trap funk,funk consciente","GR6 Music",0.802,0.418,11,-4.861,0,0.456,0.331,0,0.163,0.628,119.774,5
spotify:track:76Biz5i2AMkDrn8kysLtqC,"A Nossa Praia - Ao Vivo","A Nossa Praia (Ao Vivo)","Matheus & Kauan;MC Tuto",2025-07-25,190805,66,false,31iyzpt6ozhhinwi72azy6ryb6lu,2025-08-04T15:44:52Z,"sertanejo,sertanejo universitário,arrocha,agronejo,funk,funk consciente,trap funk","Universal Music Ltda (S&D)",0.662,0.891,9,-3.553,1,0.0473,0.476,0.0000287,0.687,0.774,123.833,4
spotify:track:7FdGeazienHpcYz9KYAuWW,"Romântico - Ao Vivo","Manifesto Musical 2 (Ao Vivo / EP2)","Henrique & Juliano",2024-11-01,183758,9,false,31iyzpt6ozhhinwi72azy6ryb6lu,2025-08-04T16:41:08Z,"sertanejo,sertanejo universitário,arrocha,agronejo","Vida Nova Producoes",0.602,0.49,7,-7.93,1,0.062,0.565,0.00000295,0.753,0.685,93.844,4
spotify:track:2GylVVMD21R4SqgAt8gGC5,"Eu Vou na Sua Casa","RomantiDog","Felipe Amorim;Vitão;BIN;Malibu",2025-06-16,179039,72,true,31iyzpt6ozhhinwi72azy6ryb6lu,2025-08-05T09:46:37Z,"piseiro,forró,arrocha,sertanejo,agronejo,brega,pop nacional,trap brasileiro,hip hop brasileiro,trap funk,trap,pagode","One Play",0.783,0.832,2,-4.019,0,0.0383,0.0762,0.00000241,0.827,0.651,125.007,4
spotify:track:280QfKhmWGn3LbyB39aA7u,"Cópia Proibida","Obrigado Deus","Léo Foguete;Acertei",2024-10-26,159480,78,false,31iyzpt6ozhhinwi72azy6ryb6lu,2025-08-05T09:46:51Z,"piseiro,forró,sertanejo,arrocha,agronejo","Acertei Produções",0.558,0.708,9,-6.507,0,0.0318,0.35,0,0.061,0.922,133.942,4
spotify:track:7chxE5Mp4Lo8xD8tsJirTw,"Bandido Sem Compaixão","Bandido Sem Compaixão","MC Ryan SP;Djay W;MC Fahah",2020-08-05,156922,55,true,31iyzpt6ozhhinwi72azy6ryb6lu,2025-08-05T09:49:11Z,"funk,funk consciente,trap funk,funk de bh","GR6 Music",0.515,0.432,6,-5.736,0,0.203,0.151,0,0.105,0.566,83.702,5
spotify:track:61UChgVhY8bn2mIIKVGAdF,"Outfit Valioso","Outfit Valioso","MC Cebezinho;Mc PP da VS;Mc Magal;MC Ryan SP;Salvador Da Rima;DJ Oreia",2020-08-22,263414,64,false,31iyzpt6ozhhinwi72azy6ryb6lu,2025-08-05T09:49:22Z,"funk,funk consciente,trap funk,trap brasileiro","GR6 Music",0.836,0.559,1,-5.429,0,0.319,0.549,0,0.117,0.837,164.194,4
spotify:track:35jB38Z0JTnUl6cmc39cEt,"Quarto de Motel","A Nata de Tudo - A Ovelha Negra","Mc Negão Original;Mc Lele JP;MC Willian;DJ Guh Mix;MC GP;MC Meno K",2025-02-07,317544,68,true,31iyzpt6ozhhinwi72azy6ryb6lu,2025-08-08T00:03:48Z,"funk,trap funk,funk consciente,funk carioca","Cria Hit BR",0.908,0.568,9,-7.304,0,0.486,0.143,0,0.0825,0.814,130.013,4
spotify:track:2kwHhz44tvQNedKd0G0ZW6,"Pétalas","Pétalas","Tavin;Lerym",2023-07-14,198000,62,false,31iyzpt6ozhhinwi72azy6ryb6lu,2025-08-08T00:41:21Z,"boom bap","TokyoRecords",0.858,0.374,10,-7.266,0,0.134,0.696,0,0.0681,0.729,59.955,4
spotify:track:7DDTnzUzUiynlMQwGqWuJz,"Sei Lá (Papatracks#7)","Sei Lá (Papatracks#7)","Papatinho;Choji;Lil Gabi",2021-08-30,147326,0,false,31iyzpt6ozhhinwi72azy6ryb6lu,2025-08-09T14:34:09Z,"hip hop brasileiro,trap brasileiro","Papatunes",0.66,0.45,2,-7.747,1,0.314,0.577,0.000116,0.156,0.525,101.035,4
spotify:track:2ABBlgwXo68orcunvBYYiY,"Aulas e Cursos","Aulas e Cursos","DNASTY",2022-04-01,213634,54,true,31iyzpt6ozhhinwi72azy6ryb6lu,2025-08-12T20:35:16Z,"trap brasileiro,hip hop brasileiro,trap","Labidad Music",0.761,0.571,6,-10.133,0,0.0349,0.0592,0,0.175,0.628,113.985,4
spotify:track:45VwwcqkVl61khE9JT2OxK,"Baile da Serra","Baile da Serra","Braão;LIT UP;Dj Nattan",2022-04-29,205058,58,true,31iyzpt6ozhhinwi72azy6ryb6lu,2025-08-12T20:35:22Z,"trap brasileiro,trap funk,trap,funk de bh,funk","FERA ENTRETENIMENTO SP",0.801,0.623,7,-7.886,0,0.362,0.496,0,0.0923,0.622,109.797,4
spotify:track:42VsgItocQwOQC3XWZ8JNA,"FE!N (feat. Playboi Carti)","UTOPIA","Travis Scott;Playboi Carti",2023-07-28,191700,86,true,31iyzpt6ozhhinwi72azy6ryb6lu,2025-08-14T17:52:59Z,"rap,rage rap","Cactus Jack/Epic",0.569,0.882,3,-2.777,0,0.06,0.0316,0,0.142,0.201,148.038,4
spotify:track:0JP9xo3adEtGSdUEISiszL,"Moonlight","?","XXXTENTACION",2018-03-16,135090,87,true,31iyzpt6ozhhinwi72azy6ryb6lu,2025-08-14T17:57:03Z,"rap emo","Bad Vibes Forever, LLC",0.921,0.537,9,-5.723,0,0.0804,0.556,0.00404,0.102,0.711,128.009,4
spotify:track:7floNISpH8VF4z4459Qo18,"Look At Me!","Look At Me!","XXXTENTACION",2017-02-20,126345,78,true,31iyzpt6ozhhinwi72azy6ryb6lu,2025-08-14T17:57:22Z,"rap emo","Bad Vibes Forever / EMPIRE",0.763,0.726,1,-6.405,1,0.282,0.259,0,0.0976,0.349,139.059,4
spotify:track:7EX55LYiRO8drvSVoQaWVl,"Quem Tava La","Dazantiga","C Gold",2015-08-01,339389,0,true,31iyzpt6ozhhinwi72azy6ryb6lu,2025-08-14T17:58:24Z,"","C Gold",0.764,0.725,0,-5.975,0,0.419,0.415,0,0.0971,0.809,88.489,4
spotify:track:1MC16tvIJZUCHPyTYpgS6x,"Nadabom 2","Dazantiga","C Gold",2015-08-01,253009,0,true,31iyzpt6ozhhinwi72azy6ryb6lu,2025-08-14T17:59:12Z,"","C Gold",0.715,0.489,1,-7.438,1,0.456,0.44,0,0.286,0.673,69.171,4
spotify:track:4VFK8taqV3aadYULbB0JpV,"Depois do Baile","Depois do Baile","MC Maneirinho;Ian Girão;DJ Jr do MD",2019-08-14,96000,51,true,31iyzpt6ozhhinwi72azy6ryb6lu,2025-08-14T18:00:22Z,"trap brasileiro,trap funk,funk,funk carioca,funk consciente,trap,hip hop brasileiro","M Records",0.702,0.834,7,-3.766,1,0.0745,0.131,0.0802,0.164,0.331,160.036,4
spotify:track:24cOHkrtGGQmKvA8R9BNin,"Debochando da Mídia","Debochando da Mídia","MC Maneirinho;L7NNON;Ian Girão",2020-06-19,201600,69,false,31iyzpt6ozhhinwi72azy6ryb6lu,2025-08-14T18:05:55Z,"trap brasileiro,trap funk,funk,funk carioca,funk consciente,trap,hip hop brasileiro","M Records",0.571,0.721,1,-5.383,0,0.102,0.0221,0.00000277,0.112,0.117,199.859,4
spotify:track:55X6DSZ3CEWeIQrVxMOR9h,"Sobe Na Moto Roubadona","Sobe Na Moto Roubadona","DJ KELVINHO DA ZS;Iraqui ZL",2025-07-17,128306,26,true,31iyzpt6ozhhinwi72azy6ryb6lu,2025-08-15T00:06:52Z,"funk,funk bruxaria","TREM / One Seven Music",0.968,0.802,5,-1.174,1,0.164,0.354,0.0000887,0.242,0.872,130.031,4
spotify:track:6XDPhjFh9fxAduLgWEgjbz,"Cada um Com Seus Vicios","Cada um Com Seus Vicios","DJ Guizim;Mc Pretchako;Mc Rodrigo do CN;Dj Jl Do Tp;Complexo dos Hits;Mc Mika;Mc Anjim",2024-11-08,243692,35,true,31iyzpt6ozhhinwi72azy6ryb6lu,2025-08-20T01:20:52Z,"funk de bh,funk,funk carioca","Complexo dos Hits",0.619,0.479,11,-6.704,0,0.346,0.547,0,0.0956,0.78,129.971,4
spotify:track:415dld79DDW9drRA3luAqf,"GOTHAM","LITTLE HAIR","MC Cabelinho;Dallass",2021-12-20,170000,64,true,31iyzpt6ozhhinwi72azy6ryb6lu,2025-08-20T20:03:49Z,"trap brasileiro,trap funk,trap,hip hop brasileiro,funk consciente","MC Cabelinho",0.769,0.794,7,-4.842,0,0.146,0.162,0,0.0825,0.638,95.998,4
spotify:track:0dcHD9QhnWRA41zoLnC83X,"X1","LITTLE HAIR","MC Cabelinho;Dallass",2021-12-20,188852,71,true,31iyzpt6ozhhinwi72azy6ryb6lu,2025-08-20T20:03:56Z,"trap brasileiro,trap funk,trap,hip hop brasileiro,funk consciente","MC Cabelinho",0.579,0.804,8,-5.024,1,0.0581,0.457,0,0.136,0.546,183.075,3
spotify:track:1IA7U01tZDZmMarnf9QIa4,"Rolê de Sempre","Vagabundo de Luxo","WIU",2024-07-10,220235,72,true,31iyzpt6ozhhinwi72azy6ryb6lu,2025-08-20T20:04:16Z,"trap brasileiro,trap,trap funk,hip hop brasileiro","30PRAUM",0.66,0.685,5,-4.492,1,0.116,0.325,0,0.108,0.416,169.979,4
spotify:track:0w7vodPWFEcuEYvWpbNbOu,"Rainha da Finesse","Vagabundo de Luxo","WIU",2024-07-10,166153,68,true,31iyzpt6ozhhinwi72azy6ryb6lu,2025-08-20T20:04:22Z,"trap brasileiro,trap,trap funk,hip hop brasileiro","30PRAUM",0.792,0.847,3,-2.114,0,0.0586,0.551,0,0.175,0.647,129.922,4
spotify:track:3uz2TYNawZPRCFWrz5Gmzh,"Lágrimas de Crocodilo","Lágrimas de Crocodilo","WIU",2021-10-05,196363,58,true,31iyzpt6ozhhinwi72azy6ryb6lu,2025-08-20T20:04:25Z,"trap brasileiro,trap,trap funk,hip hop brasileiro","30PRAUM",0.484,0.671,3,-5.211,0,0.245,0.177,0,0.144,0.201,164.926,3
spotify:track:2Ki2eKWyUq0a75yDNlreQA,"Pé na Areia 🍀","Pé na Areia 🍀","Mc IG;Dj Victor",2025-08-19,178203,58,true,31iyzpt6ozhhinwi72azy6ryb6lu,2025-08-23T19:11:43Z,"funk,trap funk,funk consciente","WM Brazil",0.803,0.565,4,-5.411,0,0.315,0.489,0,0.103,0.628,111.432,5
spotify:track:2XiUVzQKxo90I5I8BDHOar,"Angelotti💄","Angelotti💄","Mc Negão Original;Mc Magrinho;DJ Guh Mix",2025-08-06,161221,55,true,31iyzpt6ozhhinwi72azy6ryb6lu,2025-08-23T20:22:39Z,"funk,trap funk,funk consciente,funk de bh,funk bruxaria","WM Brazil",0.816,0.689,6,-5.121,0,0.437,0.464,0,0.15,0.57,130.896,4
spotify:track:7trxRWRqAhf9bJziU1ZQBH,"AMOR BANDIDO","NEM SÓ DE MALUQUICE VIVE O HOMEM","J. Eskine;Oruam;Alef Donk",2025-06-27,194303,2,false,31iyzpt6ozhhinwi72azy6ryb6lu,2025-08-25T23:44:07Z,"arrocha,piseiro,forró,seresta,trap funk,trap brasileiro,funk,trap","J. Eskine",0.773,0.824,1,-4.404,0,0.0906,0.698,0.0000423,0.108,0.917,139.993,4
spotify:track:7L3uf3iEN6QCaEF086R1ys,"MÉNAGE","MÉNAGE","Vulgo FK;KayBlack;Pedro Lotto",2024-10-23,153601,56,true,31iyzpt6ozhhinwi72azy6ryb6lu,2025-08-26T17:22:27Z,"trap brasileiro,trap funk,trap,funk,hip hop brasileiro","Som Livre",0.673,0.434,7,-9.653,0,0.302,0.241,0,0.114,0.304,124.839,4
spotify:track:4V7EFcjUztBUF5tL37N94z,"LSet 2 (feat. MC Maneirinho, MC Roger, & Mc Th)","LSet 2 (feat. MC Maneirinho, MC Roger, & Mc Th)","L7NNON;Mc Rodrigo do CN;DJ Zigão;MC Maneirinho;MC Roger;Mc Th",2024-12-23,301153,56,false,31iyzpt6ozhhinwi72azy6ryb6lu,2025-08-26T20:29:45Z,"trap brasileiro,hip hop brasileiro,trap funk,trap,funk carioca,funk,funk de bh,funk consciente,brega funk","HHR Records",0.848,0.883,6,-1.822,0,0.344,0.188,0,0.312,0.637,130.071,4
spotify:track:7dt6x5M1jzdTEt8oCbisTK,"Better Now","beerbongs & bentleys","Post Malone",2018-04-27,231266,83,true,31iyzpt6ozhhinwi72azy6ryb6lu,2025-08-27T03:38:06Z,"","Republic Records",0.674,0.578,10,-5.804,1,0.0408,0.331,0,0.135,0.34,145.07,4
spotify:track:3y9GJlT4yZt2PlzLnchUDr,"The Mud (feat. 21 Savage)","Sincerely For You","Jacquees;21 Savage",2022-12-16,196306,36,true,31iyzpt6ozhhinwi72azy6ryb6lu,2025-08-27T10:22:11Z,"r&b,trap soul","Republic Records",0.654,0.642,9,-6.11,1,0.277,0.0818,0,0.105,0.41,139.89,1
spotify:track:4xLQfmGJM8UZ0Wagq3lRew,"Ta Tarde","Ta Tarde","Kempa;Vulgo FK;Murillo e LT no Beat;Empire Street;Fepache",2025-08-08,196363,18,true,31iyzpt6ozhhinwi72azy6ryb6lu,2025-08-30T14:49:16Z,"arrocha,piseiro,forró,seresta,trap brasileiro,trap funk,trap,funk,hip hop brasileiro","Empire Street",0.856,0.742,3,-3.019,0,0.0527,0.191,0,0.132,0.799,131.016,4
spotify:track:6JBW5U7aVyxrDQiKrGEArO,"Moeda Antiga","Moeda Antiga","MC Jvila;Mc Rodrigo do CN;Nego Trufa;DJ Dael;$CAM;BaraNoBeat;Pariz Beat",2025-07-04,254769,47,true,31iyzpt6ozhhinwi72azy6ryb6lu,2025-08-30T15:12:02Z,"funk,trap funk,funk consciente,funk de bh,funk carioca","GR6 Music",0.804,0.863,8,-4.65,0,0.378,0.463,0,0.184,0.794,129.929,4
spotify:track:2v6tleWu8HX7YPpF9PMUhS,"Chapa do Chatão","Chapa do Chatão","Mc IG;MC Ryan SP;Mc Lele JP;DJ Hyago;MC LUUKY;MC Cebezinho",2025-04-04,354000,5,false,31iyzpt6ozhhinwi72azy6ryb6lu,2025-08-30T15:12:53Z,"funk,trap funk,funk consciente","GRINGOS WORLD PRODUTORA",0.659,0.508,1,-6.178,0,0.474,0.0974,0.00000147,0.0331,0.845,90.202,3
spotify:track:4s14VIfzOjS6Xb8L35QfUf,"MEGA YOU WILL SEE","MEGA YOU WILL SEE","DJ MUCA;LUIZERA DJ;Mc Morena;Mc Gw",2025-02-28,211668,1,true,31iyzpt6ozhhinwi72azy6ryb6lu,2025-08-31T20:18:25Z,"funk,brega funk,funk de bh,brega,phonk,phonk brasileiro,funk carioca,funk bruxaria","Jet Music Group",0.963,0.712,9,-5.993,1,0.0956,0.352,0.0000944,0.291,0.439,127.007,4
spotify:track:5wV5dO1GOI4srs4Um5cJXo,"Resenha de Ex-Love","O Que Bate É Maluquice","J. Eskine;Alef Donk",2025-01-31,246857,62,false,31iyzpt6ozhhinwi72azy6ryb6lu,2025-09-02T17:49:02Z,"arrocha,piseiro,forró,seresta","HITLAB BREGA",0.688,0.794,1,-4.419,1,0.044,0.384,0.00000243,0.276,0.82,139.972,4
spotify:track:54oZp5weV1dOGqroSjD4gV,"Se Concentra e Senta","VG Sessions - Vibe em Ilhabela","MC Menor da VG;DJ 900;Perera DJ",2022-11-28,177230,68,false,31iyzpt6ozhhinwi72azy6ryb6lu,2025-09-04T17:40:58Z,"funk,funk consciente,trap funk","GR6 Music",0.54,0.296,5,-12.826,1,0.193,0.584,0.00567,0.114,0.34,130.181,4
spotify:track:6Ulh9GPYz6JKdv04qc3q2U,"Dengo","Digo Ou Não Digo","João Gomes",2022-05-20,153958,72,false,31iyzpt6ozhhinwi72azy6ryb6lu,2025-09-06T00:23:27Z,"piseiro,forró,arrocha,sertanejo,forró tradicional,brega","JG Shows",0.646,0.918,9,-4.112,1,0.0346,0.382,0.0000187,0.251,0.87,143.943,4
spotify:track:1dEfbx1cOjvPHl13hagEDV,"O BUENO É O CACIQUE x VAI TOMAR FLECHADA","O BUENO É O CACIQUE x VAI TOMAR FLECHADA","Dj Tchouzen;Ygor Bueno;DJAY VMC",2025-08-18,117230,18,true,31iyzpt6ozhhinwi72azy6ryb6lu,2025-09-11T19:17:29Z,"funk bruxaria,funk","SoundMusic",0.909,0.673,8,-4.303,1,0.247,0.614,0.0000183,0.268,0.709,130.066,4
spotify:track:46LMZcZAsuVYjSLmX2sdoK,"Ferrari Roma","Ferrari Roma","Mc Daniel;2B;MC RN do Capão;MC Vinny;Mc Rodson;Bielzin",2025-08-28,243809,60,true,21g2fo2juh5falzo6dqta7iei,2025-09-15T00:45:08Z,"funk,agronejo,trap funk,funk consciente,funk carioca,trap brasileiro,trap,hip hop brasileiro","LYONS PRODUÇÕES OFICIAL",0.656,0.603,6,-4.83,0,0.396,0.393,0,0.153,0.736,89.729,3
spotify:track:4A27sWcCfLfHIiTx89RHFn,"De Navão","De Navão","MC LUUKY;DJ Cleitinho;DJ Gbeats",2025-08-14,106153,46,true,31iyzpt6ozhhinwi72azy6ryb6lu,2025-09-15T18:18:46Z,"funk,trap funk,funk consciente,funk carioca","Sony Music Entertainment",0.697,0.446,10,-5.442,0,0.389,0.464,0,0.184,0.718,128.348,4
spotify:track:7K3Zw8aioLLSNzN5iRkchd,"Golpe Milionário","Golpe Milionário","Mc Lele JP;Mc Kadu;Dj Yuri Pedrada;DJ Japa NK;DJ Glenner;MC GP;Mc Fidelis",2025-07-29,283053,1,false,31iyzpt6ozhhinwi72azy6ryb6lu,2025-09-17T05:13:41Z,"funk,funk consciente,trap funk","GRINGOS WORLD PRODUTORA",0.856,0.601,4,-6.207,0,0.143,0.466,0.00000682,0.205,0.629,130.959,4
spotify:track:75F9qaE4rtdQOKXmJDWBcq,"Nem Lembro Dela","Chatão","Mc Lele JP;MC Joãozinho VT;Dj Victor;Mc IG",2025-08-07,262000,5,false,31iyzpt6ozhhinwi72azy6ryb6lu,2025-09-22T03:54:31Z,"funk,funk consciente,trap funk","GRINGOS WORLD PRODUTORA",0.595,0.334,8,-7.473,0,0.155,0.382,0.000261,0.0917,0.487,89.953,3
spotify:track:4G7bbgD2DHORU4frrWoCXp,"Posso Até Não Te Dar Flores","Posso Até Não Te Dar Flores","DJ Japa NK;MC Meno K;MC Ryan SP;Mc Jacaré;DJ DAVI DOGDOG",2025-09-11,158769,23,true,31iyzpt6ozhhinwi72azy6ryb6lu,2025-09-24T14:35:33Z,"funk,trap funk,funk consciente,funk carioca","Bololo Records",0.896,0.647,7,-6.011,0,0.0819,0.269,0,0.165,0.653,130.118,4
spotify:track:0hB6UKgc3iKTphmGuWpNOg,"Faz assim","Os Dois Lados Da Moeda","Prod Gomes;DJ Gomes Original;Yuri Redicopa;Bisqui",2025-08-02,149333,69,true,31iyzpt6ozhhinwi72azy6ryb6lu,2025-09-26T16:38:05Z,"funk,funk bruxaria","Rua B Records",0.706,0.695,2,-5.287,0,0.211,0.49,0.0000121,0.0935,0.665,134.959,4
spotify:track:50WQBWv0LsSWgobvSljy5m,"4M Vibes","4M Vibes","Mc IG;MC PH;Mc Pedrinho;Mc Davi;Mc Leh;MC Hariel;Mc Luki;DJ Oreia",2022-03-30,423529,56,true,31iyzpt6ozhhinwi72azy6ryb6lu,2025-09-27T01:02:20Z,"funk,trap funk,funk consciente,trap brasileiro","GR6 Music",0.592,0.38,1,-4.272,0,0.397,0.206,0.0000014,0.0824,0.724,169.804,4
spotify:track:0grgrP1f6nHBspZG9CUtXp,"Pix Ou Presente 2 (feat. MC Paulin da Capital, MC Kelvinho, Nilo, MC G15, MC GP, Mc Negão Original & DJ Torricelli)","Pix Ou Presente 2 (feat. MC Paulin da Capital, MC Kelvinho, Nilo, MC G15, MC GP, Mc Negão Original & DJ Torricelli)","MC Jvila;MC Ryan SP;MC Cebezinho;DJ CARLINHOS;DJ Dael;MC Paulin da Capital;Mc Kelvinho;MC G15;MC GP;Mc Negão Original;DJ Torricelli;Nilo",2025-02-20,593587,64,true,31iyzpt6ozhhinwi72azy6ryb6lu,2025-09-27T17:28:00Z,"funk,trap funk,funk consciente","Legenda Records",0.747,0.874,3,-1.339,0,0.136,0.468,0,0.129,0.701,130.949,4
spotify:track:6CBdQXFI9nPUTVf51cWWxO,"Pouca Idade","Pouca Idade","Pedrin;Mainstreet;jess beats",2022-01-13,176000,44,true,31iyzpt6ozhhinwi72azy6ryb6lu,2025-09-27T19:08:01Z,"trap brasileiro,trap,trap funk,hip hop brasileiro","2022 Mainstreet Records",0.564,0.53,6,-8.923,0,0.428,0.657,0,0.754,0.696,94.744,4
spotify:track:6r7b1UHvO3fBZe7wBXWTaZ,"Black Out Days (Stay Away)","Black Out Days (Stay Away)","Ian Asher;Phantogram",2025-08-15,172661,81,false,31iyzpt6ozhhinwi72azy6ryb6lu,2025-09-28T05:44:19Z,"","Universal Records",0.585,0.759,6,-5.133,0,0.0371,0.0177,0.857,0.277,0.127,154.949,4
spotify:track:0DIOLBg4Rh7htrh9fYJzVL,"Preta","Preta","MC Neguinho do Kaxeta",2017-08-07,245333,64,true,31iyzpt6ozhhinwi72azy6ryb6lu,2025-09-29T04:41:47Z,"funk consciente,funk,trap funk","GR6 Music",0.859,0.718,10,-3.927,0,0.376,0.507,0,0.115,0.743,89.688,4
spotify:track:6huz3LHoa4PWsHHXCxDJSe,"Oakley Virou Viciante","Oakley Virou Viciante","Mc PP da VS",2017-08-07,232727,50,true,31iyzpt6ozhhinwi72azy6ryb6lu,2025-09-29T15:18:58Z,"funk,funk consciente","GR6 Music",0.851,0.721,4,-0.23,0,0.0547,0.654,0.000174,0.0572,0.58,131.77,4
spotify:track:020De83tFmcTrgEpzdUCNS,"Vai Tomando Pock Pock","Chatão","Mc Lele JP;MC Leozinho ZS;MC GH Original;MC Menor ZL;DJ GORDINHO DA VF;MC Meno K;MC PR",2025-08-07,335999,22,true,31iyzpt6ozhhinwi72azy6ryb6lu,2025-10-01T05:36:45Z,"funk,funk consciente,trap funk,funk carioca,phonk,brega funk,phonk brasileiro","GRINGOS WORLD PRODUTORA",0.911,0.612,4,-2.79,0,0.0829,0.176,0.000142,0.103,0.515,130.115,4
spotify:track:15xbtYkdmpA5jeNOqyB5Hp,"Eu Vou Chupar Esse Peito Fake","Eu Vou Chupar Esse Peito Fake","DJPEDRO CBA",2025-09-18,69587,0,true,31iyzpt6ozhhinwi72azy6ryb6lu,2025-10-02T04:19:53Z,"","ritimadaomt",0.894,0.785,5,-2.633,1,0.637,0.0248,0,0.365,0.944,139.803,4
spotify:track:2PrmOi0KeJrCCcW7FaR2zd,"Jordan","Jordan","Chefin;Leviano;RUXN",2022-10-28,192000,49,true,31iyzpt6ozhhinwi72azy6ryb6lu,2025-10-05T04:59:58Z,"trap brasileiro,trap funk,trap,funk,hip hop brasileiro","Mainstreet Records",0.792,0.512,0,-5.944,0,0.0647,0.0585,0,0.109,0.447,130.008,4
spotify:track:7MiZjKawmXTsTNePyTfPyL,"Devil Eyes","Providence","Hippie Sabotage",2016-02-05,131271,44,false,31iyzpt6ozhhinwi72azy6ryb6lu,2025-10-07T05:27:56Z,"","iHipHop Distribution",0.391,0.396,1,-8.621,0,0.189,0.702,0.405,0.315,0.199,99.112,5
spotify:track:7MafS1aXSSk9J3uZuqT6Bv,"Enquanto os Otário Banca","Enquanto os Otário Banca","DJ Lc do Martins;MC Jhonny Oliver",2025-08-13,155076,54,true,31iyzpt6ozhhinwi72azy6ryb6lu,2025-10-08T22:41:55Z,"funk carioca,funk","Way Produtora",0.686,0.983,9,1.023,1,0.446,0.18,0,0.0761,0.904,130.03,4
spotify:track:6pOSgZYfI73XOsjjZqrIUf,"Bandido problemático","Bandido problemático","Dj Gustomares;MC Flavinho;Iraqui ZL;Dream Records",2025-07-25,162461,1,true,21g2fo2juh5falzo6dqta7iei,2025-10-23T04:07:48Z,"funk de bh,funk,funk carioca,brega funk,funk bruxaria","Dream Rec",0.847,0.725,0,-2.087,1,0.316,0.541,0,0.104,0.694,86.552,3
spotify:track:3eHO0G5hO0HY6oqNoAvkMv,"Um Bom Malandro","Eu Sou o Rio","MC Kevin o Chris;MC Maneirinho;Sodré",2019-06-28,102060,44,true,21g2fo2juh5falzo6dqta7iei,2025-10-31T17:14:37Z,"funk,funk carioca,brega funk,trap brasileiro,trap funk,funk consciente,trap,hip hop brasileiro","ADpar",0.755,0.558,9,-1.595,1,0.466,0.22,0,0.0696,0.791,160.036,4
spotify:track:6JKkP9ABQzYZUFSKSVDKIc,"Deixe Me Ir (feat. Pablo Martins) - Acústico 1Kilo","Deixe Me Ir (feat. Pablo Martins) [Acústico 1Kilo]","1Kilo;Baviera;Knust;Pablo Martins",2017-03-15,213191,79,false,31iyzpt6ozhhinwi72azy6ryb6lu,2026-04-08T00:07:01Z,"hip hop brasileiro","1Kilo Records",0.55,0.439,9,-11.026,0,0.224,0.841,0,0.106,0.703,186.614,4
spotify:track:6WlyTsLonLLiKYigIANVA4,"A Droga do Amor","Ari Acústico","Ari;Felipe Play;Dom R;Tiankris",2015-12-09,232000,71,false,31iyzpt6ozhhinwi72azy6ryb6lu,2026-04-08T00:07:12Z,"hip hop brasileiro,mpb","Brabo",0.666,0.663,9,-9.323,0,0.0353,0.352,0.0456,0.109,0.546,156.029,4
spotify:track:24yhU1uQVX0u5Rvc0gProL,"De Love","De Love","1Kilo",2019-01-08,187421,71,false,31iyzpt6ozhhinwi72azy6ryb6lu,2026-04-08T00:07:18Z,"hip hop brasileiro","1Kilo Records",0.616,0.723,0,-6.744,0,0.0335,0.231,0,0.188,0.449,95.069,4
