Track URI,Track Name,Album Name,Artist Name(s),Release Date,Duration (ms),Popularity,Explicit,Added By,Added At,Genres,Record Label,Danceability,Energy,Key,Loudness,Mode,Speechiness,Acousticness,Instrumentalness,Liveness,Valence,Tempo,Time Signature
spotify:track:6auVxS1LlJEDdjE2Khc4W2,"Filha do Jornalista","O Que O Igor Guilherme Anda Pensando ?","Mc IG;DJ Oreia",2022-08-24,126000,62,false,31issvbo2go74xaihjj5ccogxvni,2025-08-13T09:29:02Z,"funk,trap funk,funk consciente","GR6 Music",0.716,0.528,11,-5.464,0,0.363,0.603,0,0.0641,0.676,81.209,4
spotify:track:1XlFMIer2WxuSUKb43EQID,"Esquadrilha da Fumaça","O Que O Igor Guilherme Anda Pensando ?","Mc IG;MC Menor da VG;MC PH;DJ Oreia;MC Ryan SP",2022-08-24,251707,58,true,31issvbo2go74xaihjj5ccogxvni,2025-08-13T09:29:57Z,"funk,trap funk,funk consciente,trap brasileiro","GR6 Music",0.637,0.447,11,-8.498,0,0.0977,0.146,0,0.124,0.749,105.155,5
spotify:track:0GsvMQftDrIOszte4jP5XK,"OQIGAP?","O Que O Igor Guilherme Anda Pensando ?","Mc IG;Mc Davi;MC Neguinho do Kaxeta;DJ Oreia;MC Ryan SP;MC Cebezinho;MC Hariel;MC Rick;Tigre Gurreiro;Mc Don Juan;Ferrari offG",2022-08-24,647040,60,true,31issvbo2go74xaihjj5ccogxvni,2025-08-13T09:30:03Z,"funk,trap funk,funk consciente,funk de bh","GR6 Music",0.705,0.537,11,-5.089,1,0.397,0.222,0,0.0979,0.61,114.683,5
spotify:track:7rrYJ62gWbZmKQpazFR0k1,"Maloqueiro Visionário","O Que O Igor Guilherme Anda Pensando ?","Mc IG;Mc Kanhoto",2022-08-24,177111,53,true,31issvbo2go74xaihjj5ccogxvni,2025-08-13T09:30:12Z,"funk,trap funk,funk consciente","GR6 Music",0.708,0.475,2,-4.394,1,0.206,0.538,0,0.0474,0.679,119.758,5
spotify:track:5sHYcDHsrOmJecCe6mWkRb,"Terra da Garoa","O Que O Igor Guilherme Anda Pensando ?","Mc IG",2022-08-24,203294,57,true,31issvbo2go74xaihjj5ccogxvni,2025-08-13T09:30:18Z,"funk,trap funk,funk consciente","GR6 Music",0.622,0.497,1,-8.588,0,0.461,0.699,0.00000472,0.0887,0.962,169.867,4
spotify:track:22p1f7rHf3dDveLVyot0eY,"Noite Paulista","O Que O Igor Guilherme Anda Pensando ?","Mc IG;Mc Paiva ZS;MC PH;MC Ryan SP;Mc Luki;Gabb MC",2022-08-24,323855,60,true,31issvbo2go74xaihjj5ccogxvni,2025-08-13T09:30:24Z,"funk,trap funk,funk consciente,funk carioca,trap brasileiro","GR6 Music",0.717,0.675,6,-4.451,0,0.0977,0.807,0,0.229,0.799,165.964,4
spotify:track:1nDyM3w67sL96wIY4jern1,"Sem Gin, Sem Ela","O Que O Igor Guilherme Anda Pensando ?","Mc IG;MC PH;TrapLaudo;MC Marks",2022-08-24,263558,53,true,31issvbo2go74xaihjj5ccogxvni,2025-08-13T09:30:30Z,"funk,trap funk,funk consciente,trap brasileiro","GR6 Music",0.848,0.438,3,-9.463,1,0.438,0.319,0,0.107,0.691,108.644,5
spotify:track:2KCeDdDiljBL1LgDFIzfdr,"Goodnight Menina","O Que O Igor Guilherme Anda Pensando ?","Mc IG;DJ Glenner;Fepache",2022-08-24,141440,58,true,31issvbo2go74xaihjj5ccogxvni,2025-08-13T09:30:37Z,"funk,trap funk,funk consciente","GR6 Music",0.641,0.496,1,-3.41,0,0.312,0.664,0,0.086,0.533,129.677,5
spotify:track:0pZIBIJ253pH9gJtXE0Ouf,"Vestido da Fendi","Vestido da Fendi","KayBlack;Marquinho no Beat;Wall Hein",2021-09-09,164203,68,false,31issvbo2go74xaihjj5ccogxvni,2025-08-13T09:30:50Z,"trap brasileiro,trap funk,trap,hip hop brasileiro,funk","Elenko Music",0.844,0.363,3,-11.099,0,0.442,0.0957,0,0.115,0.626,118.096,4
spotify:track:3l5VjEAeUTqrlD50iEo8Yn,"Licor 43","Licor 43","KayBlack;CVSTRO;Wall Hein;AMUSIK",2022-04-28,142470,71,true,31issvbo2go74xaihjj5ccogxvni,2025-08-13T09:30:56Z,"trap brasileiro,trap funk,trap,hip hop brasileiro","Elenko Music",0.66,0.388,7,-10.104,0,0.296,0.611,0,0.243,0.311,90.009,4
spotify:track:7DROtyR6IMNifyZmyksyE7,"3 Dias Virado","Só Explosão","Mc IG",2017-12-22,207157,72,true,31issvbo2go74xaihjj5ccogxvni,2025-08-13T09:31:02Z,"funk,trap funk,funk consciente","GR6 Music",0.823,0.474,2,-9.289,0,0.0503,0.0202,0,0.201,0.833,95.05,4
spotify:track:6q7JErWgt37P12yEAOVT9e,"Dubai Vibes","Meu Nome Não é Igor %","Mc IG;DJ WN;Murillo e LT no Beat;DJ Oreia",2023-08-31,139534,48,true,31issvbo2go74xaihjj5ccogxvni,2025-08-13T09:31:42Z,"funk,trap funk,funk consciente,trap brasileiro","WM Brazil",0.744,0.65,10,-5.551,1,0.134,0.274,0,0.0936,0.802,171.96,4
spotify:track:21VmGZLEhMu6e8cACBmS2A,"Quem Vai Patrocinar?","Meu Nome Não é Igor %","Mc IG;MC Ryan SP;Kotim",2023-08-31,227294,50,false,31issvbo2go74xaihjj5ccogxvni,2025-08-13T09:31:47Z,"funk,trap funk,funk consciente","WM Brazil",0.797,0.636,10,-5.26,0,0.479,0.259,0.00000152,0.105,0.765,112.856,5
spotify:track:5ME83xsz5O9u3A0qhMtKyj,"Jogo do Corinthians","Meu Nome Não é Igor %","Mc IG;Murillo e LT no Beat",2023-08-31,146776,57,true,31issvbo2go74xaihjj5ccogxvni,2025-08-13T09:31:52Z,"funk,trap funk,funk consciente,trap brasileiro","WM Brazil",0.716,0.422,0,-7.56,0,0.258,0.241,0,0.151,0.646,121.036,4
spotify:track:4ldcxPVAtih8alepJTu8Hx,"Faz Completo, Chefe","Meu Nome Não é Igor %","Mc IG;DJ WN",2023-08-31,127228,62,false,31issvbo2go74xaihjj5ccogxvni,2025-08-13T09:31:58Z,"funk,trap funk,funk consciente","WM Brazil",0.714,0.373,4,-8.01,0,0.0917,0.593,0.00202,0.0897,0.703,165.935,4
spotify:track:41vXO1HYd7VywQbpCXaJwM,"Sem Gin, Sem Ela 2","Meu Nome Não é Igor %","Mc IG;MC Ryan SP;MC PH;Murillo e LT no Beat;TrapLaudo",2023-08-31,326871,60,true,31issvbo2go74xaihjj5ccogxvni,2025-08-13T09:32:05Z,"funk,trap funk,funk consciente,trap brasileiro","WM Brazil",0.63,0.463,7,-8.523,1,0.424,0.195,0,0.136,0.608,108.59,5
spotify:track:4l5BQRypyRhbt3PzLPNPNf,"Sempre Tem","Meu Nome Não é Igor %","Mc IG;DJ Glenner",2023-08-31,203294,56,true,31issvbo2go74xaihjj5ccogxvni,2025-08-13T09:32:44Z,"funk,trap funk,funk consciente","WM Brazil",0.411,0.247,11,-13.961,0,0.161,0.775,0,0.0871,0.217,84.004,4
spotify:track:62W2f0QOg20ufNjJQHqnkq,"Fernando de Noronha","Meu Nome Não é Igor %","Mc IG;MC Ryan SP;MC PH;DJ Glenner;DJ Oreia;Gabb MC;MC Bruno MS;MC GP;MC Rhamon;Mc Dena;TrapLaudo",2023-08-31,510697,61,true,31issvbo2go74xaihjj5ccogxvni,2025-08-13T09:33:14Z,"funk,trap funk,funk consciente,trap brasileiro","WM Brazil",0.652,0.556,6,-7.672,0,0.518,0.336,0.00000113,0.0755,0.64,114.591,5
spotify:track:7b5ygmueQBvVREUkLz6vti,"Ei, Dama!","Meu Nome Não é Igor %","Mc IG;DJ Glenner",2023-08-31,171428,52,true,31issvbo2go74xaihjj5ccogxvni,2025-08-13T09:33:20Z,"funk,trap funk,funk consciente","WM Brazil",0.749,0.376,9,-10.358,0,0.149,0.204,0,0.327,0.511,111.928,5
spotify:track:37aLQx7BaA9LpDsqr9tKx6,"FEFA","Meu Nome Não é Igor %","Mc IG;TrapLaudo;MC GP;Mc Dena",2023-08-31,281481,51,true,31issvbo2go74xaihjj5ccogxvni,2025-08-13T09:33:26Z,"funk,trap funk,funk consciente","WM Brazil",0.643,0.465,7,-4.535,1,0.198,0.102,0,0.187,0.657,161.817,4
spotify:track:1xw0BToTM3XnVnqXSPRByZ,"Sereia Me Perdoa","Sereia Me Perdoa","MC Ryan SP;Mc Don Juan;Mc IG;Kotim;MC Joãozinho VT;MC Tuto;Kako;Vulgo FK",2023-05-25,457411,61,false,31issvbo2go74xaihjj5ccogxvni,2025-08-13T09:33:54Z,"funk,funk consciente,trap funk,trap brasileiro,trap,hip hop brasileiro","WM Brazil",0.491,0.792,1,-3,0,0.253,0.336,0,0.113,0.651,84.31,4
spotify:track:2XaEn8iznBz9ZE9YJqJdQ6,"Revoada do Tubarão 3","Revoada do Tubarão 3","MC Ryan SP;MC Hariel;Mc Don Juan;MC Joãozinho VT;MD Chefe;Mc Daniel;Mc Davi;Mc IG;Mc Kevin;Mc Paiva ZS;POCAH",2022-11-18,669157,59,false,31issvbo2go74xaihjj5ccogxvni,2025-08-13T09:34:58Z,"funk,funk consciente,trap funk,trap brasileiro,hip hop brasileiro,trap,agronejo,funk carioca,funk pop,pop nacional,brega funk","WM Brazil",0.795,0.705,4,-4.041,0,0.0606,0.252,0.00000188,0.248,0.571,95.023,4
spotify:track:1i2kguziI3ZbUZnZMKNhQ2,"400K","Ninguém Tá Puro!","Mc IG;DJ Jorgin",2023-03-15,163500,68,false,31issvbo2go74xaihjj5ccogxvni,2025-08-17T15:23:05Z,"funk,trap funk,funk consciente","GR6 Music",0.768,0.52,5,-5.916,0,0.05,0.347,0,0.0843,0.838,79.97,4
spotify:track:1Od9NokLPxoWIZKIbImt6P,"Ninguém Tá Puro","Ninguém Tá Puro","Mc IG;DJ Oreia",2022-09-29,87804,59,true,31issvbo2go74xaihjj5ccogxvni,2025-08-17T15:23:09Z,"funk,trap funk,funk consciente","GR6 Music",0.758,0.68,1,-6.622,1,0.249,0.285,0.0000718,0.247,0.925,163.964,4
spotify:track:2CzIoSG4eDkstyTiXzjryy,"Paladar Infantil","Paladar Infantil","G.A;Bvga Beatz;Supernova Ent;Toledo",2023-07-21,143283,63,true,31issvbo2go74xaihjj5ccogxvni,2025-08-17T15:23:18Z,"trap brasileiro,trap funk,trap,hip hop brasileiro","G.AZINN",0.856,0.441,5,-6.901,0,0.0862,0.652,0,0.109,0.731,134.08,4
spotify:track:5NYqvfrt7W4mUMX3FpNO0v,"Tipo IG","O Cara Do Momento","MC PH;Solanno;Mc IG;Murillo e LT no Beat",2023-11-29,146823,53,true,31issvbo2go74xaihjj5ccogxvni,2025-08-17T15:23:22Z,"funk,trap funk,funk consciente,trap brasileiro","GR6 Music",0.773,0.631,4,-3.262,1,0.0564,0.473,0,0.161,0.42,113.306,5
spotify:track:7woVi4HBuv0rsO98Ox2Fcq,"Doce Veneno","Doce Veneno","Mc Paiva ZS;Love Funk;Kotim",2022-07-27,208941,57,true,31issvbo2go74xaihjj5ccogxvni,2025-08-17T15:23:26Z,"funk,trap funk,funk consciente,funk carioca","Love Funk",0.645,0.403,3,-10.809,0,0.344,0.404,0.000199,0.342,0.614,170.034,4
spotify:track:3QOYcmlQz9xu9XRToik7oc,"brinks!","UM Quebrada Inteligente","Kyan;Mu540",2023-07-13,155076,0,true,31issvbo2go74xaihjj5ccogxvni,2025-08-17T15:23:30Z,"trap brasileiro,trap funk,trap,hip hop brasileiro","UM Quebrada Inteligente",0.637,0.89,10,-3.756,1,0.885,0.627,0,0.0793,0.842,83.925,5
spotify:track:5J2SxIkVuMQq05ypE9Lnqt,"Pela Marginal","Pela Marginal","Mc IG",2020-10-16,220625,45,false,31issvbo2go74xaihjj5ccogxvni,2025-08-17T15:23:35Z,"funk,trap funk,funk consciente","GR6 Music",0.524,0.579,8,-5.204,1,0.0871,0.549,0,0.173,0.489,96.06,4
spotify:track:6a35UETcJteB4oVCSFoAqr,"Perfeita","Um Toque de Malandragem","MC Ryan SP;Orochi;MC Hariel;DJ BOY;Oruam",2023-09-12,277411,58,false,31issvbo2go74xaihjj5ccogxvni,2025-08-17T15:23:38Z,"funk,funk consciente,trap funk,trap brasileiro,hip hop brasileiro,trap","WM Brazil",0.83,0.502,7,-5.605,0,0.322,0.546,0,0.119,0.447,113.788,5
spotify:track:39za6I56DBTjr2JBJ2eIdo,"Personnalite","Inferno de Kant (Deluxe)","Kant;Chiocki;Sobs;Sueth;UCLÃ",2022-10-27,208910,63,true,31issvbo2go74xaihjj5ccogxvni,2025-08-17T15:23:44Z,"trap brasileiro,hip hop brasileiro,trap,trap funk","Kant",0.607,0.602,3,-6.011,0,0.23,0.322,0,0.0907,0.717,125.959,4
spotify:track:6O9jSv39iYQjUeOA2JoBvg,"Magnata","Magnata","Mc Paiva ZS;Kotim",2021-12-10,119457,57,false,31issvbo2go74xaihjj5ccogxvni,2025-08-17T15:23:47Z,"funk,trap funk,funk consciente,funk carioca","LOVE FUNK",0.839,0.631,0,-7.134,0,0.119,0.629,0,0.0882,0.514,130.046,4
spotify:track:7JGpwS3i7HAUJnzV1q9WLX,"Set do DJ Pedro 2.0","Set do DJ Pedro 2.0","MC Rodolfinho;Mc Kevin;MC Ryan SP;MC Menor da VG;Mc Don Juan;DJ Pedro",2020-03-15,247741,64,true,31issvbo2go74xaihjj5ccogxvni,2025-08-17T15:23:51Z,"funk,funk consciente,trap funk","GR6 Music",0.787,0.643,7,-5.056,0,0.11,0.554,0,0.111,0.721,92.979,4
spotify:track:3d1im1pw3WLuEty2k9XzTr,"Clickbait","Dos Prédios Deluxe","Veigh;Niink;Bvga Beatz;JHXW;Supernova Ent",2023-05-19,161344,64,true,31issvbo2go74xaihjj5ccogxvni,2025-08-17T15:23:56Z,"trap brasileiro,trap funk,trap,hip hop brasileiro","Supernova Entertainment Under Exclusive License to UnitedMasters",0.899,0.544,0,-6.674,0,0.32,0.391,0,0.138,0.753,119.022,4
spotify:track:04vzhKfl5HtPEgrdZJCZ7L,"Bagulho Louco","Bagulho Louco","Mc Paiva ZS;Kotim",2022-01-25,124238,60,true,31issvbo2go74xaihjj5ccogxvni,2025-08-17T15:24:00Z,"funk,trap funk,funk consciente,funk carioca","Love Funk",0.531,0.464,0,-9.882,0,0.346,0.814,0.00000157,0.133,0.643,170.085,4
spotify:track:2fwDJWwEr9gKzVZAP3gjM9,"Melhor Só","Contradições","KayBlack;Baco Exu do Blues;Marquinho no Beat",2023-03-31,229326,53,false,31issvbo2go74xaihjj5ccogxvni,2025-08-17T15:24:04Z,"trap brasileiro,trap funk,trap,hip hop brasileiro,funk","WM Brazil",0.605,0.386,5,-9.965,0,0.166,0.272,0,0.107,0.55,142.133,4
spotify:track:5TtTijiNYtFc6ktQARjY30,"Preferida","Contradições","KayBlack;Wall Hein",2023-03-31,130375,70,false,31issvbo2go74xaihjj5ccogxvni,2025-08-17T15:24:08Z,"trap brasileiro,trap funk,trap,hip hop brasileiro","WM Brazil",0.921,0.461,3,-10,0,0.495,0.13,0,0.125,0.659,120.035,5
spotify:track:48Ll1C6qAnP2UjnopQDh4a,"Bala Love","Bala Love","Mc Anjim;Dj Lv Mdp;DJ PH DA SERRA",2021-06-18,221538,60,false,31issvbo2go74xaihjj5ccogxvni,2025-08-17T15:24:11Z,"funk de bh,funk","Mc Anjim",0.628,0.318,9,-8.887,0,0.0507,0.807,0.101,0.19,0.492,86.453,5
spotify:track:66fVMFVA9WGRtwLCaF93U5,"Baby Cê é Gata","Dias Antes de Mandrake","Kyan;Mu540",2022-10-11,118976,0,true,31issvbo2go74xaihjj5ccogxvni,2025-08-17T15:24:15Z,"trap brasileiro,trap funk,trap,hip hop brasileiro","Ceia Ent.",0.88,0.807,1,-2.965,1,0.291,0.377,0,0.0553,0.578,129.939,4
spotify:track:0jNhLOtqo2ZaVv3JqbUg11,"Jeito Bandido","Dos Prédios","Veigh;Toledo;Nagalli;Supernova Ent;Kyan",2022-11-18,146938,64,true,31issvbo2go74xaihjj5ccogxvni,2025-08-17T15:24:21Z,"trap brasileiro,trap funk,trap,hip hop brasileiro","Supernova Entertainment",0.8,0.49,1,-10.097,1,0.293,0.13,0.00000319,0.117,0.0369,147.07,4
spotify:track:1X5WCrOswOXSoO3JiopK0F,"Giro Dos Artistas 2","Giro Dos Artistas 2","Mc Bruninho da Praia;MC Ryan SP;Mc Livinho;MC GP;Mc Magal;Mc Kadu;Mc Lele JP;DJ Glenner",2022-01-14,502941,60,true,31issvbo2go74xaihjj5ccogxvni,2025-08-17T15:24:25Z,"funk consciente,funk,trap funk,funk carioca","Revolução Records",0.636,0.52,7,-6.03,0,0.618,0.26,0,0.0928,0.827,85.051,4
spotify:track:1jN0ysNJ2d9VZwVdlgspjr,"De 10 Mulher 11 É Maluca","De 10 Mulher 11 É Maluca","MC Saci;MC Fahah;DJ Sammer;Dj Lc",2023-10-18,115384,64,true,31issvbo2go74xaihjj5ccogxvni,2025-08-17T15:24:29Z,"funk de bh,funk","eumcsaci",0.675,0.565,1,-3.303,1,0.433,0.491,0.0000333,0.0595,0.802,122.094,4
spotify:track:1mH3uSZus9IiMagMCJa4vB,"Tropa Do Pisa","Tropa Do Pisa","TrapLaudo;MC PH;Murillo e LT no Beat",2023-12-15,133333,61,true,31issvbo2go74xaihjj5ccogxvni,2025-08-17T15:24:32Z,"funk,trap funk,funk consciente,trap brasileiro","GR6 Music",0.681,0.425,2,-3.946,0,0.182,0.858,0.000168,0.0967,0.501,89.645,4
spotify:track:5tsKgj1Xbk5bL7t3QiPWOR,"Diz Aí Qual é o Plano?","Diz Aí Qual é o Plano?","Mc IG;MC Ryan SP;Oruam;MC PH;Mc Poze do Rodo;MC GP;TrapLaudo;Mc Luki;MC GH do 7;MC Nego Micha;Murillo e LT no Beat",2024-03-07,703157,59,true,31issvbo2go74xaihjj5ccogxvni,2025-08-17T15:24:36Z,"funk,trap funk,funk consciente,trap brasileiro,trap,hip hop brasileiro","WM Brazil",0.59,0.581,4,-3.614,1,0.495,0.348,0,0.0775,0.58,72.308,5
spotify:track:44SHcghjva9vipAIyTvxnw,"Goodnight Menina 2","Ninguém Tá Puro!","Mc IG;DJ Glenner;Fepache",2023-03-15,149052,67,true,31issvbo2go74xaihjj5ccogxvni,2025-08-17T15:24:40Z,"funk,trap funk,funk consciente","GR6 Music",0.494,0.519,9,-7.039,0,0.165,0.343,0,0.232,0.391,94.914,4
spotify:track:5E6J5d0GB3yowau3SYig6F,"Londres Freestyle","Dos Prédios","Veigh;Supernova Ent;Viper;Nagalli",2022-11-18,128000,58,true,31issvbo2go74xaihjj5ccogxvni,2025-08-17T15:24:43Z,"trap brasileiro,trap funk,trap,hip hop brasileiro","Supernova Entertainment",0.834,0.532,0,-10.891,1,0.334,0.0363,0,0.155,0.67,89.958,3
spotify:track:0yEz4sDC2dYVGAjH8LTnQz,"Migo ou Vida?","Ninguém Tá Puro!","Mc IG;MC PH;Murillo e LT no Beat;DJ Oreia;MC Ryan SP",2023-03-15,297391,52,true,31issvbo2go74xaihjj5ccogxvni,2025-08-17T15:24:47Z,"funk,trap funk,funk consciente,trap brasileiro","GR6 Music",0.765,0.499,11,-5.493,1,0.472,0.285,0,0.183,0.855,184.114,4
spotify:track:1YgRhGSIFlek65mUniq27Z,"Cupido","Chora Agora, Ri Depois","MC Hariel",2020-05-01,161916,65,true,31issvbo2go74xaihjj5ccogxvni,2025-08-17T15:24:52Z,"funk,funk consciente,trap funk","GR6 Music",0.74,0.467,4,-6.654,0,0.378,0.242,0,0.0797,0.674,174.214,4
spotify:track:1IZmGrAEkq98MxDQCYhtjJ,"Disposição e Atividade","Disposição e Atividade","KayBlack;Wall Hein;Caio Passos;Yokame",2023-10-05,164874,54,false,31issvbo2go74xaihjj5ccogxvni,2025-08-17T15:24:55Z,"trap brasileiro,trap funk,trap,hip hop brasileiro,funk,funk consciente","WM Brazil",0.738,0.451,8,-11.894,1,0.539,0.193,0,0.09,0.681,189.854,4
spotify:track:2x5PLunXnI9Jk5waztIZw8,"Nois É os Cara","Nois É os Cara","Mc Paiva ZS;Gabb MC;Mc Kadu;Love Funk;MC Lemos",2022-05-18,247951,58,false,31issvbo2go74xaihjj5ccogxvni,2025-08-17T15:24:59Z,"funk,trap funk,funk consciente,funk carioca","Love Funk",0.732,0.537,5,-2.839,1,0.336,0.631,0,0.168,0.765,113.251,5
spotify:track:29uxcZEFonwiErtNvn0VXA,"Mandraka","Dos Prédios","Veigh;Luchinha Jr;Supernova Ent;Baby",2022-11-18,122177,65,true,31issvbo2go74xaihjj5ccogxvni,2025-08-17T15:25:03Z,"trap brasileiro,trap funk,trap,hip hop brasileiro","Supernova Entertainment",0.785,0.377,3,-9.817,0,0.0994,0.485,0,0.105,0.379,110.003,4
spotify:track:3O2wrDL7nnSDZOrdZqxyoY,"Noite Fria","Ninguém Tá Puro!","Mc IG;MC Pipokinha;DJ Glenner",2023-03-15,160975,63,true,31issvbo2go74xaihjj5ccogxvni,2025-08-17T15:25:08Z,"funk,trap funk,funk consciente","GR6 Music",0.76,0.435,6,-5.883,1,0.222,0.326,0,0.0679,0.451,81.653,4
spotify:track:5zCrBIhg3eKTmuz8Y7BhWB,"Vai no Chão Doidona","Vai no Chão Doidona","Mc Vittin PV;DJ PH DA SERRA;Dj Tg Da Inestan",2020-03-23,163511,10,false,31issvbo2go74xaihjj5ccogxvni,2025-08-17T15:25:12Z,"funk de bh,funk,brega funk","Gl7 Produções Artísticas",0.842,0.567,5,-5.123,1,0.0483,0.487,0,0.0881,0.789,129.857,4
spotify:track:4i9WKFDJP0MSl5moMbHUfm,"Festa de Vagabundo","Festa de Vagabundo","Mc Paiva ZS;Love Funk;Kotim",2022-06-09,171000,51,true,31issvbo2go74xaihjj5ccogxvni,2025-08-17T15:25:15Z,"funk,trap funk,funk consciente,funk carioca","Love Funk",0.728,0.366,10,-13.274,0,0.407,0.475,0,0.105,0.715,106.405,5
spotify:track:5IuqTmNesLRdtJY5hSDiIj,"Celine","Celine","Vulgo FK;KayBlack;WEY;Pedro Lotto;Wall Hein",2023-07-13,162506,56,false,31issvbo2go74xaihjj5ccogxvni,2025-08-17T15:25:18Z,"trap brasileiro,trap funk,trap,funk,hip hop brasileiro","Som Livre",0.641,0.43,0,-10.128,0,0.0547,0.347,0,0.1,0.301,120.141,4
spotify:track:6xW61JP2f3hcsbOwn7dzi5,"É Isso Bebê, Tá Certa!","Todo Mundo Odeia o IG","Mc IG;MC Ryan SP;MC PH;DJ Glenner",2024-03-21,271058,56,true,31issvbo2go74xaihjj5ccogxvni,2025-08-17T15:25:23Z,"funk,trap funk,funk consciente,trap brasileiro","WM Brazil",0.709,0.635,1,-3.836,0,0.118,0.281,0.0000659,0.08,0.61,170.053,4
spotify:track:2HWogzHGTVaCYoj3ZRVwRa,"Goodnight Menina 3","Todo Mundo Odeia o IG","Mc IG;DJ Glenner",2024-03-21,209032,65,true,31issvbo2go74xaihjj5ccogxvni,2025-08-17T15:25:27Z,"funk,trap funk,funk consciente","WM Brazil",0.621,0.449,10,-11.612,1,0.0826,0.388,0,0.0897,0.665,123.917,4
spotify:track:22AqAmjVSbI5s7pCz7OKCe,"Olá, Moça","Olá, Moça","Mc IG;Veigh;Toledo;Bvga Beatz;Galdino;Honaiser",2024-03-20,164138,48,false,31issvbo2go74xaihjj5ccogxvni,2025-08-17T15:25:31Z,"funk,trap funk,funk consciente,trap brasileiro,trap,hip hop brasileiro","WM Brazil",0.675,0.588,3,-5.106,0,0.344,0.563,0,0.142,0.693,129.768,4
spotify:track:0cpCu3J0Xg1did5lnzDCJs,"Só Mais Um Copo","Todo Mundo Odeia o IG","Mc IG;Murillo e LT no Beat",2024-03-21,145920,52,true,31issvbo2go74xaihjj5ccogxvni,2025-08-17T15:25:33Z,"funk,trap funk,funk consciente,trap brasileiro","WM Brazil",0.674,0.558,3,-6.057,0,0.332,0.326,0,0.175,0.698,83.147,5
spotify:track:7IMgQcO4mFbv2Uqr41nJnm,"TMOIG","Todo Mundo Odeia o IG","Mc IG;DJ Glenner",2024-03-21,176000,55,true,31issvbo2go74xaihjj5ccogxvni,2025-08-17T15:25:37Z,"funk,trap funk,funk consciente","WM Brazil",0.857,0.43,6,-12.487,1,0.229,0.307,0,0.0988,0.668,120.088,4
spotify:track:0Pjd5h1ZOSyhSwZrDeCIXg,"Giro dos Artistas","Giro dos Artistas","Mc Bruninho da Praia;Mc Kevin;Mc IG;Mc Magal;MC GP;DJ Oreia",2021-02-06,338823,64,true,31issvbo2go74xaihjj5ccogxvni,2025-08-17T15:25:41Z,"funk consciente,funk,trap funk","GR6 Music",0.737,0.484,0,-7.767,0,0.309,0.331,0,0.191,0.826,113.757,5
spotify:track:5RHOhXxMVhpEaBcG6hIydA,"Maturidade","Maturidade","KayBlack;Wall Hein;AMUSIK",2022-09-08,142026,72,true,31issvbo2go74xaihjj5ccogxvni,2025-08-17T15:25:45Z,"trap brasileiro,trap funk,trap,hip hop brasileiro","Elenko Music",0.722,0.411,2,-9.963,0,0.387,0.509,0,0.0976,0.503,172.445,3
spotify:track:0Q1ySdDoHDiotYn4nbMXNm,"CONFISSÕES PT2","MAGIC SHOW","Nagalli;KayBlack;Veigh;Supernova Ent",2024-04-25,145812,71,true,31issvbo2go74xaihjj5ccogxvni,2025-08-17T15:25:56Z,"trap brasileiro,trap,trap funk,hip hop brasileiro","Supernova Ent",0.654,0.452,6,-7.103,0,0.322,0.609,0,0.123,0.414,125.994,4
spotify:track:0LGGo9eY1aJX6tqgxa87kd,"Freestyle","Freestyle","KayBlack;Wall Hein;Yokame",2022-04-28,180172,60,true,31issvbo2go74xaihjj5ccogxvni,2025-08-17T15:26:00Z,"trap brasileiro,trap funk,trap,hip hop brasileiro","Bunker Concept",0.532,0.551,1,-8.961,1,0.401,0.0908,0,0.59,0.787,58.814,4
spotify:track:76PSvY34ovx8MVJL9wHAXS,"Vivências","Vivências","KayBlack;Wall Hein",2021-03-19,167115,62,true,31issvbo2go74xaihjj5ccogxvni,2025-08-17T15:26:04Z,"trap brasileiro,trap funk,trap,hip hop brasileiro","Elenko Music",0.787,0.314,0,-11.691,0,0.0575,0.214,0,0.0968,0.758,115.03,4
spotify:track:39R6cRdd97zQZrrENuZMGI,"total 90!","UM Quebrada Inteligente","Kyan;Mu540",2023-07-13,185178,0,true,31issvbo2go74xaihjj5ccogxvni,2025-08-17T15:26:07Z,"trap brasileiro,trap funk,trap,hip hop brasileiro","UM Quebrada Inteligente",0.892,0.833,5,-3.79,0,0.399,0.298,0,0.0786,0.638,140.018,4
spotify:track:3XMIEYJFHxHilIhTu1RT21,"tipo, sonho de consumo!","UM Quebrada Inteligente","Kyan;Mu540;Tasha & Tracie",2023-07-13,147692,0,true,31issvbo2go74xaihjj5ccogxvni,2025-08-17T15:26:10Z,"trap brasileiro,trap funk,trap,hip hop brasileiro","UM Quebrada Inteligente",0.69,0.852,1,-3.688,0,0.484,0.566,0,0.0618,0.89,129.943,4
spotify:track:6uBfSJZQ27gCDVne6xhDmO,"um quebrada inteligente!","UM Quebrada Inteligente","Kyan;Mu540",2023-07-13,116820,0,true,31issvbo2go74xaihjj5ccogxvni,2025-08-17T15:26:14Z,"trap brasileiro,trap funk,trap,hip hop brasileiro","UM Quebrada Inteligente",0.621,0.827,8,-4.537,1,0.479,0.3,0,0.189,0.852,150.093,4
spotify:track:3QIA1Kfl592xCUnN6It6Qs,"gucci con tacchini!","UM Quebrada Inteligente","Kyan;Mu540",2023-07-13,162365,0,true,31issvbo2go74xaihjj5ccogxvni,2025-08-17T15:26:17Z,"trap brasileiro,trap funk,trap,hip hop brasileiro","UM Quebrada Inteligente",0.907,0.786,3,-3.697,0,0.461,0.606,0,0.237,0.527,129.979,4
spotify:track:2329XxRFYoAPdQSb4DmjXQ,"Deus, Por favor","Todo Mundo Odeia o IG","Mc IG;Mc Kevin;DJ WN;MC PH",2024-03-21,279000,58,false,31issvbo2go74xaihjj5ccogxvni,2025-08-17T15:26:35Z,"funk,trap funk,funk consciente,trap brasileiro","WM Brazil",0.715,0.411,8,-8.585,1,0.309,0.162,0,0.104,0.585,82.452,3
spotify:track:2F4wyz6gkLTbyD9b5vTVoh,"Incrível Jogando a Potranca","Incrível Jogando a Potranca","Mc Gabzin;DJ Swat",2022-01-17,110769,56,false,31issvbo2go74xaihjj5ccogxvni,2025-08-17T15:26:39Z,"funk de bh,funk","Sony Music Entertainment",0.65,0.435,11,-1.87,0,0.0983,0.398,0.0000204,0.0933,0.307,83.997,5
spotify:track:3kBYuWrGtx1tSHjzr0vlZh,"Sorriso no Rosto","Sorriso no Rosto","Mc IG;Murillo e LT no Beat;DJ Glenner",2024-05-28,148000,61,true,31issvbo2go74xaihjj5ccogxvni,2025-08-17T15:26:43Z,"funk,trap funk,funk consciente,trap brasileiro","WM Brazil",0.637,0.805,7,-5.17,0,0.326,0.361,0.0000149,0.125,0.572,90.3,3
spotify:track:1OZ4uv7OAP24Ix6j3vojLt,"Casei Com a Putaria","Casei Com a Putaria","Mc Paiva ZS;MC Ryan SP;Kotim",2022-07-01,157500,63,true,31issvbo2go74xaihjj5ccogxvni,2025-08-17T15:26:48Z,"funk,trap funk,funk consciente,funk carioca","Love Funk",0.585,0.6,10,-7.008,0,0.436,0.117,0,0.0504,0.617,160.635,4
spotify:track:5vyu6cCIflFAmGZwnjyrq7,"Ela joga no 7","Dacoromode","Tz da Coronel;MC Ryan SP;KayBlack;Dj Murillo e LT no Beat;Cúpula",2023-10-18,200039,0,false,31issvbo2go74xaihjj5ccogxvni,2025-08-17T15:26:58Z,"trap brasileiro,trap funk,trap,hip hop brasileiro,funk,funk consciente","Cúpula",0.604,0.454,0,-8.525,0,0.177,0.309,0,0.321,0.83,119.872,4
spotify:track:5DOiUXc9O3XsATTOWLgKDy,"Menor Magrinho","Menor Magrinho","Kyan;Mu540",2020-06-04,152169,0,true,31issvbo2go74xaihjj5ccogxvni,2025-08-17T15:27:03Z,"trap brasileiro,trap funk,trap,hip hop brasileiro","Ceia Ent.",0.92,0.546,9,-10.626,0,0.357,0.179,0,0.0835,0.765,139.979,4
spotify:track:0Ce7kkIjy9gkXAaMAZAI9w,"Malvada","Malvada","TrapLaudo;Mc Don Juan;MC PH;Dj Murillo e LT no Beat;MC Ryan SP;Mc IG",2024-06-13,300487,48,false,31issvbo2go74xaihjj5ccogxvni,2025-08-17T15:27:06Z,"funk,trap funk,funk consciente,trap brasileiro","4M RECORDS",0.544,0.708,9,-5.154,0,0.47,0.446,0,0.105,0.551,171.293,3
spotify:track:5Qqpplbu8ROd71c0brQxyy,"Filha do Deputado","Filha do Deputado","Mc IG;MC Ryan SP;DJ Glenner;Mc Poze do Rodo;Oruam",2024-06-25,371852,57,true,31issvbo2go74xaihjj5ccogxvni,2025-08-17T15:27:09Z,"funk,trap funk,funk consciente,trap brasileiro,trap,hip hop brasileiro","WM Brazil",0.83,0.464,1,-10.547,0,0.321,0.623,0,0.2,0.542,124.028,4
spotify:track:37srJxBv0dfjmyvbX7xMAh,"SÃO PAULO","Só Vilão, Aqui Não Tem Herói","Kyan;Niink;Mu540;AK1N",2024-06-20,173334,0,true,31issvbo2go74xaihjj5ccogxvni,2025-08-17T15:27:13Z,"trap brasileiro,trap funk,trap,hip hop brasileiro","Kyan",0.848,0.732,1,-4.344,1,0.3,0.269,0,0.543,0.713,143.955,4
spotify:track:0GsQzTpegvifzQZ4wXsCZ2,"Leans, Pt. 2","237","Yunk Vino;Volp",2020-02-14,172003,12,true,31issvbo2go74xaihjj5ccogxvni,2025-08-17T15:27:16Z,"trap brasileiro,trap,trap funk,hip hop brasileiro","Labbel Records",0.366,0.244,11,-13.966,0,0.0417,0.662,0,0.082,0.389,59.238,4
spotify:track:1wtfZcywQbynryjXGBNfMQ,"Favorita","Favorita","Volp;Goude;Yunk Vino;Vk Mac",2020-10-02,213332,61,true,31issvbo2go74xaihjj5ccogxvni,2025-08-17T15:27:30Z,"trap brasileiro,trap,hip hop brasileiro,trap funk","24krec",0.677,0.48,11,-8.203,1,0.0859,0.785,0,0.182,0.425,120.96,4
spotify:track:4XaLEsmrRGSDkgd7qpn4Nl,"Sempre na Simplicidade","Sempre na Simplicidade","MC LUUKY;MC Ryan SP;Dj Victor;Boladin 211;MC Vine7",2024-07-17,300000,59,true,31issvbo2go74xaihjj5ccogxvni,2025-08-17T15:27:33Z,"funk,trap funk,funk consciente,funk de bh,fado","EDITORA E GRAVADORA A BASE RECORDS",0.69,0.771,1,-3.382,0,0.445,0.268,0,0.0965,0.454,116.539,4
spotify:track:0hDPyvgeyTjW9WCiImtnjx,"Mistérios","Mistérios","KayBlack;Murillo e LT no Beat",2024-07-17,136695,48,false,31issvbo2go74xaihjj5ccogxvni,2025-08-17T15:27:37Z,"trap brasileiro,trap funk,trap,hip hop brasileiro,funk,funk consciente","WM Brazil",0.762,0.41,8,-9.06,0,0.179,0.189,0,0.221,0.532,113.915,4
spotify:track:4tr1iblR7CglyVmsKhuhvL,"Cola No Ap","Malokeragem","MC GP;Mc Dena;Mc IG;DJ Glenner",2022-05-27,304953,66,true,31issvbo2go74xaihjj5ccogxvni,2025-08-17T15:27:40Z,"funk,funk consciente,trap funk","Nova Era",0.554,0.418,10,-4.654,0,0.357,0.636,0,0.0911,0.598,113.225,5
spotify:track:5CUH8hEmgqsfQ3jKTPJLdm,"MANDRAKA DO MOMENTO","Só Vilão, Aqui Não Tem Herói","Kyan;Yunk Vino;Vulgo FK;Toledo;Nagalli;Bvga Beatz",2024-06-20,177144,0,false,31issvbo2go74xaihjj5ccogxvni,2025-08-17T15:27:44Z,"trap brasileiro,trap funk,trap,hip hop brasileiro,funk","Kyan",0.807,0.485,0,-6.728,0,0.0649,0.539,0,0.158,0.808,125.901,4
spotify:track:4sfY9Q4rQKVwxQVKo6v04i,"2023","Perdas & Ganhos","Vulgo FK;MC Ryan SP;Tkd;Bvga Beatz;MATHINVOKER",2023-07-14,178407,57,true,31issvbo2go74xaihjj5ccogxvni,2025-08-17T15:27:48Z,"trap brasileiro,trap funk,trap,funk,hip hop brasileiro,funk consciente","Som Livre",0.53,0.463,1,-9.158,0,0.229,0.443,0,0.0999,0.556,86.484,4
spotify:track:3a4W4YjeCPvzdpVqoqG8NL,"Deixa o Cavalo Correr","Deixa o Cavalo Correr","Oldilla;Gabb MC;MC LUUKY;Mc Tato;MC Bruno MS;TrapLaudo;Boladin 211",2024-07-31,389538,60,true,31issvbo2go74xaihjj5ccogxvni,2025-08-17T15:27:51Z,"funk,funk consciente,trap funk,funk de bh,fado","Love Funk",0.791,0.527,1,-8.497,1,0.431,0.454,0,0.121,0.601,130.051,4
spotify:track:7FLTjvwvWMrBvoA9NlRSqO,"Aplico o Chá","Aplico o Chá","Mc DB;Dj KS;DJ Rk",2020-09-19,189753,66,true,31issvbo2go74xaihjj5ccogxvni,2025-08-17T15:27:55Z,"funk de bh,funk","Amsterdam Music",0.468,0.426,4,-5.796,0,0.0805,0.426,0.00692,0.104,0.513,86.767,3
spotify:track:0d16iGBlngyLHsldWzvahM,"BRAZIL","BRAZIL","Kyan;Mu540;DJ Ery",2022-11-25,124564,0,false,31issvbo2go74xaihjj5ccogxvni,2025-08-17T15:27:59Z,"trap brasileiro,trap funk,trap,hip hop brasileiro,funk,funk bruxaria","Ceia Ent.",0.83,0.783,9,-6.563,1,0.286,0.313,0,0.288,0.776,144.979,4
spotify:track:2o3NKh8bYMKSkJmBTQo5B5,"Primeiro Lugar do Pódio","Primeiro Lugar do Pódio","EHXIS;Mu540;Kyan",2023-03-16,123515,0,false,31issvbo2go74xaihjj5ccogxvni,2025-08-17T15:28:02Z,"trap brasileiro,trap funk,trap,hip hop brasileiro","Kyan",0.775,0.553,10,-7.447,1,0.227,0.615,0,0.094,0.708,140.119,4
spotify:track:3M4B9yhMAdgnpYphJjlXvP,"Veracruz","Veracruz","Mc Kevin",2016-01-06,234057,62,true,31issvbo2go74xaihjj5ccogxvni,2025-08-17T15:28:06Z,"funk,funk consciente,trap funk","GR6 Music",0.624,0.629,0,-3.279,0,0.325,0.381,0,0.119,0.501,83.22,5
spotify:track:7IFsTX5H1sWcEl8joV0IdD,"THE BOX MEDLEY FUNK 2","THE BOX MEDLEY FUNK 2","THE BOX;Mc Brinquedo;MC Cebezinho;MC Tuto;Mc Laranjinha;DJ Oreia",2024-04-18,266666,72,false,31issvbo2go74xaihjj5ccogxvni,2025-08-17T15:28:10Z,"trap brasileiro,trap funk,funk,funk consciente,trap,funk de bh,brega funk","Sony Music Entertainment",0.778,0.687,11,-8.568,0,0.105,0.578,0.0105,0.356,0.839,117.008,4
spotify:track:3ODUgIaqdpkMXXlsH1kDLh,"300 no 7","300 no 7","MC GP;MC Jvila;MC LUUKY;Dj Yuri Pedrada",2024-06-21,195572,68,true,31issvbo2go74xaihjj5ccogxvni,2025-08-17T15:28:14Z,"funk,funk consciente,trap funk","MC GP NOVA ERA",0.631,0.614,9,-4.851,1,0.521,0.326,0,0.622,0.612,83.953,5
spotify:track:61Q7N9fncbZ7jyx0VZ0bXj,"FOUR FOUR TWO","FOUR FOUR TWO","Predella;MC PH;Orochi;Mc IG;TrapLaudo;Murillo e LT no Beat",2024-07-02,411428,41,true,31issvbo2go74xaihjj5ccogxvni,2025-08-17T15:28:17Z,"trap brasileiro,hip hop brasileiro,trap,funk,trap funk,funk consciente","GR6 Music",0.634,0.675,5,-4.453,0,0.438,0.258,0,0.111,0.66,111.995,5
spotify:track:2i3MSMA7vSXPeVS6Zyb4wy,"Nois Já Tá Rico","Bad Boys","Mc IG;MC Ryan SP;Orochi;DJ Glenner;DJ Negret",2024-08-21,288000,54,false,31issvbo2go74xaihjj5ccogxvni,2025-08-17T15:28:21Z,"funk,trap funk,funk consciente,trap brasileiro,hip hop brasileiro,trap","WM Brazil",0.732,0.59,11,-8.433,0,0.392,0.34,0.00000166,0.332,0.63,89.911,3
spotify:track:255dJ8lHxdUsNEvbaakTPB,"Noite Carioca","Bad Boys","Mc IG;MC Ryan SP;Murillo e LT no Beat;MC PH;MC GP;TrapLaudo;MC Nego Micha;Borges;MC Maneirinho;L7NNON;Bielzin;Mc Cidinho General",2024-08-21,810000,59,false,31issvbo2go74xaihjj5ccogxvni,2025-08-17T15:28:25Z,"funk,trap funk,funk consciente,trap brasileiro,funk carioca,trap,hip hop brasileiro","WM Brazil",0.522,0.657,9,-4.203,1,0.255,0.203,0,0.322,0.516,90.022,3
spotify:track:7dYsE3FRQR5feMpiUn9eV2,"Fernando de Noronha 2","Bad Boys","Mc IG;MC Ryan SP;Murillo e LT no Beat",2024-08-21,230204,47,false,31issvbo2go74xaihjj5ccogxvni,2025-08-17T15:28:28Z,"funk,trap funk,funk consciente,trap brasileiro","WM Brazil",0.492,0.497,8,-6.855,1,0.117,0.523,0,0.0829,0.585,63.712,5
spotify:track:3Go8wZNii7GJdI43LkYOOW,"Não é Ego Não","Bad Boys","Mc IG;MC Ryan SP;Dj TC;DJ Glenner;MC LUUKY;MC Nego Micha;MC Tuto;Mc Capelinha;Mc Kadu;Menor Will;TrapLaudo",2024-08-21,648657,53,false,31issvbo2go74xaihjj5ccogxvni,2025-08-17T15:28:33Z,"funk,trap funk,funk consciente","WM Brazil",0.871,0.452,0,-10.082,1,0.668,0.404,0,0.0986,0.462,126.965,4
spotify:track:5VBErtPDYvHmJ2fQB0R8E2,"Cherinho de Inveja","Bad Boys","Mc IG;MC Ryan SP;Murillo e LT no Beat",2024-08-21,200727,42,false,31issvbo2go74xaihjj5ccogxvni,2025-08-17T15:28:36Z,"funk,trap funk,funk consciente,trap brasileiro","WM Brazil",0.793,0.553,3,-8.207,0,0.24,0.387,0.0000404,0.253,0.772,82.453,4
spotify:track:5x7dR6RdRG5nwCWYfCw1Xi,"Casal Celebridade","Bad Boys","Mc IG;MC Ryan SP;DJ Glenner;Fepache",2024-08-21,222720,65,false,31issvbo2go74xaihjj5ccogxvni,2025-08-17T15:28:39Z,"funk,trap funk,funk consciente","WM Brazil",0.514,0.586,0,-6.128,0,0.309,0.113,0,0.101,0.786,93.939,3
spotify:track:5rIv8Ya5G1bLQoXwIKTn80,"Nem Ligo Pro Amor","Nem Ligo Pro Amor","MC LUUKY;Oldilla",2024-08-30,164307,56,true,31issvbo2go74xaihjj5ccogxvni,2025-08-17T15:28:43Z,"funk,trap funk,funk consciente","EDITORA E GRAVADORA A BASE RECORDS",0.867,0.488,3,-8.959,0,0.44,0.656,0,0.113,0.828,129.995,4
spotify:track:1QJaeNvg0vhNxAdozXOH4L,"Pra Roncar Tem que Desbicar","Pra Roncar Tem que Desbicar","Mc IG;MC Ryan SP;DJ Glenner;Lil Kid 777;Mc Don Juan;MC GH do 7;MC Hariel;MC LUUKY;MC Marcos IP;MC Nego Micha;Mc Menor Kau;Mc Paiva ZS;TrapLaudo;Ttheuz1n",2024-07-23,665196,46,true,31issvbo2go74xaihjj5ccogxvni,2025-08-17T15:28:47Z,"funk,trap funk,funk consciente,trap brasileiro,funk carioca","WM Brazil",0.663,0.737,6,-6.578,0,0.517,0.348,0,0.319,0.881,127.113,4
spotify:track:59xgceM6ACWSn4vcdOzjJ0,"Mistério","Mistério","Mc Kevin",2020-10-06,211200,69,false,31issvbo2go74xaihjj5ccogxvni,2025-08-17T15:28:51Z,"funk,funk consciente,trap funk","GR6 Music",0.628,0.436,11,-5.416,0,0.192,0.509,0,0.0966,0.321,74.692,3
spotify:track:4OMSfAavn8k6HxZ0HwVtV1,"CONFISSÕES PT1","MAGIC SHOW","Nagalli;Menor MC;Dfideliz;CJota;Leviano;Supernova Ent",2024-04-25,213357,69,true,31issvbo2go74xaihjj5ccogxvni,2025-08-17T15:28:55Z,"trap brasileiro,trap,trap funk,hip hop brasileiro,funk","Supernova Ent",0.681,0.53,4,-8.103,0,0.375,0.599,0,0.451,0.421,125.874,4
spotify:track:4gBkaTHZMbg6TqT0xxT0hy,"Amanhecer","Amanhecer","Mc IG;Fepache",2024-09-17,173114,45,true,31issvbo2go74xaihjj5ccogxvni,2025-08-17T15:29:01Z,"funk,trap funk,funk consciente","WM Brazil",0.86,0.517,8,-11.492,1,0.577,0.48,0,0.201,0.701,122.009,4
spotify:track:4RkBJDTvjDxPMAU1Oydz34,"Só Menina Linda","Só Menina Linda","MC LUUKY;MC Bruno MS;Boladin 211;Mc Negão Original;MC GH do 7;Mc Daniel;DJ Japa NK;DJ DAVI DOGDOG;MC Ryan SP",2024-09-11,490163,59,true,31issvbo2go74xaihjj5ccogxvni,2025-08-17T15:29:09Z,"funk,trap funk,funk consciente,funk de bh,fado,agronejo","EDITORA E GRAVADORA A BASE RECORDS",0.637,0.654,6,-4.714,0,0.383,0.353,0,0.12,0.636,129.642,4
spotify:track:3H7eBmcTJyuEMStfmKuLmG,"A Danada Me Ligando","A Danada Me Ligando","MC Cebezinho;DJ Oreia;MC Tuto;Love Funk;Kako",2024-08-23,283636,71,true,31issvbo2go74xaihjj5ccogxvni,2025-08-17T15:29:13Z,"funk,funk consciente,trap funk","Love Funk",0.728,0.422,11,-7.544,0,0.501,0.106,0.00000649,0.0869,0.702,120.897,4
spotify:track:02I0Nm97YdmZ8teGFcIHEy,"Tropa do Sem K.O","Tropa do Sem K.O","MC Joãozinho VT;MC Tuto;MC Vine7;MC Ryan SP;Mc Duzinho SP;MC LUUKY;Caio Passos",2024-09-03,376000,64,true,31issvbo2go74xaihjj5ccogxvni,2025-08-17T15:29:16Z,"funk,funk consciente,trap funk,trap brasileiro","Sonar Music",0.612,0.729,8,-3.7,0,0.487,0.311,0,0.0495,0.786,85.511,3
spotify:track:5aDlgmz3RSR2FP5SqZuuzs,"O 7 Patrocina","A Moda Antiga","Mc Kelvinho;Kyan;Perera DJ;DJ Thi Marquez",2023-10-24,203636,60,true,31issvbo2go74xaihjj5ccogxvni,2025-08-17T15:29:20Z,"funk consciente,funk,trap funk,trap brasileiro,trap,hip hop brasileiro","GR6 Music",0.843,0.511,7,-7.153,0,0.266,0.822,0,0.106,0.642,131.909,4
spotify:track:6LhEVOuTjBoS5JyOoVUDrQ,"Afrodite","Bad Boys","Mc IG;MC Ryan SP;WIU;DJ WN;MC PH;Murillo e LT no Beat",2024-08-21,224000,54,true,31issvbo2go74xaihjj5ccogxvni,2025-08-17T15:29:24Z,"funk,trap funk,funk consciente,trap brasileiro,trap,hip hop brasileiro","WM Brazil",0.908,0.312,0,-10.882,0,0.0778,0.152,0.00000438,0.134,0.812,110.04,5
spotify:track:475L05BT8k102evS4F1vx6,"Cheiro de Sexo","Dacoromode","Tz da Coronel;meLLo;Cúpula",2023-10-18,148525,56,true,31issvbo2go74xaihjj5ccogxvni,2025-08-17T15:29:28Z,"trap brasileiro,trap funk,trap,hip hop brasileiro","Cúpula",0.767,0.535,6,-8.757,0,0.124,0.186,0,0.206,0.54,131.987,4
spotify:track:1q3ZAi021lYw5mwyMBbJzx,"Bebeto e Romário","Bebeto e Romário","MC Joãozinho VT;DJ BOY",2024-10-04,141818,46,false,31issvbo2go74xaihjj5ccogxvni,2025-08-17T15:29:49Z,"funk,funk consciente,trap funk","Sonar Music",0.636,0.591,6,-5.862,1,0.538,0.586,0,0.0956,0.871,82.106,3
spotify:track:168ee5iYY8GF4y7gVzggaM,"Pique Empresário","Um Toque de Malandragem","MC Ryan SP;Mc IG;MC GP;Dj Victor;MC Tuto;Mc Kadu",2023-09-12,334000,46,false,31issvbo2go74xaihjj5ccogxvni,2025-08-17T15:30:06Z,"funk,funk consciente,trap funk","WM Brazil",0.768,0.639,1,-3.874,0,0.505,0.754,0,0.0895,0.468,90.14,4
spotify:track:5kuUOpHZlZjL8b7HXkxRsm,"Luxúria","Pecado Capital","Xamã;Bagua Records;Neo Beats;Matuê",2018-05-24,185310,73,false,31issvbo2go74xaihjj5ccogxvni,2025-08-17T15:30:10Z,"hip hop brasileiro,trap brasileiro,trap funk,trap,boom bap","Baguá Records",0.737,0.564,7,-8.293,1,0.316,0.301,0,0.0985,0.684,140.075,4
spotify:track:6s1kzj4EbhFLXbuAGJbhbn,"Barbie","Barbie","MC Tuto;DJ Glenner",2024-10-18,192755,71,false,31issvbo2go74xaihjj5ccogxvni,2025-08-17T15:30:14Z,"funk,funk consciente,trap funk","Sonar Music",0.955,0.425,3,-8.242,0,0.43,0.711,0,0.101,0.716,127.032,4
spotify:track:2CcNYXOMvIml8pGwZg2tgY,"Duas Mulheres","Traumas e Vícios","CJota;Vulgo FK;Pedro Lotto",2024-10-17,157058,58,true,31issvbo2go74xaihjj5ccogxvni,2025-08-17T15:30:18Z,"trap brasileiro,trap,trap funk,funk,hip hop brasileiro","LYONS PRODUÇÕES OFICIAL",0.635,0.585,10,-4.816,0,0.0866,0.481,0,0.387,0.557,135.744,4
spotify:track:44BehH5rk8B5K4OtRxqpez,"E Aí Como Que Tá ?","2T Na Levada","MC Tuto;Oldilla",2024-09-26,134000,59,false,31issvbo2go74xaihjj5ccogxvni,2025-08-17T15:30:22Z,"funk,funk consciente,trap funk","Sonar Music",0.655,0.498,6,-8.985,0,0.388,0.323,0.00045,0.094,0.538,87.507,3
spotify:track:33rrlkg13OnEkKHtRnrz2R,"Medley de Igaratá","Medley de Igaratá","Mc Negão Original;DJ Guh Mix",2024-04-25,258480,53,true,31issvbo2go74xaihjj5ccogxvni,2025-08-17T15:30:25Z,"funk,trap funk,funk consciente","Cria Hit BR",0.717,0.721,9,-5.363,1,0.758,0.315,0,0.304,0.773,129.782,4
spotify:track:5mPn4ueXc1oua018FDvknz,"Calculista","Coração de Ouro","MC Joãozinho VT;DJ JR No Beat",2024-10-11,186165,67,true,31issvbo2go74xaihjj5ccogxvni,2025-08-17T15:30:32Z,"funk,funk consciente,trap funk","Sonar Music",0.647,0.557,11,-5.96,1,0.326,0.308,0,0.107,0.852,91.199,3
spotify:track:1arnspMJ66M3Uye8frIZVW,"3 Palito","Coisas Que Eu Já Devia Ter Dito Há Um Tempo","Kako;DJ JR No Beat;MC Joãozinho VT;MC Tuto;MC Ryan SP",2024-10-23,357966,57,true,31issvbo2go74xaihjj5ccogxvni,2025-08-17T15:30:36Z,"funk consciente,funk,trap funk","Sonar Music",0.759,0.707,5,-2.888,0,0.486,0.277,0,0.0795,0.761,88.228,3
spotify:track:0hWzBcYtmwsL1TwByzjiUG,"Boy Besta","Boy Besta","MC Joãozinho VT;Mc Negão Original;MC Tuto;Matheuszin DJ;Kako;MC Ryan SP",2024-11-12,424615,70,true,31issvbo2go74xaihjj5ccogxvni,2025-08-17T15:30:40Z,"funk,funk consciente,trap funk","Sonar Music",0.922,0.539,8,-6.114,0,0.482,0.504,0,0.0924,0.747,130.007,4
spotify:track:7BLjPZwgbxQSLZ4rWbboJY,"Vida de Artista","Vida de Artista","MC Joãozinho VT;MC Tuto;Deejhay RB",2024-06-26,196000,65,true,31issvbo2go74xaihjj5ccogxvni,2025-08-17T15:30:44Z,"funk,funk consciente,trap funk","Sonar Music",0.913,0.724,10,-4.866,0,0.193,0.502,0,0.0794,0.831,119.922,4
spotify:track:6VgHqmKtW04mZV0ZfUHuox,"Não Desacredita","Não Desacredita","Mc IG",2021-04-23,137872,39,false,31issvbo2go74xaihjj5ccogxvni,2025-08-17T15:30:47Z,"funk,trap funk,funk consciente","GR6 Music",0.795,0.531,7,-3.679,0,0.0606,0.478,0,0.376,0.816,94.019,4
spotify:track:1noFyrFs89ASUPka2azbD9,"Let's Go 5","Let's Go 5","Mc IG;MC Ryan SP;Mc Luki;MC PH;Mc Don Juan;Mc Poze do Rodo;MC Marks;MC GP;MC Tuto;TrapLaudo;MC LUUKY;Mc Kadu;Ja Rule",2024-11-25,783117,62,true,31issvbo2go74xaihjj5ccogxvni,2025-08-17T15:30:51Z,"funk,trap funk,funk consciente,trap brasileiro,trap,hip hop brasileiro,east coast hip hop","GR6 Music",0.637,0.663,6,-6.91,0,0.444,0.152,0,0.104,0.955,113.351,5
spotify:track:2kmkf0nNZWjJGgFH1kJVvs,"Desacato","Menor do Desacato","MC LUUKY;Mc Don Juan;MC Ryan SP;Mc Davi;TrapLaudo;Mc Kadu;MC Gui Da Norte",2024-12-03,438748,58,true,31issvbo2go74xaihjj5ccogxvni,2025-08-17T15:30:54Z,"funk,trap funk,funk consciente","EDITORA E GRAVADORA A BASE RECORDS",0.566,0.654,3,-3.079,0,0.313,0.553,0,0.0974,0.701,88.95,3
spotify:track:3Uc1umNQVfi2HjywAbxwDX,"Velho da Lancha","Dr. Igor Guilherme","Mc IG;Mc Neguinho PRT;Fepache;Dj TC",2024-12-12,200000,57,true,31issvbo2go74xaihjj5ccogxvni,2025-08-17T15:30:56Z,"funk,trap funk,funk consciente","WM Brazil",0.705,0.71,8,-3.671,0,0.0751,0.544,0,0.103,0.464,120.008,4
spotify:track:5AAWUikqjEoNwVbKERUseF,"Medley de Igaratá 2","Medley de Igaratá 2","Mc Negão Original;DJ Guh Mix;Dj TC",2024-06-18,310153,55,true,31issvbo2go74xaihjj5ccogxvni,2025-08-17T15:31:00Z,"funk,trap funk,funk consciente","Cria Hit BR",0.645,0.599,2,-7.452,1,0.812,0.529,0,0.122,0.816,86.68,5
spotify:track:7L3uf3iEN6QCaEF086R1ys,"MÉNAGE","MÉNAGE","Vulgo FK;KayBlack;Pedro Lotto",2024-10-23,153601,56,true,31issvbo2go74xaihjj5ccogxvni,2025-08-17T15:31:04Z,"trap brasileiro,trap funk,trap,funk,hip hop brasileiro","Som Livre",0.673,0.434,7,-9.653,0,0.302,0.241,0,0.114,0.304,124.839,4
spotify:track:6J9jq1KeNYUAWwtGtg54MY,"Set Dj Gm 7.0","Set Dj Gm 7.0","Dj GM;MC Tuto;MC Cebezinho;Love Funk;MC Paulin da Capital;Mc Lipi;MC Vinny;MC Ryan SP;Gabb MC;Mc Daniel;Kako;MC Marks;MC Joãozinho VT;MC Vine7;MC LUUKY;Chefin;Boladin 211",2024-12-12,990967,63,true,31issvbo2go74xaihjj5ccogxvni,2025-08-17T15:32:40Z,"funk consciente,funk,trap funk,agronejo,trap brasileiro,trap,hip hop brasileiro,funk de bh,fado","Love Funk",0.707,0.607,4,-10.772,0,0.444,0.606,0,0.293,0.826,123.983,4
spotify:track:7c2zWmVMYkqd86M1pL82rS,"Longe de Magnata","Longe de Magnata","Deejhay RB;MC Tuto;MC Joãozinho VT;Borges;Chefin;Kako;MC Vine7",2024-12-17,452762,69,true,31issvbo2go74xaihjj5ccogxvni,2025-08-17T15:32:44Z,"funk,funk consciente,trap funk,trap brasileiro,trap,hip hop brasileiro","Sonar Produtora",0.847,0.36,11,-8.937,0,0.26,0.631,0,0.111,0.502,125.095,4
spotify:track:6T75k8RdUYiAbrjnOgSlYU,"Toma Que Toma","Toma Que Toma","Mc Negão Original;MC Cebezinho;Dj Yuri Pedrada;Mc Fidelis;MC GP;MC Jvila;MC Ryan SP",2024-12-23,461538,58,true,31issvbo2go74xaihjj5ccogxvni,2025-08-17T15:32:47Z,"funk,trap funk,funk consciente","Cria Hit BR",0.633,0.738,10,-3.781,0,0.57,0.164,0,0.115,0.755,82.144,3
spotify:track:06n87WQroP5WFD4aR45T8X,"Comedinha Ficou Bravo","É o Japa Nk Né Bebê","DJ Japa NK;Mc Negão Original;MC Meno K",2024-12-05,152355,69,true,31issvbo2go74xaihjj5ccogxvni,2025-08-17T15:32:51Z,"funk,trap funk,funk consciente,funk carioca","Love Funk",0.772,0.761,1,-5.591,0,0.132,0.0332,0.0000275,0.478,0.51,130.046,4
spotify:track:6VH6SBNNL2RVWwImq046ce,"Penélope Charmosa 2","Penélope Charmosa 2","Boladin 211;Dejinha;MC Rick;DJ AL4DDIN",2024-09-27,171692,69,true,31issvbo2go74xaihjj5ccogxvni,2025-08-17T15:32:54Z,"funk,trap funk,funk de bh,funk consciente,fado","Kave",0.839,0.64,9,-5.842,0,0.169,0.609,0,0.0361,0.923,130.022,4
spotify:track:0a0QuJ8ck468zbNnKE5AB8,"Festa No Cassino","ECLÉTICO - LADO A","MC PH;Mc IG;TrapLaudo;DJ WN",2023-02-09,173999,53,true,31issvbo2go74xaihjj5ccogxvni,2025-08-17T15:32:59Z,"funk,trap funk,funk consciente,trap brasileiro","GR6 Music",0.723,0.643,10,-5.038,1,0.113,0.504,0.0000535,0.284,0.667,160.048,4
spotify:track:0s8vHahEw7KxNSbJPaYRJP,"Quem Contou, Contou","Quem Contou, Contou","Mc IG;Mc Lele JP;MC Nego Micha;Mc Menor Kau;Mc Kadu;Mc Leh;Mc Luki;DJ Hyago;Mc Neguinho PRT",2024-10-28,496410,46,true,31issvbo2go74xaihjj5ccogxvni,2025-08-17T15:33:02Z,"funk,trap funk,funk consciente","GRINGOS WORLD PRODUTORA",0.707,0.641,1,-8.259,0,0.555,0.246,0,0.108,0.639,116.976,4
spotify:track:7DWAerOfnQXuvH84B4kx53,"TÁ TARDE","TÁ TARDE","Vulgo FK;BK;Murillo e LT no Beat;Fepache",2024-10-23,200586,57,true,31issvbo2go74xaihjj5ccogxvni,2025-08-17T15:33:05Z,"trap brasileiro,trap funk,trap,funk,hip hop brasileiro,boom bap,funk consciente","Som Livre",0.531,0.424,10,-10.151,0,0.2,0.688,0.00000775,0.117,0.515,127.898,4
spotify:track:7jCgslBhuPF61B6yk90VYb,"Sexta Feira Hoje Tem","Sexta Feira Hoje Tem","MC Ryan SP;Mc IG;DJ Japa NK;Nilo;Boladin 211;MC LUUKY;Mc Negão Original",2025-01-10,387711,74,true,31issvbo2go74xaihjj5ccogxvni,2025-08-17T15:33:09Z,"funk,funk consciente,trap funk,funk de bh,fado","WM Brazil",0.774,0.583,11,-4.495,0,0.468,0.282,0,0.108,0.48,129.798,4
spotify:track:2LrW0DJcN0yYHloF6mvMlP,"OI","OI","Vulgo FK;Ryu, The Runner;Bvga Beatz;Viper;Rocco",2024-10-23,181434,45,true,31issvbo2go74xaihjj5ccogxvni,2025-08-17T15:33:12Z,"trap brasileiro,trap funk,trap,funk,hip hop brasileiro","Som Livre",0.838,0.353,4,-5.433,0,0.119,0.164,0.000559,0.107,0.163,127.014,4
spotify:track:2rFi57mXQTm8Di4DJ8WPKi,"Goodnight Menina 4","Goodnight Menina 4","Mc IG;DJ Glenner;Fepache",2024-12-05,169090,49,true,31issvbo2go74xaihjj5ccogxvni,2025-08-17T15:33:16Z,"funk,trap funk,funk consciente","WM Brazil",0.737,0.328,8,-8.328,0,0.119,0.777,0.00000724,0.0991,0.674,117.305,5
spotify:track:2EMEUDqh1JuZabORVw1KkX,"THE BOX MEDLEY FUNK 4","THE BOX MEDLEY FUNK 4","THE BOX;Mc Rodson;MC Meno K;MC LUUKY;MC Rodolfinho;Dj Felipe Maia",2024-12-19,294098,57,false,31issvbo2go74xaihjj5ccogxvni,2025-08-17T15:33:20Z,"trap brasileiro,trap funk,funk,funk consciente,trap,funk carioca","Sony Music Entertainment",0.847,0.577,6,-6.685,1,0.191,0.131,0,0.129,0.696,91.53,3
spotify:track:4jwyUnhhmmPaEJlxjG97ic,"Tecnicamente","Tecnicamente","TrapLaudo;Dj TC",2024-12-10,151181,51,true,31issvbo2go74xaihjj5ccogxvni,2025-08-17T15:33:23Z,"funk,trap funk,funk consciente","4M RECORDS",0.892,0.322,2,-14.929,1,0.593,0.838,0,0.096,0.369,126.872,4
spotify:track:2tBVT30e0EBgHqizwYhOIf,"Era da Estética","Mundo Moderno","Mc Kanhoto;MC Jvila;MC LUUKY;Mc Negão Original;Dj Victor",2024-11-27,330240,56,true,31issvbo2go74xaihjj5ccogxvni,2025-08-17T15:33:28Z,"funk consciente,funk,trap funk","Sonar Music",0.757,0.459,9,-7.272,0,0.605,0.458,0,0.106,0.726,83.945,3
spotify:track:1QRDn63eQzqC8dpNcI7HtQ,"C'est la vie (Bônus)","Contradições","KayBlack;Marquinho no Beat;Wall Hein",2023-03-31,124913,58,false,31issvbo2go74xaihjj5ccogxvni,2025-08-17T15:33:32Z,"trap brasileiro,trap funk,trap,hip hop brasileiro,funk","WM Brazil",0.906,0.598,11,-7.856,0,0.389,0.0808,0.00000148,0.109,0.653,132.954,4
spotify:track:1QTkT8x2l6cDEQldqbjB0C,"Tropa do Pisa 2","Tropa do Pisa 2","MC PH;TrapLaudo;Murillo e LT no Beat;Fepache",2025-01-30,196535,57,true,31issvbo2go74xaihjj5ccogxvni,2025-08-17T15:33:35Z,"funk,trap funk,funk consciente,trap brasileiro","GR6 Music",0.506,0.773,1,-4.398,0,0.316,0.339,0.304,0.0463,0.771,190.334,3
spotify:track:7oWd2k0fhorqIpXotLNN9F,"Bolsa de Ombro","Dos Prédios Deluxe","Veigh;G.A;Toledo;H4lfmeasures;6ee;Supernova Ent",2023-05-19,114321,62,true,31issvbo2go74xaihjj5ccogxvni,2025-08-17T15:33:40Z,"trap brasileiro,trap funk,trap,hip hop brasileiro","Supernova Entertainment Under Exclusive License to UnitedMasters",0.681,0.302,9,-12.124,0,0.431,0.482,0,0.108,0.371,126.497,5
spotify:track:5lvwGndhxkOb3okmJXCLwW,"tipo, fila indiana!","UM Quebrada Inteligente","Kyan;Mu540",2023-07-13,163555,0,true,31issvbo2go74xaihjj5ccogxvni,2025-08-17T15:33:44Z,"trap brasileiro,trap funk,trap,hip hop brasileiro","UM Quebrada Inteligente",0.698,0.862,1,-3.143,1,0.265,0.118,0,0.116,0.513,117.426,1
spotify:track:2iJ6CT5jxBcErhEyduEtdz,"A Nata","A Nata de Tudo - A Ovelha Negra","Mc Negão Original;MC GP;DJ Guh Mix;Mc Dena;MC Bruno MS",2025-02-07,238153,63,true,31issvbo2go74xaihjj5ccogxvni,2025-08-17T15:33:47Z,"funk,trap funk,funk consciente","Cria Hit BR",0.647,0.74,9,-2.054,1,0.435,0.732,0,0.126,0.671,129.78,4
spotify:track:5QkeXBy5eok69gR8i8qOQT,"Onze Horas no Relógio","A Nata de Tudo - A Ovelha Negra","Mc Negão Original;MC Joãozinho VT;DJ David LP",2025-02-07,160615,53,true,31issvbo2go74xaihjj5ccogxvni,2025-08-17T15:33:51Z,"funk,trap funk,funk consciente","Cria Hit BR",0.833,0.615,3,-5.964,0,0.299,0.76,0,0.107,0.682,130.013,4
spotify:track:0fk6izVUNMQZBwKBUWnwhm,"Famosinha Influencer","A Nata de Tudo - A Ovelha Negra","Mc Negão Original;Aaron Modesto;MC LUUKY;MC GH Original;MC GH do 7;Mc Magal;Dj Yuri Pedrada",2025-02-07,483750,51,true,31issvbo2go74xaihjj5ccogxvni,2025-08-17T15:33:54Z,"funk,trap funk,funk consciente","Cria Hit BR",0.752,0.547,4,-6.145,0,0.639,0.39,0,0.0851,0.722,84.961,5
spotify:track:0Tx98JBnd3f3RzWKPQ76qc,"Jogado pelo Mundão","A Nata de Tudo - A Ovelha Negra","Mc Negão Original;MC Leozinho ZS;Dj Yuri Pedrada",2025-02-07,221679,54,true,31issvbo2go74xaihjj5ccogxvni,2025-08-17T15:33:58Z,"funk,trap funk,funk consciente","Cria Hit BR",0.908,0.578,4,-7.185,0,0.462,0.144,0,0.163,0.819,131.193,4
spotify:track:6ejIcf1OdUmtOJ7fpFcEXo,"Medley de Igaratá 4","A Nata de Tudo - A Ovelha Negra","Mc Negão Original;DJ Guh Mix",2025-02-07,299076,59,true,31issvbo2go74xaihjj5ccogxvni,2025-08-17T15:34:01Z,"funk,trap funk,funk consciente","Cria Hit BR",0.83,0.69,5,-5.544,0,0.421,0.516,0,0.071,0.812,130.068,4
spotify:track:1l0wjEdL5zYutUW8tVFiZO,"Medley de Igaratá 3","A Nata de Tudo - A Ovelha Negra","Mc Negão Original;DJ Japa NK;DJ Guh Mix",2025-02-07,265848,62,true,31issvbo2go74xaihjj5ccogxvni,2025-08-17T15:34:05Z,"funk,trap funk,funk consciente","Cria Hit BR",0.844,0.654,5,-5.723,0,0.379,0.338,0,0.287,0.844,130.104,4
spotify:track:4XD9XRj2e0awU4WzNVbiv9,"Papi","Papi","Mateca;Reid",2021-11-29,174000,34,true,31issvbo2go74xaihjj5ccogxvni,2025-08-17T15:34:08Z,"trap brasileiro,trap,hip hop brasileiro,trap funk","Mateca",0.797,0.661,5,-4.362,0,0.0909,0.0544,0,0.0835,0.694,121.884,4
spotify:track:5yJZPTD4M2pOIPAhp2TF3K,"After do Baile","Tropa 7Lc","Mc Anjim",2019-12-01,183744,60,true,31issvbo2go74xaihjj5ccogxvni,2025-08-17T15:34:13Z,"funk de bh,funk","MC Anjim 7Lc",0.595,0.567,5,-5.4,0,0.245,0.436,0,0.0581,0.692,77.804,4
spotify:track:2Z1DmmPWD3Lm0dWAxMfjxG,"Pirocada Quente","Pirocada Quente","MC Jvila;Mc Negão Original;DJ Dael;DJ Guh Mix",2025-01-28,195692,75,true,31issvbo2go74xaihjj5ccogxvni,2025-08-17T15:34:17Z,"funk,trap funk,funk consciente","Legenda Records",0.882,0.87,11,-1.803,0,0.32,0.319,0.00000174,0.101,0.75,130,4
spotify:track:1MpOGXIiTrbkkITj0tpm8q,"Ela Quer Se Bronzear","Ela Quer Se Bronzear","Murillo e LT no Beat;MC Jvila;MC Marks;Mc Negão Original;DJ Dael",2025-02-14,224985,57,true,31issvbo2go74xaihjj5ccogxvni,2025-08-17T15:34:20Z,"trap funk,funk,funk consciente,trap brasileiro","Som Livre",0.877,0.766,2,-4.022,1,0.267,0.121,0,0.0601,0.603,128.966,4
spotify:track:12tnjSu00MEMChk2gvpeQc,"Foge de Casa","Nostalgia","Dj Lv Mdp;Mc Anjim;Mc Laranjinha;MC Garoto;Mc Vh Diniz;DJ JR Oficial;DJ Cayoo",2024-03-15,175438,52,true,31issvbo2go74xaihjj5ccogxvni,2025-08-17T15:34:24Z,"funk de bh,funk,funk consciente,brega funk,funk carioca","Dj Lv Mdp",0.752,0.672,3,-3.761,0,0.0629,0.623,0,0.103,0.691,129.983,4
spotify:track:2kHKQeh18ol3AgtMsyAz2w,"Ariano","É o Japa Nk Né Bebê","DJ Japa NK;Mc Negão Original;DJ DAVI DOGDOG",2024-12-05,169163,52,true,31issvbo2go74xaihjj5ccogxvni,2025-08-17T15:34:29Z,"funk,trap funk,funk consciente","Love Funk",0.792,0.432,7,-9.666,0,0.0495,0.762,0,0.105,0.544,129.701,4
spotify:track:1IDd3GbBn1en5ydr6y6LoZ,"Boca Rosa","Boca Rosa","Mc Vittin PV;DJ Swat;Dj Marques MPC",2020-12-14,161846,2,false,31issvbo2go74xaihjj5ccogxvni,2025-08-17T15:34:33Z,"funk de bh,funk,brega funk","Gl7 Produções",0.493,0.428,3,-3.954,1,0.055,0.276,0,0.121,0.455,78.518,5
spotify:track:7gDtKPMPSw2ov5DQ0LSpwX,"Água Rosa","Água Rosa","Mc Anjim;DJ PH DA SERRA;DJ WJ da Inestan",2019-05-29,198504,64,true,31issvbo2go74xaihjj5ccogxvni,2025-08-17T15:34:37Z,"funk de bh,funk","Doug Filmes",0.743,0.422,7,-6.513,1,0.0293,0.386,0,0.0787,0.378,130.098,4
spotify:track:5i9QsbNUyVGw8n0K1Oakde,"Set do Dj 2W, Vol. 2","Set do Dj 2W, Vol. 2","MC L da Vinte;MC Luan da BS;Mc DB;MC Josh;MC Braz;DJ 2w;MC Keven da VC",2021-11-05,359999,62,true,31issvbo2go74xaihjj5ccogxvni,2025-08-17T15:34:41Z,"funk,funk de bh,funk carioca","Funk Explode Records",0.775,0.63,2,-1.268,0,0.121,0.457,0,0.106,0.628,86.307,5
spotify:track:3SaBoJ7DpqaZ0W5dU7998H,"Postura de Bandido Mau","Tropa 7Lc","Mc Anjim",2019-12-01,180976,67,true,31issvbo2go74xaihjj5ccogxvni,2025-08-17T15:34:44Z,"funk de bh,funk","MC Anjim 7Lc",0.566,0.61,8,-3.187,1,0.0816,0.729,0,0.0913,0.65,129.998,4
spotify:track:0d7oIw2t0f6oCXJUfWYw8E,"Mônaco Freestyle","Mônaco Freestyle","Veigh;Supernova Ent",2025-02-25,112000,56,false,31issvbo2go74xaihjj5ccogxvni,2025-08-17T15:34:48Z,"trap brasileiro,trap funk,trap,hip hop brasileiro","Supernova Ent",0.795,0.607,6,-5.173,0,0.141,0.27,0,0.115,0.232,120.034,4
spotify:track:3nHvzhjUWoVaXadS6h5ZsG,"Clima de Carnaval","Clima de Carnaval","Mc Neguinho PRT;Dj TC;Mc IG;Gudy",2025-02-27,145920,45,false,31issvbo2go74xaihjj5ccogxvni,2025-08-17T15:34:52Z,"funk,trap funk,funk consciente","GRINGOS WORLD PRODUTORA",0.628,0.606,8,-2.517,1,0.158,0.685,0.00000255,0.089,0.696,85.671,5
spotify:track:0d4FoBkKaSZ4lGzd6pgJTc,"Bbzão da Boca Inchada","Bbzão da Boca Inchada","Mc Negão Original;DJ Japa NK;DJ DAVI DOGDOG",2024-10-01,195692,60,true,31issvbo2go74xaihjj5ccogxvni,2025-08-17T15:35:00Z,"funk,trap funk,funk consciente","Love Funk",0.587,0.611,6,-5.266,0,0.42,0.502,0.0000123,0.285,0.65,101.898,3
spotify:track:2ZyZnlSYXvWzTDafpuTepq,"Camarote 25 (feat. MC Joãozinho VT)","Camarote 25 (feat. MC Joãozinho VT)","MC Jvila;MC Ryan SP;Mc Negão Original;DJ Dael;MC Joãozinho VT",2025-03-07,304615,58,true,31issvbo2go74xaihjj5ccogxvni,2025-08-17T15:35:03Z,"funk,trap funk,funk consciente","Legenda Records",0.878,0.701,6,-3.814,0,0.343,0.54,0,0.0925,0.85,129.971,4
spotify:track:2tFmuYL5D8zqBHvs0nG5Tn,"Bonjour","Bonjour","KayBlack;Marquinho no Beat",2023-02-08,131927,63,true,31issvbo2go74xaihjj5ccogxvni,2025-08-17T15:35:07Z,"trap brasileiro,trap funk,trap,hip hop brasileiro,funk","GR6 Music",0.774,0.436,5,-10.792,0,0.0842,0.292,0,0.112,0.773,131.068,4
spotify:track:1Rm71rj3i1tgpm0xuktnOf,"Eu Tentei","Eu Tentei","Mc Henry P;Mc Danilo",2018-03-16,149368,52,true,31issvbo2go74xaihjj5ccogxvni,2025-08-17T15:35:11Z,"funk","EPM MIX Editora",0.861,0.6,1,-3.606,0,0.0613,0.144,0,0.0728,0.935,131.008,4
spotify:track:0I5T3QPC4CtvwPjhQBf2Ju,"Vida de Celebridade","Vida de Celebridade","MC Joãozinho VT;Mc Kelvinho;DJ JR No Beat",2025-02-20,211000,57,true,31issvbo2go74xaihjj5ccogxvni,2025-08-17T15:35:15Z,"funk,funk consciente,trap funk","Sonar Music",0.701,0.544,1,-6.2,0,0.793,0.579,0,0.126,0.603,119.766,4
spotify:track:2UXbsA8Q2tg90kjEn2gV7j,"Joga Essa Rabeta","Joga Essa Rabeta","MC Teuzin PV;MC Skcot;DJ GH Sheik",2022-01-03,155076,69,true,31issvbo2go74xaihjj5ccogxvni,2025-08-17T15:35:18Z,"funk carioca,funk de bh","Funk Explode Records",0.537,0.421,8,-1.987,0,0.0605,0.408,0,0.0854,0.788,86.69,5
spotify:track:7iyMDV9CnrcwkMkAAOi6gA,"F1 COMENDO PUTA","F1 COMENDO PUTA","Mc Anjim;Dj Lv Mdp;MC Braz",2025-02-25,155193,52,true,31issvbo2go74xaihjj5ccogxvni,2025-08-17T15:35:22Z,"funk de bh,funk","Dj Lv Mdp",0.795,0.401,0,-8.603,0,0.0754,0.237,0,0.125,0.722,129.986,4
spotify:track:7bOjzpRtO6UpKBWSG3ttjW,"Não Sei, Talvez","Não Sei, Talvez","TrapLaudo;Dj Murillo e LT no Beat",2023-11-25,139500,40,false,31issvbo2go74xaihjj5ccogxvni,2025-08-17T15:35:25Z,"funk,trap funk,funk consciente,trap brasileiro","4M RECORDS",0.681,0.328,8,-6.372,0,0.0587,0.176,0,0.106,0.387,80.001,4
spotify:track:06VStvBWfFbepR97LhRo8D,"Contagem Regressiva","Contagem Regressiva","Mc IG;Mc Negão Original;MC Ryan SP;MC Jvila;DJ Guh Mix;Mc Lele JP;Murillo e LT no Beat",2025-03-24,288372,70,true,31issvbo2go74xaihjj5ccogxvni,2025-08-17T15:35:28Z,"funk,trap funk,funk consciente,trap brasileiro","WM Brazil",0.863,0.616,5,-6.135,0,0.161,0.862,0.0000328,0.101,0.775,128.93,4
spotify:track:4Loji8bLk8RgfEZxZhxskb,"Orações","Dos Prédios","Veigh;Jeju;Scotz;Supernova Ent",2022-11-18,146285,58,true,31issvbo2go74xaihjj5ccogxvni,2025-08-17T15:35:32Z,"trap brasileiro,trap funk,trap,hip hop brasileiro","Supernova Entertainment",0.707,0.634,10,-7.175,0,0.103,0.35,0,0.0962,0.661,105.062,4
spotify:track:3oR92uxdNLvV4A05uEfoh1,"Joga, Joga","Joga, Joga","Mc IG;Mc Negão Original;Fepache;Perera DJ",2025-03-31,225391,42,true,31issvbo2go74xaihjj5ccogxvni,2025-08-17T15:35:37Z,"funk,trap funk,funk consciente","WM Brazil",0.873,0.595,11,-4.772,0,0.502,0.456,0,0.128,0.633,115.014,4
spotify:track:0JPpScEAtvRvWQ38nifwO9,"USD, é USD!","USD, é USD!","Kyan;Mu540;DJ Mzl Ori",2025-04-03,181629,0,true,31issvbo2go74xaihjj5ccogxvni,2025-08-17T15:35:41Z,"trap brasileiro,trap funk,trap,hip hop brasileiro,funk bruxaria","Kyan",0.625,0.592,1,-5.625,1,0.328,0.0502,0,0.412,0.508,130.051,4
spotify:track:2v6tleWu8HX7YPpF9PMUhS,"Chapa do Chatão","Chapa do Chatão","Mc IG;MC Ryan SP;Mc Lele JP;DJ Hyago;MC LUUKY;MC Cebezinho",2025-04-04,354000,5,false,31issvbo2go74xaihjj5ccogxvni,2025-08-17T15:35:45Z,"funk,trap funk,funk consciente","GRINGOS WORLD PRODUTORA",0.659,0.508,1,-6.178,0,0.474,0.0974,0.00000147,0.0331,0.845,90.202,3
spotify:track:1yGKbakTOI42EMvvWVtqQH,"Contagem","Contagem","G.A;Veigh;JayA Luuck;Danzo",2022-09-22,209032,65,true,31issvbo2go74xaihjj5ccogxvni,2025-08-17T15:35:49Z,"trap brasileiro,trap funk,trap,hip hop brasileiro","G.AZINN",0.763,0.492,6,-8.581,0,0.0707,0.426,0,0.0463,0.69,124.021,4
spotify:track:1VpOT1TfTivUmFjSGSRt1U,"Olha pra Cara de Quem Te...","Olha pra Cara de Quem Te...","MC LUUKY;MC Jvila;DJ Dael",2025-03-06,120916,69,true,31issvbo2go74xaihjj5ccogxvni,2025-08-17T15:35:52Z,"funk,trap funk,funk consciente","EDITORA E GRAVADORA A BASE RECORDS",0.939,0.701,2,-3.701,1,0.246,0.515,0.000116,0.113,0.863,131.024,4
spotify:track:6B7P5ZbyH0UTpJpkkDJK3d,"12 Pontos no Cartola","12 Pontos no Cartola","Mc Negão Original;MC Ryan SP;Biazotto;Ruddy;DJ Guh Mix;Vulgo FK",2025-04-14,363934,47,true,31issvbo2go74xaihjj5ccogxvni,2025-08-17T15:35:56Z,"funk,trap funk,funk consciente,trap brasileiro,trap,hip hop brasileiro","WM Brazil",0.563,0.753,7,-2.033,0,0.299,0.308,0,0.0925,0.512,122.012,4
spotify:track:4rlITMkJ6oOFnLHH3y3M2H,"Olha pra Minha Cara Não","Olha pra Minha Cara Não","DJ Oreia;MC Cebezinho;MC Ryan SP;Love Funk;Menor Richard;MC Meno K;MC LUUKY",2024-12-04,344006,56,true,31issvbo2go74xaihjj5ccogxvni,2025-08-17T15:35:59Z,"funk,funk consciente,trap funk,funk carioca","Love Funk",0.662,0.63,4,-4.789,0,0.494,0.0279,0.00000199,0.127,0.89,88.916,3
spotify:track:3Zueb6ALSNxmNC9aCKK9z8,"A Bebê Quer Oque","A Bebê Quer Oque","MC Cebezinho;DJ Oreia;Menor Richard;Love Funk;MC GP;Mc Don Juan",2024-11-05,248000,56,true,31issvbo2go74xaihjj5ccogxvni,2025-08-17T15:36:02Z,"funk,funk consciente,trap funk","Love Funk",0.731,0.625,7,-5.226,1,0.665,0.0481,0,0.0634,0.932,119.989,4
spotify:track:3IjUrdmAjmjiSY7LUbYXVd,"Mó Fita","Mó Fita","Dj Victor;MC Tuto;MC LUUKY;Mc Kadu",2024-04-04,256000,64,true,31issvbo2go74xaihjj5ccogxvni,2025-08-17T15:36:06Z,"funk,funk consciente,trap funk","Nova Era Produtora",0.889,0.677,1,-7.086,0,0.501,0.628,0,0.0553,0.479,120.06,4
spotify:track:0UGkmvbIWUVwCg9MMusBxg,"Medley de Igaratá 5","Medley de Igaratá 5","Mc Negão Original;Mc IG;DJ Guh Mix",2025-03-17,221538,49,true,31issvbo2go74xaihjj5ccogxvni,2025-08-17T15:36:09Z,"funk,trap funk,funk consciente","Fusion Records",0.865,0.582,5,-6.063,0,0.389,0.312,0,0.0868,0.768,129.96,4
spotify:track:1pK2Tr5zwOkkuBrrDAkLbb,"Quem Tem Transa","Quem Tem Transa","MC Jvila;TrapLaudo;Mc IG;Murillo e LT no Beat",2025-03-27,241846,56,true,31issvbo2go74xaihjj5ccogxvni,2025-08-17T15:36:13Z,"funk,trap funk,funk consciente,trap brasileiro","GR6 Music",0.881,0.614,6,-7.507,0,0.344,0.733,0,0.123,0.779,130.001,4
spotify:track:0cKW1MV3SSmGNKGvdGlUAv,"Bsbanda","Bsbanda","Mc Vittin PV;DJ PH DA SERRA",2020-03-30,164388,5,true,31issvbo2go74xaihjj5ccogxvni,2025-08-17T15:36:16Z,"funk de bh,funk,brega funk","Atlas Agency",0.704,0.416,3,-6.94,0,0.159,0.51,0.00225,0.104,0.59,74.628,5
spotify:track:2kbSMgvj7H2cqnDXvDAfZS,"Quando Você Ligou","Quando Você Ligou","Mc Negão Original;Vulgo FK;DJ Guh Mix;DJ Yago",2025-04-30,189268,53,true,31issvbo2go74xaihjj5ccogxvni,2025-08-17T15:36:19Z,"funk,trap funk,funk consciente,trap brasileiro,trap,hip hop brasileiro","WM Brazil",0.666,0.587,7,-4.953,0,0.228,0.353,0,0.0952,0.431,86.032,3
spotify:track:2fQBi2YmDOvaYeIc1kpoZg,"Não Explanar","Não Explanar","MC L da Vinte",2020-10-20,125616,64,true,31issvbo2go74xaihjj5ccogxvni,2025-08-17T15:36:22Z,"funk,funk de bh,funk carioca","Funk Explode Records",0.655,0.448,11,-2.014,0,0.0813,0.408,0,0.116,0.657,82.341,3
spotify:track:2SFLZ4b8md59HSDxmomQxx,"Vem Desestressar","Vem Desestressar","MC PH;Vulgo FK;Veigh",2024-04-04,240000,60,true,31issvbo2go74xaihjj5ccogxvni,2025-08-17T15:36:26Z,"funk,trap funk,funk consciente,trap brasileiro,trap,hip hop brasileiro","GR6 Music",0.761,0.543,3,-7.717,0,0.0509,0.366,0,0.285,0.541,123.936,4
spotify:track:09K1zzSVtouqzXBvAlmIG5,"Meia Noite","Meia Noite","Mc Paiva ZS",2021-11-13,144294,62,false,31issvbo2go74xaihjj5ccogxvni,2025-08-17T15:36:30Z,"funk,trap funk,funk consciente,funk carioca","Love Funk",0.791,0.389,5,-5.672,0,0.0565,0.826,0.000183,0.106,0.619,125.102,4
spotify:track:0OBv4CEP5FKS19ZQGHAUM6,"Fala na Cara","Fala na Cara","Mc Paiva ZS;DJ Ak beats;Love Funk",2023-10-11,171707,70,true,31issvbo2go74xaihjj5ccogxvni,2025-08-17T15:36:33Z,"funk,trap funk,funk consciente,funk carioca","Love Funk",0.795,0.507,9,-6.515,0,0.101,0.774,0,0.107,0.785,122.934,4
spotify:track:3drMoGS8mheTrv82q7o9M6,"Não Vou Me Comprometer 🍀","Feliz no Simples 🍀","Mc IG;MC Ryan SP;Mc Lele JP;MC Cebezinho;DJ Oreia",2025-05-13,360000,55,true,31issvbo2go74xaihjj5ccogxvni,2025-08-17T15:36:37Z,"funk,trap funk,funk consciente","WM Brazil",0.927,0.581,6,-6.493,0,0.507,0.0138,0,0.204,0.95,119.976,4
spotify:track:5QJV48XdCFuvBTQ0XkSk6d,"Bailarina da Favela 🍀","Feliz no Simples 🍀","Mc IG;MC GP;MC Ryan SP;MC PH;DJ Oreia;MC Cebezinho",2025-05-13,366829,53,false,31issvbo2go74xaihjj5ccogxvni,2025-08-17T15:36:40Z,"funk,trap funk,funk consciente,trap brasileiro","WM Brazil",0.657,0.667,9,-6.371,0,0.523,0.0122,0,0.342,0.823,122.985,4
spotify:track:0yZRkiCSy4ra9EykuYyGo0,"Mandona (Se eu te dissesse)","Mandona (Se eu te dissesse)","Vulgo FK;Kyan;Bvga Beatz;Toledo",2023-04-20,127058,67,false,31issvbo2go74xaihjj5ccogxvni,2025-08-17T15:36:45Z,"trap brasileiro,trap funk,trap,funk,hip hop brasileiro","GR6 Music",0.824,0.45,8,-7.821,0,0.273,0.309,0,0.122,0.802,135.885,4
spotify:track:4t5Z9FZP99S7vwfGfV8qFQ,"Tipo Aladin 🍀","Feliz no Simples 🍀","Mc IG;TrapLaudo;MC GP;DJ Express",2025-05-13,207889,48,false,31issvbo2go74xaihjj5ccogxvni,2025-08-17T15:36:48Z,"funk,trap funk,funk consciente","WM Brazil",0.507,0.466,10,-10.51,0,0.252,0.477,0,0.17,0.85,87.009,1
spotify:track:5EOA2TZ6f1D9mKuRPmpdIS,"Pam Pam","Pam Pam","MC Cebezinho;MC Tuto;DJ Oreia;Love Funk;MC Ryan SP",2025-03-11,224000,54,true,31issvbo2go74xaihjj5ccogxvni,2025-08-17T15:36:51Z,"funk,funk consciente,trap funk","Love Funk",0.936,0.683,11,-6.012,0,0.327,0.0258,0.0000644,0.0956,0.772,119.988,4
spotify:track:1D4Jo67A2x8qvAUKu2S12y,"Cupido Fdp 2","Cupido Fdp 2","MC Rick;Mc Vittin PV;DJ Swat",2020-07-27,138461,57,true,31issvbo2go74xaihjj5ccogxvni,2025-08-17T15:36:55Z,"funk,funk de bh,trap funk,brega funk","Doug Filmes",0.728,0.657,1,-1.603,1,0.0557,0.678,0,0.117,0.375,130.218,4
spotify:track:7Erh3JIeGJ7zWVhuFXcZ28,"Os Mlk É Ruim","A Nata de Tudo - A Ovelha Negra","Mc Negão Original;Veigh;Toledo;DJ Guh Mix;DJ Yago",2025-02-07,192000,63,true,31issvbo2go74xaihjj5ccogxvni,2025-08-17T15:36:59Z,"funk,trap funk,funk consciente,trap brasileiro,trap,hip hop brasileiro","Cria Hit BR",0.789,0.548,5,-5.45,0,0.351,0.872,0,0.145,0.663,129.892,4
spotify:track:1Vy9Wn5sbiduZKBqBlH3Mc,"Ballena","Perdas & Ganhos","Vulgo FK;MC PH;Veigh;Pedro Lotto;Fepache",2023-07-14,200000,72,false,31issvbo2go74xaihjj5ccogxvni,2025-08-17T15:37:02Z,"trap brasileiro,trap funk,trap,funk,hip hop brasileiro,funk consciente","Som Livre",0.664,0.508,9,-7.684,0,0.33,0.307,0,0.126,0.228,120.313,4
spotify:track:2j7pQPTsRj2k3XFU6Vkb8g,"Pente 270!","DOIS Quebrada Inteligente","Kyan;Mu540;Veigh",2025-05-29,221706,60,true,31issvbo2go74xaihjj5ccogxvni,2025-08-17T15:37:06Z,"trap brasileiro,trap funk,trap,hip hop brasileiro","EHXIS",0.852,0.799,9,-4.608,0,0.477,0.484,0,0.106,0.723,130.013,4
spotify:track:366ezcFOSlKTivoCfkZdPG,"Artigo de Grife","Artigo de Grife","MC Vine7;DJ BOY",2024-12-16,178909,63,false,31issvbo2go74xaihjj5ccogxvni,2025-08-17T15:37:10Z,"funk,funk consciente,trap funk","Sonar Produtora",0.72,0.419,8,-7.077,0,0.536,0.765,0,0.108,0.749,110.003,4
spotify:track:6ubWrh2GuyKMpQrzOynRjD,"Hora Errada","Dos Prédios Deluxe","Veigh;Caio Luccas;Nagalli;Honaiser;Bvga Beatz;Supernova Ent",2023-05-19,210000,61,true,31issvbo2go74xaihjj5ccogxvni,2025-08-17T15:37:13Z,"trap brasileiro,trap funk,trap,hip hop brasileiro","Supernova Entertainment Under Exclusive License to UnitedMasters",0.728,0.575,5,-7.85,0,0.244,0.518,0,0.101,0.639,128.035,4
spotify:track:7zKWZ9XC5Mz0ye137QhvYb,"Toma Tapa","Toma Tapa","MC Tairon;DJ GH Sheik;life song",2022-09-09,129229,57,false,31issvbo2go74xaihjj5ccogxvni,2025-08-17T15:37:17Z,"funk de bh,funk","ID1642 - Life Song Records",0.826,0.68,2,-3.641,0,0.0615,0.505,0.00000265,0.0873,0.806,129.919,4
spotify:track:17Fq1JVnqFsjFrpK7W76ZW,"Amizade Colorida","Amizade Colorida","MC L da Vinte;MC Josh",2021-11-26,158769,53,true,31issvbo2go74xaihjj5ccogxvni,2025-08-17T15:37:20Z,"funk,funk de bh,funk carioca","Funk Explode Records",0.55,0.219,4,-10.551,0,0.143,0.523,0,0.0931,0.859,164.258,5
spotify:track:5uvEyd73MMFvW2WuEghabn,"Colocando Nela","Colocando Nela","MC L da Vinte;Mc Kaio;DJ Marcus Vinicius",2021-03-25,140307,48,false,31issvbo2go74xaihjj5ccogxvni,2025-08-17T15:37:24Z,"funk,funk de bh,funk carioca","Funk Explode Records",0.634,0.359,2,-5.57,0,0.0581,0.113,0.0000159,0.0679,0.456,84.696,5
spotify:track:7G8V8LiyyqwzSlsQLiaitN,"Toma Gostosona","Toma Gostosona","Mc Lele JP;DJ Guh Mix",2025-04-28,156923,77,true,31issvbo2go74xaihjj5ccogxvni,2025-08-17T15:37:31Z,"funk,funk consciente,trap funk","Cria Hit BR",0.955,0.546,4,-7.329,0,0.113,0.205,0,0.0771,0.835,130.062,4
spotify:track:5hIewUtr9DSK59MfCfWQjt,"Bandida de Moema","Bandida de Moema","Mc Negão Original;Mc Kelvinho;DJ Guh Mix;Caio Passos",2025-05-22,183750,49,true,31issvbo2go74xaihjj5ccogxvni,2025-08-17T15:37:35Z,"funk,trap funk,funk consciente,trap brasileiro","WM Brazil",0.876,0.793,4,-2.223,0,0.419,0.343,0,0.118,0.817,128.184,4
spotify:track:6dRr2YljG54MTLMyGZc1Q0,"Morrer De Amor","Morrer De Amor","Vulgo FK;Oruam;Tz da Coronel;Nagalli;Bvga Beatz;H4lfmeasures",2024-05-09,243471,58,false,31issvbo2go74xaihjj5ccogxvni,2025-08-17T15:37:39Z,"trap brasileiro,trap funk,trap,funk,hip hop brasileiro","Som Livre",0.814,0.481,10,-5.704,0,0.1,0.443,0,0.153,0.545,119.985,4
spotify:track:6I7GvlTbwrda4r4JDxYD9t,"Mão de Raquete","Vizinhança do Bigode","Mc Negão Original;MC Jvila;DJ Guh Mix;DJ Dael",2025-06-26,155538,45,true,31issvbo2go74xaihjj5ccogxvni,2025-08-17T15:37:46Z,"funk,trap funk,funk consciente","WM Brazil",0.861,0.648,10,-4.356,0,0.354,0.493,0.00000118,0.273,0.717,130.1,4
spotify:track:1jhlRGPg3cPWdqcq1uiQuN,"Skin de Piriguete","Vizinhança do Bigode","Mc Negão Original;Mc Fidelis;Dj Yuri Pedrada",2025-06-26,173538,38,true,31issvbo2go74xaihjj5ccogxvni,2025-08-17T15:37:50Z,"funk,trap funk,funk consciente","WM Brazil",0.753,0.718,7,-6.656,1,0.452,0.365,0,0.355,0.886,129.739,4
spotify:track:1rO0uD1DwejqeZLNXTroJK,"Hiperfoco","Eu Venci o Mundo","Veigh;Supernova Ent",2025-06-26,140155,61,true,31issvbo2go74xaihjj5ccogxvni,2025-08-17T15:37:54Z,"trap brasileiro,trap funk,trap,hip hop brasileiro","Supernova Entertainment",0.779,0.545,2,-7.582,0,0.195,0.687,0,0.108,0.404,130.175,5
spotify:track:7yRlmQTjZ5pdtlq7ska9mj,"Artista Genérico","Eu Venci o Mundo","Veigh;Supernova Ent",2025-06-26,150861,73,true,31issvbo2go74xaihjj5ccogxvni,2025-08-17T15:37:58Z,"trap brasileiro,trap funk,trap,hip hop brasileiro","Supernova Entertainment",0.671,0.742,1,-4.478,1,0.148,0.0707,0,0.13,0.209,139.944,4
spotify:track:0bek7IePM9EuMiDI6cGQJB,"Belieber","Eu Venci o Mundo","Veigh;Supernova Ent",2025-06-26,107906,58,true,31issvbo2go74xaihjj5ccogxvni,2025-08-17T15:38:02Z,"trap brasileiro,trap funk,trap,hip hop brasileiro","Supernova Entertainment",0.775,0.625,7,-4.324,0,0.187,0.488,0,0.177,0.911,147.054,4
spotify:track:277a7QeHcxctrKjvVVvrQv,"Dono da Verdade","Eu Venci o Mundo","Veigh;Supernova Ent",2025-06-26,144813,58,true,31issvbo2go74xaihjj5ccogxvni,2025-08-17T15:38:05Z,"trap brasileiro,trap funk,trap,hip hop brasileiro","Supernova Entertainment",0.801,0.568,5,-5.655,1,0.383,0.458,0,0.105,0.458,119.945,4
spotify:track:0jaN95G1TyZazGxQvYwib8,"Sangue do Cordeiro","Eu Venci o Mundo","Veigh;Supernova Ent",2025-06-26,106290,55,true,31issvbo2go74xaihjj5ccogxvni,2025-08-17T15:38:10Z,"trap brasileiro,trap funk,trap,hip hop brasileiro","Supernova Entertainment",0.63,0.581,4,-5.5,0,0.419,0.477,0,0.172,0.421,103.524,3
spotify:track:298ionVvjnAHlD0IqYVYfC,"Visões","Eu Venci o Mundo","Veigh;Supernova Ent",2025-06-26,163192,59,true,31issvbo2go74xaihjj5ccogxvni,2025-08-17T15:38:13Z,"trap brasileiro,trap funk,trap,hip hop brasileiro","Supernova Entertainment",0.691,0.568,1,-7.364,0,0.148,0.782,0.00127,0.108,0.722,100.173,4
spotify:track:4jHAhaDQXdwnRGcvls8HZc,"Duas Cabine","BOLA + 1 BECK (DELUXE)","Murillo e LT no Beat;Menor MC;MC Ryan SP;Predella;MC GP;Mc Don Juan;Orochi",2025-05-22,433541,27,true,31issvbo2go74xaihjj5ccogxvni,2025-08-17T15:38:17Z,"trap funk,funk,funk consciente,trap brasileiro,trap,hip hop brasileiro","Som Livre",0.632,0.429,6,-8.562,1,0.399,0.296,0,0.307,0.527,113.265,5
spotify:track:2zjSEHhLqyRoNHrNcGewMO,"doce mágico","tempo.zip","Teto;Menor MC;DJ Matt D",2025-01-15,139428,59,true,31issvbo2go74xaihjj5ccogxvni,2025-08-17T15:38:21Z,"trap brasileiro,trap,trap funk,hip hop brasileiro,funk,funk consciente","30PRAUM",0.861,0.802,7,-2.026,1,0.368,0.133,0,0.0732,0.675,105.015,4
spotify:track:43i1VOsrafAmqTFXYqnW9S,"Ai Que Calor","Ai Que Calor","Mc Lele JP;MC GP",2019-12-10,187100,56,false,31issvbo2go74xaihjj5ccogxvni,2025-08-17T15:38:24Z,"funk,funk consciente,trap funk","GR6 Music",0.953,0.628,6,-0.081,1,0.0601,0.373,0,0.069,0.754,129.987,4
spotify:track:0ZOvYxvudFhHoM4DqLlujp,"To Com Uma Novinha Mídia 🍀","Feliz no Simples 🍀","Mc IG;Mc Lele JP;Mc Neguinho PRT;Oldilla",2025-05-13,304918,65,false,31issvbo2go74xaihjj5ccogxvni,2025-08-17T15:38:28Z,"funk,trap funk,funk consciente","WM Brazil",0.767,0.512,1,-8.893,0,0.467,0.558,0.0000193,0.13,0.645,121.681,4
spotify:track:1aGFBYrWGHTBzkVlAZvfm5,"Paraíso Tropical 3","Paraíso Tropical 3","Dj Victor;Mc Kadu;MC Menor da VG;Mc Lele JP;MC Cebezinho;MC GP;Mc IG",2022-12-21,396000,45,true,31issvbo2go74xaihjj5ccogxvni,2025-08-17T15:38:32Z,"funk,funk consciente,trap funk","GR6 Music",0.744,0.37,4,-7.716,0,0.516,0.478,0,0.0861,0.654,160.017,4
spotify:track:0WFA9Klvxj0rFc9YFe7Zgv,"Ta Rico Os Menino Do Gueto 🍀","Ta Rico Os Menino Do Gueto 🍀","Mc IG;MC Ryan SP;Mc Negão Original;MC GP;DJ DAVI DOGDOG;DJ Japa NK;DU'L;MC Meno K;Mc guizinho niazi;Nickz Beatz;SiarBeats",2025-04-30,459692,65,true,31issvbo2go74xaihjj5ccogxvni,2025-08-17T15:38:35Z,"funk,trap funk,funk consciente,funk carioca,brega funk,trap brasileiro","WM Brazil",0.543,0.715,7,-5.036,0,0.389,0.358,0,0.107,0.552,86.681,5
spotify:track:6JBW5U7aVyxrDQiKrGEArO,"Moeda Antiga","Moeda Antiga","MC Jvila;Mc Rodrigo do CN;Nego Trufa;DJ Dael;$CAM;BaraNoBeat;Pariz Beat",2025-07-04,254769,47,true,31issvbo2go74xaihjj5ccogxvni,2025-08-17T15:38:38Z,"funk,trap funk,funk consciente,funk de bh,funk carioca","GR6 Music",0.804,0.863,8,-4.65,0,0.378,0.463,0,0.184,0.794,129.929,4
spotify:track:2JIQBx1sB2vbqkR6qeUIMD,"Faz Uns Dias 2","Sick Love","TrapLaudo;Vulgo FK;MC PH;Mc IG;Lil Kid 777;Murillo e LT no Beat;011Frank",2025-06-11,337048,55,true,31issvbo2go74xaihjj5ccogxvni,2025-08-17T15:38:41Z,"funk,trap funk,funk consciente,trap brasileiro,trap,hip hop brasileiro","GR6 Music",0.765,0.347,10,-7.86,0,0.0712,0.255,0,0.0972,0.743,110.651,5
spotify:track:1sdSyDI50VEY4apSDZJhu9,"Terça de Vitrine","Terça de Vitrine","TrapLaudo;DJ Hyago;MUC4",2025-07-29,122880,57,false,31issvbo2go74xaihjj5ccogxvni,2025-08-17T15:38:45Z,"funk,trap funk,funk consciente","4M RECORDS",0.596,0.384,9,-7.546,0,0.48,0.614,0,0.0747,0.529,84.022,5
spotify:track:2hIeA7vgYybNRtFi2qTOEU,"Os Menino da Nova","Mixtape Supernova Vol.1","Supernova Ent;Niink;Veigh;G.A;Ghard",2024-12-12,137677,64,false,31issvbo2go74xaihjj5ccogxvni,2025-08-17T15:38:50Z,"trap brasileiro,trap,trap funk,hip hop brasileiro","Supernova Entertainment",0.56,0.573,8,-4.452,1,0.324,0.278,0,0.0946,0.152,108.743,3
spotify:track:7rF5wGQf6Yp990cP1MoMqs,"Calculista 2","Calculista 2","MC Joãozinho VT;Mc Paiva ZS;MC Tuto;DJ JR No Beat",2025-08-04,284425,53,true,31issvbo2go74xaihjj5ccogxvni,2025-08-17T15:38:54Z,"funk,funk consciente,trap funk,funk carioca","Sonar Music",0.656,0.622,0,-5.469,1,0.312,0.38,0.00000601,0.106,0.667,91.225,3
spotify:track:7z0MJmPQwVMg246ZBWnhGr,"Nois Não é Migo 3","Nois Não é Migo 3","MC Ryan SP;DJ Japa NK;MC GP;Boladin 211;DJ DAVI DOGDOG;MC Joãozinho VT;Mc Dena;Mc Negão Original;Mc Rodrigo do CN;Nilo",2025-08-07,492591,57,true,31issvbo2go74xaihjj5ccogxvni,2025-08-17T15:38:57Z,"funk,funk consciente,trap funk,funk de bh,fado,funk carioca","WM Brazil",0.868,0.615,1,-4.942,0,0.561,0.276,0,0.0921,0.556,129.788,4
spotify:track:7wanYYFVi4cDqRXbPAfM1Y,"Set Dj Gm 2.0","Set Dj Gm 2.0","MC Paulin da Capital;Mc Lipi;Mc Lele JP;Mc Magal;Mc Neguinho do ITR;Mc Barone;Mc CL;MC Yuri;MC Dricka;Mc Nathan ZK;Mc Piedro;Dj GM",2020-03-05,475245,54,true,31issvbo2go74xaihjj5ccogxvni,2025-08-17T15:39:00Z,"funk consciente,funk,trap funk,funk carioca,brega funk,brega,funk de bh","LoveFunk",0.526,0.642,8,-3.044,0,0.0932,0.609,0,0.0974,0.597,133.14,5
spotify:track:4WXVqLSRHF4ypdiBngbcqU,"Set Dj Gm 6.0","Set Dj Gm 6.0","Dj GM;Mc Paiva ZS;Triz;MC Paulin da Capital;Mc Lipi;Mc Lele JP;MC Ryan SP;Gabb MC;Mc Daniel;MC Cebezinho;MC GH do 7;MC Marks;Mc Negão Original;GREGO",2023-12-22,624000,76,false,31issvbo2go74xaihjj5ccogxvni,2025-08-17T15:39:04Z,"funk consciente,funk,trap funk,funk carioca,agronejo,piseiro,forró","Love Funk",0.459,0.747,8,-2.665,0,0.199,0.355,0,0.289,0.517,63.546,5
spotify:track:2PsrJc45N7xbFo2ZrL4bHD,"Invisível pt.2","Invisível pt.2","Veigh;Supernova Ent;Honaiser;Toledo;Nagalli;Bvga Beatz",2023-10-08,174556,65,false,31issvbo2go74xaihjj5ccogxvni,2025-08-17T15:39:10Z,"trap brasileiro,trap funk,trap,hip hop brasileiro","Supernova Entertainment Under Exclusive License to UnitedMasters",0.667,0.486,1,-8.593,0,0.244,0.143,0,0.385,0.487,87.838,4
spotify:track:6OPfBo0J6yqzSY9WxNlbA5,"Valentino","Valentino","MC Willian;DJ Japa NK;DJ DAVI DOGDOG",2025-06-12,157033,66,true,31issvbo2go74xaihjj5ccogxvni,2025-08-17T15:39:15Z,"funk,trap funk,funk consciente","Cria Hit BR",0.784,0.506,10,-5.47,0,0.294,0.348,0,0.103,0.395,130.197,4
spotify:track:5ROyrHNiEx9DeZ5SONjVbM,"Terapia","Terapia","Mc Kevin",2020-04-06,212166,72,true,31issvbo2go74xaihjj5ccogxvni,2025-08-17T15:39:20Z,"funk,funk consciente,trap funk","GR6 Music",0.811,0.52,8,-7.977,1,0.0737,0.534,0.0000484,0.0988,0.692,171.963,4
spotify:track:2Ki2eKWyUq0a75yDNlreQA,"Pé na Areia 🍀","Pé na Areia 🍀","Mc IG;Dj Victor",2025-08-19,178203,58,true,31issvbo2go74xaihjj5ccogxvni,2025-08-20T18:56:00Z,"funk,trap funk,funk consciente","WM Brazil",0.803,0.565,4,-5.411,0,0.315,0.489,0,0.103,0.628,111.432,5
spotify:track:4VrNH9AYNYY8bct3Jz31Zq,"After no Vitrinni","After no Vitrinni","MC GP;MC Meno K;Mc Dena;Fepache;DJ Oreia",2025-03-18,272000,53,true,31issvbo2go74xaihjj5ccogxvni,2025-09-09T09:38:24Z,"funk,funk consciente,trap funk,funk carioca","G-LIFE RECORDS",0.945,0.499,6,-6.444,1,0.551,0.125,0,0.0675,0.812,119.944,4
spotify:track:3zXIfbjxSzPMNP6JDZsQsi,"Mitsubishi","Celebridade","Orochi;Kizzy",2020-03-27,182181,73,true,31issvbo2go74xaihjj5ccogxvni,2025-09-09T09:46:11Z,"trap brasileiro,hip hop brasileiro,trap funk,trap","Mainstreet Records",0.751,0.571,11,-7.017,0,0.209,0.132,0,0.101,0.698,110.021,4
spotify:track:3MkdA6vwF0ifRl86yzTlJW,"Kenny G","Kenny G","Matuê",2019-09-04,189600,74,true,31issvbo2go74xaihjj5ccogxvni,2025-09-09T09:48:33Z,"trap brasileiro,trap,hip hop brasileiro,trap funk","Sony Music Entertainment",0.417,0.767,9,-3.31,1,0.193,0.0778,0,0.113,0.152,72.573,3
spotify:track:4ssHL7bSnOAE7HjiuLx6Co,"Crack com Mussilon","333","Matuê",2024-09-09,154418,18,true,31issvbo2go74xaihjj5ccogxvni,2025-09-09T09:51:14Z,"trap brasileiro,trap,hip hop brasileiro,trap funk","30PRAUM",0.767,0.803,6,-2.833,0,0.116,0.173,0,0.14,0.462,128.979,4
spotify:track:5oI9blwsXC8AkTWw6wASY8,"Máquina do Tempo","Máquina do Tempo","Matuê",2020-09-10,230400,78,true,31issvbo2go74xaihjj5ccogxvni,2025-09-09T09:52:42Z,"trap brasileiro,trap,hip hop brasileiro,trap funk","Sony Music Entertainment",0.629,0.727,4,-4.387,0,0.0499,0.0647,0,0.138,0.132,149.978,4
spotify:track:2fjqfFUq64thFsqfKN01kS,"Imagina esse Cenário","333","Matuê;Veigh",2024-09-09,155368,16,true,31issvbo2go74xaihjj5ccogxvni,2025-09-09T09:53:55Z,"trap brasileiro,trap,hip hop brasileiro,trap funk","30PRAUM",0.583,0.665,1,-3.885,1,0.18,0.314,0,0.112,0.463,94.329,4
spotify:track:0GYPcKDlsb8WEtJkkKdtgH,"Anos Luz","Anos Luz","Matuê",2017-11-10,264035,4,false,31issvbo2go74xaihjj5ccogxvni,2025-09-09T09:54:52Z,"trap brasileiro,trap,hip hop brasileiro,trap funk","Matuê",0.634,0.498,6,-10.242,0,0.103,0.375,0,0.115,0.299,109.817,4
spotify:track:6QsHhB0W9GtLF3cI7mUVkQ,"1993","333","Matuê",2024-09-09,127826,14,true,31issvbo2go74xaihjj5ccogxvni,2025-09-10T03:11:23Z,"trap brasileiro,trap,hip hop brasileiro,trap funk","30PRAUM",0.753,0.88,11,-3.165,1,0.081,0.455,0,0.146,0.582,92.055,4
spotify:track:3ua3rqwBNmeGeQfcKnA3bT,"Groupies","Groupies","Doode;Teto;Matuê",2021-09-28,164571,69,false,31issvbo2go74xaihjj5ccogxvni,2025-09-10T09:47:02Z,"trap brasileiro,trap,trap funk,hip hop brasileiro","Sony Music Entertainment",0.845,0.655,5,-5.137,0,0.0612,0.239,0,0.0974,0.516,139.955,4
spotify:track:3SehKLZ6POcvoDglQuzqYe,"E Se o 2W Te Pedir","E Se o 2W Te Pedir","MC Luan da BS;DJ 2w;life song",2023-06-13,138922,53,true,31issvbo2go74xaihjj5ccogxvni,2025-09-10T17:25:36Z,"funk de bh,funk","ID1642 - Life Song Records / Da Bs Pro Mundo",0.634,0.723,2,0.711,0,0.0816,0.279,0,0.153,0.744,83.977,5
spotify:track:6kNtHQia4RLJx6EaYpM4Lo,"Chute no Balde","Meu Momento","MC Joãozinho VT;Kako;Mc IG;Mc Kanhoto;MC Leozinho ZS;MC Rick;MC Ryan SP;MC Tuto;DJ BOY;DJ WN",2022-08-05,474785,0,false,31issvbo2go74xaihjj5ccogxvni,2025-09-28T02:44:59Z,"funk,funk consciente,trap funk,funk de bh","SM",0.667,0.652,6,-2.002,1,0.403,0.65,0,0.1,0.883,151.946,4
spotify:track:5Z4TYur0O9OxmxIo6GC2Gq,"Oi, Como Ce Tá?","Oi, Como Ce Tá?","Vulgo FK;AMUSIK;WEY;Wall Hein",2022-02-18,156153,67,false,31issvbo2go74xaihjj5ccogxvni,2025-10-08T09:46:59Z,"trap brasileiro,trap funk,trap,funk,hip hop brasileiro","Elenko Music",0.704,0.724,11,-5.577,0,0.0514,0.0988,0,0.0796,0.733,156.101,4
spotify:track:6S3BVpOmv5suvBiKFuz7CJ,"300 no 7, Pt. 2","300 no 7, Pt. 2","MC Jvila;MC GP;MC LUUKY;Dj Yuri Pedrada",2025-10-31,256488,56,true,31issvbo2go74xaihjj5ccogxvni,2025-11-03T01:53:27Z,"funk,trap funk,funk consciente","Legenda Records",0.886,0.649,8,-5.015,1,0.453,0.195,0,0.36,0.619,130.891,4
spotify:track:0f69G0VwHAQPwfAXDX96b5,"Cola no Ap 3 🍀","Feliz no Simples (Parte 2) 🍀","Mc IG;MC GP;Mc Dena;DJ Glenner;Fepache;Vital",2025-10-28,327529,51,true,31issvbo2go74xaihjj5ccogxvni,2025-11-03T01:53:47Z,"funk,trap funk,funk consciente","WM Brazil",0.665,0.598,9,-6.873,0,0.453,0.477,0,0.0744,0.47,116.264,5
spotify:track:0GoByMp2rFOVWcgoBILk1U,"??? 🍀","??? 🍀","Mc IG;DJ Oreia",2025-10-27,179277,48,true,31issvbo2go74xaihjj5ccogxvni,2025-11-03T01:53:54Z,"funk,trap funk,funk consciente","WM Brazil",0.677,0.678,7,-4.462,0,0.074,0.616,0,0.158,0.869,110.811,5
spotify:track:6UkoBYX5ZjJjXsy64gcwwl,"Havaiana Branca 🍀","Feliz no Simples (Parte 2) 🍀","Mc IG;MC Ryan SP;DJ Hyago",2025-10-28,189268,50,true,31issvbo2go74xaihjj5ccogxvni,2025-11-03T01:58:05Z,"funk,trap funk,funk consciente","WM Brazil",0.675,0.557,3,-6.497,0,0.436,0.0638,0,0.102,0.763,82.931,3
spotify:track:4Hu8VCF4uUnxrTOVKlQW9n,"911 🍀","Feliz no Simples (Parte 2) 🍀","Mc IG;DJ Matt D",2025-10-28,158128,50,true,31issvbo2go74xaihjj5ccogxvni,2025-11-03T01:59:45Z,"funk,trap funk,funk consciente,trap brasileiro","WM Brazil",0.641,0.461,9,-6.253,1,0.124,0.378,0,0.0989,0.66,111.657,1
spotify:track:3p58wJmZqIc9RjsdeZ5Jfq,"Vou pela Madrugada","A Nata de Tudo - A Ovelha Negra","Mc Negão Original;MC Jvila;MC Willian;DJ Japa NK;MC Meno K;DJ Guh Mix",2025-02-07,281774,78,true,31issvbo2go74xaihjj5ccogxvni,2025-11-03T02:09:47Z,"funk,trap funk,funk consciente,funk carioca","Cria Hit BR",0.627,0.502,10,-4.334,0,0.234,0.344,0,0.151,0.546,86.751,5
spotify:track:4ATO632UaFTJltxCbfBpHI,"ME POSTOU NO DAILY - FESTA DO BIG G","ME POSTOU NO DAILY - FESTA DO BIG G","MC GP;Mc Lele JP;DJ DAVI DOGDOG;Dj Andrabeat",2025-09-25,177230,72,true,31hrh2cvr44my62idghqelczd664,2025-11-09T22:24:38Z,"funk,funk consciente,trap funk","Legenda Records",0.837,0.518,0,-6.9,0,0.264,0.497,0,0.0951,0.496,129.828,4
spotify:track:4l2Fyw7EYB5XjcKwqcwuHQ,"Tô na Brasilia com o Zigão","Tô na Brasilia com o Zigão","DJ Zigão;MC Roger",2025-09-08,155307,33,true,31hrh2cvr44my62idghqelczd664,2025-11-09T22:24:48Z,"funk,funk carioca,brega funk","MSTT RECORDS",0.86,0.868,11,-1.894,1,0.256,0.196,0,0.0566,0.791,130.191,4
spotify:track:6xgf2Nigvj0JuyNFFDAG7t,"Pantera","Pantera","MC Jvila;G.A;Nagalli;Toledo;Honaiser",2025-09-10,191250,69,false,31hrh2cvr44my62idghqelczd664,2025-11-09T22:24:57Z,"funk,trap funk,funk consciente,trap brasileiro,trap,hip hop brasileiro","GR6 Music",0.64,0.609,8,-4.658,1,0.492,0.0578,0.00000126,0.11,0.655,85.023,5
spotify:track:6x1FttETfbRLerumlTn0ZH,"Paypal","previas.zip","Teto",2021-04-01,166153,68,false,31issvbo2go74xaihjj5ccogxvni,2025-11-14T23:43:39Z,"trap brasileiro,trap,trap funk,hip hop brasileiro","Sony Music Entertainment",0.888,0.691,4,-3.759,0,0.254,0.171,0,0.343,0.863,130.067,4
spotify:track:5wTHqpJDnoGW562HQW1BmC,"TENTAR SER BREVE 🤷🏾‍♀️","FKAY","KayBlack;Vulgo FK;Veigh;Fepache;Galdino;H4lfmeasures;Honaiser",2025-11-25,223384,71,false,31issvbo2go74xaihjj5ccogxvni,2025-12-08T23:16:43Z,"trap brasileiro,trap funk,trap,hip hop brasileiro,funk,funk consciente","WM Brazil",0.695,0.524,3,-6.558,0,0.276,0.79,0,0.113,0.706,130.015,3
spotify:track:43bW0tOjIQvqD879pcOA5m,"CONFUNDE A MENTE 🧠","FKAY","KayBlack;Vulgo FK;MATHINVOKER;Galdino;Murillo e LT no Beat",2025-11-25,133384,56,false,31issvbo2go74xaihjj5ccogxvni,2025-12-08T23:16:49Z,"trap brasileiro,trap funk,trap,hip hop brasileiro,funk,funk consciente","WM Brazil",0.7,0.452,10,-8.565,0,0.324,0.0312,0,0.168,0.51,130.635,4
spotify:track:5DAALJjUCl57Z9qU6l52pF,"Set Dj 2W","Set Dj 2W","MC Luan da BS;Mc DB;MC Braz;MC Marley;MC Josh;Mc Dudu HR;DJ 2w",2021-05-17,275153,52,true,31issvbo2go74xaihjj5ccogxvni,2025-12-08T23:16:55Z,"funk de bh,funk","Funk Explode Records",0.58,0.534,11,-4.661,1,0.278,0.526,0.000336,0.0815,0.658,84.821,5
spotify:track:6kaWah1Acn1dtNjAy6sm1p,"Diário de um Cafajeste","Diário de um Cafajeste","DJ Oreia;Mc Lele JP;MC Meno K;MC Ryan SP;MC Tuto;Mc Negão Original",2025-11-06,357120,84,true,31issvbo2go74xaihjj5ccogxvni,2025-12-08T23:17:02Z,"funk,funk consciente,trap funk,funk carioca","GRINGOS WORLD PRODUTORA",0.721,0.521,5,-6.149,0,0.653,0.217,0.00541,0.0847,0.831,125.019,4
spotify:track:020De83tFmcTrgEpzdUCNS,"Vai Tomando Pock Pock","Chatão","Mc Lele JP;MC Leozinho ZS;MC GH Original;MC Menor ZL;DJ GORDINHO DA VF;MC Meno K;MC PR",2025-08-07,335999,22,true,31issvbo2go74xaihjj5ccogxvni,2025-12-08T23:17:09Z,"funk,funk consciente,trap funk,funk carioca,phonk,brega funk,phonk brasileiro","GRINGOS WORLD PRODUTORA",0.911,0.612,4,-2.79,0,0.0829,0.176,0.000142,0.103,0.515,130.115,4
spotify:track:49RRBsYse5dBDRubOhCEkE,"espelho","tempo.zip","Teto",2025-01-15,130909,58,true,31issvbo2go74xaihjj5ccogxvni,2025-12-08T23:17:16Z,"trap brasileiro,trap,trap funk,hip hop brasileiro","30PRAUM",0.836,0.667,1,-2.124,0,0.063,0.116,0,0.0675,0.42,121.027,4
spotify:track:5jXXQY6LLlEtEWMDL6XcaP,"Chatão","Chatão","Mc Lele JP;DJ Oreia;Mc DR;Gubeatz;Mc Negão Original;MC Ryan SP",2025-08-07,314880,19,false,31issvbo2go74xaihjj5ccogxvni,2025-12-12T02:18:55Z,"funk,funk consciente,trap funk","GRINGOS WORLD PRODUTORA",0.511,0.484,11,-10.559,0,0.147,0.259,0.00119,0.132,0.811,82.822,5
spotify:track:4kqz2VSAmiLm06X90jmktL,"Semi Nua","Semi Nua","MC GP;MC Meno K;Aaron Modesto;MC RN do Capão;DU'L;MC Rick;DJ Guh Mix;Marquinho no Beat;MC Ryan SP;Mc Negão Original",2025-08-08,548571,13,true,31issvbo2go74xaihjj5ccogxvni,2025-12-12T02:25:20Z,"funk,funk consciente,trap funk,funk carioca,funk de bh,trap brasileiro,trap","Black Sound Music",0.53,0.671,3,-4.037,0,0.369,0.733,0,0.228,0.74,91.006,3
spotify:track:3InTJC7yJU7MxpYP0b5KOt,"Pra Que Brigar","Pra Que Brigar","MC Josh;Dj L Martins;Dj Tg Da Inestan;Dj Luizin",2021-07-01,177230,64,true,31issvbo2go74xaihjj5ccogxvni,2025-12-29T15:52:37Z,"funk de bh,funk","NW EDITORA",0.484,0.349,8,-7.331,0,0.133,0.518,0,0.157,0.573,68.562,4
spotify:track:1JZDwJgE9VSC0V2GR66z63,"SET DO JAPA NK 2.0","SET DO JAPA NK 2.0","DJ Japa NK;MC Ryan SP;MC Meno K;Mc IG;MC LUUKY;Mc Jacaré;Mc Rodrigo do CN;MC GH do 7;Mc Lele JP;MC Jvila;Oruam",2025-11-20,518783,79,true,31issvbo2go74xaihjj5ccogxvni,2025-12-29T15:52:41Z,"funk,trap funk,funk consciente,funk carioca,funk de bh,trap brasileiro,trap","Bololo Records",0.907,0.586,6,-4.773,0,0.14,0.317,0,0.122,0.604,129.905,4
spotify:track:6FvzsjfBugXgN8wHwT1cck,"Vem Intencionada","Chatão","Mc Lele JP;DJ Hyago",2025-08-07,155520,10,false,31issvbo2go74xaihjj5ccogxvni,2026-01-10T20:23:55Z,"funk,funk consciente,trap funk","GRINGOS WORLD PRODUTORA",0.828,0.552,10,-5.841,0,0.143,0.0736,0.00000109,0.0669,0.545,125.095,4
spotify:track:7qqixxBvZIGSep53Eh2o0b,"Gauchinha","Beat Que Te Deixa Alerta","DJ Japa NK;MC Meno K;MC Ryan SP;Mc Brinquedo;MC LUUKY",2025-12-17,273326,78,false,31issvbo2go74xaihjj5ccogxvni,2026-01-10T20:24:02Z,"funk,trap funk,funk consciente,funk carioca","2025 Kondzilla Nova Era",0.934,0.476,1,-7.046,0,0.505,0.295,0,0.0779,0.573,130.075,4
spotify:track:6JH5wCoto58vgqa61jvazc,"JAPONÊS","JAPONÊS","Brandão85;Matuê",2025-11-30,192591,69,false,31issvbo2go74xaihjj5ccogxvni,2026-01-12T23:38:07Z,"trap brasileiro,trap,hip hop brasileiro,trap funk","30PRAUM",0.604,0.814,8,-4.478,0,0.0323,0.00249,0,0.347,0.303,144.122,4
spotify:track:2leUlqP2JDMXUWYKtoVT10,"sua vez de se apresentar","brigas de inverno","G.A;CJota;Supernova Ent",2025-05-22,140495,48,false,31issvbo2go74xaihjj5ccogxvni,2026-01-12T23:40:50Z,"trap brasileiro,trap funk,trap,hip hop brasileiro","Supernova Entertainment",0.773,0.611,1,-5.38,1,0.114,0.473,0,0.112,0.697,92.274,3
spotify:track:6iqKv3VXCmX0y074NFQ2xf,"a noite chega","a noite chega","G.A;Ryu, The Runner;MC Koringa;Bvga Beatz;Supernova Ent",2024-02-28,171219,44,true,31issvbo2go74xaihjj5ccogxvni,2026-01-12T23:40:54Z,"trap brasileiro,trap funk,trap,hip hop brasileiro,funk melody,funk,funk carioca","Supernova Entertainment",0.811,0.481,10,-8.444,0,0.147,0.487,0,0.189,0.607,115.006,4
spotify:track:3c3JcAioFbRXXWQwkdfmZH,"Veterano","Veterano","Lipinho Oficial;Vinicin;Surfista;Ryuchi;Ian Durso;JVMVO",2025-04-03,240000,73,true,31issvbo2go74xaihjj5ccogxvni,2026-01-26T18:31:39Z,"trap funk,trap brasileiro","Sony Music Entertainment",0.495,0.677,4,-4.749,0,0.288,0.573,0,0.103,0.249,79.455,4
spotify:track:31X6ihiAWsNnKRky0R8532,"TUDO DE NOVO","CAOS DLX","Alee;Filipe Ret;Qualywav1",2025-07-24,225391,70,false,31issvbo2go74xaihjj5ccogxvni,2026-02-05T01:15:03Z,"trap brasileiro,trap,hip hop brasileiro,trap funk","Alee",0.533,0.47,1,-6.203,1,0.0644,0.18,0,0.117,0.0641,172.534,3
spotify:track:7gqvuWPZdjOuLwfPIgIBGn,"PARTY","CAOS DLX","Alee;Qualywav1;saboya;Anezzi;Klisman;Del Jay",2025-07-24,232188,51,true,31issvbo2go74xaihjj5ccogxvni,2026-02-05T01:15:07Z,"trap brasileiro,trap,trap funk,hip hop brasileiro","Alee",0.845,0.666,10,-6.5,0,0.147,0.191,0,0.102,0.722,118.041,4
spotify:track:5gLmMNEvDcl0Kb1EX8b69m,"LUZ, CAMA E AÇÃO","CAOS DLX","Alee;MC Cabelinho;Qualywav1",2025-07-24,182000,69,true,31issvbo2go74xaihjj5ccogxvni,2026-02-05T01:15:13Z,"trap brasileiro,trap,trap funk,hip hop brasileiro,funk consciente","Alee",0.807,0.781,4,-4.337,0,0.0635,0.385,0.00000108,0.141,0.792,120.009,4
spotify:track:4mWvUyxAax81We11pYY4up,"Semi Nua 2","Semi Nua 2","Mc Iguinho Ct;Mc Negão Original;Aaron Modesto;Mc Dena;MC GP;MC Ryan SP;MC Willian;DJ Guh Mix;DU'L;MC RN do Capão;Marquinho no Beat",2026-03-02,655238,77,false,31issvbo2go74xaihjj5ccogxvni,2026-03-02T21:45:18Z,"funk,trap funk,funk consciente,trap brasileiro,trap","Universal Music Ltda.",0.586,0.523,6,-6.618,0,0.37,0.634,0,0.121,0.659,126.004,4
spotify:track:606Ps4kfMlkeZp0Zr6Xzrk,"Pataco","Pataco","Mc Paiva ZS;Kotim",2022-04-15,163200,48,true,31issvbo2go74xaihjj5ccogxvni,2026-04-06T20:10:43Z,"funk,trap funk,funk consciente,funk carioca","Love Funk",0.686,0.613,10,-5.874,0,0.651,0.278,0,0.167,0.639,126.091,5
spotify:track:6LqDnSBJx701Y2LmmymdCX,"RELAÇÃO 👩‍❤️‍👨","RELAÇÃO 👩‍❤️‍👨","KayBlack;Vulgo FK;Murillo e LT no Beat;Honaiser",2025-11-24,209000,41,false,31issvbo2go74xaihjj5ccogxvni,2026-04-06T20:10:48Z,"trap brasileiro,trap funk,trap,hip hop brasileiro,funk,funk consciente","WM Brazil",0.564,0.434,4,-8.491,0,0.45,0.531,0,0.0936,0.273,82.822,3
spotify:track:22bl3LPkCHQSBhCAdw8Jwk,"Famoso Ímã | O poderoso chatão","Famoso Ímã | O poderoso chatão","Mc Lele JP;Mc Poze do Rodo;MC Leozinho ZS;DJ GORDINHO DA VF",2026-02-18,217845,85,false,31issvbo2go74xaihjj5ccogxvni,2026-04-06T20:10:54Z,"funk,funk consciente,trap funk,trap brasileiro,trap,hip hop brasileiro","GRINGOS WORLD PRODUTORA",0.84,0.716,0,-1.429,1,0.259,0.52,0.00000768,0.205,0.578,129.945,4
spotify:track:4wWPkfssVcfBxJ7e2rGg6B,"ESTRESSE","CAOS","Alee",2024-09-23,164871,60,true,31issvbo2go74xaihjj5ccogxvni,2026-04-06T20:10:59Z,"trap brasileiro,trap","ALEE",0.706,0.573,6,-5.959,0,0.0691,0.00654,0,0.215,0.269,81.999,3
spotify:track:454nbk64HIJEeHqPbzj7KM,"Tá Facin","Ninguém Tá Puro!","Mc IG;Mc Davi;Mc Don Juan;DJ Oreia;Dj Nene;TrapLaudo;MC Tuto;MC PH;Mc Kanhoto;MC Rick;MC Kekel;Prod Vida",2023-03-15,520677,58,true,31issvbo2go74xaihjj5ccogxvni,2026-04-06T20:11:24Z,"funk,trap funk,funk consciente,trap brasileiro,funk de bh","GR6 Music",0.56,0.568,1,-5.989,0,0.277,0.651,0,0.138,0.686,84.045,3
spotify:track:3ZGRfvhfCDwdYrFaBJdcBf,"Perfil do Mohamed","O PODEROSO CHATÃO","Mc Lele JP;Mc IG;MC Tuto;MC Ryan SP;Mc Kelvinho;DJ Oreia",2026-04-07,375000,60,true,31issvbo2go74xaihjj5ccogxvni,2026-04-08T01:09:46Z,"funk,funk consciente,trap funk","GRINGOS WORLD PRODUTORA",0.854,0.682,1,-3.516,0,0.388,0.0511,0,0.617,0.85,127.972,4
spotify:track:1YiqOS5qfhZ2eQ9CcCiDWJ,"Tropa do 77","O PODEROSO CHATÃO","Mc Lele JP;Mc IG;Menó Prodígio;MC GP;Mc Menor Kau;Dj GBR",2026-04-07,297692,61,true,31issvbo2go74xaihjj5ccogxvni,2026-04-08T01:09:53Z,"funk,funk consciente,trap funk","GRINGOS WORLD PRODUTORA",0.718,0.775,11,-5.563,0,0.425,0.424,0.00000152,0.145,0.928,127.005,4
spotify:track:3oh5Sh53WJX5xldjB5Bc7D,"Contada De Mestre","O PODEROSO CHATÃO","Mc Lele JP;DJ Oreia",2026-04-07,200314,53,true,31issvbo2go74xaihjj5ccogxvni,2026-04-08T01:09:58Z,"funk,funk consciente,trap funk","GRINGOS WORLD PRODUTORA",0.513,0.707,3,-5.688,0,0.277,0.62,0,0.649,0.907,112.592,1
spotify:track:2Xl5RwcGn1aQFhpoexDmqA,"Pirocada Quente 2","Pirocada Quente 2","MC Jvila;Mc Negão Original;DJ Dael",2026-04-07,187500,65,true,31issvbo2go74xaihjj5ccogxvni,2026-04-09T02:51:26Z,"funk,trap funk,funk consciente","Legenda Records",0.835,0.896,11,-2.573,0,0.175,0.267,0,0.214,0.9,127.962,4
spotify:track:23UA1xPVXbUHv1JFR2haY3,"Bebela Do Cabelão","O PODEROSO CHATÃO","Mc Lele JP;Oldilla",2026-04-07,143622,62,true,31issvbo2go74xaihjj5ccogxvni,2026-04-09T17:23:02Z,"funk,funk consciente,trap funk","GRINGOS WORLD PRODUTORA",0.861,0.598,0,-6.739,0,0.161,0.117,0.0000136,0.0786,0.864,127.09,4
spotify:track:6SCqMl5aQcHQnMspvyddNk,"Saca da Twin","Saca da Twin","Mc Lele JP;Dj GM;MC Tuto;Gudy",2025-02-28,238032,67,false,31hrh2cvr44my62idghqelczd664,2026-04-14T00:13:29Z,"funk,funk consciente,trap funk","GRINGOS WORLD PRODUTORA",0.841,0.546,6,-7.696,0,0.199,0.314,0.0000616,0.11,0.665,122.003,4
spotify:track:4bUc2e9z402Sc0bakXriSF,"Procedimento da Casa","Procedimento da Casa","MC Meno K;MC Ryan SP;Kauhan Peres;Mc Negão Original",2025-07-10,247832,66,true,31hrh2cvr44my62idghqelczd664,2026-04-17T23:49:48Z,"funk,funk carioca,trap funk,funk consciente","Big Shark Records",0.599,0.797,6,-2.846,0,0.408,0.288,0,0.0825,0.737,89.209,3
spotify:track:4TDx0OlQIayWrZnAnrHfNE,"Deixou Se Levar","Deixou Se Levar","Davi Kneip;Mc Anjim",2020-06-19,185538,56,false,31hrh2cvr44my62idghqelczd664,2026-04-18T22:13:57Z,"funk,funk de bh,brega funk,agronejo,funk pop","Davi Kneip",0.62,0.732,10,-3.622,1,0.248,0.427,0,0.0845,0.479,129.583,4
spotify:track:4tP2kbroBcBmYk4IhbYwu5,"Bola Uma Vela (Trava Chip)","Bola Uma Vela (Trava Chip)","MC Meno K;Dj Yuri Pedrada",2026-02-26,99692,77,false,31hrh2cvr44my62idghqelczd664,2026-04-18T22:14:03Z,"funk,funk carioca,trap funk","WM Brazil",0.852,0.498,9,-5.008,1,0.266,0.564,0.00000489,0.338,0.931,129.77,4
spotify:track:6qCPHeLUD6JNeorLmwvnWv,"Saque Fantasma","Saque Fantasma","Mc Kelvinho;Dj Victor",2024-06-26,214153,62,true,31hrh2cvr44my62idghqelczd664,2026-04-20T16:48:01Z,"funk consciente,funk,trap funk","GR6 Music",0.674,0.494,9,-5.112,0,0.414,0.744,0,0.0752,0.925,98.038,3
spotify:track:0zFo4TUmZZyjtKhiZc8pp9,"Rua Sem Saida","O PODEROSO CHATÃO","Mc Lele JP;MC Ryan SP;Boladin 211;DJ Oreia",2026-04-07,241920,64,true,31issvbo2go74xaihjj5ccogxvni,2026-04-25T14:41:46Z,"funk,funk consciente,trap funk,funk de bh,fado","GRINGOS WORLD PRODUTORA",0.54,0.603,9,-5.201,0,0.369,0.0997,0,0.263,0.655,85.61,5
spotify:track:4XDhxNlsBLmK1A1E89Mb15,"Espirra o Lança 🍀","Feliz no Simples (Parte 2) 🍀","Mc IG;Mc Lele JP;MC Meno K;Murillo e LT no Beat",2025-10-28,312195,57,true,31issvbo2go74xaihjj5ccogxvni,2026-04-27T02:45:40Z,"funk,trap funk,funk consciente,funk carioca,trap brasileiro","WM Brazil",0.712,0.644,4,-4.035,1,0.38,0.48,0,0.122,0.688,91.313,3
spotify:track:2zpEqa5Q7UgCP7tGtfo1Vr,"Já Foi Popó","Já Foi Popó","Mc Lele JP;DJ Massinha Reborn",2025-12-21,200314,59,false,31hrh2cvr44my62idghqelczd664,2026-04-27T19:48:29Z,"funk,funk consciente,trap funk","GRINGOS WORLD PRODUTORA",0.739,0.748,11,-6.496,0,0.524,0.164,0,0.0567,0.84,84.884,5
spotify:track:06mhBhUg7eM530rD3nO3tM,"Não Consigo Mudar","Não Consigo Mudar","Mc Negão Original;MC Jvila;Mc IG;MC Ryan SP;Marquinho no Beat",2026-05-06,310153,30,true,31issvbo2go74xaihjj5ccogxvni,2026-05-18T20:37:19Z,"funk,trap funk,funk consciente,trap brasileiro,trap","WM Brazil",0.727,0.865,4,-3.906,0,0.223,0.0103,0,0.23,0.494,130.076,4
spotify:track:4KX0RbKTvLxlFjHZBSMNWL,"Torra a Paciência","Cadê o Negão?","Mc Negão Original;MC LUUKY;MC Ryan SP;DJ Japa NK;DJ WILL TN",2026-05-07,170138,68,true,31issvbo2go74xaihjj5ccogxvni,2026-05-18T20:37:23Z,"funk,trap funk,funk consciente","WM Brazil",0.819,0.679,9,-4.354,0,0.156,0.353,0,0.087,0.86,130.032,4
spotify:track:2364CtKIeJNVUnZZHKrzIr,"Mente Barulhenta","Quem Tá Vivo, Tá Vivendo","Mc IG;Mc Lele JP;DJ Oreia;DJ Noiskita",2026-03-26,215433,79,true,31issvbo2go74xaihjj5ccogxvni,2026-05-18T20:39:26Z,"funk,trap funk,funk consciente","WM Brazil",0.567,0.558,0,-4.824,0,0.365,0.00579,0,0.246,0.596,126.662,3
spotify:track:1mdTOH62rLqnTUZZfJ5kln,"Louco no Pião","Louco no Pião","Mc Negão Original;MC Ryan SP;DJ Japa NK;Murillo e LT no Beat",2025-03-28,206774,57,true,31issvbo2go74xaihjj5ccogxvni,2026-05-20T20:56:53Z,"funk,trap funk,funk consciente,trap brasileiro","Fusion Records",0.673,0.671,2,-3.724,0,0.414,0.307,0,0.137,0.423,130.096,4
spotify:track:1l1Y83zO80Bn9xVDEddCgZ,"Aperta o Play","Dr. Igor Guilherme","Mc IG;Murillo e LT no Beat",2024-12-12,217043,54,false,31issvbo2go74xaihjj5ccogxvni,2026-05-25T09:50:46Z,"funk,trap funk,funk consciente,trap brasileiro","WM Brazil",0.62,0.468,7,-5.495,0,0.201,0.642,0,0.13,0.422,114.521,4
spotify:track:0w7vodPWFEcuEYvWpbNbOu,"Rainha da Finesse","Vagabundo de Luxo","WIU",2024-07-10,166153,68,true,31issvbo2go74xaihjj5ccogxvni,2026-05-26T09:55:54Z,"trap brasileiro,trap,trap funk,hip hop brasileiro","30PRAUM",0.792,0.847,3,-2.114,0,0.0586,0.551,0,0.175,0.647,129.922,4
spotify:track:5cumq7VWhzem0R4tediT2z,"Ta Carente Quer Um Date","Ta Carente Quer Um Date","Mc Lele JP;MC LUUKY;DJ Hyago",2026-05-28,162461,70,true,31issvbo2go74xaihjj5ccogxvni,2026-05-28T22:03:01Z,"funk,funk consciente,trap funk","GRINGOS WORLD",0.539,0.467,2,-9.42,0,0.273,0.287,0,0.0972,0.631,83.114,5
spotify:track:2gbEvM5IwVIwJFpTVPUXV5,"Cuida do Pet","Cuida do Pet","Oldilla;Mc Iguinho Ct;MC Willian;Aaron Modesto;Mc Negão Original;DU'L;Dj Aladin GDB",2026-05-29,459212,88,true,31issvbo2go74xaihjj5ccogxvni,2026-05-31T17:13:31Z,"funk,funk consciente,trap funk","Oldilla Records",0.519,0.734,9,-2.166,0,0.254,0.656,0.00000976,0.146,0.615,84.952,5
spotify:track:6X24WDd1q8L7NchDWhj6wQ,"Estratégia","Estratégia","Mc Lele JP;Dj Yuri Pedrada;MC Nego Micha;Mc Menor Kau;Mc Neguinho PRT",2025-09-05,206769,59,false,31issvbo2go74xaihjj5ccogxvni,2026-07-07T15:51:01Z,"funk,funk consciente,trap funk","GRINGOS WORLD PRODUTORA",0.86,0.666,9,-4.778,1,0.17,0.179,0,0.0984,0.791,130.211,4
spotify:track:4K8jKvRCwZcn6FXRJd9T3C,"pros menor da nova","FUNK DE CANALHA","G.A;Veigh;Mc Morena;Supernova Ent",2026-05-22,196535,76,true,31issvbo2go74xaihjj5ccogxvni,2026-07-07T15:51:05Z,"trap brasileiro,trap funk,trap,hip hop brasileiro,brega funk,funk,funk de bh,brega","Supernova Entertainment",0.69,0.505,4,-6.215,0,0.435,0.398,0,0.237,0.316,126.93,4
spotify:track:4YX2AFoltkVU6MXQNmjH6z,"todas pra frente","FUNK DE CANALHA","G.A;Supernova Ent",2026-05-22,171707,52,true,31issvbo2go74xaihjj5ccogxvni,2026-07-07T15:51:11Z,"trap brasileiro,trap funk,trap,hip hop brasileiro","Supernova Entertainment",0.68,0.41,0,-6.969,0,0.323,0.0481,0,0.108,0.834,89.393,3
spotify:track:2zUC2BnjdVkB0OWvFQkKHa,"Pau Pra Toda Obra","Pau Pra Toda Obra","Mc Jacaré;MC Ryan SP;Mc IG;Mc Lele JP",2026-06-19,228923,86,true,31issvbo2go74xaihjj5ccogxvni,2026-07-07T15:51:17Z,"funk,trap funk,funk carioca,funk consciente","Universal Music Ltda (S&D)",0.759,0.875,11,-1.899,0,0.421,0.365,0,0.0703,0.686,86.655,5
spotify:track:20XfYXeABLuSrsZvmDG4Ef,"Contagem Regressiva 2","Contagem Regressiva 2","Mc IG;MC Ryan SP;Menó Prodígio;MC Meno K;Dj TC;MC Jvila;MUC4;Mc Lele JP",2026-07-01,426666,71,false,31issvbo2go74xaihjj5ccogxvni,2026-07-07T15:51:21Z,"funk,trap funk,funk consciente,funk carioca","WM Brazil",0.917,0.754,5,-2.08,0,0.0759,0.461,0,0.127,0.933,125.999,4
spotify:track:5ooFbBHL6xleehCpWACc9M,"Menos Foco Mais Ansiedade (Ce Ta Nervosa)","Menos Foco Mais Ansiedade (Ce Ta Nervosa)","dj andreoli;Mc Jacaré;MC Ryan SP;ZANOLINI;Mc Lele JP;MC LUUKY",2026-05-28,234461,84,true,31issvbo2go74xaihjj5ccogxvni,2026-07-07T15:51:25Z,"electro,funk,trap funk,funk carioca,funk consciente","Djandreoli",0.89,0.691,5,-3.502,0,0.36,0.583,0.000132,0.0904,0.756,129.982,4
spotify:track:0dPd0AipaTFeelFB87YZpX,"Isso Aqui Vai Virar Zona 🍀","Feliz no Simples 🍀","Mc IG;MC Ryan SP;Mc Lele JP;TrapLaudo;DJ Glenner;Dj Daltin no Beat;Menor Richard",2025-05-13,348870,62,false,31issvbo2go74xaihjj5ccogxvni,2026-07-14T04:49:33Z,"funk,trap funk,funk consciente","WM Brazil",0.881,0.591,10,-9.009,0,0.0526,0.385,0,0.075,0.769,120.023,4
spotify:track:0C1cJj3ZNCS75sojrcMhZV,"Revoada do Tubarão","Revoada do Tubarão","MC Ryan SP;Mc Kevin;Mc IG;MC Rick;Mc Brisola;Mc Davi;Dfideliz;MC Dricka;Mc Vk;Mc Brinquedo;MC Paulin da Capital",2020-09-11,573333,63,true,31issvbo2go74xaihjj5ccogxvni,2026-07-14T04:49:38Z,"funk,funk consciente,trap funk,funk de bh,trap brasileiro,hip hop brasileiro,trap,brega funk","GR6 Music",0.889,0.821,8,-2.415,1,0.184,0.265,0,0.0949,0.732,90.014,4
spotify:track:2OX1Uw7gWUh1jPG6VnCF9J,"USEM CAMISINHA","F**K SONGS","Vulgo FK;Pedro Lotto;WEY",2024-10-24,141428,53,true,31issvbo2go74xaihjj5ccogxvni,2026-07-26T23:42:06Z,"trap brasileiro,trap funk,trap,funk,hip hop brasileiro","Som Livre",0.649,0.389,3,-9.941,0,0.584,0.652,0,0.0751,0.495,111.56,4
spotify:track:6FNItOka2SwtgxvIxihjsU,"Praiou","Praiou","Mc Lipi;Dj GM",2021-02-05,203467,51,false,31issvbo2go74xaihjj5ccogxvni,2026-07-26T23:42:11Z,"funk consciente,funk,trap funk","LoveFunk",0.781,0.676,1,-3.59,0,0.0616,0.064,0.000234,0.125,0.87,163.907,4
spotify:track:4ODMkKdMusKLAMWolKAchh,"Desfile na Favela","O Cenário Certo para o Teatro Perfeito","Danzo;Labbel Rec;Veigh;Bvga Beatz;Toledo",2023-08-25,160000,61,true,31issvbo2go74xaihjj5ccogxvni,2026-07-26T23:42:18Z,"trap brasileiro,trap,trap funk,hip hop brasileiro","Labbel Rec",0.838,0.446,4,-7.723,0,0.566,0.655,0,0.103,0.642,119.976,4
spotify:track:5beJhPxeoYW2wh6LJzLWMo,"Gangster Paulista","Nova Tendência","MC GP;DJ Oreia",2023-12-14,161860,46,true,31issvbo2go74xaihjj5ccogxvni,2026-07-26T23:42:23Z,"funk,funk consciente,trap funk","MC GP NOVA ERA",0.687,0.467,6,-8.12,0,0.448,0.0957,0,0.208,0.658,113.716,5
spotify:track:4BcymWo7t3t27RNb9mbNFx,"GRWM","É O Iguinho Da CT","Mc Iguinho Ct;Dj Aladin GDB;MC Willian;MC GP;MC LUUKY;DU'L",2026-08-13,433846,78,false,31issvbo2go74xaihjj5ccogxvni,2026-08-20T18:53:40Z,"funk,trap funk,funk consciente","Universal Music Ltda.",0.403,0.708,2,-4.118,0,0.226,0.488,0,0.108,0.534,84.807,3
spotify:track:0aff1PeFidGg14bcm0mqlt,"MAL INTENCIONADA (JÁ FOI, JÁ ERA)","MAGIC SHOW","Nagalli;Borges;Kyan;Vulgo FK;Veigh;Supernova Ent",2024-04-25,228571,57,true,31issvbo2go74xaihjj5ccogxvni,2026-08-20T18:53:47Z,"trap brasileiro,trap,trap funk,hip hop brasileiro,funk","Supernova Ent",0.785,0.557,1,-7.536,0,0.223,0.259,0,0.109,0.439,126.037,4
spotify:track:3VfV1OgTjbwnqbmOIttYa6,"Nois É Chefe 2","Quem Quer F1 Com o G?","MC GP;MC LUUKY;MC Rick;Mc Dena;Mc Negão Original;MC Ryan SP;DU'L;Boladin 211",2024-10-25,420927,59,true,31issvbo2go74xaihjj5ccogxvni,2026-08-20T18:53:52Z,"funk,funk consciente,trap funk,funk de bh,fado","MC GP & GR6",0.816,0.755,8,-3.143,1,0.39,0.182,0,0.512,0.647,129.763,4
spotify:track:4BoKVbD5OthR4EwPptEsvr,"BB do Bundão Grandão","É o Baile do Japa NK","DJ Japa NK;Mc Don Juan;MC Ryan SP;MC Tuto;MC Paulin da Capital;Mc Rodrigo do CN;Mc Lele JP",2026-06-03,333821,64,true,31issvbo2go74xaihjj5ccogxvni,2026-08-20T18:53:55Z,"funk,trap funk,funk consciente,funk de bh,funk carioca","WM Brazil",0.935,0.631,4,-6.392,0,0.165,0.082,0.00000406,0.348,0.737,129.967,4
spotify:track:61UChgVhY8bn2mIIKVGAdF,"Outfit Valioso","Outfit Valioso","MC Cebezinho;Mc PP da VS;Mc Magal;MC Ryan SP;Salvador Da Rima;DJ Oreia",2020-08-22,263414,64,false,31issvbo2go74xaihjj5ccogxvni,2026-08-20T18:54:01Z,"funk,funk consciente,trap funk,trap brasileiro","GR6 Music",0.836,0.559,1,-5.429,0,0.319,0.549,0,0.117,0.837,164.194,4
spotify:track:7wfHnTinwOLmYktsMZz3bo,"Se Eu Ficar Pá Nem Me Testa","Se Eu Ficar Pá Nem Me Testa","Mc J9;DJ Guh Mix;Mc Don Juan;MC Ryan SP;Mc Negão Original;Menor Richard;Mc Alan JR;Mc IG;DJ Japa NK",2026-02-27,407804,76,true,31issvbo2go74xaihjj5ccogxvni,2026-08-20T18:54:05Z,"funk,funk consciente,trap funk","Bololo Records",0.931,0.558,8,-4.835,0,0.195,0.141,0.000103,0.0939,0.795,122.91,4
spotify:track:0kwp0tWBRqQFCZnBSMYNBf,"É Fantástico","Já Virei Lenda Aqui","MC Jvila;Mc Don Juan",2026-09-01,166153,53,true,31issvbo2go74xaihjj5ccogxvni,2026-09-02T09:20:08Z,"funk,trap funk,funk consciente","WM Brazil",0.619,0.757,5,-3.709,0,0.433,0.145,0,0.235,0.754,86.687,5
spotify:track:5nzn9neUXxZhv0WPYMbBQw,"Puxa o Lança","Já Virei Lenda Aqui","MC Jvila;KayBlack;Veigh;Vulgo FK;Honaiser;Nagalli;Stick;Toledo",2026-09-01,291713,79,true,31issvbo2go74xaihjj5ccogxvni,2026-09-02T09:20:12Z,"funk,trap funk,funk consciente,trap brasileiro,trap,hip hop brasileiro","WM Brazil",0.585,0.599,4,-5.072,0,0.29,0.545,0,0.189,0.631,85.303,5
spotify:track:0HSbOa7lWf4uerTDfwK9xJ,"Joia Rara","Já Virei Lenda Aqui","MC Jvila;MC Hariel",2026-09-01,173824,56,true,31issvbo2go74xaihjj5ccogxvni,2026-09-02T09:20:15Z,"funk,trap funk,funk consciente","WM Brazil",0.71,0.704,7,-4.719,0,0.433,0.243,0,0.142,0.804,109.351,4
spotify:track:1aAF2xWL9xuD6X3JjiljnR,"EXAGERADO","Já Virei Lenda Aqui","MC Jvila;MC Meno K;Mc Rodrigo do CN;DJ Glenner",2026-09-01,230625,73,true,31issvbo2go74xaihjj5ccogxvni,2026-09-02T09:20:19Z,"funk,trap funk,funk consciente,funk carioca,funk de bh","WM Brazil",0.913,0.712,8,-5.764,0,0.206,0.0627,0.00000475,0.101,0.83,128.067,4
spotify:track:1ZyIxTZ6Acp0t5rtnk6Gj5,"Jogado Em Uma Nave","Já Virei Lenda Aqui","MC Jvila;DJ Glenner;Dj GBR",2026-09-01,168785,58,true,31issvbo2go74xaihjj5ccogxvni,2026-09-02T09:20:23Z,"funk,trap funk,funk consciente","WM Brazil",0.764,0.613,4,-8.154,0,0.428,0.536,0,0.106,0.431,169.82,4
spotify:track:5ychfa5aRAnY8JQdS0FoC3,"Lembranças","Já Virei Lenda Aqui","MC Jvila;MC GP;Mc IG;MC Meno K;DJ Glenner;DU'L;Dj Daltin no Beat",2026-09-01,427920,57,true,31issvbo2go74xaihjj5ccogxvni,2026-09-02T09:20:28Z,"funk,trap funk,funk consciente,funk carioca","WM Brazil",0.583,0.447,1,-6.583,0,0.091,0.22,0,0.111,0.587,89.866,3
spotify:track:0ByFcgxYF8qwIFQCKdY8iP,"Eu e Você, Você e Eu","Já Virei Lenda Aqui","MC Jvila;Mc IG;DJ DAVI DOGDOG",2026-09-01,173685,57,true,31issvbo2go74xaihjj5ccogxvni,2026-09-02T09:20:31Z,"funk,trap funk,funk consciente","WM Brazil",0.741,0.652,2,-6.123,0,0.293,0.639,0,0.14,0.696,130.049,4
spotify:track:2zwxam7SWpj1zK49EclpQa,"Quartinho de Madeira","Já Virei Lenda Aqui","MC Jvila;Borges;Mc Th;DJ Dael",2026-09-01,228809,51,true,31issvbo2go74xaihjj5ccogxvni,2026-09-02T09:20:34Z,"funk,trap funk,funk consciente,trap brasileiro,trap,hip hop brasileiro,funk carioca","WM Brazil",0.85,0.87,1,-2.386,1,0.125,0.576,0.00000223,0.379,0.873,127.942,4
spotify:track:2ov1DHFZZnTO7RmbJYxL8J,"Sem Moderação","Já Virei Lenda Aqui","MC Jvila;Mc Livinho;Perera DJ;DJ JB Mix;DJ Maurinho do Kit",2026-09-01,150047,51,true,31issvbo2go74xaihjj5ccogxvni,2026-09-02T09:20:38Z,"funk,trap funk,funk consciente,funk carioca","WM Brazil",0.821,0.701,8,-4.378,0,0.269,0.678,0,0.128,0.772,129.997,4
spotify:track:0FfeR86HoVdZkSrMrD46tf,"Funk Love","Já Virei Lenda Aqui","MC Jvila;MC Marks;DJ Dan Tá Ligado",2026-09-01,192075,50,true,31issvbo2go74xaihjj5ccogxvni,2026-09-02T09:20:40Z,"funk,trap funk,funk consciente","WM Brazil",0.593,0.8,8,-3.148,0,0.244,0.282,0,0.0957,0.653,129.595,4
spotify:track:0q0svIhNWH26STi9OscDgQ,"Não Tá Tão Bem","Já Virei Lenda Aqui","MC Jvila;MC Cabelinho;Mc Don Juan;Bielzin;Dj Juninho da Espanha;Mc Rodrigo do CN;Palma;Vinicin",2026-09-01,334088,54,true,31issvbo2go74xaihjj5ccogxvni,2026-09-02T09:20:43Z,"funk,trap funk,funk consciente,trap brasileiro,trap,hip hop brasileiro,funk de bh,funk carioca","WM Brazil",0.778,0.712,11,-4.46,1,0.0984,0.525,0,0.306,0.781,126.006,4
spotify:track:2MfdiIAHeD524p2HSrY4EO,"Ouvindo Djavan","Já Virei Lenda Aqui","MC Jvila;NADER MC",2026-09-01,171836,48,true,31issvbo2go74xaihjj5ccogxvni,2026-09-02T09:20:47Z,"funk,trap funk,funk consciente","WM Brazil",0.795,0.38,0,-12.037,0,0.425,0.187,0,0.117,0.513,135.799,4
spotify:track:0wqAoCCm2D8IfnPtbavuxz,"Sem Querer","Já Virei Lenda Aqui","MC Jvila;MC Joãozinho VT;Mc Rodrigo do CN;Yuri Redicopa",2026-09-01,253910,54,true,31issvbo2go74xaihjj5ccogxvni,2026-09-02T09:20:51Z,"funk,trap funk,funk consciente,funk de bh,funk carioca,funk bruxaria","WM Brazil",0.717,0.49,11,-5.955,0,0.507,0.0536,0,0.453,0.899,129.822,4
spotify:track:5YirFOX3CG0Z2kKJiA5Jem,"Rumo ao Estrelato","Já Virei Lenda Aqui","MC Jvila;Major RD",2026-09-01,151748,46,true,31issvbo2go74xaihjj5ccogxvni,2026-09-02T09:20:54Z,"funk,trap funk,funk consciente","WM Brazil",0.731,0.753,7,-4.287,0,0.331,0.033,0,0.116,0.666,83.699,5
spotify:track:1svoz145IR7xkM3RN40l4F,"20 KM","Já Virei Lenda Aqui","MC Jvila;Mc Kadu;Brenninho VJ;Mc Dena;Dj Victor;Mc Magal",2026-09-01,394581,49,true,31issvbo2go74xaihjj5ccogxvni,2026-09-02T09:20:57Z,"funk,trap funk,funk consciente","WM Brazil",0.655,0.538,1,-6.078,1,0.654,0.00945,0,0.178,0.334,88.995,3
spotify:track:1fM6QocmQTOc4sFSdxavYj,"À Vontade","Já Virei Lenda Aqui","MC Jvila;Bielzin;Mc Don Juan;DJ Dael;Mc Rodson",2026-09-01,241139,45,true,31issvbo2go74xaihjj5ccogxvni,2026-09-02T09:21:00Z,"funk,trap funk,funk consciente,trap brasileiro,trap,hip hop brasileiro,funk carioca","WM Brazil",0.699,0.768,5,-1.417,0,0.451,0.417,0,0.134,0.781,124.201,4
spotify:track:4rfcgzIR55BniuEmx4Ixep,"Tropa do Arranca","RESTRITO","Mc Kelvinho;MC GP;MC Ryan SP;DJ GH",2026-05-19,288000,62,true,31issvbo2go74xaihjj5ccogxvni,2026-09-02T09:22:34Z,"funk consciente,funk,trap funk","GR6 Music",0.73,0.398,6,-9.916,0,0.693,0.191,0,0.104,0.728,118.652,1
spotify:track:7By1xSEpnisnvOK6CvrEk1,"SET BOCA 09 (feat. Mc Jvila, Mc Lele JP, Mc Leozin, Mc Bruninho da Praia & DJ Glenner)","SET BOCA 09 (feat. Mc Jvila, Mc Lele JP, Mc Leozin, Mc Bruninho da Praia & DJ Glenner)","MC Ryan SP;MC Meno K;MC GP;Dj Daltin no Beat;MC Jvila;Mc Lele JP;Mc Leozin;Mc Bruninho da Praia;DJ Glenner",2026-08-20,431219,80,true,31issvbo2go74xaihjj5ccogxvni,2026-09-02T09:22:48Z,"funk,funk consciente,trap funk,funk carioca,funk de bh","Bololo Records",0.826,0.784,7,-3.882,0,0.102,0.157,0.000539,0.131,0.668,122.892,4
spotify:track:0grgrP1f6nHBspZG9CUtXp,"Pix Ou Presente 2 (feat. MC Paulin da Capital, MC Kelvinho, Nilo, MC G15, MC GP, Mc Negão Original & DJ Torricelli)","Pix Ou Presente 2 (feat. MC Paulin da Capital, MC Kelvinho, Nilo, MC G15, MC GP, Mc Negão Original & DJ Torricelli)","MC Jvila;MC Ryan SP;MC Cebezinho;DJ CARLINHOS;DJ Dael;MC Paulin da Capital;Mc Kelvinho;MC G15;MC GP;Mc Negão Original;DJ Torricelli;Nilo",2025-02-20,593587,64,true,31issvbo2go74xaihjj5ccogxvni,2026-09-02T09:22:53Z,"funk,trap funk,funk consciente","Legenda Records",0.747,0.874,3,-1.339,0,0.136,0.468,0,0.129,0.701,130.949,4
spotify:track:34XAmPbubKfCBgKjS0xDEE,"Paraíso Tropical 2","Paraíso Tropical 2","Dj Victor;Mc Kadu;MC GP;MC Menor da VG;MC Joãozinho VT;Mc Lele JP;Mc IG;MC Ryan SP;MC Cebezinho",2021-12-17,492000,47,false,31issvbo2go74xaihjj5ccogxvni,2026-09-02T09:22:57Z,"funk,funk consciente,trap funk","Nova Era",0.696,0.46,3,-4.369,0,0.15,0.658,0,0.0913,0.717,159.888,4
spotify:track:3ow7zYRhbIO7f4yyHI4ZaD,"Manha","previas.zip","Teto",2021-04-01,177442,65,true,31issvbo2go74xaihjj5ccogxvni,2026-09-02T09:23:03Z,"trap brasileiro,trap,trap funk,hip hop brasileiro","Sony Music Entertainment",0.913,0.609,7,-6.551,0,0.0948,0.0193,0,0.0974,0.842,140.009,4
spotify:track:1RgJ4lexKGNBlKnyxB5SRt,"Balazul","Mateca x Teto","Teto;Mateca",2022-06-07,202909,68,false,31issvbo2go74xaihjj5ccogxvni,2026-09-02T09:23:07Z,"trap brasileiro,trap,trap funk,hip hop brasileiro","Sony Music Entertainment",0.843,0.458,5,-7.428,0,0.166,0.31,0,0.14,0.772,110.077,4
spotify:track:6471hY70Y1yx63DRyKGf3L,"Bololô Session vol.1 (Alô Porteiro) [feat. Mc Lele JP & 2B]","Bololô Session vol.1 (Alô Porteiro) [feat. Mc Lele JP & 2B]","MC Ryan SP;Mc Jacaré;Mc IG;Gubeatz;Mc Lele JP;2B",2026-07-09,232320,53,true,31issvbo2go74xaihjj5ccogxvni,2026-09-02T09:23:19Z,"funk,funk consciente,trap funk,funk carioca","Bololo Records",0.669,0.444,8,-8.818,0,0.543,0.353,0,0.103,0.645,118.324,4
spotify:track:7r97uYKerk2ke7VIijwruo,"Arujá Moiô","Cadê o Negão?","Mc Negão Original;Mc Kelvinho;MC Willian;DJ David LP",2026-05-07,249232,54,true,31issvbo2go74xaihjj5ccogxvni,2026-09-18T16:21:37Z,"funk,trap funk,funk consciente","WM Brazil",0.864,0.641,9,-4.572,0,0.514,0.609,0,0.165,0.769,130.158,4
spotify:track:6Dt7cNKTHAdanlqKOE2aJl,"Um Pouco Sumido","Cadê o Negão?","Mc Negão Original;MC Ryan SP;MC GP;MC Cebezinho;DJ Dael",2026-05-07,243809,58,true,31issvbo2go74xaihjj5ccogxvni,2026-09-18T16:21:41Z,"funk,trap funk,funk consciente","WM Brazil",0.868,0.728,9,-6.607,0,0.312,0.48,0,0.09,0.894,125.992,4
spotify:track:4NLx9UfDFiNb0oPPL7i2fT,"Tá Moiado","Cadê o Negão?","Mc Negão Original;Mc Kadu;MC Ryan SP;Dj Aladin GDB;Oldilla",2026-05-07,260950,52,true,31issvbo2go74xaihjj5ccogxvni,2026-09-18T16:21:45Z,"funk,trap funk,funk consciente","WM Brazil",0.844,0.896,9,-3.201,0,0.349,0.497,0.0000685,0.118,0.513,126.19,4
spotify:track:7edvBJ0le6FB39VpN3FyDB,"A Culpa é Sua 🫵🏾","Negão no Love - Ariano💔","Mc Negão Original;DJ David LP",2025-12-04,172615,51,true,31issvbo2go74xaihjj5ccogxvni,2026-09-18T16:21:50Z,"funk,trap funk,funk consciente","WM Brazil",0.762,0.555,8,-6.903,1,0.0726,0.841,0.0016,0.143,0.751,130.138,4
spotify:track:5OMLobTpsFt5p0BP1Jh1hv,"Nos vai ficar, sem se sufocar","Nos vai ficar, sem se sufocar","Mc Lele JP;Dj Andrabeat;Pêpa Beatmaker",2026-08-13,120000,76,true,31issvbo2go74xaihjj5ccogxvni,2026-09-18T16:21:54Z,"funk,funk consciente,trap funk","Gringos World Produtora",0.721,0.387,10,-8.58,0,0.5,0.576,0.00000144,0.108,0.687,127.772,4
spotify:track:3alXKfMzXBihQSiZVtDYju,"mais cara do site","FUNK DE CANALHA","G.A;MC Jvila;MC Vine7;Perera DJ;Supernova Ent",2026-05-22,189677,51,true,31issvbo2go74xaihjj5ccogxvni,2026-09-18T16:21:58Z,"trap brasileiro,trap funk,trap,funk,funk consciente,hip hop brasileiro","Supernova Entertainment",0.656,0.654,10,-4.124,0,0.33,0.232,0,0.109,0.683,92.178,3
spotify:track:5BA4HUyjhg6ock2zEjxEjw,"Vilão da Mídia!","DOIS Quebrada Inteligente","Kyan;Mu540",2025-05-29,242007,53,true,31issvbo2go74xaihjj5ccogxvni,2026-09-18T16:22:01Z,"trap brasileiro,trap funk,trap,hip hop brasileiro","EHXIS",0.852,0.838,11,-4.653,0,0.246,0.0866,0.00000485,0.136,0.641,127.027,4
spotify:track:7iBATFYW03nTefCrkadzWb,"Vingança","Vingança","Mc Jacaré;MC LUUKY;dj andreoli",2026-04-15,140307,76,false,31issvbo2go74xaihjj5ccogxvni,2026-09-18T16:22:05Z,"funk,trap funk,funk carioca,funk consciente,electro","Universal Music Ltda (S&D)",0.789,0.795,0,-1.792,0,0.477,0.708,0,0.151,0.752,86.642,5
spotify:track:3RKxR4ylugvzHU0S8AhVaz,"eu vou ser rico","tempo.zip","Teto",2025-01-15,181960,62,true,31issvbo2go74xaihjj5ccogxvni,2026-09-18T16:22:08Z,"trap brasileiro,trap,trap funk,hip hop brasileiro","30PRAUM",0.78,0.762,3,-3.095,0,0.266,0.412,0,0.172,0.774,153.119,4
spotify:track:37J7T56pGfgnQQMlAqdrGt,"Sem Sentimento","Sem Sentimento","Vulgo FK;DU'L;MC GP;Pedro Lotto;Toledo;Galdino",2025-04-03,132244,57,true,31issvbo2go74xaihjj5ccogxvni,2026-09-18T16:22:12Z,"trap brasileiro,trap funk,trap,funk,hip hop brasileiro,funk consciente","Som Livre",0.625,0.604,2,-7.722,0,0.164,0.609,0,0.111,0.806,147.107,4
spotify:track:20BRVZEog9m5rZGSv2UIGf,"PRINCESA MANDRAKA.","DOIS Quebrada Inteligente Pro Max","Kyan;Mu540;Vulgo FK;Mc Larisson",2025-12-11,237456,45,true,31issvbo2go74xaihjj5ccogxvni,2026-09-18T16:22:16Z,"trap brasileiro,trap funk,trap,hip hop brasileiro,funk","EHXIS",0.878,0.819,8,-1.974,0,0.153,0.392,0.00000713,0.0601,0.59,130.161,4
spotify:track:3enrcaKckZDenPaUHeQ9vc,"Tu Decide","Tu Decide","MC Leozinho ZS;Mc Don Juan;DJ JHOW BEATS;Dj Andrabeat;MC Jacaré",2026-09-08,176076,59,true,31issvbo2go74xaihjj5ccogxvni,2026-09-18T16:22:19Z,"funk,funk consciente,trap funk","Uban",0.922,0.568,4,-4.213,0,0.168,0.0654,0.0046,0.227,0.798,130.04,4
spotify:track:5XhG8HGyxLrkJAASxLA463,"Champagne","Lobo","Orochi;PL Quest;BIN;Kizzy;Mainstreet",2021-04-29,245070,72,true,31issvbo2go74xaihjj5ccogxvni,2026-09-18T16:22:24Z,"trap brasileiro,hip hop brasileiro,trap funk,trap","Mainstreet Records",0.399,0.599,9,-5.252,0,0.2,0.164,0.00000194,0.111,0.31,91.523,4
spotify:track:53N1AC81BMEfi6dINE70ae,"Desembarque","Desembarque","Mc Negão Original;Vulgo FK;Yunk Vino;Aaron Modesto;Galdino;H4lfmeasures;Nagalli;Toledo",2026-05-06,225456,43,true,31issvbo2go74xaihjj5ccogxvni,2026-09-18T16:26:25Z,"funk,trap funk,funk consciente,trap brasileiro,trap,hip hop brasileiro","WM Brazil",0.594,0.517,7,-4.494,1,0.325,0.759,0.000168,0.116,0.301,128.893,4
