Track URI,ISRC,Track Name,Album Name,Artist Name(s),Release Date,Duration (ms),Popularity,Explicit,Added By,Added At,Genres,Record Label,Danceability,Energy,Key,Loudness,Mode,Speechiness,Acousticness,Instrumentalness,Liveness,Valence,Tempo,Time Signature
spotify:track:0Lzwqj5NRVmxQvDLhm0G2C,QZNMU2230932,"Londres Freestyle (Bônus)","Dos Prédios","Veigh;Supernova Ent;Viper;Nagalli",2022-11-18,128000,0,true,316ye5nphj2c6qd5zczz6wspr4te,2023-11-01T12:09:42Z,"trap brasileiro,trap funk,trap,hip hop brasileiro","Supernova Entertainment",0.834,0.532,0,-10.891,1,0.334,0.0363,0,0.155,0.67,89.958,3
spotify:track:7qDX7v5im9GW4Mf5WJu6y3,QZNMY2242350,"Meio Pá","Dos Prédios","Veigh;Blest Jones;UNKWN;Scotz;Mc Luanna;Supernova Ent",2022-11-18,179439,0,true,316ye5nphj2c6qd5zczz6wspr4te,2023-11-01T12:09:45Z,"trap brasileiro,trap funk,trap,hip hop brasileiro","Supernova Entertainment",0.515,0.507,11,-9.912,0,0.431,0.22,0,0.119,0.403,86.445,3
spotify:track:6EOLDQz2rjwpZ2M5rApgH4,BRWMB2300642,"Superficial","Contradições","KayBlack;Marquinho no Beat;Wall Hein;Yokame",2023-03-31,136464,61,false,316ye5nphj2c6qd5zczz6wspr4te,2023-11-01T12:09:47Z,"trap brasileiro,trap funk,trap,hip hop brasileiro,funk brasileiro","WM Brazil",0.626,0.386,0,-9.107,0,0.396,0.113,0,0.11,0.435,186.141,3
spotify:track:0FBV7lozkqCSuV2q24n43x,BXW922300006,"Minha Vida é um Filme","Minha Vida é um Filme","Teto",2023-04-01,186666,61,true,316ye5nphj2c6qd5zczz6wspr4te,2023-11-01T12:09:59Z,"trap brasileiro,trap,trap funk,hip hop brasileiro","Sony Music Entertainment",0.855,0.75,5,-5.392,0,0.0676,0.154,0.00000912,0.312,0.59,99.001,4
spotify:track:3xIoDkHkhKHC4t9OCK9RyJ,BCY5N2300004,"Mítico Jovem","Essa é a Vida de um Corredor","Ryu, The Runner;6ee;Hobb The Goat;Salve Crazy",2023-03-03,139130,31,true,316ye5nphj2c6qd5zczz6wspr4te,2023-11-01T12:10:03Z,"trap brasileiro,trap,trap funk,hip hop brasileiro","Ryu, the Runner",0.879,0.469,1,-5.831,1,0.233,0.599,0,0.3,0.663,138.131,4
spotify:track:6J8UJNZrIwvcpsWHvSkwXn,BXIV81600024,"Anos Luz","Anos Luz","Matuê",2017-11-28,264045,0,false,316ye5nphj2c6qd5zczz6wspr4te,2023-11-01T12:10:07Z,"trap brasileiro,trap,hip hop brasileiro,trap funk","30praum",0.628,0.398,6,-14.111,0,0.153,0.384,0,0.104,0.333,109.762,4
spotify:track:18XOY618zQH4bFw3TgVT9L,QZW9L2205865,"VALHO NADA","LITTLE LOVE","MC Cabelinho;Vinicin;Amorim;A.R;Palma;Felipe Rosa;Brutos;Bairro 13",2022-12-20,217539,59,true,316ye5nphj2c6qd5zczz6wspr4te,2023-11-01T12:10:11Z,"trap brasileiro,trap funk,trap,hip hop brasileiro,funk consciente","Bairro 13",0.754,0.641,11,-4.216,0,0.0717,0.529,0,0.11,0.401,142.015,4
spotify:track:4qDT0BeJ7BjatrN9k8AvB4,BXW922300003,"Flow Espacial","Flow Espacial","Teto;WIU;Matuê",2023-01-30,165925,65,true,316ye5nphj2c6qd5zczz6wspr4te,2023-11-01T12:10:14Z,"trap brasileiro,trap,trap funk,hip hop brasileiro","Sony Music Entertainment",0.712,0.685,1,-6.099,1,0.182,0.0186,0,0.0911,0.454,162.032,4
spotify:track:4hKLzFvNwHF6dPosGT30ed,QZMWW2396002,"Novo Balanço","Dos Prédios Deluxe","Veigh;Bvga Beatz;Prod Malax;Supernova Ent",2023-05-19,140322,71,true,316ye5nphj2c6qd5zczz6wspr4te,2023-11-01T12:10:23Z,"trap brasileiro,trap funk,trap,hip hop brasileiro","Supernova Entertainment Under Exclusive License to UnitedMasters",0.836,0.499,3,-5.82,0,0.0563,0.669,0,0.134,0.65,124.05,4
spotify:track:1QRDn63eQzqC8dpNcI7HtQ,BRWMB2300644,"C'est la vie (Bônus)","Contradições","KayBlack;Marquinho no Beat;Wall Hein",2023-03-31,124913,57,false,316ye5nphj2c6qd5zczz6wspr4te,2023-11-01T12:10:27Z,"trap brasileiro,trap funk,trap,hip hop brasileiro,funk brasileiro","WM Brazil",0.906,0.598,11,-7.856,0,0.389,0.0808,0.00000148,0.109,0.653,132.954,4
spotify:track:7aZusA4cWXz3Wv9e9uhavz,BXW922100012,"Quer Voar","Quer Voar","Matuê",2021-08-11,187636,67,true,316ye5nphj2c6qd5zczz6wspr4te,2023-11-01T12:10:30Z,"trap brasileiro,trap,hip hop brasileiro,trap funk","Sony Music Entertainment",0.806,0.595,8,-6.166,0,0.246,0.138,0,0.0882,0.677,82.492,4
spotify:track:5oI9blwsXC8AkTWw6wASY8,BXW922000009,"Máquina do Tempo","Máquina do Tempo","Matuê",2020-09-10,230400,77,true,316ye5nphj2c6qd5zczz6wspr4te,2023-11-01T12:10:41Z,"trap brasileiro,trap,hip hop brasileiro,trap funk","Sony Music Entertainment",0.629,0.727,4,-4.387,0,0.0499,0.0647,0,0.138,0.132,149.978,4
spotify:track:7nFvKgVumc9FcU97zGjjei,BXW922200010,"Coração de Gelo","Manual de Como Amar Errado","WIU",2022-11-29,168000,67,true,316ye5nphj2c6qd5zczz6wspr4te,2023-11-01T12:10:45Z,"trap brasileiro,trap,trap funk,hip hop brasileiro","Sony Music Entertainment",0.732,0.671,10,-4.276,0,0.082,0.124,0,0.128,0.836,159.907,4
spotify:track:6m187iACTSAZDYMaV0klqj,BR5TG2100002,"Freio da Blazer","Freio da Blazer","L7NNON;Ajaxx",2021-02-05,180000,2,false,316ye5nphj2c6qd5zczz6wspr4te,2023-11-01T12:10:49Z,"trap brasileiro,hip hop brasileiro,trap funk,trap,funk carioca","Papatunes",0.515,0.63,5,-7.691,0,0.168,0.274,0,0.1,0.367,121.98,4
spotify:track:2c80HnIOPMmQQVQllQEWb5,BXW922000004,"É Sal","Máquina do Tempo","Matuê",2020-09-10,157687,69,true,316ye5nphj2c6qd5zczz6wspr4te,2023-11-01T12:10:58Z,"trap brasileiro,trap,hip hop brasileiro,trap funk","Sony Music Entertainment",0.708,0.734,6,-4.997,0,0.119,0.173,0,0.0957,0.459,159.915,4
spotify:track:6bTdZ7xfKp3NqqADJ8HLyj,BXW922100034,"Vampiro","Vampiro","Matuê;WIU;Teto",2022-03-29,250434,74,false,316ye5nphj2c6qd5zczz6wspr4te,2023-11-01T12:11:01Z,"trap brasileiro,trap,hip hop brasileiro,trap funk","Sony Music Entertainment",0.782,0.643,8,-4.956,0,0.0438,0.0136,0,0.0654,0.627,114.994,4
spotify:track:1JzMOnuyabzpRuSudDD4Cq,BXW922200003,"Brinca Demais","Manual de Como Amar Errado","WIU;Matuê;Teto",2022-11-29,194400,64,false,316ye5nphj2c6qd5zczz6wspr4te,2023-11-01T12:11:04Z,"trap brasileiro,trap,trap funk,hip hop brasileiro","Sony Music Entertainment",0.754,0.633,5,-6.087,0,0.181,0.398,0,0.117,0.228,99.597,4
spotify:track:4sfY9Q4rQKVwxQVKo6v04i,BRRGE2300517,"2023","Perdas & Ganhos, Vol. 2","Vulgo FK;MC Ryan SP;Tkd;Bvga Beatz;MATHINVOKER",2023-07-14,178407,56,true,316ye5nphj2c6qd5zczz6wspr4te,2023-11-01T12:11:17Z,"trap brasileiro,trap funk,trap,funk brasileiro,hip hop brasileiro,funk consciente","Som Livre",0.53,0.463,1,-9.158,0,0.229,0.443,0,0.0999,0.556,86.484,4
spotify:track:3QGxgNaqaFSpORp2OVLXHR,BCM9A2200002,"212","212","Chefin;Mainstreet",2022-01-15,150610,63,true,316ye5nphj2c6qd5zczz6wspr4te,2023-11-01T12:11:19Z,"trap brasileiro,trap funk,trap,funk brasileiro,hip hop brasileiro","Mainstreet Records",0.789,0.519,2,-4.84,0,0.0697,0.659,0,0.085,0.857,154.037,4
spotify:track:7HjZD0NPC1hzFpjUjo45GR,BCM9A2100048,"Me Sinto Abençoado","Me Sinto Abençoado","Mc Poze do Rodo;Filipe Ret;Mainstreet;Ajaxx",2021-12-07,214235,64,false,316ye5nphj2c6qd5zczz6wspr4te,2023-11-01T12:11:25Z,"trap brasileiro,trap funk,funk brasileiro,trap,hip hop brasileiro,funk consciente","Mainstreet Records",0.729,0.596,0,-5.101,1,0.0607,0.463,0,0.18,0.319,117.918,4
spotify:track:3MkdA6vwF0ifRl86yzTlJW,BX2M81900002,"Kenny G","Kenny G","Matuê",2019-09-04,189600,74,true,316ye5nphj2c6qd5zczz6wspr4te,2023-11-01T12:11:29Z,"trap brasileiro,trap,hip hop brasileiro,trap funk","Sony Music Entertainment",0.417,0.767,9,-3.31,1,0.193,0.0778,0,0.113,0.152,72.573,3
spotify:track:76PSvY34ovx8MVJL9wHAXS,BCENK2100023,"Vivências","Vivências","KayBlack;Wall Hein",2021-03-19,167115,61,true,316ye5nphj2c6qd5zczz6wspr4te,2023-11-01T12:11:36Z,"trap brasileiro,trap funk,trap,hip hop brasileiro","Elenko Music",0.787,0.314,0,-11.691,0,0.0575,0.214,0,0.0968,0.758,115.03,4
spotify:track:07AQkmp456NpEnT8HR7WLy,BXW922000017,"M4","M4","Teto;Matuê",2021-01-20,170000,72,true,316ye5nphj2c6qd5zczz6wspr4te,2023-11-01T12:11:41Z,"trap brasileiro,trap,trap funk,hip hop brasileiro","30PRAUM",0.88,0.59,8,-4.709,0,0.204,0.08,0,0.184,0.723,119.97,4
spotify:track:6Vgn3IEUkWs3d6og029Gtm,BXW922100022,"Mustang Preto","Mustang Preto","Teto",2021-10-10,183000,63,true,316ye5nphj2c6qd5zczz6wspr4te,2023-11-01T12:11:52Z,"trap brasileiro,trap,trap funk,hip hop brasileiro","Sony Music Entertainment",0.917,0.52,1,-7.138,1,0.129,0.0473,0,0.086,0.564,111.023,4
spotify:track:3sGcETRMuAgcPgjDpIkgMn,BXW922000007,"777-666","Máquina do Tempo","Matuê",2020-09-10,164000,72,true,316ye5nphj2c6qd5zczz6wspr4te,2023-11-01T12:11:56Z,"trap brasileiro,trap,hip hop brasileiro,trap funk","Sony Music Entertainment",0.544,0.802,10,-4.534,0,0.326,0.0534,0,0.139,0.322,179.924,4
spotify:track:3ktTWpYdXrYApH54cBo4Ap,BXW922200014,"Conexões de Máfia (feat. Rich The Kid)","Conexões de Máfia (feat. Rich The Kid)","Matuê;Rich The Kid",2023-04-30,221538,68,true,316ye5nphj2c6qd5zczz6wspr4te,2023-11-01T12:11:59Z,"trap brasileiro,trap,hip hop brasileiro,trap funk","Sony Music Entertainment",0.771,0.577,6,-6.944,0,0.0461,0.393,0,0.256,0.691,116.96,4
spotify:track:39xOREhViooEYFpmnKTdrl,QZMWW2396003,"Engana Dizendo Que Ama","Dos Prédios Deluxe","Veigh;Tz da Coronel;Toledo;Nagalli;Bvga Beatz;Supernova Ent",2023-05-19,188497,71,true,316ye5nphj2c6qd5zczz6wspr4te,2023-11-01T12:12:07Z,"trap brasileiro,trap funk,trap,hip hop brasileiro","Supernova Entertainment Under Exclusive License to UnitedMasters",0.789,0.356,6,-10.396,0,0.362,0.542,0,0.145,0.532,111.937,4
spotify:track:7zKqmAHGY8zm2UA4wT5ant,QZNMY2242348,"Perdoa Por Tudo Vida","Dos Prédios","Veigh;Toledo;Supernova Ent;Bvga Beatz",2022-11-18,160000,0,true,316ye5nphj2c6qd5zczz6wspr4te,2023-11-01T12:12:11Z,"trap brasileiro,trap funk,trap,hip hop brasileiro","Supernova Entertainment",0.689,0.32,1,-10.649,0,0.464,0.468,0,0.0847,0.662,113.936,4
spotify:track:6kxC1D2TDKrwPOlx23VoFS,BRWMB2201283,"X6","1 Beat 1 Letra","MC Hariel",2022-12-16,194000,55,false,316ye5nphj2c6qd5zczz6wspr4te,2023-11-01T12:12:15Z,"funk brasileiro,funk consciente,trap funk","WM Brazil",0.567,0.647,3,-5.475,0,0.469,0.569,0.00000217,0.153,0.755,165.429,3
spotify:track:5ffDENIdtByAZxHpuuj9li,QZNMY2242344,"Vida Chique","Dos Prédios","Veigh;Nick Nash;Wylo;Nagalli;Supernova Ent;Kaash Paige",2022-11-18,210545,0,true,316ye5nphj2c6qd5zczz6wspr4te,2023-11-01T12:12:19Z,"trap brasileiro,trap funk,trap,hip hop brasileiro","Supernova Entertainment",0.599,0.462,4,-6.677,0,0.388,0.557,0,0.249,0.566,106.959,4
spotify:track:18KpzkzNNX4myaqT0ROcVY,QZ5AB1986507,"Quem Manda É a 30","Quem Manda É a 30","Matuê",2018-07-13,257020,1,true,316ye5nphj2c6qd5zczz6wspr4te,2023-11-01T12:12:22Z,"trap brasileiro,trap,hip hop brasileiro,trap funk","30PRAUM",0.762,0.537,0,-10.487,0,0.189,0.284,0,0.0975,0.422,119.957,4
spotify:track:4MF0VMffyxHsy3GZwwUnAs,BX2M81800014,"A Morte do Autotune","A Morte do Autotune","Matuê",2018-12-25,216710,5,false,316ye5nphj2c6qd5zczz6wspr4te,2023-11-01T12:12:27Z,"trap brasileiro,trap,hip hop brasileiro,trap funk","30PRAUM",0.615,0.529,11,-9.255,0,0.262,0.363,0,0.266,0.35,151.786,4
spotify:track:7MPQNyAX02uIEQCRsC4sgc,BX2M81800015,"Banco","Banco","Matuê;Predella",2019-01-16,254734,1,true,316ye5nphj2c6qd5zczz6wspr4te,2023-11-01T12:12:30Z,"trap brasileiro,trap,hip hop brasileiro,trap funk","30PRAUM",0.662,0.715,1,-6.593,1,0.153,0.123,0.00000141,0.0916,0.28,165.879,4
spotify:track:2XymTaHTrQWDEuSyhfZvqF,BXW922000005,"Antes","Máquina do Tempo","Matuê",2020-09-10,169092,71,true,316ye5nphj2c6qd5zczz6wspr4te,2023-11-01T12:12:34Z,"trap brasileiro,trap,hip hop brasileiro,trap funk","Sony Music Entertainment",0.769,0.611,1,-4.229,1,0.0601,0.12,0,0.338,0.548,149.949,5
spotify:track:1QjsRvdLEvUmKgCWh9cvd5,BXW922100003,"Dia Azul","previas.zip","Teto",2021-04-01,138370,65,false,316ye5nphj2c6qd5zczz6wspr4te,2023-11-01T12:12:37Z,"trap brasileiro,trap,trap funk,hip hop brasileiro","Sony Music Entertainment",0.845,0.686,1,-6.992,1,0.0797,0.00163,0,0.118,0.252,119.08,4
spotify:track:0EuRZKWzNptC1ZuIMFKLxz,BCM9A2200013,"Filho do Dono","Filho do Dono","Oruam;MC Cabelinho;Heron;Mainstreet",2022-04-26,210000,50,true,316ye5nphj2c6qd5zczz6wspr4te,2023-11-01T12:12:40Z,"trap funk,trap brasileiro,funk brasileiro,trap,hip hop brasileiro,funk consciente","Mainstreet",0.561,0.437,7,-7.512,0,0.0928,0.209,0,0.261,0.362,127.547,4
spotify:track:3ow7zYRhbIO7f4yyHI4ZaD,BXW922100005,"Manha","previas.zip","Teto",2021-04-01,177442,65,true,316ye5nphj2c6qd5zczz6wspr4te,2023-11-01T12:12:44Z,"trap brasileiro,trap,trap funk,hip hop brasileiro","Sony Music Entertainment",0.913,0.609,7,-6.551,0,0.0948,0.0193,0,0.0974,0.842,140.009,4
spotify:track:6x1FttETfbRLerumlTn0ZH,BXW922000018,"Paypal","previas.zip","Teto",2021-04-01,166153,68,false,316ye5nphj2c6qd5zczz6wspr4te,2023-11-01T12:12:47Z,"trap brasileiro,trap,trap funk,hip hop brasileiro","Sony Music Entertainment",0.888,0.691,4,-3.759,0,0.254,0.171,0,0.343,0.863,130.067,4
spotify:track:3ua3rqwBNmeGeQfcKnA3bT,BXW922100020,"Groupies","Groupies","Doode;Teto;Matuê",2021-09-28,164571,69,false,316ye5nphj2c6qd5zczz6wspr4te,2023-11-01T12:12:56Z,"trap brasileiro,trap,trap funk,hip hop brasileiro","Sony Music Entertainment",0.845,0.655,5,-5.137,0,0.0612,0.239,0,0.0974,0.516,139.955,4
spotify:track:1iaPDgTbsKrlznVu13EWIf,QZTVM2103305,"ESSÊNCIA DE CRIA","LITTLE HAIR","MC Cabelinho;Bielzin;Mc Poze do Rodo;Tz da Coronel;Neo Beats",2021-12-20,192194,64,true,316ye5nphj2c6qd5zczz6wspr4te,2023-11-01T12:13:00Z,"trap brasileiro,trap funk,trap,hip hop brasileiro,funk consciente,funk brasileiro","MC Cabelinho",0.631,0.743,3,-5.317,0,0.299,0.386,0,0.0862,0.766,102.894,3
spotify:track:7afaZ37wJJL6880z1NRgJS,BXW922200001,"Fim de Semana no Rio","Fim de Semana no Rio","Teto",2022-03-30,165882,66,true,316ye5nphj2c6qd5zczz6wspr4te,2023-11-01T12:13:04Z,"trap brasileiro,trap,trap funk,hip hop brasileiro","Sony Music Entertainment",0.867,0.494,1,-6.514,0,0.084,0.118,0,0.101,0.29,118.868,4
spotify:track:2orGm2E68ODFYOURjaES62,BXW922200018,"Felina","Felina","WIU;MC Ryan SP",2022-09-22,225882,66,false,316ye5nphj2c6qd5zczz6wspr4te,2023-11-01T12:13:07Z,"trap brasileiro,trap,trap funk,hip hop brasileiro,funk brasileiro,funk consciente","Sony Music Entertainment",0.585,0.662,5,-4.235,0,0.351,0.385,0,0.0966,0.533,169.239,4
spotify:track:0yDMhYTryvQoR634wDgQ1j,BRWMB2200638,"O Fim é Triste (feat. DJ BOY)","O Fim é Triste (feat. DJ BOY)","MC Hariel;DJ BOY",2022-06-17,158117,61,false,316ye5nphj2c6qd5zczz6wspr4te,2023-11-01T12:13:32Z,"funk brasileiro,funk consciente,trap funk","WM Brazil",0.75,0.664,1,-2.529,1,0.112,0.296,0,0.0944,0.892,56.271,5
spotify:track:4cxApmpAxYi9UlB6AT2H8S,BXW922200005,"Oração","Manual de Como Amar Errado","WIU",2022-11-29,206896,52,false,316ye5nphj2c6qd5zczz6wspr4te,2023-11-01T12:13:35Z,"trap brasileiro,trap,trap funk,hip hop brasileiro","Sony Music Entertainment",0.732,0.614,7,-6.117,1,0.387,0.187,0,0.112,0.358,173.911,4
spotify:track:1RgJ4lexKGNBlKnyxB5SRt,BXW922100039,"Balazul","Mateca x Teto","Teto;Mateca",2022-06-07,202909,67,false,316ye5nphj2c6qd5zczz6wspr4te,2023-11-01T12:13:42Z,"trap brasileiro,trap,trap funk,hip hop brasileiro","Sony Music Entertainment",0.843,0.458,5,-7.428,0,0.166,0.31,0,0.14,0.772,110.077,4
spotify:track:7oWd2k0fhorqIpXotLNN9F,QZMWW2396004,"Bolsa de Ombro","Dos Prédios Deluxe","Veigh;G.A;Toledo;H4lfmeasures;6ee;Supernova Ent",2023-05-19,114321,61,true,316ye5nphj2c6qd5zczz6wspr4te,2023-11-01T12:13:46Z,"trap brasileiro,trap funk,trap,hip hop brasileiro","Supernova Entertainment Under Exclusive License to UnitedMasters",0.681,0.302,9,-12.124,0,0.431,0.482,0,0.108,0.371,126.497,5
spotify:track:3hLoH18k4pP6eXEljzNHHr,QZMWW2396005,"Tendenciosa","Dos Prédios Deluxe","Veigh;Derek;Nagalli;Honaiser;Toledo;Supernova Ent",2023-05-19,195073,57,true,316ye5nphj2c6qd5zczz6wspr4te,2023-11-01T12:13:50Z,"trap brasileiro,trap funk,trap,hip hop brasileiro","Supernova Entertainment Under Exclusive License to UnitedMasters",0.716,0.45,1,-10.427,1,0.452,0.11,0,0.151,0.648,112.972,4
spotify:track:5dkytCgrODAV4HzGy0Sl94,QZMWW2396009,"Detalhes","Dos Prédios Deluxe","Veigh;L7NNON;Luccas Carlos;Nagalli;Pedro Lotto;Bvga Beatz;Supernova Ent",2023-05-19,213222,56,true,316ye5nphj2c6qd5zczz6wspr4te,2023-11-01T12:13:53Z,"trap brasileiro,trap funk,trap,hip hop brasileiro,funk carioca,pop nacional","Supernova Entertainment Under Exclusive License to UnitedMasters",0.778,0.534,4,-6.332,0,0.192,0.175,0,0.104,0.744,134.99,4
spotify:track:7qrQs4rPGCXnwNyLn2YVCT,QZMWW2396007,"Devolve as Correntes / Invisível","Dos Prédios Deluxe","Veigh;Nagalli;Toledo;Bvga Beatz;Honaiser;Supernova Ent",2023-05-19,140860,62,true,316ye5nphj2c6qd5zczz6wspr4te,2023-11-01T12:13:56Z,"trap brasileiro,trap funk,trap,hip hop brasileiro","Supernova Entertainment Under Exclusive License to UnitedMasters",0.543,0.414,8,-10.167,0,0.482,0.295,0,0.129,0.352,87.374,4
spotify:track:12YCtLHGk6tP6RbHDHflCs,BRRGE2300377,"Cartão Black","Cartão Black","MC Caverinha;KayBlack;Wall Hein",2023-05-11,159973,62,false,316ye5nphj2c6qd5zczz6wspr4te,2023-11-01T12:14:02Z,"trap brasileiro,trap,trap funk,hip hop brasileiro","Som Livre",0.842,0.468,9,-8.572,0,0.637,0.255,0,0.202,0.547,107.727,4
spotify:track:0dcHD9QhnWRA41zoLnC83X,QZTVM2103308,"X1","LITTLE HAIR","MC Cabelinho;Dallass",2021-12-20,188852,70,true,316ye5nphj2c6qd5zczz6wspr4te,2023-11-01T12:14:05Z,"trap brasileiro,trap funk,trap,hip hop brasileiro,funk consciente","MC Cabelinho",0.579,0.804,8,-5.024,1,0.0581,0.457,0,0.136,0.546,183.075,3
spotify:track:4unpSpFKk3d8H08AmLvrHj,BCY5N2300005,"DAMN!","Essa é a Vida de um Corredor","Ryu, The Runner;Emitê Único;Salve Crazy;Luk The Real;6ee",2023-03-03,136875,41,true,316ye5nphj2c6qd5zczz6wspr4te,2023-11-01T12:14:12Z,"trap brasileiro,trap,trap funk,hip hop brasileiro","Ryu, the Runner",0.947,0.381,0,-9.671,0,0.316,0.423,0,0.0693,0.832,127.962,4
spotify:track:4s2yKemk3Fu1UMD5cU5UYd,BCM9A2200025,"Tropa do Mais Novo","A Nova Era","Chefin;Vulgo FK;Mainstreet;Ajaxx",2022-07-07,201398,62,true,316ye5nphj2c6qd5zczz6wspr4te,2023-11-01T12:14:16Z,"trap brasileiro,trap funk,trap,funk brasileiro,hip hop brasileiro","Mainstreet Records",0.732,0.517,1,-6.303,0,0.358,0.183,0,0.108,0.647,142.971,4
spotify:track:4Fd1cs4q4oA95DmqiPSXhO,GBRKQ2380509,"Mantém o Pique","Mantém o Pique","Ryu, The Runner;Neckklace;Salve Crazy",2023-05-12,163880,39,true,316ye5nphj2c6qd5zczz6wspr4te,2023-11-01T12:14:19Z,"trap brasileiro,trap,trap funk,hip hop brasileiro","Ryu, the Runner",0.886,0.43,8,-9.155,1,0.249,0.259,0,0.183,0.519,134.048,4
spotify:track:2LTlykcdu0gwb7zcKneo2a,BRWMB2300643,"Melhor Só","Melhor Só","KayBlack;Baco Exu do Blues;Marquinho no Beat",2023-03-30,229326,69,false,316ye5nphj2c6qd5zczz6wspr4te,2023-11-01T12:14:22Z,"trap brasileiro,trap funk,trap,hip hop brasileiro,funk brasileiro","WM Brazil",0.605,0.386,5,-9.965,0,0.166,0.272,0,0.107,0.55,142.133,4
spotify:track:2tFmuYL5D8zqBHvs0nG5Tn,BXG6R2300153,"Bonjour","Bonjour","KayBlack;Marquinho no Beat",2023-02-08,131927,62,true,316ye5nphj2c6qd5zczz6wspr4te,2023-11-01T12:14:25Z,"trap brasileiro,trap funk,trap,hip hop brasileiro,funk brasileiro","GR6 Music",0.774,0.436,5,-10.792,0,0.0842,0.292,0,0.112,0.773,131.068,4
spotify:track:156LKAN2oh16qflL5oz4tO,BXG6R2300280,"Os Bico Tão Se Perguntando (Let’s Go 3)","Os Bico Tão Se Perguntando (Let’s Go 3)","MC PH",2023-04-07,177551,61,true,316ye5nphj2c6qd5zczz6wspr4te,2023-11-01T12:14:29Z,"funk brasileiro,trap funk,funk consciente,trap brasileiro","GR6 Music",0.652,0.481,10,-8.446,0,0.0779,0.044,0,0.284,0.815,173.555,4
spotify:track:2AQJRDfQJbfgmTf5e62Czl,BXW922100037,"Sem Dó","Sem Dó","Matuê;L7NNON",2021-12-30,267130,61,false,316ye5nphj2c6qd5zczz6wspr4te,2023-11-01T12:14:33Z,"trap brasileiro,trap,hip hop brasileiro,trap funk,funk carioca","Sony Music Entertainment",0.612,0.661,5,-5.175,0,0.133,0.163,0,0.103,0.659,172.467,3
spotify:track:68qqVn5kHBv4zc45SDGLnh,BRRGE2102189,"Corte Americano","Imaterial (Deluxe)","Filipe Ret;L7NNON;Chris Beats Zn",2021-04-22,139534,64,false,316ye5nphj2c6qd5zczz6wspr4te,2023-11-01T12:14:36Z,"hip hop brasileiro,trap brasileiro,trap funk,trap,funk carioca","Som Livre",0.728,0.665,5,-5.519,0,0.0595,0.555,0,0.14,0.473,129.055,4
spotify:track:5TtTijiNYtFc6ktQARjY30,BRWMB2300640,"Preferida","Contradições","KayBlack;Wall Hein",2023-03-31,130375,69,false,316ye5nphj2c6qd5zczz6wspr4te,2023-11-01T12:14:40Z,"trap brasileiro,trap funk,trap,hip hop brasileiro","WM Brazil",0.921,0.461,3,-10,0,0.495,0.13,0,0.125,0.659,120.035,5
spotify:track:6hu4HvpNzrW2RIEEAZC3vD,BRWMB2300639,"Segredo","Contradições","KayBlack;Marquinho no Beat;Wall Hein",2023-03-31,104145,71,false,316ye5nphj2c6qd5zczz6wspr4te,2023-11-01T12:14:44Z,"trap brasileiro,trap funk,trap,hip hop brasileiro,funk brasileiro","WM Brazil",0.799,0.49,7,-6.788,0,0.178,0.332,0,0.106,0.662,86.272,3
spotify:track:5geU4byUA1hnQofQPOsPDS,BCM9A2200050,"Sereia","Vida Cara","Orochi;MC Ryan SP;Oruam;Xamã;Neo Beats;Kizzy;Mainstreet",2023-01-09,294418,70,true,316ye5nphj2c6qd5zczz6wspr4te,2023-11-01T12:14:53Z,"trap brasileiro,hip hop brasileiro,trap funk,trap,funk brasileiro,funk consciente","Mainstreet Records",0.651,0.661,9,-5.08,1,0.147,0.276,0,0.105,0.505,114.528,5
spotify:track:4pjznsLeoyimnxGlVpmyJI,QZNJZ2258719,"NÉ SEGREDO","NÉ SEGREDO","MC Cabelinho;Victor WAO;Bairro 13",2022-09-19,155771,66,false,316ye5nphj2c6qd5zczz6wspr4te,2023-11-01T12:14:57Z,"trap brasileiro,trap funk,trap,hip hop brasileiro,funk consciente","MC Cabelinho",0.654,0.71,3,-5.68,0,0.111,0.619,0,0.218,0.508,103.548,3
spotify:track:1JQ1ylL2JEjC6Ib7IJgOvS,BRWMB2200694,"Coração Amoleceu","7 Chaves","Mc Don Juan;DJ Yuri Martins",2022-09-16,161365,56,true,316ye5nphj2c6qd5zczz6wspr4te,2023-11-01T12:15:05Z,"funk brasileiro,funk consciente,trap funk","WM Brazil",0.7,0.359,3,-9.785,0,0.208,0.375,0,0.153,0.879,85.621,4
spotify:track:3YQvZNmRc2y1hgdvustkce,BXVOC2200012,"MINHA CURA","LITTLE LOVE","MC Cabelinho;Ajaxx;Galdino",2022-12-20,154694,62,true,316ye5nphj2c6qd5zczz6wspr4te,2023-11-01T12:15:28Z,"trap brasileiro,trap funk,trap,hip hop brasileiro,funk consciente","Bairro 13",0.656,0.393,2,-8.503,0,0.0469,0.831,0,0.176,0.817,134.73,4
spotify:track:7qoIhutxU269Zqo9PG5IOj,BX6Y62200009,"Poesia Acústica 13","Poesia Acústica 13","Pineapple StormTv;Chris MC;Salve Malak;Tz da Coronel;MC Cabelinho;Chefin;L7NNON;Luísa Sonza;Oruam;Xamã;N.I.N.A",2022-09-20,628124,2,false,316ye5nphj2c6qd5zczz6wspr4te,2023-11-01T12:15:42Z,"hip hop brasileiro,trap brasileiro,trap funk,trap,funk consciente,funk brasileiro,funk carioca,pop nacional,funk pop","Pineapple Storm",0.732,0.65,3,-5.288,0,0.0529,0.474,0,0.12,0.497,127.966,4
spotify:track:13Rf6RaZT13TW4xLQR3MQr,US7VG1878876,"Poesia Acústica #6: Era uma Vez","Poesia Acústica #6: Era uma Vez","Pineapple StormTv;MC Cabelinho;Bob do Contra;Azzy;Filipe Ret;Dudu;Xamã;Orochi;Maquiny;Salve Malak",2018-12-24,577819,4,true,316ye5nphj2c6qd5zczz6wspr4te,2023-11-01T12:15:53Z,"hip hop brasileiro,trap brasileiro,trap funk,trap,funk consciente","Pineapple StormTV",0.518,0.575,5,-10.454,0,0.0524,0.427,0,0.153,0.577,93.885,4
spotify:track:7lJoRyuNJtuiqTcKtuMuIR,BXG6R2001168,"Maçã Verde","Avisa que é o Funk","MC Hariel;Caio Passos",2020-10-09,164307,67,true,316ye5nphj2c6qd5zczz6wspr4te,2023-11-01T12:15:56Z,"funk brasileiro,funk consciente,trap funk,trap brasileiro","GR6 Music",0.582,0.531,10,-3.725,1,0.0905,0.0428,0.00000739,0.1,0.169,85.322,5
spotify:track:0bV0LtjtZH76gD0ujPYS3n,BXW922000006,"Gorilla Roxo","Máquina do Tempo","Matuê",2020-09-10,165336,74,true,316ye5nphj2c6qd5zczz6wspr4te,2023-11-01T12:16:05Z,"trap brasileiro,trap,hip hop brasileiro,trap funk","Sony Music Entertainment",0.668,0.814,10,-4.218,0,0.106,0.0614,0,0.133,0.276,134.988,4
spotify:track:52kcarcX0FQ6wPulXm2bMJ,BC3PG2205154,"Meca Cereja","Meca Cereja","Vulgo FK;MC Cebezinho;KayBlack;Pedro Lotto;AMUSIK",2022-10-06,234193,68,true,316ye5nphj2c6qd5zczz6wspr4te,2023-11-01T12:16:08Z,"trap brasileiro,trap funk,trap,funk brasileiro,hip hop brasileiro,funk consciente","Elenko Music",0.711,0.53,9,-7.149,0,0.0736,0.535,0.0000141,0.0834,0.395,124.161,4
spotify:track:46ZfoTBwU9HzP3MrggV7rZ,QZNMY2242340,"Mil Maneiras","Dos Prédios","Veigh;Lywie;Toledo;Bvga Beatz;Nagalli;Supernova Ent",2022-11-18,130714,0,false,316ye5nphj2c6qd5zczz6wspr4te,2023-11-01T12:16:12Z,"trap brasileiro,trap funk,trap,hip hop brasileiro","Supernova Entertainment",0.762,0.509,11,-8.504,0,0.242,0.443,0,0.161,0.56,111.785,4
spotify:track:1rLahQ58edFplZKDcjJ7cH,QZNMY2242342,"Mandraka","Dos Prédios","Veigh;Luchinha Jr;Supernova Ent;Baby",2022-11-18,122177,0,true,316ye5nphj2c6qd5zczz6wspr4te,2023-11-01T12:16:15Z,"trap brasileiro,trap funk,trap,hip hop brasileiro","Supernova Entertainment",0.785,0.375,3,-9.817,0,0.102,0.485,0,0.105,0.377,109.992,4
spotify:track:4isHUSaVlTJeEjFieTh1AQ,QZNMX2254739,"Pelo Momento","Dos Prédios","Veigh;Viper;Nagalli;Supernova Ent;Borges",2022-11-18,167500,0,true,316ye5nphj2c6qd5zczz6wspr4te,2023-11-01T12:16:18Z,"trap brasileiro,trap funk,trap,hip hop brasileiro","Supernova Entertainment",0.543,0.649,10,-6.04,0,0.415,0.0597,0,0.132,0.53,73.334,3
spotify:track:4mxQxigLPhAwyRSlplw8ZT,QZNMY2242352,"Jeito Bandido","Dos Prédios","Veigh;Toledo;Nagalli;Supernova Ent;Kyan",2022-11-18,146938,0,true,316ye5nphj2c6qd5zczz6wspr4te,2023-11-01T12:16:21Z,"trap brasileiro,trap funk,trap,hip hop brasileiro","Supernova Entertainment",0.8,0.49,1,-10.098,1,0.289,0.132,0.00000313,0.117,0.0371,147.042,4
spotify:track:3tcmVyAn7Xq5hRnsTr4vnS,BRRGE2300469,"Me Sinto Oruam","Me Sinto Oruam","Ryu, The Runner;Leviano;Prod.Chipzz",2023-06-23,142500,41,true,316ye5nphj2c6qd5zczz6wspr4te,2023-11-01T12:16:31Z,"trap brasileiro,trap,trap funk,hip hop brasileiro","Som Livre",0.765,0.472,11,-10.879,0,0.277,0.544,0,0.0891,0.722,127.95,4
spotify:track:6kNZdlmjH4BQnSUfHeJIuc,BXG6R2200803,"Let's Go 3 (feat. MC Marks, Mc Don Juan, MC PH, Mc Luki, Mc Paiva ZS, MC GP & Makalo)","Let's Go 3 (feat. MC Marks, Mc Don Juan, MC PH, Mc Luki, Mc Paiva ZS, MC GP & Makalo)","Dj GBR;Mc IG;MC Ryan SP;MC Marks;Mc Don Juan;MC PH;Mc Luki;Mc Paiva ZS;MC GP;Makalo",2022-10-28,508586,59,false,316ye5nphj2c6qd5zczz6wspr4te,2023-11-01T12:16:39Z,"funk brasileiro,trap funk,funk consciente,trap brasileiro,funk carioca","Sony Music Entertainment",0.791,0.681,5,-7.087,0,0.361,0.0522,0,0.116,0.9,86.988,4
spotify:track:0LGGo9eY1aJX6tqgxa87kd,USLZJ2275472,"Freestyle","Freestyle","KayBlack;Wall Hein;Yokame",2022-04-28,180172,55,true,316ye5nphj2c6qd5zczz6wspr4te,2023-11-01T12:16:44Z,"trap brasileiro,trap funk,trap,hip hop brasileiro","Bunker Concept",0.532,0.551,1,-8.961,1,0.401,0.0908,0,0.59,0.787,58.814,4
spotify:track:2xLMifQCjDGFmkHkpNLD9h,USSM11806660,"SICKO MODE","ASTROWORLD","Travis Scott",2018-08-03,312820,86,true,316ye5nphj2c6qd5zczz6wspr4te,2023-11-01T12:16:46Z,"rap","Cactus Jack / Epic",0.834,0.73,8,-3.714,1,0.222,0.00513,0,0.124,0.446,155.008,4
spotify:track:5ROyrHNiEx9DeZ5SONjVbM,BXG6R2000430,"Terapia","Terapia","Mc Kevin",2020-04-06,212166,71,true,316ye5nphj2c6qd5zczz6wspr4te,2023-11-01T12:16:50Z,"funk brasileiro,funk consciente,trap funk","GR6 Music",0.811,0.52,8,-7.977,1,0.0737,0.534,0.0000484,0.0988,0.692,171.963,4
spotify:track:3l5VjEAeUTqrlD50iEo8Yn,BCENK2200037,"Licor 43","Licor 43","KayBlack;CVSTRO;Wall Hein;AMUSIK",2022-04-28,142470,70,true,316ye5nphj2c6qd5zczz6wspr4te,2023-11-01T12:16:54Z,"trap brasileiro,trap funk,trap,hip hop brasileiro","Elenko Music",0.66,0.388,7,-10.104,0,0.296,0.611,0,0.243,0.311,90.009,4
spotify:track:0xcdw2bWgJ4lrt3qZJrZ1o,BR5TG1900052,"Perdição","Hip Hop Rare","L7NNON",2020-11-19,275000,2,false,316ye5nphj2c6qd5zczz6wspr4te,2023-11-01T12:16:58Z,"trap brasileiro,hip hop brasileiro,trap funk,trap,funk carioca","WM Brazil",0.839,0.334,1,-13.277,0,0.147,0.592,0,0.12,0.501,120,4
spotify:track:0pZIBIJ253pH9gJtXE0Ouf,BCENK2100066,"Vestido da Fendi","Vestido da Fendi","KayBlack;Marquinho no Beat;Wall Hein",2021-09-09,164203,67,false,316ye5nphj2c6qd5zczz6wspr4te,2023-11-01T12:17:06Z,"trap brasileiro,trap funk,trap,hip hop brasileiro,funk brasileiro","Elenko Music",0.844,0.363,3,-11.099,0,0.442,0.0957,0,0.115,0.626,118.096,4
spotify:track:04vzhKfl5HtPEgrdZJCZ7L,BXKG22200041,"Bagulho Louco","Bagulho Louco","Mc Paiva ZS;Kotim",2022-01-25,124238,60,true,316ye5nphj2c6qd5zczz6wspr4te,2023-11-01T12:17:10Z,"funk brasileiro,trap funk,funk consciente,funk carioca","Love Funk",0.531,0.464,0,-9.882,0,0.346,0.814,0.00000157,0.133,0.643,170.085,4
spotify:track:59xgceM6ACWSn4vcdOzjJ0,BXG6R2001188,"Mistério","Mistério","Mc Kevin",2020-10-06,211200,68,false,316ye5nphj2c6qd5zczz6wspr4te,2023-11-01T12:17:16Z,"funk brasileiro,funk consciente,trap funk","GR6 Music",0.628,0.436,11,-5.416,0,0.192,0.509,0,0.0966,0.321,74.692,3
spotify:track:5cCwZJUf8QiCQGnyakhpmF,BCM9A2200047,"Papo de Agustinho","Papo de Agustinho","Oruam;Mainstreet",2022-09-27,173333,59,true,316ye5nphj2c6qd5zczz6wspr4te,2023-11-01T12:17:27Z,"trap funk,trap brasileiro,funk brasileiro,trap,hip hop brasileiro","Mainstreet Records",0.817,0.483,1,-6.822,0,0.112,0.469,0,0.129,0.436,111.981,4
spotify:track:7IG7laqVpcvIIULrwWP5SA,BXPFF2100001,"Vida Louca","Vida Louca","Mc Poze do Rodo;Neo Beats;Mainstreet",2021-04-02,155675,64,false,316ye5nphj2c6qd5zczz6wspr4te,2023-11-01T12:17:32Z,"trap brasileiro,trap funk,funk brasileiro,trap,hip hop brasileiro,funk consciente","Mainstreet Records",0.852,0.62,6,-5.79,0,0.227,0.359,0,0.101,0.744,92.464,4
spotify:track:0wRn3ggAY1fIupTaVigdza,BCM9A2100020,"A Cara do Crime (Nós Incomoda)","A Cara do Crime (Nós Incomoda)","Mc Poze do Rodo;Bielzin;Mainstreet;MC Cabelinho;PL Quest;Neo Beats",2021-05-27,302117,66,true,316ye5nphj2c6qd5zczz6wspr4te,2023-11-01T12:17:34Z,"trap brasileiro,trap funk,funk brasileiro,trap,hip hop brasileiro,funk consciente","Mainstreet Records",0.623,0.656,9,-3.662,0,0.229,0.288,0,0.105,0.576,112.823,5
spotify:track:1Nmcs8zk7LfcvHRgLtTM5J,BX02F2000014,"Amor de Fim de Noite","Celebridade","Orochi;Papatinho",2020-03-27,221142,73,true,316ye5nphj2c6qd5zczz6wspr4te,2023-11-01T12:17:39Z,"trap brasileiro,hip hop brasileiro,trap funk,trap","Mainstreet Records",0.473,0.427,7,-9.693,0,0.066,0.842,0,0.0839,0.694,138.655,4
spotify:track:4QFzCjkQl2c7wrzVrOu2sz,BX02F1900002,"Balão","Celebridade","Orochi;Dallass",2020-03-27,253333,64,true,316ye5nphj2c6qd5zczz6wspr4te,2023-11-01T12:17:42Z,"trap brasileiro,hip hop brasileiro,trap funk,trap","Mainstreet Records",0.714,0.567,0,-6.395,0,0.109,0.193,0,0.181,0.237,116.912,4
spotify:track:3pC5Zki978Ey1MdFDXd7wj,BX02F2000012,"Celebridade","Celebridade","Orochi;Kizzy",2020-03-27,231272,69,true,316ye5nphj2c6qd5zczz6wspr4te,2023-11-01T12:17:45Z,"trap brasileiro,hip hop brasileiro,trap funk,trap","Mainstreet Records",0.598,0.578,4,-7.639,0,0.176,0.812,0.00000155,0.11,0.454,109.883,4
spotify:track:7BwjZ1jy4B0ZyXTY4YQM9A,BCM9A2200012,"Assault (Carro Forte)","Assault (Carro Forte)","Orochi;Chefin;Oruam;TkN;Borges;Mainstreet;Bielzin",2022-04-05,304000,64,true,316ye5nphj2c6qd5zczz6wspr4te,2023-11-01T12:17:47Z,"trap brasileiro,hip hop brasileiro,trap funk,trap,funk brasileiro","Mainstreet",0.585,0.622,3,-5.958,0,0.229,0.412,0,0.124,0.712,89.754,3
spotify:track:3zXIfbjxSzPMNP6JDZsQsi,BX02F1900001,"Mitsubishi","Celebridade","Orochi;Kizzy",2020-03-27,182181,72,true,316ye5nphj2c6qd5zczz6wspr4te,2023-11-01T12:17:57Z,"trap brasileiro,hip hop brasileiro,trap funk,trap","Mainstreet Records",0.751,0.571,11,-7.017,0,0.209,0.132,0,0.101,0.698,110.021,4
spotify:track:6ubWrh2GuyKMpQrzOynRjD,QZMWW2396008,"Hora Errada","Dos Prédios Deluxe","Veigh;Caio Luccas;Nagalli;Honaiser;Bvga Beatz;Supernova Ent",2023-05-19,210000,60,true,316ye5nphj2c6qd5zczz6wspr4te,2023-11-01T12:18:01Z,"trap brasileiro,trap funk,trap,hip hop brasileiro","Supernova Entertainment Under Exclusive License to UnitedMasters",0.728,0.575,5,-7.85,0,0.244,0.518,0,0.101,0.639,128.035,4
spotify:track:3gx9a8ea1nI0Wym9hJpdbJ,BCM9A2200049,"Hino dos Mlks","Hino dos Mlks","BIN;Orochi;Mc Daniel;Caio Passos;Mainstreet",2022-10-17,209032,52,true,316ye5nphj2c6qd5zczz6wspr4te,2023-11-01T12:18:06Z,"trap brasileiro,hip hop brasileiro,trap funk,trap,funk brasileiro,agronejo,funk consciente","Mainstreet Records",0.66,0.586,5,-5.359,0,0.165,0.313,0,0.104,0.792,92.821,4
spotify:track:1TL33F4bcT9fZPSqvUbFV5,BCM9A2100039,"Carro Forte","Dono das Esquinas","BIN;MC Cabelinho;Mainstreet;Dallass",2021-09-29,240000,62,false,316ye5nphj2c6qd5zczz6wspr4te,2023-11-01T12:18:14Z,"trap brasileiro,hip hop brasileiro,trap funk,trap,funk consciente","Mainstreet Records",0.44,0.725,5,-4.73,1,0.185,0.162,0,0.149,0.596,184.357,3
spotify:track:3B4MxQOkvwS5Cx3G4Csn03,BCY5N2300001,"Business","Essa é a Vida de um Corredor","Ryu, The Runner;Gu$Z;Salve Crazy",2023-03-03,132923,38,true,316ye5nphj2c6qd5zczz6wspr4te,2023-11-01T12:18:20Z,"trap brasileiro,trap,trap funk,hip hop brasileiro","Ryu, the Runner",0.888,0.432,9,-10.751,1,0.341,0.518,0,0.246,0.591,130.216,4
spotify:track:0NkOJBVzL0MaU3JgqJRtkv,BRRGE2300535,"Ballena","Ballena","Vulgo FK;MC PH;Veigh;Pedro Lotto;Fepache",2023-07-13,200000,67,false,316ye5nphj2c6qd5zczz6wspr4te,2023-11-01T12:18:23Z,"trap brasileiro,trap funk,trap,funk brasileiro,hip hop brasileiro,funk consciente","Som Livre",0.664,0.508,9,-7.684,0,0.33,0.307,0,0.126,0.228,120.313,4
spotify:track:48yfdCj8t8WuoITwpSXRcQ,BRRGE2300565,"Beyoncé 2","EVDC DELUXE","Ryu, The Runner;Yunk Vino;Stef;Stuani",2023-07-28,188160,55,true,316ye5nphj2c6qd5zczz6wspr4te,2023-11-01T12:18:30Z,"trap brasileiro,trap,trap funk,hip hop brasileiro","Som Livre",0.757,0.495,10,-8.163,0,0.0352,0.339,0,0.363,0.352,124.958,4
spotify:track:7KdVFvjsLG0bBn7LO4ae2I,BRRGE2300569,"Diagnóstico","EVDC DELUXE","Ryu, The Runner;BIN;Thiago Sub",2023-07-28,178591,48,true,316ye5nphj2c6qd5zczz6wspr4te,2023-11-01T12:18:33Z,"trap brasileiro,trap,trap funk,hip hop brasileiro","Som Livre",0.866,0.585,11,-7.512,1,0.145,0.358,0,0.097,0.473,86.006,4
spotify:track:17VbWFGwifCcaQ695LA45D,BRRGE2300583,"FYE","EVDC DELUXE","Ryu, The Runner;Veigh;Niink;6ee",2023-07-28,151278,50,true,316ye5nphj2c6qd5zczz6wspr4te,2023-11-01T12:18:38Z,"trap brasileiro,trap,trap funk,hip hop brasileiro","Som Livre",0.955,0.392,0,-6.755,1,0.274,0.127,0,0.131,0.771,128.006,4
spotify:track:33pxk7eQUhrZI2tiuMd4zZ,BRRGE2300587,"Vandame","EVDC DELUXE","Ryu, The Runner;Derek;Neckklace",2023-07-28,159298,60,true,316ye5nphj2c6qd5zczz6wspr4te,2023-11-01T12:18:41Z,"trap brasileiro,trap,trap funk,hip hop brasileiro","Som Livre",0.962,0.528,1,-5.882,1,0.274,0.0941,0,0.105,0.25,122.031,4
spotify:track:2qLMJ0qjWFPdDcVSB4ChvH,BRRGE2300579,"12 Da Maçã","EVDC DELUXE","Ryu, The Runner;6ee",2023-07-28,135163,45,true,316ye5nphj2c6qd5zczz6wspr4te,2023-11-01T12:18:45Z,"trap brasileiro,trap,trap funk,hip hop brasileiro","Som Livre",0.92,0.529,1,-6.456,1,0.314,0.192,0,0.195,0.806,129.872,4
spotify:track:6a6UEfhgIKfzrZu1hqRYup,BRWMB2300247,"INEFÁVEL (feat. Leviano)","INEFÁVEL","Long beatz;Tz da Coronel;Xamã;Leviano",2023-02-10,245987,60,true,316ye5nphj2c6qd5zczz6wspr4te,2023-11-01T12:18:57Z,"trap brasileiro,trap funk,trap,hip hop brasileiro","WM Brazil",0.719,0.597,7,-7.037,0,0.111,0.0988,0,0.115,0.512,124.906,4
spotify:track:27x579ayIvantoVe6PP97U,BCM9A2300076,"Opções","O Mais Novo Romântico","Chefin;Veigh;KayBlack;Mainstreet;Ajaxx;Tkd",2023-08-03,180821,60,true,316ye5nphj2c6qd5zczz6wspr4te,2023-11-01T12:19:05Z,"trap brasileiro,trap funk,trap,funk brasileiro,hip hop brasileiro","Mainstreet Records",0.777,0.617,4,-6.77,0,0.235,0.114,0,0.0837,0.801,145.908,4
spotify:track:7DROtyR6IMNifyZmyksyE7,BXG6R1800014,"3 Dias Virado","Só Explosão","Mc IG",2017-12-22,207157,72,true,316ye5nphj2c6qd5zczz6wspr4te,2023-11-01T12:19:14Z,"funk brasileiro,trap funk,funk consciente","GR6 Music",0.823,0.474,2,-9.289,0,0.0503,0.0202,0,0.201,0.833,95.05,4
spotify:track:0GsQzTpegvifzQZ4wXsCZ2,US7VG2082941,"Leans, Pt. 2","237","Yunk Vino;Volp",2020-02-14,172003,9,true,316ye5nphj2c6qd5zczz6wspr4te,2023-11-01T12:19:17Z,"trap brasileiro,trap,trap funk,hip hop brasileiro","Labbel Records",0.366,0.244,11,-13.966,0,0.0417,0.662,0,0.082,0.389,59.238,4
spotify:track:2InS5VWKJQbsFBKOsf1cJB,BXG6R2300792,"Let's Go 4","Let's Go 4","Dj GBR;Mc IG;MC Ryan SP;MC PH;Mc Davi;Mc Luki;Mc Don Juan;Mc Kadu;TrapLaudo;MC GP;MC GH do 7",2023-08-29,641941,72,true,316ye5nphj2c6qd5zczz6wspr4te,2023-11-01T12:19:28Z,"funk brasileiro,trap funk,funk consciente,trap brasileiro","GR6 Music",0.782,0.631,10,-8.473,0,0.592,0.123,0,0.0808,0.866,113.427,5
spotify:track:4ldcxPVAtih8alepJTu8Hx,BRWMB2301136,"Faz Completo, Chefe","Meu Nome Não é Igor %","Mc IG;DJ WN",2023-08-31,127228,62,false,316ye5nphj2c6qd5zczz6wspr4te,2023-11-01T12:19:42Z,"funk brasileiro,trap funk,funk consciente","WM Brazil",0.714,0.373,4,-8.01,0,0.0917,0.593,0.00202,0.0897,0.703,165.935,4
spotify:track:62W2f0QOg20ufNjJQHqnkq,BRWMB2301124,"Fernando de Noronha","Meu Nome Não é Igor %","Mc IG;MC Ryan SP;MC PH;DJ Glenner;DJ Oreia;Gabb MC;MC Bruno MS;MC GP;MC Rhamon;Mc Dena;TrapLaudo",2023-08-31,510697,61,true,316ye5nphj2c6qd5zczz6wspr4te,2023-11-01T12:19:50Z,"funk brasileiro,trap funk,funk consciente,trap brasileiro","WM Brazil",0.652,0.556,6,-7.672,0,0.518,0.336,0.00000113,0.0755,0.64,114.591,5
spotify:track:41vXO1HYd7VywQbpCXaJwM,BRWMB2301116,"Sem Gin, Sem Ela 2","Meu Nome Não é Igor %","Mc IG;MC Ryan SP;MC PH;Murillo e LT no Beat;TrapLaudo",2023-08-31,326871,60,true,316ye5nphj2c6qd5zczz6wspr4te,2023-11-01T12:19:55Z,"funk brasileiro,trap funk,funk consciente,trap brasileiro","WM Brazil",0.63,0.463,7,-8.523,1,0.424,0.195,0,0.136,0.608,108.59,5
spotify:track:5ME83xsz5O9u3A0qhMtKyj,BRWMB2301342,"Jogo do Corinthians","Meu Nome Não é Igor %","Mc IG;Murillo e LT no Beat",2023-08-31,146776,57,true,316ye5nphj2c6qd5zczz6wspr4te,2023-11-01T12:19:58Z,"funk brasileiro,trap funk,funk consciente,trap brasileiro","WM Brazil",0.716,0.422,0,-7.56,0,0.258,0.241,0,0.151,0.646,121.036,4
spotify:track:54FV2rMVwLusAVnzROB0c1,BCM9A2300083,"Mesma História","Vida Cara (Deluxe)","Orochi;Caio Luccas;Pedro Lotto;Mainstreet;Galdino;Ribb",2023-10-06,163636,67,true,316ye5nphj2c6qd5zczz6wspr4te,2023-11-01T12:20:02Z,"trap brasileiro,hip hop brasileiro,trap funk,trap","Mainstreet Records",0.464,0.615,1,-5.943,0,0.164,0.594,0,0.135,0.486,70.047,4
spotify:track:6a35UETcJteB4oVCSFoAqr,BRWMB2301152,"Perfeita","Um Toque de Malandragem","MC Ryan SP;Orochi;MC Hariel;DJ BOY;Oruam",2023-09-12,277411,59,false,316ye5nphj2c6qd5zczz6wspr4te,2023-11-01T12:20:12Z,"funk brasileiro,funk consciente,trap funk,trap brasileiro,hip hop brasileiro,trap","WM Brazil",0.83,0.502,7,-5.605,0,0.322,0.546,0,0.119,0.447,113.788,5
spotify:track:7woVi4HBuv0rsO98Ox2Fcq,BXKG22200582,"Doce Veneno","Doce Veneno","Mc Paiva ZS;Love Funk;Kotim",2022-07-27,208941,57,true,316ye5nphj2c6qd5zczz6wspr4te,2023-11-01T12:20:37Z,"funk brasileiro,trap funk,funk consciente,funk carioca","Love Funk",0.645,0.403,3,-10.809,0,0.344,0.404,0.000199,0.342,0.614,170.034,4
spotify:track:2PsrJc45N7xbFo2ZrL4bHD,QZNMX2397742,"Invisível pt.2","Invisível pt.2","Veigh;Supernova Ent;Honaiser;Toledo;Nagalli;Bvga Beatz",2023-10-08,174556,64,false,316ye5nphj2c6qd5zczz6wspr4te,2023-11-01T12:20:43Z,"trap brasileiro,trap funk,trap,hip hop brasileiro","Supernova Entertainment Under Exclusive License to UnitedMasters",0.667,0.486,1,-8.593,0,0.244,0.143,0,0.385,0.487,87.838,4
spotify:track:2u2T2sB5Geli45Wh7r4lhr,BXG6R1800834,"Hoje Eu Vou Parar Na Gaiola","Hoje Eu Vou Parar Na Gaiola","Mc Livinho;Rennan da Penha",2018-10-17,177093,70,true,316ye5nphj2c6qd5zczz6wspr4te,2023-11-01T12:20:53Z,"funk brasileiro,funk carioca,brega funk","GR6 Music",0.65,0.361,2,-7.153,1,0.404,0.0327,0,0.0978,0.844,89.809,4
spotify:track:5DlrNzF7YmK2dZBjfr0qZ2,BKM2L2300064,"De Marola","Paz Terrível","Azevedo;MC Cabelinho;Dallass;Skinny Beats",2023-09-22,169411,61,false,316ye5nphj2c6qd5zczz6wspr4te,2023-11-01T12:21:05Z,"trap brasileiro,hip hop brasileiro,trap funk,trap,funk consciente","Virgin Music Label And Artist Services (S&D)",0.755,0.675,10,-3.456,0,0.0537,0.405,0,0.0727,0.521,118.94,4
spotify:track:1CJOu4rnX1qOhuVGyAp07h,BC2TS2300023,"Castelo de Areia","Castelo de Areia","Tz da Coronel;Veigh;Djonga;meLLo;Cúpula",2023-10-17,222280,33,false,316ye5nphj2c6qd5zczz6wspr4te,2023-11-16T22:19:39Z,"trap brasileiro,trap funk,trap,hip hop brasileiro,boom bap","Cúpula",0.734,0.553,7,-8.518,0,0.118,0.107,0,0.328,0.576,149.98,4
spotify:track:2twZl1jsRbJRTNCE6VB6eW,BCM9A2300098,"10 Carros","10 Carros","Chefin;Mainstreet;LB Único",2023-11-24,141176,61,true,316ye5nphj2c6qd5zczz6wspr4te,2023-11-30T11:26:26Z,"trap brasileiro,trap funk,trap,funk brasileiro,hip hop brasileiro","Mainstreet Records",0.644,0.6,0,-4.805,0,0.415,0.15,0,0.131,0.518,136.189,4
spotify:track:4m8kG46clzxMxyrDuFo1Uq,BXW922200024,"Horas Iguais","Horas Iguais","WIU;Oruam",2022-10-05,246942,68,false,316ye5nphj2c6qd5zczz6wspr4te,2023-11-30T11:35:53Z,"trap brasileiro,trap,trap funk,hip hop brasileiro,funk brasileiro","Sony Music Entertainment",0.796,0.618,6,-5.295,1,0.0387,0.229,0,0.0737,0.353,120.987,4
spotify:track:35djHlD5VERjzdKzFknuUs,BKF5C2300001,"THE BOX MEDLEY 5","THE BOX MEDLEY 5","THE BOX;Ryu, The Runner;Raffa Moreira;Sidoka;Brocasito",2023-10-27,189658,51,false,316ye5nphj2c6qd5zczz6wspr4te,2024-01-29T21:22:01Z,"trap brasileiro,trap funk,funk brasileiro,funk consciente,trap,hip hop brasileiro,boom bap","Sony Music Entertainment",0.947,0.498,5,-7.099,1,0.0784,0.389,0.00488,0.102,0.196,128.039,4
spotify:track:6GqTxofC6xmCHy0j5ThYed,BXG6R2301002,"Eternos Alunos","O Cara Do Momento","MC PH;Murillo e LT no Beat;Solanno;MC Hariel;Mc Don Juan",2023-11-29,254634,54,true,316ye5nphj2c6qd5zczz6wspr4te,2024-01-29T21:20:35Z,"funk brasileiro,trap funk,funk consciente,trap brasileiro","GR6 Music",0.514,0.718,4,-4.372,0,0.0642,0.642,0,0.18,0.6,117.479,3
spotify:track:1c09NxroPI9EagoquMbN8r,BXG6R2301049,"Os Menino Tá Com o Pacote","O Cara Do Momento","MC PH;Murillo e LT no Beat;Solanno;011Frank",2023-11-29,183529,59,true,316ye5nphj2c6qd5zczz6wspr4te,2024-01-29T21:20:36Z,"funk brasileiro,trap funk,funk consciente,trap brasileiro","GR6 Music",0.709,0.523,3,-5.289,0,0.0554,0.459,0.0000517,0.292,0.589,170.074,4
spotify:track:697gwO5YoSGVAnlfREIZll,BXG6R2301027,"Tenho Que Me Decidir","O Cara Do Momento","MC PH;Borges;WIU;Pedro Lotto;WEY",2023-11-29,232258,67,true,316ye5nphj2c6qd5zczz6wspr4te,2024-01-29T21:20:38Z,"funk brasileiro,trap funk,funk consciente,trap brasileiro,trap,hip hop brasileiro","GR6 Music",0.795,0.603,1,-6.703,1,0.0775,0.392,0,0.118,0.753,124.109,4
spotify:track:5NYqvfrt7W4mUMX3FpNO0v,BXG6R2301059,"Tipo IG","O Cara Do Momento","MC PH;Solanno;Mc IG;Murillo e LT no Beat",2023-11-29,146823,52,true,316ye5nphj2c6qd5zczz6wspr4te,2024-01-29T21:20:41Z,"funk brasileiro,trap funk,funk consciente,trap brasileiro","GR6 Music",0.773,0.631,4,-3.262,1,0.0564,0.473,0,0.161,0.42,113.306,5
spotify:track:6LSza8vBsCd7xLk13cYhIv,BXG6R2300664,"Jovens Milionários (Let's Go 2)","Jovens Milionários (Let's Go 2)","MC PH",2023-08-09,191320,57,true,316ye5nphj2c6qd5zczz6wspr4te,2024-01-29T21:20:44Z,"funk brasileiro,trap funk,funk consciente,trap brasileiro","GR6 Music",0.659,0.644,4,-5.403,0,0.0997,0.223,0,0.139,0.75,86.759,4
spotify:track:4QCwvUs4ob87Tq9VP07Uo3,BCM9A2300102,"Loucura","Amor e Ódio","Borges;MC Cabelinho;Veigh;RUXN;Palma;Kizzy",2023-12-13,179945,68,true,316ye5nphj2c6qd5zczz6wspr4te,2024-01-29T21:20:58Z,"trap brasileiro,trap,trap funk,hip hop brasileiro,funk consciente","Mainstreet Records",0.458,0.677,8,-5.783,1,0.158,0.593,0,0.238,0.696,80.344,3
spotify:track:6CQWmtVuHcGGdWLfcpOpbp,BR5TG2300068,"Foto da Unha","Foto da Unha","L7NNON;Veigh;Nagalli",2023-12-15,199680,52,false,316ye5nphj2c6qd5zczz6wspr4te,2024-01-29T21:21:07Z,"trap brasileiro,hip hop brasileiro,trap funk,trap,funk carioca","HHR Records",0.816,0.54,1,-4.824,0,0.131,0.467,0,0.0839,0.65,124.941,4
spotify:track:4ODMkKdMusKLAMWolKAchh,BXBGP2300079,"Desfile na Favela","O Cenário Certo para o Teatro Perfeito","Danzo;Labbel Rec;Veigh;Bvga Beatz;Toledo",2023-08-25,160000,61,true,316ye5nphj2c6qd5zczz6wspr4te,2024-01-30T10:01:23Z,"trap brasileiro,trap,trap funk,hip hop brasileiro","Labbel Rec",0.838,0.446,4,-7.723,0,0.566,0.655,0,0.103,0.642,119.976,4
spotify:track:2cYqizR4lgvp4Qu6IQ3qGN,USSM11704799,"BUTTERFLY EFFECT","ASTROWORLD","Travis Scott",2018-08-03,190557,82,false,316ye5nphj2c6qd5zczz6wspr4te,2024-05-01T18:32:04Z,"rap","Cactus Jack / Epic",0.763,0.628,11,-5.85,1,0.05,0.0531,0,0.114,0.193,140.958,4
spotify:track:42VsgItocQwOQC3XWZ8JNA,USSM12305010,"FE!N (feat. Playboi Carti)","UTOPIA","Travis Scott;Playboi Carti",2023-07-28,191700,85,true,316ye5nphj2c6qd5zczz6wspr4te,2024-05-01T18:32:13Z,"rap,rage rap","Cactus Jack/Epic",0.569,0.882,3,-2.777,0,0.06,0.0316,0,0.142,0.201,148.038,4
spotify:track:5cAeyKBtzlQ0EIwPFcIYhT,BRRGE2400153,"Embalo","Embalo","Ryu, The Runner;Yunk Vino;Teto",2024-04-25,185138,54,true,316ye5nphj2c6qd5zczz6wspr4te,2024-05-01T18:32:21Z,"trap brasileiro,trap,trap funk,hip hop brasileiro","Som Livre",0.537,0.601,5,-6.093,0,0.296,0.162,0,0.104,0.581,93.444,5
spotify:track:0cKVD74EVBN9Nn949XYaEq,QZ5FN2447021,"3S","3S","Salve Crazy;Ryu, The Runner;Enzo from the Block",2024-02-09,145068,43,true,316ye5nphj2c6qd5zczz6wspr4te,2024-05-01T18:32:37Z,"trap brasileiro,trap,trap funk,hip hop brasileiro","Crazy",0.812,0.762,11,-5.314,0,0.19,0.503,0,0.109,0.766,146.128,4
spotify:track:40IXmplKTcyWPr9HNCik7e,BXW922400003,"Filho da Noite","Filho da Noite","Matuê;MC Ryan SP",2024-04-30,236666,58,false,316ye5nphj2c6qd5zczz6wspr4te,2024-05-01T18:32:51Z,"trap brasileiro,trap,hip hop brasileiro,trap funk,funk brasileiro,funk consciente","Sony Music Entertainment",0.755,0.654,5,-4.517,0,0.208,0.318,0,0.0852,0.827,143.884,4
spotify:track:0VybBobSYSzliyEJ1VqwGR,BXW922400001,"Problemas de um Milionário","Problemas de um Milionário","WIU;Teto",2024-04-10,144360,65,true,316ye5nphj2c6qd5zczz6wspr4te,2024-05-01T18:47:06Z,"trap brasileiro,trap,trap funk,hip hop brasileiro","30PRAUM",0.93,0.484,2,-5.486,1,0.259,0.355,0.0000684,0.0922,0.747,133.03,4
spotify:track:2SFLZ4b8md59HSDxmomQxx,BXG6R2400152,"Vem Desestressar","Vem Desestressar","MC PH;Vulgo FK;Veigh",2024-04-04,240000,59,true,316ye5nphj2c6qd5zczz6wspr4te,2024-05-01T18:47:32Z,"funk brasileiro,trap funk,funk consciente,trap brasileiro,trap,hip hop brasileiro","GR6 Music",0.761,0.543,3,-7.717,0,0.0509,0.366,0,0.285,0.541,123.936,4
spotify:track:7IFsTX5H1sWcEl8joV0IdD,BKF5C2400003,"THE BOX MEDLEY FUNK 2","THE BOX MEDLEY FUNK 2","THE BOX;Mc Brinquedo;MC Cebezinho;MC Tuto;Mc Laranjinha;DJ Oreia",2024-04-18,266666,72,false,316ye5nphj2c6qd5zczz6wspr4te,2024-05-14T20:05:14Z,"trap brasileiro,trap funk,funk brasileiro,funk consciente,trap,funk de bh,brega funk","Sony Music Entertainment",0.778,0.687,11,-8.568,0,0.105,0.578,0.0105,0.356,0.839,117.008,4
spotify:track:0Q1ySdDoHDiotYn4nbMXNm,BKSUV2400002,"CONFISSÕES PT2","MAGIC SHOW","Nagalli;KayBlack;Veigh;Supernova Ent",2024-04-25,145812,70,true,316ye5nphj2c6qd5zczz6wspr4te,2024-05-14T20:06:14Z,"trap brasileiro,trap,trap funk,hip hop brasileiro","Supernova Ent",0.654,0.452,6,-7.103,0,0.322,0.609,0,0.123,0.414,125.994,4
spotify:track:3Q36LH3rlABCEt4JMLbD8p,BXKY72000001,"Vergonha pra Mídia (feat. MC Ryan SP & Mc Lele JP)","Vergonha pra Mídia (feat. MC Ryan SP & Mc Lele JP)","Salvador Da Rima;NOG;Mc Kevin;MC Ryan SP;Mc Lele JP",2020-04-01,385357,69,true,316ye5nphj2c6qd5zczz6wspr4te,2024-05-30T16:13:59Z,"funk consciente,funk brasileiro,trap funk,trap brasileiro,hip hop brasileiro","Rap RJ",0.814,0.671,0,-6.813,1,0.297,0.219,0,0.0736,0.593,83.944,4
spotify:track:4OMSfAavn8k6HxZ0HwVtV1,BKSUV2400006,"CONFISSÕES PT1","MAGIC SHOW","Nagalli;Menor MC;Dfideliz;CJota;Leviano;Supernova Ent",2024-04-25,213357,69,true,316ye5nphj2c6qd5zczz6wspr4te,2024-05-30T16:14:02Z,"trap brasileiro,trap,trap funk,hip hop brasileiro,funk brasileiro","Supernova Ent",0.681,0.53,4,-8.103,0,0.375,0.599,0,0.451,0.421,125.874,4
spotify:track:0aff1PeFidGg14bcm0mqlt,QZNMT2333884,"MAL INTENCIONADA (JÁ FOI, JÁ ERA)","MAGIC SHOW","Nagalli;Borges;Kyan;Vulgo FK;Veigh;Supernova Ent",2024-04-25,228571,56,true,316ye5nphj2c6qd5zczz6wspr4te,2024-05-30T16:14:04Z,"trap brasileiro,trap,trap funk,hip hop brasileiro,funk brasileiro","Supernova Ent",0.785,0.557,1,-7.536,0,0.223,0.259,0,0.109,0.439,126.037,4
spotify:track:5tsKgj1Xbk5bL7t3QiPWOR,BRWMB2400220,"Diz Aí Qual é o Plano?","Diz Aí Qual é o Plano?","Mc IG;MC Ryan SP;Oruam;MC PH;Mc Poze do Rodo;MC GP;TrapLaudo;Mc Luki;MC GH do 7;MC Nego Micha;Murillo e LT no Beat",2024-03-07,703157,58,true,316ye5nphj2c6qd5zczz6wspr4te,2024-06-07T18:02:33Z,"funk brasileiro,trap funk,funk consciente,trap brasileiro,trap,hip hop brasileiro","WM Brazil",0.59,0.581,4,-3.614,1,0.495,0.348,0,0.0775,0.58,72.308,5
spotify:track:5Z9GMt9W6nh3XWQqQIcGoY,BRWMB2400226,"É Isso Bebê, Tá Certa!","É Isso Bebê, Tá Certa!","Mc IG;MC Ryan SP;MC PH;DJ Glenner",2024-03-20,271058,45,true,316ye5nphj2c6qd5zczz6wspr4te,2024-06-07T18:03:06Z,"funk brasileiro,trap funk,funk consciente,trap brasileiro","WM Brazil",0.709,0.635,1,-3.836,0,0.118,0.281,0.0000659,0.08,0.61,170.053,4
spotify:track:5vhpFROZxMdYAO9PsshEC6,BRWMB2400290,"Deus, Por favor","Deus, Por favor","Mc IG;Mc Kevin;DJ WN;MC PH",2024-03-20,279000,52,false,316ye5nphj2c6qd5zczz6wspr4te,2024-06-07T18:03:35Z,"funk brasileiro,trap funk,funk consciente,trap brasileiro","WM Brazil",0.715,0.411,8,-8.585,1,0.309,0.162,0,0.104,0.585,82.452,3
spotify:track:3kBYuWrGtx1tSHjzr0vlZh,BRWMB2400738,"Sorriso no Rosto","Sorriso no Rosto","Mc IG;Murillo e LT no Beat;DJ Glenner",2024-05-28,148000,60,true,316ye5nphj2c6qd5zczz6wspr4te,2024-06-09T22:30:41Z,"funk brasileiro,trap funk,funk consciente,trap brasileiro","WM Brazil",0.637,0.805,7,-5.17,0,0.326,0.361,0.0000149,0.125,0.572,90.3,3
spotify:track:1k1egPmIPWQ0J44PWgMDwA,BKSUV2300001,"Nois é Nois","Nois é Nois","Veigh;Supernova Ent",2024-03-15,120000,62,true,316ye5nphj2c6qd5zczz6wspr4te,2024-06-14T14:19:22Z,"trap brasileiro,trap funk,trap,hip hop brasileiro","Supernova Entertainment",0.77,0.814,7,-4.903,1,0.0772,0.376,0,0.0916,0.618,148.001,4
spotify:track:5RHOhXxMVhpEaBcG6hIydA,BC3PG2303400,"Maturidade","Maturidade","KayBlack;Wall Hein;AMUSIK",2022-09-08,142026,71,true,316ye5nphj2c6qd5zczz6wspr4te,2024-06-14T14:19:25Z,"trap brasileiro,trap funk,trap,hip hop brasileiro","Elenko Music",0.722,0.411,2,-9.963,0,0.387,0.509,0,0.0976,0.503,172.445,3
spotify:track:3imUTMISbkNH55h8KWFQus,BRRGE2400274,"Ele Se Morde","Ele Se Morde","Ryu, The Runner;Emitê Único;Senndy",2024-05-22,212389,40,true,316ye5nphj2c6qd5zczz6wspr4te,2024-06-14T22:44:47Z,"trap brasileiro,trap,trap funk,hip hop brasileiro","Som Livre",0.901,0.452,2,-6.067,1,0.398,0.221,0,0.11,0.414,112.994,4
spotify:track:3khkPvrjpPRDL6xLxANd9Z,BRRGE2400276,"SUV","SUV","Ryu, The Runner;6ee;Iuri Rio Branco;Jean Tassy",2024-05-22,143910,39,true,316ye5nphj2c6qd5zczz6wspr4te,2024-06-14T22:45:01Z,"trap brasileiro,trap,trap funk,hip hop brasileiro,boom bap","Som Livre",0.667,0.582,8,-4.728,1,0.155,0.0961,0,0.149,0.525,119.93,4
spotify:track:5dO1AzjYhd8gdC0nzojaYd,BKSUV2400013,"a noite chega","sua vez de escutar","G.A;Ryu, The Runner;MC Koringa;Bvga Beatz;Supernova Ent",2024-03-29,171219,55,true,316ye5nphj2c6qd5zczz6wspr4te,2024-06-14T22:45:22Z,"trap brasileiro,trap funk,trap,hip hop brasileiro,funk melody,funk brasileiro,funk carioca","Supernova Entertainment",0.811,0.481,10,-8.444,0,0.147,0.487,0,0.189,0.607,115.006,4
spotify:track:3tGiBHrLSYXuUtaDZ4jmXt,BXG6R2400263,"Dentro Da Mala","O Cara Do Momento, Vol. 2","MC PH;Teto;Pedro Lotto;WEY",2024-04-10,243200,63,false,316ye5nphj2c6qd5zczz6wspr4te,2024-07-21T23:22:12Z,"funk brasileiro,trap funk,funk consciente,trap brasileiro,trap,hip hop brasileiro","GR6 Music",0.605,0.538,3,-7.714,0,0.225,0.788,0,0.177,0.656,75.161,4
spotify:track:1IHYVMeFy76X0Xl2DkLkDh,BRRGE2400521,"MVP","SEMRÉH (FINAL SPRINT)","Ryu, The Runner;Veigh;6ee",2024-07-25,169571,52,true,316ye5nphj2c6qd5zczz6wspr4te,2024-07-26T03:42:19Z,"trap brasileiro,trap,trap funk,hip hop brasileiro","Som Livre",0.804,0.654,5,-4.108,1,0.165,0.476,0,0.17,0.719,81.476,4
spotify:track:66M8DsLcUXmwKcYeTLz9GS,BRRGE2400523,"MVP PT2","SEMRÉH (FINAL SPRINT)","Ryu, The Runner;Major RD",2024-07-25,140522,40,true,316ye5nphj2c6qd5zczz6wspr4te,2024-07-26T03:42:25Z,"trap brasileiro,trap,trap funk,hip hop brasileiro","Som Livre",0.743,0.929,7,-3.17,1,0.219,0.0823,0,0.794,0.566,119.989,4
spotify:track:5lZS4UU5KbkR1QLRbkWG5W,BRRGE2400525,"Eles Me Odeiam","SEMRÉH (FINAL SPRINT)","Ryu, The Runner;AJULLIACOSTA;Duquesa",2024-07-25,187480,54,true,316ye5nphj2c6qd5zczz6wspr4te,2024-07-26T03:42:30Z,"trap brasileiro,trap,trap funk,hip hop brasileiro","Som Livre",0.836,0.596,6,-5.021,0,0.288,0.0661,0,0.163,0.3,135.009,4
spotify:track:5RTMpECEVHy3H9jtn7HKi5,BC2TS2400002,"Qual é seu desejo?","Direto da Selva","Tz da Coronel;Ryu, The Runner;Nagalli",2024-06-27,153429,61,true,316ye5nphj2c6qd5zczz6wspr4te,2024-07-26T03:43:01Z,"trap brasileiro,trap funk,trap,hip hop brasileiro","Cúpula",0.849,0.54,5,-4.375,0,0.0387,0.47,0,0.115,0.737,132.991,4
spotify:track:2jOanfmbwcjrcI4MAUcNns,BXW922400061,"Reza do Milhão","Sabor Overdose no Yakisoba","Matuê",2024-08-05,184427,51,false,316ye5nphj2c6qd5zczz6wspr4te,2024-08-06T12:59:23Z,"trap brasileiro,trap,hip hop brasileiro,trap funk","Sony Music Entertainment",0.522,0.799,3,-3.625,0,0.0725,0.0851,0,0.107,0.218,75.384,4
spotify:track:1okn8NTTHVQuP4hghJi2Ec,BKSUV2400030,"Os Menino da Nova","Os Menino da Nova","Supernova Ent;Niink;Veigh;G.A;Ghard",2024-08-27,137677,54,false,316ye5nphj2c6qd5zczz6wspr4te,2024-09-09T00:16:02Z,"trap brasileiro,trap,trap funk,hip hop brasileiro","Supernova Entertainment",0.56,0.573,8,-4.452,1,0.324,0.278,0,0.0946,0.152,108.743,3
spotify:track:4ssHL7bSnOAE7HjiuLx6Co,BXW922400045,"Crack com Mussilon","333","Matuê",2024-09-09,154418,14,true,316ye5nphj2c6qd5zczz6wspr4te,2024-09-16T21:16:05Z,"trap brasileiro,trap,hip hop brasileiro,trap funk","30PRAUM",0.767,0.803,6,-2.833,0,0.116,0.173,0,0.14,0.462,128.979,4
spotify:track:2fjqfFUq64thFsqfKN01kS,BXW922400035,"Imagina esse Cenário","333","Matuê;Veigh",2024-09-09,155368,12,true,316ye5nphj2c6qd5zczz6wspr4te,2024-09-16T21:16:05Z,"trap brasileiro,trap,hip hop brasileiro,trap funk","30PRAUM",0.583,0.665,1,-3.885,1,0.18,0.314,0,0.112,0.463,94.329,4
spotify:track:6QsHhB0W9GtLF3cI7mUVkQ,BXW922400033,"1993","333","Matuê",2024-09-09,127826,11,true,316ye5nphj2c6qd5zczz6wspr4te,2024-09-16T21:16:05Z,"trap brasileiro,trap,hip hop brasileiro,trap funk","30PRAUM",0.753,0.88,11,-3.165,1,0.081,0.455,0,0.146,0.582,92.055,4
spotify:track:6OcZP4rUfuxms2r8Mwx5BQ,BXW922400037,"4Tal","333","Matuê;Teto",2024-09-09,204923,8,true,316ye5nphj2c6qd5zczz6wspr4te,2024-09-16T21:16:05Z,"trap brasileiro,trap,hip hop brasileiro,trap funk","30PRAUM",0.729,0.793,3,-1.979,0,0.077,0.464,0,0.102,0.826,129.964,4
spotify:track:2fTTmjyF7pfarDBAbsJkvb,BXW922400041,"04AM","333","Matuê",2024-09-09,199389,8,true,316ye5nphj2c6qd5zczz6wspr4te,2024-09-16T21:16:05Z,"trap brasileiro,trap,hip hop brasileiro,trap funk","30PRAUM",0.555,0.831,9,-3.503,0,0.113,0.263,0,0.209,0.348,97.886,4
spotify:track:3Kh5a6vXMiJtC35jMEfmyy,BXW922400049,"Castlevania","333","Matuê",2024-09-09,230181,9,true,316ye5nphj2c6qd5zczz6wspr4te,2024-09-16T21:16:05Z,"trap brasileiro,trap,hip hop brasileiro,trap funk","30PRAUM",0.616,0.928,9,-2.34,0,0.043,0.0168,0,0.156,0.23,109.966,4
spotify:track:7pMfMzfYSTbNxj5lJEbQIp,BXW922400043,"V de Vilão","333","Matuê",2024-09-09,146160,8,true,316ye5nphj2c6qd5zczz6wspr4te,2024-09-16T21:16:05Z,"trap brasileiro,trap,hip hop brasileiro,trap funk","30PRAUM",0.579,0.708,7,-3.999,0,0.216,0.769,0,0.1,0.519,94.651,4
spotify:track:2ux3Sb90r5aA74nLMls1u0,BXW922400039,"Maria","333","Matuê",2024-09-09,204339,8,true,316ye5nphj2c6qd5zczz6wspr4te,2024-09-16T21:16:05Z,"trap brasileiro,trap,hip hop brasileiro,trap funk","30PRAUM",0.809,0.519,1,-4.503,1,0.0394,0.104,0,0.148,0.521,133.853,4
spotify:track:7BLjPZwgbxQSLZ4rWbboJY,BCSOR2400052,"Vida de Artista","Vida de Artista","MC Joãozinho VT;MC Tuto;Deejhay RB",2024-06-26,196000,65,true,316ye5nphj2c6qd5zczz6wspr4te,2024-10-24T22:42:08Z,"funk brasileiro,funk consciente,trap funk","Sonar Music",0.913,0.724,10,-4.866,0,0.193,0.502,0,0.0794,0.831,119.922,4
spotify:track:2drZGdAOxfE2KoMGTkidmq,BK4DA2449853,"365 Dias (Vida Mansa)","365 Dias (Vida Mansa)","MC Marks;MC Ryan SP;MC Jvila;MC Bruno MS;Mc Magal;Aaron Modesto;DJ Dael;MC LUUKY",2024-09-27,527220,72,false,316ye5nphj2c6qd5zczz6wspr4te,2024-10-24T22:44:08Z,"funk consciente,funk brasileiro,trap funk","Legenda Records",0.765,0.669,11,-4.029,1,0.212,0.558,0,0.271,0.84,130.999,4
spotify:track:2Rr2mkxwAGZJFq0wlcEpGP,BRWMB2401104,"Sem Topete","Sem Topete","MC Marks;Murillo e LT no Beat;Fepache",2024-09-05,175609,59,true,316ye5nphj2c6qd5zczz6wspr4te,2024-10-24T22:44:16Z,"funk consciente,funk brasileiro,trap funk,trap brasileiro","WM Brazil",0.755,0.582,4,-4.905,0,0.478,0.576,0,0.0918,0.534,81.972,4
spotify:track:3H7eBmcTJyuEMStfmKuLmG,BXKG22401932,"A Danada Me Ligando","A Danada Me Ligando","MC Cebezinho;DJ Oreia;MC Tuto;Love Funk;Kako",2024-08-23,283636,71,true,316ye5nphj2c6qd5zczz6wspr4te,2024-10-24T22:44:57Z,"funk brasileiro,funk consciente,trap funk","Love Funk",0.728,0.422,11,-7.544,0,0.501,0.106,0.00000649,0.0869,0.702,120.897,4
spotify:track:6s1kzj4EbhFLXbuAGJbhbn,BCSOR2400154,"Barbie","Barbie","MC Tuto;DJ Glenner",2024-10-18,192755,70,false,316ye5nphj2c6qd5zczz6wspr4te,2024-10-24T22:45:12Z,"funk brasileiro,funk consciente,trap funk","Sonar Music",0.955,0.425,3,-8.242,0,0.43,0.711,0,0.101,0.716,127.032,4
spotify:track:02I0Nm97YdmZ8teGFcIHEy,BCSOR2400071,"Tropa do Sem K.O","Tropa do Sem K.O","MC Joãozinho VT;MC Tuto;MC Vine7;MC Ryan SP;Mc Duzinho SP;MC LUUKY;Caio Passos",2024-09-03,376000,65,true,316ye5nphj2c6qd5zczz6wspr4te,2024-10-24T22:45:16Z,"funk brasileiro,funk consciente,trap funk,trap brasileiro","Sonar Music",0.612,0.729,8,-3.7,0,0.487,0.311,0,0.0495,0.786,85.511,3
spotify:track:3ODUgIaqdpkMXXlsH1kDLh,BXG6R2400502,"300 no 7","300 no 7","MC GP;MC Jvila;MC LUUKY;Dj Yuri Pedrada",2024-06-21,195572,67,true,316ye5nphj2c6qd5zczz6wspr4te,2024-10-24T22:47:53Z,"funk brasileiro,funk consciente,trap funk","MC GP NOVA ERA",0.631,0.614,9,-4.851,1,0.521,0.326,0,0.622,0.612,83.953,5
spotify:track:32L3KPUr7J2qIVGZpaFjsJ,BCSOR2400072,"E Aí Como Que Tá ?","E Aí Como Que Tá ?","MC Tuto;Oldilla",2024-09-05,134000,42,false,316ye5nphj2c6qd5zczz6wspr4te,2024-10-24T22:48:03Z,"funk brasileiro,funk consciente,trap funk","Sonar Music",0.655,0.498,6,-8.985,0,0.388,0.323,0.00045,0.094,0.538,87.507,3
spotify:track:2fMm9PrJqhjphXdsNHNoQC,BXW922400129,"DE VOLTA","CEO","Brandão85",2024-10-23,241639,64,true,316ye5nphj2c6qd5zczz6wspr4te,2024-10-24T22:48:16Z,"trap brasileiro,trap","30PRAUM",0.494,0.83,9,-3.668,0,0.037,0.0645,0.0000495,0.265,0.649,136.45,4
spotify:track:0DFQWMMc8JxhdKm0JL9LBu,BXW922400149,"ESPAÇONAVE","ESPAÇONAVE","Brandão85;WIU;Matuê",2024-10-22,219666,51,true,316ye5nphj2c6qd5zczz6wspr4te,2024-10-24T22:48:27Z,"trap brasileiro,trap,trap funk,hip hop brasileiro","30PRAUM",0.61,0.824,5,-3.588,1,0.0382,0.24,0,0.0865,0.273,129.975,4
spotify:track:2FwcM5w6qEiYJCIy8y7sqt,BXW922400139,"DESTAQUE","CEO","Brandão85",2024-10-23,164138,58,true,316ye5nphj2c6qd5zczz6wspr4te,2024-10-24T22:48:39Z,"trap brasileiro,trap","30PRAUM",0.43,0.671,2,-5.508,0,0.268,0.106,0.000244,0.0784,0.502,75.867,4
spotify:track:5oKmkzYGZSck6AXjKBuLHM,BXW922400145,"ASTRAL","CEO","Brandão85",2024-10-23,148185,54,true,316ye5nphj2c6qd5zczz6wspr4te,2024-10-24T22:48:46Z,"trap brasileiro,trap","30PRAUM",0.614,0.75,4,-6.927,0,0.0597,0.152,0.00000528,0.284,0.296,115.036,4
spotify:track:42arugDXoej6GJHgunVlkq,BXW922400143,"LÁBIA","CEO","Brandão85",2024-10-23,149149,54,true,316ye5nphj2c6qd5zczz6wspr4te,2024-10-24T22:48:52Z,"trap brasileiro,trap","30PRAUM",0.707,0.681,3,-5.279,0,0.0534,0.316,0,0.0875,0.567,120.074,4
spotify:track:2f2dWfxzptwtFdUUNeCvBL,BXW922400147,"EURO LIBRA","CEO","Brandão85;Teto",2024-10-23,161032,55,true,316ye5nphj2c6qd5zczz6wspr4te,2024-10-24T22:49:07Z,"trap brasileiro,trap,trap funk,hip hop brasileiro","30PRAUM",0.551,0.649,8,-4.618,1,0.13,0.0945,0,0.108,0.336,103.262,1
spotify:track:70E9Lkot8OBYwqAk33ZZzi,BXW922400137,"EM DIREÇÃO DO SOL","CEO","Brandão85;Alee",2024-10-23,192907,63,true,316ye5nphj2c6qd5zczz6wspr4te,2024-10-24T22:49:31Z,"trap brasileiro,trap","30PRAUM",0.688,0.753,11,-4.526,0,0.0602,0.106,0.00017,0.164,0.791,93.035,4
spotify:track:1IA7U01tZDZmMarnf9QIa4,BXW922400028,"Rolê de Sempre","Vagabundo de Luxo","WIU",2024-07-10,220235,70,true,316ye5nphj2c6qd5zczz6wspr4te,2024-10-24T22:51:26Z,"trap brasileiro,trap,trap funk,hip hop brasileiro","30PRAUM",0.66,0.685,5,-4.492,1,0.116,0.325,0,0.108,0.416,169.979,4
spotify:track:5gXH6r92zVkhgP1BF73J4b,BKNDN2400089,"PASSADO DE UM VILÃO","CAOS","Alee",2024-09-23,164704,61,true,316ye5nphj2c6qd5zczz6wspr4te,2024-10-24T22:52:36Z,"trap brasileiro,trap","ALEE",0.639,0.764,2,-7.508,1,0.0788,0.0253,0,0.578,0.579,140.098,4
spotify:track:7a9sHTuIYHpwiAFUMgm7A7,BKNDN2400088,"TEMPO DO OURO","CAOS","Alee;Dallass",2024-09-23,177536,60,true,316ye5nphj2c6qd5zczz6wspr4te,2024-10-24T22:52:50Z,"trap brasileiro,trap,trap funk,hip hop brasileiro","ALEE",0.572,0.654,11,-6.194,0,0.159,0.0325,0,0.128,0.414,116.36,4
spotify:track:5SuhtRofSXwsvto7BXUk9z,BKNDN2400094,"ALPINISTA SOCIAL","CAOS","Alee;Klisman",2024-09-23,140343,57,true,316ye5nphj2c6qd5zczz6wspr4te,2024-10-24T22:52:53Z,"trap brasileiro,trap","ALEE",0.571,0.71,6,-6.507,0,0.239,0.017,0,0.532,0.544,136.799,4
spotify:track:7mT0dfFa2xaBojcdtkIa8B,BKNDN2400097,"SEGREDO","CAOS","Alee;Brandão85",2024-09-23,151030,56,true,316ye5nphj2c6qd5zczz6wspr4te,2024-10-24T22:52:57Z,"trap brasileiro,trap","ALEE",0.599,0.758,2,-6.73,0,0.178,0.122,0.00127,0.473,0.401,139.872,4
spotify:track:288t9rSKYUocbR3zxo6Hif,QZTRX2475407,"MENINO FATAL","MENINO FATAL","Tchelo;Kyan;retroboy;EAGD",2024-06-06,172804,42,true,316ye5nphj2c6qd5zczz6wspr4te,2024-10-24T22:53:10Z,"trap brasileiro,trap,trap funk,hip hop brasileiro","tchelo rodrigues",0.879,0.576,1,-6.085,1,0.127,0.223,0,0.0756,0.615,150.023,4
spotify:track:4UGOR9VXF9h7frfsamjaca,QZWV32496354,"Kit Exclusivo","Kit Exclusivo","Tchelo;Danzo;Massaru;retroboy",2024-10-03,140676,39,true,316ye5nphj2c6qd5zczz6wspr4te,2024-10-24T22:53:15Z,"trap brasileiro,trap,trap funk","tchelo rodrigues",0.833,0.612,1,-4.67,1,0.27,0.307,0,0.165,0.82,139.946,4
spotify:track:0w7vodPWFEcuEYvWpbNbOu,BXW922400005,"Rainha da Finesse","Vagabundo de Luxo","WIU",2024-07-10,166153,67,true,316ye5nphj2c6qd5zczz6wspr4te,2024-10-24T22:53:30Z,"trap brasileiro,trap,trap funk,hip hop brasileiro","30PRAUM",0.792,0.847,3,-2.114,0,0.0586,0.551,0,0.175,0.647,129.922,4
spotify:track:4XaLEsmrRGSDkgd7qpn4Nl,BKBSS2400624,"Sempre na Simplicidade","Sempre na Simplicidade","MC LUUKY;MC Ryan SP;Dj Victor;Boladin 211;MC Vine7",2024-07-17,300000,58,true,316ye5nphj2c6qd5zczz6wspr4te,2024-10-24T22:55:33Z,"funk brasileiro,trap funk,funk consciente,funk de bh,fado","EDITORA E GRAVADORA A BASE RECORDS",0.69,0.771,1,-3.382,0,0.445,0.268,0,0.0965,0.454,116.539,4
spotify:track:73BxcpQnUWiipj7enBaS4v,BXG6R1800255,"Cavalo de Tróia","Cavalo de Tróia","Mc Kevin;Djay W",2018-12-06,162066,69,false,316ye5nphj2c6qd5zczz6wspr4te,2024-10-24T22:57:06Z,"funk brasileiro,funk consciente,trap funk","GR6 Music",0.897,0.554,1,-5.25,0,0.055,0.25,0,0.115,0.449,120.088,4
spotify:track:4RkBJDTvjDxPMAU1Oydz34,BKBSS2400838,"Só Menina Linda","Só Menina Linda","MC LUUKY;MC Bruno MS;Boladin 211;Mc Negão Original;MC GH do 7;Mc Daniel;DJ Japa NK;DJ DAVI DOGDOG;MC Ryan SP",2024-09-11,490163,59,true,316ye5nphj2c6qd5zczz6wspr4te,2024-11-12T19:35:44Z,"funk brasileiro,trap funk,funk consciente,funk de bh,fado,agronejo","EDITORA E GRAVADORA A BASE RECORDS",0.637,0.654,6,-4.714,0,0.383,0.353,0,0.12,0.636,129.642,4
spotify:track:3D06dCZbYilOFAB8kR5tYF,BKBSS2401028,"Malvadinho","Malvadinho","MC LUUKY;DJ JB Mix",2024-11-01,120115,62,true,316ye5nphj2c6qd5zczz6wspr4te,2024-11-12T19:38:04Z,"funk brasileiro,trap funk,funk consciente","EDITORA E GRAVADORA A BASE RECORDS",0.842,0.499,1,-7.244,1,0.114,0.557,0,0.0942,0.688,130.071,4
spotify:track:5rIv8Ya5G1bLQoXwIKTn80,BKBSS2400822,"Nem Ligo Pro Amor","Nem Ligo Pro Amor","MC LUUKY;Oldilla",2024-08-30,164307,55,true,316ye5nphj2c6qd5zczz6wspr4te,2024-11-12T19:39:37Z,"funk brasileiro,trap funk,funk consciente","EDITORA E GRAVADORA A BASE RECORDS",0.867,0.488,3,-8.959,0,0.44,0.656,0,0.113,0.828,129.995,4
spotify:track:2wXqRqVGiGB2fyy9eoPJbP,BCA5Z2400060,"Eu sou Cantor Não Sou Bandido","Eu sou Cantor Não Sou Bandido","Mc Lele JP;MC Marks;MC Leozinho ZS;MC Joãozinho VT",2024-07-10,266666,67,false,316ye5nphj2c6qd5zczz6wspr4te,2024-11-12T19:42:06Z,"funk brasileiro,funk consciente,trap funk","A Luz Records",0.694,0.488,11,-8.343,1,0.45,0.323,0.00000794,0.107,0.673,126.032,4
spotify:track:2i3MSMA7vSXPeVS6Zyb4wy,BRWMB2401061,"Nois Já Tá Rico","Bad Boys","Mc IG;MC Ryan SP;Orochi;DJ Glenner;DJ Negret",2024-08-21,288000,54,false,316ye5nphj2c6qd5zczz6wspr4te,2024-11-12T19:42:43Z,"funk brasileiro,trap funk,funk consciente,trap brasileiro,hip hop brasileiro,trap","WM Brazil",0.732,0.59,11,-8.433,0,0.392,0.34,0.00000166,0.332,0.63,89.911,3
spotify:track:47OSM2U3bRS1cFDc26TpKw,BXG6R2101190,"Tchau Obrigado","Tchau Obrigado","MC Ryan SP;Mc Kadu;MC GP;Mc Kanhoto;Mc Paiva ZS;Mc IG;Dj Victor",2021-12-20,350117,62,true,316ye5nphj2c6qd5zczz6wspr4te,2024-11-12T19:42:49Z,"funk brasileiro,funk consciente,trap funk,funk carioca","GR6 Music",0.806,0.595,10,-3.628,0,0.575,0.679,0,0.083,0.645,113.11,5
spotify:track:2XPUl05bHm0B8upUng1YRQ,BRWMB2400005,"Até o Sol Raiar","Até o Sol Raiar","MC Hariel",2024-01-24,173566,64,false,316ye5nphj2c6qd5zczz6wspr4te,2024-11-12T19:58:58Z,"funk brasileiro,funk consciente,trap funk","WM Brazil",0.803,0.44,11,-5.18,0,0.0792,0.528,0.00000189,0.198,0.879,90.058,4
spotify:track:0OFWfxaRyyXe3zNUwDf7i8,BXYVJ2000048,"Poesia Acústica #10 Recomeçar","Poesia Acústica #10 Recomeçar","Pineapple StormTv;MC Cabelinho;Orochi;JayA Luuck;Pk;Black;Delacruz;BK;LUDMILLA;Salve Malak",2020-11-27,682816,53,false,316ye5nphj2c6qd5zczz6wspr4te,2024-11-12T20:00:00Z,"hip hop brasileiro,trap brasileiro,trap funk,trap,funk consciente,funk brasileiro,pop nacional,boom bap,pagode,funk pop,pagode baiano,funk carioca,samba","Pineapple StormTV",0.737,0.636,8,-5.974,1,0.0727,0.257,0,0.175,0.439,142.085,4
spotify:track:4W87Hv4pBFsE0JEi7enRBQ,BK4442400131,"Malvada","Magia Azul","TrapLaudo;Mc IG;MC PH;MC Ryan SP;Mc Don Juan;Murillo e LT no Beat",2024-06-20,300487,58,false,316ye5nphj2c6qd5zczz6wspr4te,2024-11-12T20:04:36Z,"funk brasileiro,trap funk,funk consciente,trap brasileiro","4M RECORDS",0.646,0.627,9,-8.304,0,0.439,0.581,0,0.112,0.657,122.904,4
spotify:track:3Sa2gVQioE31DcG4nKNDqD,BXW922400055,"Isso é Sério","333","Matuê;Brandão85",2024-09-09,285000,12,true,316ye5nphj2c6qd5zczz6wspr4te,2024-11-24T01:27:28Z,"trap brasileiro,trap,hip hop brasileiro,trap funk","30PRAUM",0.636,0.808,11,-3.318,0,0.255,0.359,0,0.107,0.576,79.98,4
spotify:track:0qsKefQyXCzaxjHbOcd8IU,BXW922400051,"333","333","Matuê",2024-09-09,324000,12,true,316ye5nphj2c6qd5zczz6wspr4te,2024-11-24T01:27:37Z,"trap brasileiro,trap,hip hop brasileiro,trap funk","30PRAUM",0.519,0.707,5,-2.26,0,0.183,0.295,0,0.0932,0.603,78.196,4
spotify:track:49gGZLLm1d7fBFQkTqskXo,BXW922400053,"Like This!","333","Matuê",2024-09-09,208495,6,true,316ye5nphj2c6qd5zczz6wspr4te,2024-11-24T01:27:40Z,"trap brasileiro,trap,hip hop brasileiro,trap funk","30PRAUM",0.665,0.884,7,-3.769,1,0.0321,0.0011,0.00000147,0.0598,0.836,120.082,4
spotify:track:4v0VOuuaZSQHjnjzkC3cnk,BXW922400047,"O Som","333","Matuê",2024-09-09,312480,8,true,316ye5nphj2c6qd5zczz6wspr4te,2025-01-14T04:18:31Z,"trap brasileiro,trap,hip hop brasileiro,trap funk","30PRAUM",0.829,0.554,2,-3.519,0,0.0314,0.226,0.0243,0.0561,0.504,114.974,4
spotify:track:6isHalUdU4dVvJrSa7bfKK,BKTBX2400001,"THE BOX MEDLEY 8","THE BOX MEDLEY 8","THE BOX;Salvador Da Rima;Borges;Dudu;MC Igu;Ecologyk",2024-11-26,293337,52,true,316ye5nphj2c6qd5zczz6wspr4te,2024-11-27T23:21:45Z,"trap brasileiro,trap funk,funk brasileiro,funk consciente,trap,hip hop brasileiro","Sony Music Entertainment",0.813,0.657,6,-6.785,1,0.0824,0.117,0,0.0726,0.768,144.056,4
spotify:track:0cHflpV8SSGbE0NKaasEfT,BRRGE2100756,"F* F* M*","Imaterial (Deluxe)","Filipe Ret;Dallass",2021-04-22,176000,65,true,316ye5nphj2c6qd5zczz6wspr4te,2024-11-28T15:54:43Z,"hip hop brasileiro,trap brasileiro,trap funk,trap","Som Livre",0.866,0.542,4,-7.13,0,0.344,0.651,0,0.09,0.362,119.982,4
spotify:track:6MEDqys4CFyW9Y95LR6qGC,BXIV82129434,"The Box Medley 2","The Box Medley 2","THE BOX;Yunk Vino;Kyan;Abbot;Ojizzy;Aka Rasta",2021-06-01,237000,56,false,316ye5nphj2c6qd5zczz6wspr4te,2024-11-28T16:02:35Z,"trap brasileiro,trap funk,funk brasileiro,funk consciente,trap,hip hop brasileiro","Sony Music Entertainment",0.81,0.538,0,-6.944,0,0.0475,0.284,0,0.164,0.5,115.024,4
spotify:track:46qHgbF1rORAXzwzSU5vbt,BXIV82165409,"The Box Medley Funk","The Box Medley Funk","THE BOX;MC GP;Mc IG;Mc Kadu;Mc Ruzika",2021-12-22,310588,57,false,316ye5nphj2c6qd5zczz6wspr4te,2024-11-28T16:02:43Z,"trap brasileiro,trap funk,funk brasileiro,funk consciente,trap","Sony Music Entertainment",0.642,0.503,10,-6.056,0,0.296,0.117,0.0000655,0.0897,0.524,109.276,5
spotify:track:3IjUrdmAjmjiSY7LUbYXVd,BX7P32300810,"Mó Fita","Mó Fita","Dj Victor;MC Tuto;MC LUUKY;Mc Kadu",2024-04-04,256000,63,true,316ye5nphj2c6qd5zczz6wspr4te,2024-11-28T16:08:31Z,"funk brasileiro,funk consciente,trap funk","Nova Era Produtora",0.889,0.677,1,-7.086,0,0.501,0.628,0,0.0553,0.479,120.06,4
spotify:track:3ZNjlT5zR0jkEVzSSZCQeJ,BXKG22302486,"Ritmista 1.0","Ritmista 1.0","DJ WN;MC Hariel;MC Ryan SP;MC Paulin da Capital;Mc Lipi;MC Vinny;Gabb MC;Mc Kadu;Mc Daniel;MC GH do 7;NOG;Love Funk",2023-11-22,615810,59,true,316ye5nphj2c6qd5zczz6wspr4te,2024-11-28T16:08:36Z,"funk brasileiro,funk consciente,trap funk,agronejo,trap brasileiro,hip hop brasileiro","Love Funk",0.601,0.51,11,-4.471,0,0.143,0.607,0,0.156,0.923,88.242,4
spotify:track:5KnGDIGzxFCZz87q7nkDds,BRRGE2401224,"ESQV","ESQV","Ryu, The Runner;Emitê Único;6ee",2024-12-03,144533,53,true,316ye5nphj2c6qd5zczz6wspr4te,2024-12-03T18:24:05Z,"trap brasileiro,trap,trap funk,hip hop brasileiro","Som Livre",0.807,0.702,8,-4.313,1,0.0719,0.028,0,0.112,0.526,132.992,4
spotify:track:507tluWzOtxx58Kb13L9qu,BKF5C2300021,"THE BOX MEDLEY 6","THE BOX MEDLEY 6","THE BOX;Raffé;Tchelo;TOKIODK;Lipinho Oficial",2023-12-07,241799,65,false,316ye5nphj2c6qd5zczz6wspr4te,2024-12-05T02:03:42Z,"trap brasileiro,trap funk,funk brasileiro,funk consciente,trap,boom bap,hip hop brasileiro","Sony Music Entertainment",0.775,0.674,11,-6.498,0,0.329,0.159,0,0.112,0.252,139.848,4
spotify:track:2liHTN02pSJPhSOViN3T5v,BXW922300015,"Jingle Bell Hype","Um Pequeno Álbum de Natal","WIU",2023-12-23,201807,43,true,316ye5nphj2c6qd5zczz6wspr4te,2024-12-09T00:53:01Z,"trap brasileiro,trap,trap funk,hip hop brasileiro","30PRAUM",0.798,0.777,9,-4.379,1,0.0368,0.149,0,0.0489,0.844,130.008,4
spotify:track:7tcO4ICvtftGWI19MnUJXM,BXW922400057,"Honey Babe","Honey Babe","Matuê",2024-08-04,176571,64,false,316ye5nphj2c6qd5zczz6wspr4te,2024-12-09T01:03:08Z,"trap brasileiro,trap,hip hop brasileiro,trap funk","Sony Music Entertainment",0.398,0.845,4,-1.656,0,0.0901,0.115,0,0.245,0.228,139.81,4
spotify:track:1T524gnYNnw5Ac35eyW5TR,BC2TS2400053,"Não Temos Medo - Remix","Direto da Selva Deluxe","Tz da Coronel;Filipe Ret;Orochi",2024-11-28,256618,62,true,316ye5nphj2c6qd5zczz6wspr4te,2024-12-12T03:43:39Z,"trap brasileiro,trap funk,trap,hip hop brasileiro","Cúpula Records",0.761,0.494,5,-5.39,0,0.0955,0.715,0,0.229,0.7,128.047,4
spotify:track:4IdcxaEb9gfR3064T8AOgu,BKSUV2400089,"Menor Quente (feat. Veigh & Ghard)","Mixtape Supernova Vol.1","Supernova Ent;Niink;G.A;Veigh;Ghard",2024-12-12,198656,52,false,316ye5nphj2c6qd5zczz6wspr4te,2024-12-13T01:51:52Z,"trap brasileiro,trap,trap funk,hip hop brasileiro","Supernova Entertainment",0.883,0.338,0,-9.453,0,0.154,0.234,0,0.0988,0.226,115.989,4
spotify:track:5p0xBbD3UOlsA7AgECeLZw,BKSUV2400091,"Novo Império (feat. Veigh & Ghard)","Mixtape Supernova Vol.1","Supernova Ent;G.A;Niink;Veigh;Ghard",2024-12-12,189400,50,false,316ye5nphj2c6qd5zczz6wspr4te,2024-12-13T01:51:52Z,"trap brasileiro,trap,trap funk,hip hop brasileiro","Supernova Entertainment",0.798,0.397,1,-8.177,0,0.227,0.466,0,0.109,0.141,132.017,4
spotify:track:1HhHVYJHmsVyZvBR1nmY29,BKSUV2400093,"Esquema de Pirâmide (feat. Veigh)","Mixtape Supernova Vol.1","Supernova Ent;Niink;Ghard;Veigh",2024-12-12,123996,56,false,316ye5nphj2c6qd5zczz6wspr4te,2024-12-13T01:51:52Z,"trap brasileiro,trap,trap funk,hip hop brasileiro","Supernova Entertainment",0.923,0.556,11,-7.956,0,0.282,0.213,0,0.0901,0.617,120.027,4
spotify:track:6Lgqcjgo0vYFSzdR8f15Gm,BKSUV2400095,"Dembélé (feat. Niink & Veigh)","Mixtape Supernova Vol.1","Supernova Ent;Ghard;G.A;Niink;Veigh",2024-12-12,150822,51,false,316ye5nphj2c6qd5zczz6wspr4te,2024-12-13T01:51:52Z,"trap brasileiro,trap,trap funk,hip hop brasileiro","Supernova Entertainment",0.714,0.577,2,-10.595,1,0.32,0.514,0.00000131,0.111,0.524,140.017,4
spotify:track:2I930q22UY4zvVnpkSgsfD,BKSUV2400097,"Modo Carreira (feat. Veigh)","Mixtape Supernova Vol.1","Supernova Ent;Niink;G.A;Veigh",2024-12-12,182012,51,false,316ye5nphj2c6qd5zczz6wspr4te,2024-12-13T01:51:52Z,"trap brasileiro,trap,trap funk,hip hop brasileiro","Supernova Entertainment",0.585,0.628,4,-6.659,0,0.108,0.0814,0.00000185,0.19,0.136,124.995,4
spotify:track:6dWGBv0DMNa7sa2y7bGS2r,BKSUV2400099,"Tango (feat. Veigh & Niink)","Mixtape Supernova Vol.1","Supernova Ent;Ghard;G.A;Veigh;Niink",2024-12-12,164223,60,false,316ye5nphj2c6qd5zczz6wspr4te,2024-12-13T01:51:52Z,"trap brasileiro,trap,trap funk,hip hop brasileiro","Supernova Entertainment",0.81,0.634,10,-6.73,0,0.0869,0.542,0.00000982,0.105,0.663,152.025,4
spotify:track:2WdV619lpewERqKr0V2G5f,BKSUV2400101,"Vivendo Igual IG (feat. Veigh & Niink)","Mixtape Supernova Vol.1","Supernova Ent;Ryu, The Runner;Emitê Único;Veigh;Niink",2024-12-12,202303,53,false,316ye5nphj2c6qd5zczz6wspr4te,2024-12-13T01:51:52Z,"trap brasileiro,trap,trap funk,hip hop brasileiro","Supernova Entertainment",0.885,0.842,11,-4.507,1,0.106,0.43,0,0.103,0.468,133.966,4
spotify:track:7kexCUP26MJzOjq5NtqRaa,BKSUV2400103,"Pobre Juan (feat. Veigh & G.A)","Mixtape Supernova Vol.1","Supernova Ent;Ghard;Niink;Veigh;G.A",2024-12-12,236141,56,false,316ye5nphj2c6qd5zczz6wspr4te,2024-12-13T01:51:52Z,"trap brasileiro,trap,trap funk,hip hop brasileiro","Supernova Entertainment",0.738,0.67,0,-6.907,1,0.0598,0.289,0,0.202,0.0543,126.077,3
spotify:track:7tFHqw01PJ16Q7KBWzSDdT,BKSUV2400105,"Plug da Nova (feat. Veigh & Ghard)","Mixtape Supernova Vol.1","Supernova Ent;G.A;Niink;Veigh;Ghard",2024-12-12,201081,51,false,316ye5nphj2c6qd5zczz6wspr4te,2024-12-13T01:51:52Z,"trap brasileiro,trap,trap funk,hip hop brasileiro","Supernova Entertainment",0.731,0.467,7,-8.688,0,0.203,0.371,0,0.134,0.373,147.96,4
spotify:track:48vVVCikPLX7q7qMaATDaJ,BKSUV2400107,"VADIA (feat. Veigh & G.A)","Mixtape Supernova Vol.1","Supernova Ent;Vulgo FK;Niink;Veigh;G.A",2024-12-12,174550,57,false,316ye5nphj2c6qd5zczz6wspr4te,2024-12-13T01:51:52Z,"trap brasileiro,trap,trap funk,funk brasileiro,hip hop brasileiro","Supernova Entertainment",0.694,0.52,5,-6.511,0,0.0655,0.295,0,0.11,0.678,120.763,4
spotify:track:5Bp7TFENcgsdLCL8fMOSKs,BKSUV2400109,"Adora a bunda, odeia o rosto (feat. Veigh & Niink)","Mixtape Supernova Vol.1","Supernova Ent;G.A;Ghard;Veigh;Niink",2024-12-12,173859,66,false,316ye5nphj2c6qd5zczz6wspr4te,2024-12-13T01:51:52Z,"trap brasileiro,trap,trap funk,hip hop brasileiro","Supernova Entertainment",0.645,0.543,11,-6.967,0,0.385,0.31,0.0000012,0.112,0.447,89.944,3
spotify:track:208uGOTT6zCnhx6YM7B7OF,BKSUV2400111,"Atitudes de um Gangsta (feat. Veigh)","Mixtape Supernova Vol.1","Supernova Ent;Yunk Vino;Niink;Veigh",2024-12-12,183527,53,false,316ye5nphj2c6qd5zczz6wspr4te,2024-12-13T01:51:52Z,"trap brasileiro,trap,trap funk,hip hop brasileiro","Supernova Entertainment",0.754,0.446,2,-9.642,0,0.371,0.485,0,0.491,0.385,135.862,4
spotify:track:2yipsqLP0A846JLTnYNIuG,BKSUV2400113,"Chicago (feat. Veigh)","Mixtape Supernova Vol.1","Supernova Ent;G.A;Niink;Veigh",2024-12-12,162634,52,false,316ye5nphj2c6qd5zczz6wspr4te,2024-12-13T01:51:52Z,"trap brasileiro,trap,trap funk,hip hop brasileiro","Supernova Entertainment",0.813,0.563,6,-4.818,0,0.23,0.355,0,0.109,0.513,144.014,4
spotify:track:4W9pw6UTxzvCZ9bmylsg12,BKSUV2400115,"Sempre Forte (bônus)","Mixtape Supernova Vol.1","Supernova Ent;Stick;Honaiser",2024-12-12,142657,48,false,316ye5nphj2c6qd5zczz6wspr4te,2024-12-13T01:51:52Z,"trap brasileiro,trap,trap funk","Supernova Entertainment",0.795,0.584,2,-6.282,1,0.211,0.24,0,0.315,0.271,143.026,4
spotify:track:60kz0YZsW7N4gCBnkcUpFV,BKLY42400149,"Mente do Coringa","Traumas e Vícios (Deluxe)","CJota;Ghard;Ryu, The Runner;Honaiser;Marquinho no Beat;Young Chencs;Roddy Beatz",2024-12-12,161095,37,true,316ye5nphj2c6qd5zczz6wspr4te,2024-12-16T18:21:27Z,"trap brasileiro,trap,trap funk,hip hop brasileiro,funk brasileiro","LYONS PRODUÇÕES OFICIAL",0.783,0.312,1,-13.231,1,0.342,0.758,0.00000119,0.118,0.277,73.008,4
spotify:track:2EMEUDqh1JuZabORVw1KkX,BKTBX2400003,"THE BOX MEDLEY FUNK 4","THE BOX MEDLEY FUNK 4","THE BOX;Mc Rodson;MC Meno K;MC LUUKY;MC Rodolfinho;Dj Felipe Maia",2024-12-19,294098,57,false,316ye5nphj2c6qd5zczz6wspr4te,2024-12-25T22:50:07Z,"trap brasileiro,trap funk,funk brasileiro,funk consciente,trap,funk carioca","Sony Music Entertainment",0.847,0.577,6,-6.685,1,0.191,0.131,0,0.129,0.696,91.53,3
spotify:track:2MHQdlPaIcD49dJXHd6MYI,BRWMB2401328,"Hoje o Dia Tá Bonito","Hoje o Dia Tá Bonito","MC Marks;GringoBeats808",2024-09-30,109571,61,false,316ye5nphj2c6qd5zczz6wspr4te,2024-12-25T22:50:27Z,"funk consciente,funk brasileiro,trap funk","WM Brazil",0.904,0.539,11,-7.79,1,0.123,0.281,0.00000863,0.0934,0.787,126.12,4
spotify:track:7c2zWmVMYkqd86M1pL82rS,BCSOR2400209,"Longe de Magnata","Longe de Magnata","Deejhay RB;MC Tuto;MC Joãozinho VT;Borges;Chefin;Kako;MC Vine7",2024-12-17,452762,68,true,316ye5nphj2c6qd5zczz6wspr4te,2024-12-30T18:06:34Z,"funk brasileiro,funk consciente,trap funk,trap brasileiro,trap,hip hop brasileiro","Sonar Produtora",0.847,0.36,11,-8.937,0,0.26,0.631,0,0.111,0.502,125.095,4
spotify:track:0hWzBcYtmwsL1TwByzjiUG,BCSOR2400165,"Boy Besta","Boy Besta","MC Joãozinho VT;Mc Negão Original;MC Tuto;Matheuszin DJ;Kako;MC Ryan SP",2024-11-12,424615,70,true,316ye5nphj2c6qd5zczz6wspr4te,2024-12-30T18:06:38Z,"funk brasileiro,funk consciente,trap funk","Sonar Music",0.922,0.539,8,-6.114,0,0.482,0.504,0,0.0924,0.747,130.007,4
spotify:track:0ycjYQkQ7lJpZf47BEiDLx,BRRGE2400714,"2024","2024","Vulgo FK;MC Ryan SP;Gustah;Pedro Lotto",2024-09-24,160399,41,false,316ye5nphj2c6qd5zczz6wspr4te,2024-12-30T18:08:15Z,"trap brasileiro,trap funk,trap,funk brasileiro,hip hop brasileiro,funk consciente","Som Livre",0.634,0.625,3,-6.875,0,0.118,0.152,0,0.279,0.73,149.66,4
spotify:track:4pOGEJRVOuaa9oyy7qTGf6,BCE7P2402941,"Fui Mlk","Fui Mlk","Nilo;Mc Paiva ZS;DJ Di Marques;Tropa da W&S;FamousKyo",2024-11-22,174110,74,false,316ye5nphj2c6qd5zczz6wspr4te,2025-01-01T20:29:56Z,"funk brasileiro,trap funk,funk consciente,funk carioca","WMD",0.635,0.636,5,-3.72,1,0.309,0.636,0,0.317,0.691,128.528,4
spotify:track:0UGGLKM970ymsBBN5TKjsD,BCSOR2400221,"2025","2025","MC Tuto;DJ Oreia",2024-12-16,172820,65,false,316ye5nphj2c6qd5zczz6wspr4te,2025-01-01T20:30:12Z,"funk brasileiro,funk consciente,trap funk","Sonar Produtora",0.702,0.473,10,-10.179,0,0.617,0.386,0.0000133,0.134,0.648,80.165,3
spotify:track:0a0QuJ8ck468zbNnKE5AB8,BXG6R2300003,"Festa No Cassino","ECLÉTICO - LADO A","MC PH;Mc IG;TrapLaudo;DJ WN",2023-02-09,173999,53,true,316ye5nphj2c6qd5zczz6wspr4te,2025-01-03T04:02:27Z,"funk brasileiro,trap funk,funk consciente,trap brasileiro","GR6 Music",0.723,0.643,10,-5.038,1,0.113,0.504,0.0000535,0.284,0.667,160.048,4
spotify:track:64R6X0CQM5Nbbc7NtzQdfw,BXW922500007,"brinco de diamante","tempo.zip","Teto",2025-01-15,152000,56,true,316ye5nphj2c6qd5zczz6wspr4te,2025-01-16T00:30:10Z,"trap brasileiro,trap,trap funk,hip hop brasileiro","30PRAUM",0.713,0.719,0,-2.958,0,0.417,0.408,0,0.106,0.263,120.005,4
spotify:track:2zjSEHhLqyRoNHrNcGewMO,BXW922500003,"doce mágico","tempo.zip","Teto;Menor MC;DJ Matt D",2025-01-15,139428,59,true,316ye5nphj2c6qd5zczz6wspr4te,2025-01-16T00:34:33Z,"trap brasileiro,trap,trap funk,hip hop brasileiro,funk brasileiro,funk consciente","30PRAUM",0.861,0.802,7,-2.026,1,0.368,0.133,0,0.0732,0.675,105.015,4
spotify:track:3RKxR4ylugvzHU0S8AhVaz,BXW922500005,"eu vou ser rico","tempo.zip","Teto",2025-01-15,181960,61,true,316ye5nphj2c6qd5zczz6wspr4te,2025-01-16T00:57:08Z,"trap brasileiro,trap,trap funk,hip hop brasileiro","30PRAUM",0.78,0.762,3,-3.095,0,0.266,0.412,0,0.172,0.774,153.119,4
spotify:track:49RRBsYse5dBDRubOhCEkE,BXW922500009,"espelho","tempo.zip","Teto",2025-01-15,130909,57,true,316ye5nphj2c6qd5zczz6wspr4te,2025-01-16T01:00:10Z,"trap brasileiro,trap,trap funk,hip hop brasileiro","30PRAUM",0.836,0.667,1,-2.124,0,0.063,0.116,0,0.0675,0.42,121.027,4
spotify:track:0sWIDSVPVN0fkuZs0C8wp4,BXW922400165,"bolas de haxi","tempo.zip","Teto",2025-01-15,138240,55,true,316ye5nphj2c6qd5zczz6wspr4te,2025-01-16T01:02:37Z,"trap brasileiro,trap,trap funk,hip hop brasileiro","30PRAUM",0.943,0.729,1,-1.043,1,0.242,0.324,0,0.104,0.741,124.929,4
spotify:track:2Jf18O92JYa0Bs2SV71pUR,BXW922500011,"atoa","tempo.zip","Teto;EarKid",2025-01-15,165473,52,true,316ye5nphj2c6qd5zczz6wspr4te,2025-01-16T01:05:24Z,"trap brasileiro,trap,trap funk,hip hop brasileiro","30PRAUM",0.844,0.728,8,-2.884,1,0.34,0.375,0,0.357,0.887,94.994,4
spotify:track:1GwIdru4LQrMAVVflX7H1k,BKB8A2400024,"T BUM","T BUM","Senndy;Ryu, The Runner;Salve Crazy",2025-01-17,166000,49,true,316ye5nphj2c6qd5zczz6wspr4te,2025-01-26T17:41:13Z,"trap brasileiro,trap,trap funk,hip hop brasileiro","Crazy",0.803,0.585,0,-5.917,0,0.0933,0.494,0.0000097,0.111,0.445,120.04,4
spotify:track:5QZEKx4SQOxABjMvcJjrGj,USLZJ2327657,"Nunca Sozinho","Nunca Sozinho","Supernova Ent;Veigh;Nagalli;Rocco",2023-03-03,137102,0,true,316ye5nphj2c6qd5zczz6wspr4te,2023-11-01T12:14:09Z,"trap brasileiro,trap,trap funk,hip hop brasileiro","Supernova Ent",0.818,0.701,1,-5.656,0,0.342,0.0605,0,0.485,0.947,139.963,4
spotify:track:2s7vtyL03FsuzbR2CXWIsc,BKGFO2417029,"To de Volta","Nunca Foi Sorte","LPT Zlatan;Bradockdan;GDM;Wall Hein",2024-10-18,139285,56,true,316ye5nphj2c6qd5zczz6wspr4te,2025-01-26T17:42:44Z,"trap brasileiro,trap,boom bap,trap funk,hip hop brasileiro","Goma do Mago Records",0.795,0.804,11,-6.293,0,0.189,0.222,0.0000077,0.102,0.624,153.947,4
spotify:track:4Q0j8IUJaSxNROmna9IWWX,BKNDN2400096,"PARTY","CAOS","Alee;Qualywav1;saboya;Anezzi;Klisman;Del Jay",2024-09-23,232188,63,true,316ye5nphj2c6qd5zczz6wspr4te,2025-01-26T17:43:19Z,"trap brasileiro,trap,trap funk,hip hop brasileiro","ALEE",0.845,0.666,10,-6.5,0,0.147,0.191,0,0.102,0.723,118.041,4
spotify:track:7jCgslBhuPF61B6yk90VYb,BRWMB2500004,"Sexta Feira Hoje Tem","Sexta Feira Hoje Tem","MC Ryan SP;Mc IG;DJ Japa NK;Nilo;Boladin 211;MC LUUKY;Mc Negão Original",2025-01-10,387711,73,true,316ye5nphj2c6qd5zczz6wspr4te,2025-01-26T17:48:50Z,"funk brasileiro,funk consciente,trap funk,funk de bh,fado","WM Brazil",0.774,0.583,11,-4.495,0,0.468,0.282,0,0.108,0.48,129.798,4
spotify:track:361DsT1rBpJKIYVJNSP0pk,BRWMB2500046,"Não Bebo Não Fumo Mais","Não Bebo Não Fumo Mais","MC Ryan SP;Mc IG;Mc Don Juan;Boladin 211;MC LUUKY;MC Neguinho do Kaxeta;Oldilla",2025-01-21,520615,62,true,316ye5nphj2c6qd5zczz6wspr4te,2025-01-26T17:49:39Z,"funk brasileiro,funk consciente,trap funk,funk de bh,fado","WM Brazil",0.618,0.616,1,-7.324,0,0.348,0.181,0,0.122,0.35,129.698,4
spotify:track:6T75k8RdUYiAbrjnOgSlYU,BC3PG2404701,"Toma Que Toma","Toma Que Toma","Mc Negão Original;MC Cebezinho;Dj Yuri Pedrada;Mc Fidelis;MC GP;MC Jvila;MC Ryan SP",2024-12-23,461538,58,true,316ye5nphj2c6qd5zczz6wspr4te,2025-01-26T17:49:55Z,"funk brasileiro,trap funk,funk consciente","Cria Hit BR",0.633,0.738,10,-3.781,0,0.57,0.164,0,0.115,0.755,82.144,3
spotify:track:3yCtRV7LMeGBpvSHDR8uMV,BXTQW2400017,"Chapa Máxima","Chapa Máxima","Boladin 211;MC Rick;MC Leozinho ZS;CAO$;Dj Lv Mdp;Dj Vitin do Pc",2024-12-05,151384,62,false,316ye5nphj2c6qd5zczz6wspr4te,2025-01-26T17:50:05Z,"funk brasileiro,trap funk,funk de bh,funk consciente,fado","WM Brazil",0.711,0.462,2,-8.206,1,0.594,0.263,0,0.12,0.685,77.763,4
spotify:track:5JX23868UTT3DBgj7i5yrK,BCMUB2400003,"FNB","FNB>BKB","Japa;Ryu, The Runner;Neckklace;Lucchini",2024-09-26,168196,51,true,316ye5nphj2c6qd5zczz6wspr4te,2025-01-26T17:54:43Z,"trap brasileiro,trap,hip hop brasileiro,trap funk","369 Records",0.765,0.779,1,-5.845,0,0.17,0.15,0,0.119,0.634,121.973,4
spotify:track:0vrUXMImjUJ511YAJrVo3d,BCMUB2400004,"BKB","FNB>BKB","Japa;Ryu, The Runner;6ee;Hobb The Goat;Lucchini",2024-09-26,178000,53,true,316ye5nphj2c6qd5zczz6wspr4te,2025-01-26T17:54:52Z,"trap brasileiro,trap,hip hop brasileiro,trap funk","369 Records",0.708,0.665,1,-5.469,1,0.0792,0.0146,0,0.157,0.39,119.938,4
spotify:track:2LrW0DJcN0yYHloF6mvMlP,BRRGE2400890,"OI","OI","Vulgo FK;Ryu, The Runner;Bvga Beatz;Viper;Rocco",2024-10-23,181434,44,true,316ye5nphj2c6qd5zczz6wspr4te,2025-01-26T17:55:48Z,"trap brasileiro,trap funk,trap,funk brasileiro,hip hop brasileiro","Som Livre",0.838,0.353,4,-5.433,0,0.119,0.164,0.000559,0.107,0.163,127.014,4
spotify:track:0BLU6ZLfShdBHucQgXcqUs,QZWV32496350,"Pura Nata","Pura Nata","Tchelo;Kyan;retroboy",2024-10-03,168655,31,true,316ye5nphj2c6qd5zczz6wspr4te,2025-01-26T17:57:28Z,"trap brasileiro,trap,trap funk,hip hop brasileiro","tchelo rodrigues",0.571,0.773,2,-5.011,1,0.223,0.373,0,0.152,0.415,96.692,5
spotify:track:7Erh3JIeGJ7zWVhuFXcZ28,BC3PG2500348,"Os Mlk É Ruim","A Nata de Tudo - A Ovelha Negra","Mc Negão Original;Veigh;Toledo;DJ Guh Mix;DJ Yago",2025-02-07,192000,62,true,316ye5nphj2c6qd5zczz6wspr4te,2025-02-11T00:02:40Z,"funk brasileiro,trap funk,funk consciente,trap brasileiro,trap,hip hop brasileiro","Cria Hit BR",0.789,0.548,5,-5.45,0,0.351,0.872,0,0.145,0.663,129.892,4
spotify:track:2iJ6CT5jxBcErhEyduEtdz,BC3PG2500346,"A Nata","A Nata de Tudo - A Ovelha Negra","Mc Negão Original;MC GP;DJ Guh Mix;Mc Dena;MC Bruno MS",2025-02-07,238153,63,true,316ye5nphj2c6qd5zczz6wspr4te,2025-02-11T00:03:18Z,"funk brasileiro,trap funk,funk consciente","Cria Hit BR",0.647,0.74,9,-2.054,1,0.435,0.732,0,0.126,0.671,129.78,4
spotify:track:4WXVqLSRHF4ypdiBngbcqU,BXKG22302778,"Set Dj Gm 6.0","Set Dj Gm 6.0","Dj GM;Mc Paiva ZS;Triz;MC Paulin da Capital;Mc Lipi;Mc Lele JP;MC Ryan SP;Gabb MC;Mc Daniel;MC Cebezinho;MC GH do 7;MC Marks;Mc Negão Original;GREGO",2023-12-22,624000,77,false,316ye5nphj2c6qd5zczz6wspr4te,2025-02-11T00:03:53Z,"funk consciente,funk brasileiro,trap funk,funk carioca,agronejo,piseiro,forró","Love Funk",0.459,0.747,8,-2.665,0,0.199,0.355,0,0.289,0.517,63.546,5
spotify:track:2M5dL30uouNRi8kwhI5QRD,BXW922500013,"MUNDO DO WIU","808 CLUB","WIU",2025-01-30,196800,55,true,316ye5nphj2c6qd5zczz6wspr4te,2025-02-21T18:11:49Z,"trap brasileiro,trap,trap funk,hip hop brasileiro","30PRAUM",0.694,0.6,1,-5.315,0,0.0503,0.282,0,0.109,0.0893,100.056,4
spotify:track:5cDPJ6gEUwkpfCjHkD2gDb,BXW922500015,"FREESTYLE DE LUXO (feat. Yunk Vino)","808 CLUB","WIU;Yunk Vino",2025-01-30,194095,53,true,316ye5nphj2c6qd5zczz6wspr4te,2025-02-21T18:11:53Z,"trap brasileiro,trap,trap funk,hip hop brasileiro","30PRAUM",0.7,0.727,10,-5.006,0,0.038,0.29,0.0000197,0.147,0.836,140.031,4
spotify:track:3f6sD0ixZTFHToSjAj79jM,BXW922500029,"RUAS DE FORTAL (feat. Brandão85)","808 CLUB","WIU;Brandão85",2025-01-30,202107,58,true,316ye5nphj2c6qd5zczz6wspr4te,2025-02-21T18:11:57Z,"trap brasileiro,trap,trap funk,hip hop brasileiro","30PRAUM",0.886,0.608,3,-4.743,0,0.369,0.0369,0,0.108,0.501,132.966,4
spotify:track:2vv7B1aqBlivQIGf5ua2oi,BXW922500021,"CHICK","808 CLUB","WIU",2025-01-30,168174,54,true,316ye5nphj2c6qd5zczz6wspr4te,2025-02-21T18:12:01Z,"trap brasileiro,trap,trap funk,hip hop brasileiro","30PRAUM",0.742,0.511,11,-5.711,0,0.0638,0.744,0,0.111,0.289,137.044,4
spotify:track:1mhgqpCAnVZarcA65K6L0h,BXW922500017,"PUTO (feat. Alee)","808 CLUB","WIU;Alee",2025-01-30,186000,63,true,316ye5nphj2c6qd5zczz6wspr4te,2025-02-21T18:12:04Z,"trap brasileiro,trap,trap funk,hip hop brasileiro","30PRAUM",0.602,0.518,5,-5.653,0,0.0852,0.717,0,0.0968,0.57,119.903,4
spotify:track:0f4QnSC3ObuKug2XIwMAVt,BXW922500025,"POUQUINHO DA MINHA VIBE (feat. Japa)","808 CLUB","WIU;Japa",2025-01-30,220682,53,true,316ye5nphj2c6qd5zczz6wspr4te,2025-02-21T18:12:11Z,"trap brasileiro,trap,trap funk,hip hop brasileiro","30PRAUM",0.743,0.609,1,-4.44,0,0.0627,0.357,0.00000103,0.131,0.441,124.998,4
spotify:track:7K9j6LICm02OlSjEu026qN,BXW922500031,"Espinafre","Espinafre","Brandão85",2025-02-20,152115,0,true,316ye5nphj2c6qd5zczz6wspr4te,2025-02-22T02:32:52Z,"trap brasileiro,trap","30PRAUM",0.775,0.793,1,-1.368,0,0.285,0.045,0,0.114,0.968,156.005,4
spotify:track:05GL0js4ONij9y35v6wIpT,QZ5AB2078951,"Plaqtudum","Plaqtudum","Recayd Mob;Derek;Dfideliz;Jé Santiago;Jé",2018-09-19,175440,60,true,316ye5nphj2c6qd5zczz6wspr4te,2025-02-22T02:34:10Z,"trap brasileiro,trap,hip hop brasileiro,trap funk","213 Estudios",0.891,0.74,1,-6.367,1,0.068,0.271,0.0000108,0.118,0.0683,122.021,4
spotify:track:2HWogzHGTVaCYoj3ZRVwRa,BRWMB2400286,"Goodnight Menina 3","Todo Mundo Odeia o IG","Mc IG;DJ Glenner",2024-03-21,209032,64,true,316ye5nphj2c6qd5zczz6wspr4te,2025-02-22T02:35:35Z,"funk brasileiro,trap funk,funk consciente","WM Brazil",0.621,0.449,10,-11.612,1,0.0826,0.388,0,0.0897,0.665,123.917,4
spotify:track:2rFi57mXQTm8Di4DJ8WPKi,BRWMB2401850,"Goodnight Menina 4","Goodnight Menina 4","Mc IG;DJ Glenner;Fepache",2024-12-05,169090,49,true,316ye5nphj2c6qd5zczz6wspr4te,2025-02-22T02:35:39Z,"funk brasileiro,trap funk,funk consciente","WM Brazil",0.737,0.328,8,-8.328,0,0.119,0.777,0.00000724,0.0991,0.674,117.305,5
spotify:track:0d7oIw2t0f6oCXJUfWYw8E,BKSUV2500001,"Mônaco Freestyle","Mônaco Freestyle","Veigh;Supernova Ent",2025-02-25,112000,55,false,316ye5nphj2c6qd5zczz6wspr4te,2025-02-26T16:18:02Z,"trap brasileiro,trap funk,trap,hip hop brasileiro","Supernova Ent",0.795,0.607,6,-5.173,0,0.141,0.27,0,0.115,0.232,120.034,4
spotify:track:52EYWdjiulHaehpexuowyh,BXVOC2200005,"FOGO E GASOLINA","LITTLE LOVE","MC Cabelinho;Cyclope Beatz;Red;meLLo",2022-12-20,181767,67,true,316ye5nphj2c6qd5zczz6wspr4te,2025-02-28T21:13:17Z,"trap brasileiro,trap funk,trap,hip hop brasileiro,funk consciente","Bairro 13",0.531,0.629,10,-6.378,0,0.108,0.184,0,0.134,0.508,141.562,4
spotify:track:6SXgLTXFwsmF4s6xRt2CRu,BKXXA2500009,"Falando com as Favelas","Falando com as Favelas","Memphis Depay;MC Hariel;André Nine",2025-02-16,190549,44,false,316ye5nphj2c6qd5zczz6wspr4te,2025-03-02T00:02:28Z,"funk brasileiro,funk consciente,trap funk,trap brasileiro,hip hop brasileiro","WM Brazil",0.744,0.745,7,-7.624,0,0.0698,0.167,0,0.0735,0.458,119.969,4
spotify:track:3lanafMuQh8VOmJHuANWBz,BKXXA2500010,"Peita do Coringão","Falando com as Favelas","Memphis Depay;MC Hariel;Perera DJ;MC Marks",2025-02-17,245500,38,false,316ye5nphj2c6qd5zczz6wspr4te,2025-03-02T00:02:35Z,"funk brasileiro,funk consciente,trap funk","WM Brazil",0.753,0.716,6,-5.804,1,0.357,0.204,0,0.134,0.823,90.01,3
spotify:track:3iDZj9V0RSElRwVgtmMYgJ,BK7652500017,"Lei Anti O.R.U.A.M","Liberdade","Oruam;Victor WAO;Maurin",2025-02-21,158608,3,false,316ye5nphj2c6qd5zczz6wspr4te,2025-03-10T16:44:38Z,"trap funk,trap brasileiro,funk brasileiro,trap,hip hop brasileiro","Oruam Distribuições",0.665,0.477,11,-7.596,0,0.529,0.653,0,0.0817,0.304,115.369,4
spotify:track:15CoBMXezZjfJuFpvuhYK3,BK7652500002,"22 Meu Vulgo","Liberdade","Oruam;nobuddy;Gigant;Goldgrain",2025-02-21,219677,1,true,316ye5nphj2c6qd5zczz6wspr4te,2025-03-10T16:46:47Z,"trap funk,trap brasileiro,funk brasileiro,trap","Oruam Distribuições",0.625,0.462,5,-5.494,1,0.234,0.729,0,0.115,0.335,122.818,4
spotify:track:3Uc1umNQVfi2HjywAbxwDX,BRWMB2401922,"Velho da Lancha","Dr. Igor Guilherme","Mc IG;Mc Neguinho PRT;Fepache;Dj TC",2024-12-12,200000,56,true,316ye5nphj2c6qd5zczz6wspr4te,2025-03-15T00:06:23Z,"funk brasileiro,trap funk,funk consciente","WM Brazil",0.705,0.71,8,-3.671,0,0.0751,0.544,0,0.103,0.464,120.008,4
spotify:track:2ZyZnlSYXvWzTDafpuTepq,BK4DA2507695,"Camarote 25 (feat. MC Joãozinho VT)","Camarote 25 (feat. MC Joãozinho VT)","MC Jvila;MC Ryan SP;Mc Negão Original;DJ Dael;MC Joãozinho VT",2025-03-07,304615,57,true,316ye5nphj2c6qd5zczz6wspr4te,2025-03-15T00:06:32Z,"funk brasileiro,trap funk,funk consciente","Legenda Records",0.878,0.701,6,-3.814,0,0.343,0.54,0,0.0925,0.85,129.971,4
spotify:track:4hWQJndCBdhTmW7RSA9wm0,BC3PG2500351,"Onze Horas no Relógio","Onze Horas no Relógio","Mc Negão Original;MC Joãozinho VT;DJ David LP",2025-02-07,160615,43,true,316ye5nphj2c6qd5zczz6wspr4te,2025-03-15T00:06:42Z,"funk brasileiro,trap funk,funk consciente","Cria Hit BR",0.833,0.615,3,-5.964,0,0.299,0.76,0,0.107,0.682,130.013,4
spotify:track:5UBCGftdDXdaxomn1eloLC,BXW922500035,"PRETTY LET GIRL","MAIOR QUE O TEMPO","Teto;WIU",2025-03-27,164307,57,false,316ye5nphj2c6qd5zczz6wspr4te,2025-03-28T22:46:21Z,"trap brasileiro,trap,trap funk,hip hop brasileiro","30PRAUM",0.927,0.681,4,-2.477,0,0.11,0.52,0,0.143,0.604,130.042,4
spotify:track:7BGhllQfISbfkwYSkp5nRC,BXW922500039,"YES OR NO","MAIOR QUE O TEMPO","Teto",2025-03-27,188571,69,false,316ye5nphj2c6qd5zczz6wspr4te,2025-03-28T22:49:38Z,"trap brasileiro,trap,trap funk,hip hop brasileiro","30PRAUM",0.929,0.708,3,-3.621,0,0.067,0.161,0,0.103,0.791,140.019,4
spotify:track:66WeFkFXdWoDaKgk8SrnBs,BXW922500045,"GRÉCIA","MAIOR QUE O TEMPO","Teto",2025-03-27,222371,57,false,316ye5nphj2c6qd5zczz6wspr4te,2025-03-28T22:58:09Z,"trap brasileiro,trap,trap funk,hip hop brasileiro","30PRAUM",0.816,0.744,6,-3.171,0,0.0482,0.479,0.0000198,0.0856,0.811,104.955,4
spotify:track:7IrWDPYP9rwNq1N4aUF3nG,BXW922400161,"MULHER SECRETA","MAIOR QUE O TEMPO","Teto;Matuê;WIU",2025-03-27,228349,62,false,316ye5nphj2c6qd5zczz6wspr4te,2025-03-29T23:44:11Z,"trap brasileiro,trap,trap funk,hip hop brasileiro","30PRAUM",0.605,0.601,10,-4.355,0,0.35,0.623,0,0.11,0.181,137.274,5
spotify:track:5brVlCCt8gp4pP0iJOOctj,BRWMB2400319,"Melhor Vibe","Melhor Vibe","MC Ryan SP;Filipe Ret;Caio Luccas;Chefin;Dallass;Rocco",2024-03-20,341408,69,true,316ye5nphj2c6qd5zczz6wspr4te,2025-04-02T16:31:45Z,"funk brasileiro,funk consciente,trap funk,hip hop brasileiro,trap brasileiro,trap","WM Brazil",0.739,0.586,2,-5.644,0,0.153,0.754,0,0.12,0.578,141.829,4
spotify:track:0JPpScEAtvRvWQ38nifwO9,BKRQM2500001,"USD, é USD!","USD, é USD!","Kyan;Mu540;DJ Mzl Ori",2025-04-03,181629,1,true,316ye5nphj2c6qd5zczz6wspr4te,2025-04-05T00:51:54Z,"trap brasileiro,trap funk,trap,hip hop brasileiro,funk bruxaria","Kyan",0.625,0.592,1,-5.625,1,0.328,0.0502,0,0.412,0.508,130.051,4
spotify:track:1HPQtDNiXB8gSFWX0nG3wA,BXW922500033,"NÃO PARE","MAIOR QUE O TEMPO","Teto",2025-03-27,237037,56,false,316ye5nphj2c6qd5zczz6wspr4te,2025-04-05T00:52:18Z,"trap brasileiro,trap,trap funk,hip hop brasileiro","30PRAUM",0.728,0.569,2,-4.459,0,0.444,0.286,0,0.0728,0.326,162.137,4
spotify:track:2Z1DmmPWD3Lm0dWAxMfjxG,BK4DA2502895,"Pirocada Quente","Pirocada Quente","MC Jvila;Mc Negão Original;DJ Dael;DJ Guh Mix",2025-01-28,195692,74,true,316ye5nphj2c6qd5zczz6wspr4te,2025-04-08T21:26:37Z,"funk brasileiro,trap funk,funk consciente","Legenda Records",0.882,0.87,11,-1.803,0,0.32,0.319,0.00000174,0.101,0.75,130,4
spotify:track:1i2kguziI3ZbUZnZMKNhQ2,BXG6R2300222,"400K","Ninguém Tá Puro!","Mc IG;DJ Jorgin",2023-03-15,163500,68,false,316ye5nphj2c6qd5zczz6wspr4te,2025-05-01T14:04:48Z,"funk brasileiro,trap funk,funk consciente","GR6 Music",0.768,0.52,5,-5.916,0,0.05,0.347,0,0.0843,0.838,79.97,4
spotify:track:5nLbkYr8XYVT915bd02NQm,BKSUV2500041,"Taylor","Taylor","Veigh;Supernova Ent",2025-04-30,123206,52,true,316ye5nphj2c6qd5zczz6wspr4te,2025-05-12T00:45:21Z,"trap brasileiro,trap funk,trap,hip hop brasileiro","Supernova Ent under exclusive license to UnitedMasters LLC",0.889,0.769,11,-4.311,0,0.101,0.122,0,0.182,0.753,112.978,4
spotify:track:0WFA9Klvxj0rFc9YFe7Zgv,BCGWP2500017,"Ta Rico Os Menino Do Gueto 🍀","Ta Rico Os Menino Do Gueto 🍀","Mc IG;MC Ryan SP;Mc Negão Original;MC GP;DJ DAVI DOGDOG;DJ Japa NK;DU'L;MC Meno K;Mc guizinho niazi;Nickz Beatz;SiarBeats",2025-04-30,459692,64,true,316ye5nphj2c6qd5zczz6wspr4te,2025-05-12T00:45:38Z,"funk brasileiro,trap funk,funk consciente,funk carioca,brega funk,trap brasileiro","WM Brazil",0.543,0.715,7,-5.036,0,0.389,0.358,0,0.107,0.552,86.681,5
spotify:track:6LD5vzCqfDlGmXBXqHcYcP,BK7652400010,"ADORO ESSA VIDA $$$","Nós Era Duro","Chefin;MC Joãozinho VT;MC LUUKY;DJ Rafinha",2024-12-10,280615,17,false,316ye5nphj2c6qd5zczz6wspr4te,2025-05-12T00:47:11Z,"trap brasileiro,trap funk,trap,funk brasileiro,hip hop brasileiro,funk consciente","Chefin Distribuição",0.682,0.724,7,-3.721,0,0.405,0.446,0,0.0976,0.751,130.038,4
spotify:track:2UXVcGqOp64OmTWJJXLNTV,BCY5N2300006,"Março","Essa é a Vida de um Corredor","Ryu, The Runner;Liam Fenti;Salve Crazy",2023-03-03,109306,25,true,316ye5nphj2c6qd5zczz6wspr4te,2025-05-12T00:53:30Z,"trap brasileiro,trap,trap funk,hip hop brasileiro","Ryu, the Runner",0.804,0.613,4,-10.41,0,0.36,0.757,0,0.106,0.65,101.02,4
spotify:track:1Gz5kwxKAZ0FBHIy6q2uS8,BRRGE2400272,"Mecaniota","SEMRÉH","Ryu, The Runner",2024-05-23,120833,47,true,316ye5nphj2c6qd5zczz6wspr4te,2025-05-12T00:54:12Z,"trap brasileiro,trap,trap funk,hip hop brasileiro","Som Livre",0.843,0.477,4,-6.967,0,0.071,0.0924,0,0.117,0.306,114.026,4
spotify:track:28FHjHkRYO25VCCZHI7rjr,BRRGE2300581,"Novela","EVDC DELUXE","Ryu, The Runner;ByNickstar",2023-07-28,67500,42,true,316ye5nphj2c6qd5zczz6wspr4te,2025-05-12T00:55:59Z,"trap brasileiro,trap,trap funk,hip hop brasileiro","Som Livre",0.905,0.525,5,-7.181,0,0.0737,0.105,0,0.204,0.855,87.09,4
spotify:track:3CvpnVAV75lKCcaTtUTpgW,BK7652500001,"Se Essa Bunda For Uma Empresa","Se Essa Bunda For Uma Empresa","Chefin;LB Único",2025-02-18,162461,26,true,316ye5nphj2c6qd5zczz6wspr4te,2025-05-12T00:58:55Z,"trap brasileiro,trap funk,trap,funk brasileiro,hip hop brasileiro","Chefin Distribuição",0.791,0.819,9,-2.283,0,0.188,0.513,0,0.0811,0.709,130.005,4
spotify:track:0lArWym57y3wiT7qcLUj7r,BRWMB2500361,"Sem Gin, Sem Ela 3 🍀","Feliz no Simples 🍀","Mc IG;TrapLaudo;Mc Don Juan;MC PH;MC Vinny;Murillo e LT no Beat",2025-05-13,340122,47,false,316ye5nphj2c6qd5zczz6wspr4te,2025-05-17T01:40:41Z,"funk brasileiro,trap funk,funk consciente,trap brasileiro","WM Brazil",0.882,0.411,9,-9.089,1,0.102,0.0482,0,0.0669,0.668,108.581,5
spotify:track:5zMfekMDiwhJZHCGjh6LLB,BRWMB2500367,"Bailarina da Favela 🍀","Bailarina da Favela 🍀","Mc IG;MC GP;MC Ryan SP;MC PH;DJ Oreia;MC Cebezinho",2025-05-12,366829,38,false,316ye5nphj2c6qd5zczz6wspr4te,2025-05-17T01:41:07Z,"funk brasileiro,trap funk,funk consciente,trap brasileiro","WM Brazil",0.657,0.667,9,-6.371,0,0.523,0.0122,0,0.342,0.822,122.985,4
spotify:track:4t5Z9FZP99S7vwfGfV8qFQ,BRWMB2500379,"Tipo Aladin 🍀","Feliz no Simples 🍀","Mc IG;TrapLaudo;MC GP;DJ Express",2025-05-13,207889,47,false,316ye5nphj2c6qd5zczz6wspr4te,2025-05-17T01:50:54Z,"funk brasileiro,trap funk,funk consciente","WM Brazil",0.507,0.466,10,-10.51,0,0.252,0.477,0,0.17,0.85,87.009,1
spotify:track:7mXDwdVAha7ZnDRzXGiEof,BRRGE2300589,"Protagonista","EVDC DELUXE","Ryu, The Runner;Liam Fenti",2023-07-28,124162,46,true,316ye5nphj2c6qd5zczz6wspr4te,2025-05-17T02:03:27Z,"trap brasileiro,trap,trap funk,hip hop brasileiro","Som Livre",0.849,0.431,0,-9.517,1,0.397,0.0385,0,0.108,0.349,81.01,4
spotify:track:3IbztmgBw5OwtVhKfzhuWp,BRRGE2300567,"Modelo","EVDC DELUXE","Ryu, The Runner;MC Igu;Brandão85;Stuani",2023-07-28,168000,52,true,316ye5nphj2c6qd5zczz6wspr4te,2025-05-17T02:03:40Z,"trap brasileiro,trap,trap funk,hip hop brasileiro","Som Livre",0.73,0.453,2,-10.385,0,0.0606,0.527,0.00000433,0.119,0.324,139.969,4
spotify:track:68qeaZhtMZ6abrJCYt6nQn,USUM72414871,"RATHER LIE (with The Weeknd)","MUSIC","Playboi Carti;The Weeknd",2025-03-14,209680,80,true,316ye5nphj2c6qd5zczz6wspr4te,2025-05-23T17:25:09Z,"rage rap","AWGE/Interscope Records",0.72,0.665,8,-4.431,1,0.0325,0.0583,0,0.213,0.279,132.991,4
spotify:track:52eIcoLUM25zbQupAZYoFh,USSM12309164,"redrum","american dream","21 Savage",2024-01-12,270697,80,true,316ye5nphj2c6qd5zczz6wspr4te,2025-05-23T17:30:04Z,"","Slaughter Gang, LLC/Epic Records",0.625,0.733,2,-8.757,1,0.0488,0.00598,0.000983,0.375,0.244,172.09,4
spotify:track:3eekarcy7kvN4yt5ZFzltW,USSM11904276,"HIGHEST IN THE ROOM","HIGHEST IN THE ROOM","Travis Scott",2019-10-04,175720,84,true,316ye5nphj2c6qd5zczz6wspr4te,2025-05-23T17:30:22Z,"rap","Cactus Jack/Epic",0.598,0.427,7,-8.764,0,0.0317,0.0546,0.00000583,0.21,0.0605,76.469,4
spotify:track:6gBFPUFcJLzWGx4lenP6h2,USSM11607555,"goosebumps","Birds In The Trap Sing McKnight","Travis Scott",2016-09-16,243836,87,true,316ye5nphj2c6qd5zczz6wspr4te,2025-05-23T17:30:45Z,"rap","Cactus Jack / Epic",0.841,0.728,7,-3.37,1,0.0484,0.0847,0,0.149,0.43,130.049,4
spotify:track:51EC3I1nQXpec4gDk0mQyP,USSM11506731,"90210 (feat. Kacy Hill)","Rodeo","Travis Scott;Kacy Hill",2015-09-04,339066,82,true,316ye5nphj2c6qd5zczz6wspr4te,2025-05-23T22:01:29Z,"rap","Cactus Jack / Epic",0.402,0.527,9,-6.737,0,0.0917,0.113,0.00000848,0.105,0.31,81.42,4
spotify:track:67nepsnrcZkowTxMWigSbb,USSM12305021,"MELTDOWN (feat. Drake)","UTOPIA","Travis Scott;Drake",2023-07-28,246133,75,true,316ye5nphj2c6qd5zczz6wspr4te,2025-05-23T22:10:49Z,"rap","Cactus Jack/Epic",0.557,0.774,7,-5.275,0,0.351,0.012,0,0.396,0.397,111.975,4
spotify:track:0hL9gOw6XBWsygEUcVjxEc,USSM12305004,"HYAENA","UTOPIA","Travis Scott",2023-07-28,222085,68,true,316ye5nphj2c6qd5zczz6wspr4te,2025-05-23T22:15:24Z,"rap","Cactus Jack/Epic",0.608,0.754,8,-5.277,1,0.0719,0.0305,0,0.119,0.455,97.071,4
spotify:track:1xYpVRspgaLxdJLOTQkTjg,USSM11806662,"STOP TRYING TO BE GOD","ASTROWORLD","Travis Scott",2018-08-03,338438,67,true,316ye5nphj2c6qd5zczz6wspr4te,2025-05-23T22:19:02Z,"rap","Cactus Jack / Epic",0.588,0.567,4,-3.738,0,0.0628,0.221,0,0.135,0.113,150.009,4
spotify:track:4MXhiYIRDMGAuvZc5IFTwC,USSM11806668,"ASTROTHUNDER","ASTROWORLD","Travis Scott",2018-08-03,142969,77,true,316ye5nphj2c6qd5zczz6wspr4te,2025-05-23T22:25:04Z,"rap","Cactus Jack / Epic",0.7,0.46,4,-8.111,0,0.0661,0.142,0.0000481,0.111,0.286,151.901,4
spotify:track:6OaVWaGfhXn70ZJfdVcabn,USSM11806663,"NO BYSTANDERS","ASTROWORLD","Travis Scott",2018-08-03,218283,72,true,316ye5nphj2c6qd5zczz6wspr4te,2025-05-23T22:28:48Z,"rap","Cactus Jack / Epic",0.731,0.811,1,-3.225,1,0.0712,0.0204,0,0.411,0.426,147.045,4
spotify:track:1uu28Lfdt5B5JBvvKWV5qq,QZWDD2287261,"NÓIS TA FORGANO","Trap The Fato","Derek;Kyan;Celo1st;Neckklace;TTF",2022-12-08,164892,41,true,316ye5nphj2c6qd5zczz6wspr4te,2025-05-24T00:33:11Z,"trap brasileiro,trap,hip hop brasileiro,trap funk","Derek",0.793,0.708,0,-4.708,0,0.188,0.13,0,0.121,0.258,139.999,4
spotify:track:1vA9ABK1CiAyQXjAnnyqOs,BXG6R2000247,"Vou Viver Pra Ver","Vou Viver Pra Ver","MC PH",2020-02-29,162000,50,true,316ye5nphj2c6qd5zczz6wspr4te,2025-05-24T01:47:54Z,"funk brasileiro,trap funk,funk consciente,trap brasileiro","GR6 Music",0.846,0.643,5,-1.876,1,0.232,0.529,0,0.351,0.851,159.934,4
spotify:track:6s8WSX1MxNThrot8ThI6fG,USSM12410202,"4X4","4X4","Travis Scott",2025-01-24,190581,73,true,316ye5nphj2c6qd5zczz6wspr4te,2025-05-24T01:50:44Z,"rap","Cactus Jack / Epic",0.625,0.847,6,-2.95,0,0.0454,0.0392,0.000108,0.788,0.221,143.023,4
spotify:track:2Hh3ETdQKrmSI3QS0hme7g,USUG12208784,"Too Many Nights (feat. Don Toliver & with Future)","HEROES & VILLAINS","Metro Boomin;Future;Don Toliver",2022-12-02,199920,85,true,316ye5nphj2c6qd5zczz6wspr4te,2025-05-24T01:54:30Z,"rap,trap","Republic Records",0.573,0.668,7,-4.356,0,0.0467,0.189,0.0000401,0.109,0.145,87.973,4
spotify:track:0vjeOZ3Ft5jvAi9SBFJm1j,USUG12208783,"Superhero (Heroes & Villains) [with Future & Chris Brown]","HEROES & VILLAINS","Metro Boomin;Future;Chris Brown",2022-12-02,182666,79,true,316ye5nphj2c6qd5zczz6wspr4te,2025-05-24T02:15:17Z,"rap,trap,r&b","Republic Records",0.709,0.583,5,-5.298,0,0.204,0.138,0.00000297,0.195,0.533,116.624,4
spotify:track:5TRPicyLGbAF2LGBFbHGvO,USUM70749095,"Flashing Lights","Graduation","Kanye West;Dwele",2007-09-11,237506,90,true,316ye5nphj2c6qd5zczz6wspr4te,2025-05-24T02:16:04Z,"rap,neo soul","Roc-A-Fella",0.639,0.628,6,-7.578,0,0.0398,0.0381,0,0.386,0.43,90.482,4
spotify:track:0mEdbdeRFQwBhN4xfyIeUM,USUM70739239,"Can't Tell Me Nothing","Graduation","Kanye West",2007-09-11,271600,86,true,316ye5nphj2c6qd5zczz6wspr4te,2025-05-24T02:19:04Z,"rap","Roc-A-Fella",0.587,0.62,5,-6.133,0,0.042,0.0122,0,0.82,0.106,79.928,4
spotify:track:3s7MCdXyWmwjdcWh7GWXas,USUM71807795,"Violent Crimes","ye","Kanye West",2018-06-01,215320,81,true,316ye5nphj2c6qd5zczz6wspr4te,2025-05-24T02:20:52Z,"rap","Getting Out Our Dreams, Inc./Def Jam Recordings",0.669,0.419,1,-6.724,0,0.522,0.376,0,0.187,0.0397,109.813,4
spotify:track:4EWCNWgDS8707fNSZ1oaA5,USUM70840511,"Heartless","808s & Heartbreak","Kanye West",2008-11-24,211000,87,false,316ye5nphj2c6qd5zczz6wspr4te,2025-05-24T02:20:56Z,"rap","Roc-A-Fella",0.79,0.647,10,-5.983,0,0.136,0.0515,0,0.248,0.654,87.999,4
spotify:track:7KA4W4McWYRpgf0fWsJZWB,USQX91701275,"See You Again (feat. Kali Uchis)","Flower Boy","Tyler, The Creator;Kali Uchis",2017-07-21,180386,91,true,316ye5nphj2c6qd5zczz6wspr4te,2025-05-24T02:24:04Z,"","Columbia",0.558,0.559,6,-9.222,1,0.0959,0.371,0.00000749,0.109,0.62,78.558,4
spotify:track:74tLlkN3rgVzRqQJgPfink,USUM71210785,"Money Trees","good kid, m.A.A.d city","Kendrick Lamar;Jay Rock",2012,386906,82,true,316ye5nphj2c6qd5zczz6wspr4te,2025-05-24T02:28:15Z,"hip hop,west coast hip hop","Aftermath",0.716,0.531,7,-7.355,1,0.157,0.0709,0,0.22,0.335,71.972,4
spotify:track:7KXjTSCq5nL1LoYtL7XAwS,USUM71703085,"HUMBLE.","DAMN.","Kendrick Lamar",2017-04-14,177000,85,true,316ye5nphj2c6qd5zczz6wspr4te,2025-05-24T02:29:26Z,"hip hop,west coast hip hop","Aftermath",0.908,0.621,1,-6.638,0,0.102,0.000282,0.0000539,0.0958,0.421,150.011,4
spotify:track:2tudvzsrR56uom6smgOcSf,USSM12402041,"Like That","WE DON'T TRUST YOU","Future;Metro Boomin;Kendrick Lamar",2024-03-22,267706,82,true,316ye5nphj2c6qd5zczz6wspr4te,2025-05-24T17:16:40Z,"rap,trap,hip hop,west coast hip hop","Wilburn Holding Co./Boominati/Epic/Republic",0.814,0.676,11,-4.67,0,0.231,0.00709,0.0000128,0.119,0.312,162.012,4
spotify:track:7rbECVPkY5UODxoOUVKZnA,USUM70749085,"I Wonder","Graduation","Kanye West",2007-09-11,243440,85,true,316ye5nphj2c6qd5zczz6wspr4te,2025-05-24T20:59:31Z,"rap","Roc-A-Fella",0.542,0.466,0,-8.668,1,0.0824,0.141,0.000444,0.125,0.127,191.386,4
spotify:track:6cRyy0XvzIdbSNzjYAOoFf,BXW922300021,"zumzumzum","zumzumzum","Teto",2024-01-31,150000,57,true,316ye5nphj2c6qd5zczz6wspr4te,2025-05-24T21:22:25Z,"trap brasileiro,trap,trap funk,hip hop brasileiro","30PRAUM",0.849,0.521,8,-7.287,0,0.474,0.409,0,0.322,0.364,80.001,4
spotify:track:285pBltuF7vW8TeWk8hdRR,USUG11800685,"Lucid Dreams","Goodbye & Good Riddance","Juice WRLD",2018-12-10,239835,85,true,316ye5nphj2c6qd5zczz6wspr4te,2025-05-25T03:12:17Z,"rap melódico,rap emo","Juice WRLD Mixtape / ISR P&D",0.511,0.566,6,-7.23,0,0.2,0.349,0,0.34,0.218,83.903,4
spotify:track:7GX5flRQZVHRAGd6B4TmDO,USAT21703440,"XO Tour Llif3","Luv Is Rage 2","Lil Uzi Vert",2017-08-25,182706,84,true,316ye5nphj2c6qd5zczz6wspr4te,2025-05-25T03:12:53Z,"rap melódico,rage rap","Generation Now/Atlantic",0.732,0.75,11,-6.366,0,0.231,0.00264,0,0.109,0.401,155.096,4
spotify:track:4VXIryQMWpIdGgYR4TrjT1,USUG11800651,"All Girls Are The Same","Goodbye & Good Riddance","Juice WRLD",2018-12-10,165819,83,true,316ye5nphj2c6qd5zczz6wspr4te,2025-05-25T03:17:29Z,"rap melódico,rap emo","Juice WRLD Mixtape / ISR P&D",0.671,0.529,0,-7.226,1,0.307,0.0769,0.000335,0.0856,0.203,161.989,4
spotify:track:2QxekHjOYDnzNO5w8hu2D9,USUG12407299,"Empty Out Your Pockets","The Party Never Ends 2.0","Juice WRLD",2024-11-30,135653,74,true,316ye5nphj2c6qd5zczz6wspr4te,2025-05-25T03:24:23Z,"rap melódico,rap emo","Grade A Productions/Interscope Records",0.74,0.718,8,-6.278,0,0.133,0.329,0,0.38,0.345,91.929,4
spotify:track:6Gg1gjgKi2AK4e0qzsR7sd,USUG11903492,"Bandit (with YoungBoy Never Broke Again)","Bandit (with YoungBoy Never Broke Again)","Juice WRLD;YoungBoy Never Broke Again",2019-10-04,189322,69,true,316ye5nphj2c6qd5zczz6wspr4te,2025-05-25T03:27:37Z,"rap melódico,rap emo","Grade A Productions/Interscope Records",0.474,0.631,5,-5.884,0,0.343,0.0687,0,0.132,0.425,180.051,4
spotify:track:4ea9w8c4ROqiZpJVhfBA3m,USAT21906512,"Hot (Remix) [feat. Gunna and Travis Scott]","So Much Fun (Deluxe)","Young Thug;Travis Scott;Gunna",2019-12-20,279906,77,true,316ye5nphj2c6qd5zczz6wspr4te,2025-05-25T03:30:43Z,"rap,rap melódico,trap","300 Entertainment/Atl",0.845,0.631,7,-8.206,0,0.216,0.188,0,0.0806,0.545,111.983,4
spotify:track:6igOR5QCn09zAVF2ikZjsV,USAT21903328,"Surf (feat. Gunna)","So Much Fun","Young Thug;Gunna",2019-08-16,184093,68,true,316ye5nphj2c6qd5zczz6wspr4te,2025-05-25T03:39:02Z,"rap,rap melódico,trap","300 Entertainment/Atl",0.93,0.561,0,-8.053,1,0.25,0.101,0,0.0992,0.596,140.987,4
spotify:track:1lOe9qE0vR9zwWQAOk6CoO,QZ85M1940160,"Ransom","We Love You Tecca","Lil Tecca",2019-08-30,131240,84,true,316ye5nphj2c6qd5zczz6wspr4te,2025-05-25T03:45:34Z,"rap melódico,rap","Republic Records",0.745,0.642,7,-6.257,0,0.287,0.0204,0,0.0658,0.226,179.974,4
spotify:track:0uxSUdBrJy9Un0EYoBowng,USAT21704166,"20 Min","Luv Is Rage 2 (Deluxe)","Lil Uzi Vert",2017-08-25,220586,86,true,316ye5nphj2c6qd5zczz6wspr4te,2025-05-25T03:47:02Z,"rap melódico,rage rap","Generation Now/Atlantic",0.773,0.75,8,-4.009,0,0.117,0.109,0,0.174,0.783,123.426,4
spotify:track:6REbwUNlppTfcnV4d4ZoZi,USUM71207642,"Swimming Pools (Drank)","Swimming Pools (Drank)","Kendrick Lamar",2012-01-01,247800,84,true,316ye5nphj2c6qd5zczz6wspr4te,2025-05-25T03:55:51Z,"hip hop,west coast hip hop","Aftermath",0.693,0.445,8,-5.892,1,0.257,0.00625,0.000234,0.0899,0.199,74.044,4
spotify:track:3iVcZ5G6tvkXZkZKlMpIUs,USUM71502498,"Alright","To Pimp A Butterfly","Kendrick Lamar",2015-03-16,219333,79,true,316ye5nphj2c6qd5zczz6wspr4te,2025-05-25T03:57:06Z,"hip hop,west coast hip hop","Aftermath",0.796,0.766,7,-5.974,1,0.238,0.0742,0,0.0827,0.558,110.034,4
spotify:track:6IZvVAP7VPPnsGX6bvgkqg,USUM71703084,"PRIDE.","DAMN.","Kendrick Lamar",2017-04-14,275253,81,true,316ye5nphj2c6qd5zczz6wspr4te,2025-05-25T03:59:56Z,"hip hop,west coast hip hop","Aftermath",0.665,0.535,4,-7.056,0,0.0572,0.0786,0.0000168,0.154,0.37,138.842,4
spotify:track:0fX4oNGBWO3dSGUZcVdVV2,USUM72208963,"N95","Mr. Morale & The Big Steppers","Kendrick Lamar",2022-05-13,195950,73,true,316ye5nphj2c6qd5zczz6wspr4te,2025-05-25T04:09:13Z,"hip hop,west coast hip hop","pgLang/Top Dawg Entertainment/Aftermath/Interscope Records",0.79,0.67,1,-5.527,1,0.105,0.377,0.00000232,0.119,0.408,139.956,4
spotify:track:6AI3ezQ4o3HUoP6Dhudph3,USUG12400910,"Not Like Us","Not Like Us","Kendrick Lamar",2024-05-04,274192,87,true,316ye5nphj2c6qd5zczz6wspr4te,2025-05-25T04:23:59Z,"hip hop,west coast hip hop","Kendrick Lamar, under exclusive license to Interscope Records",0.898,0.472,1,-7.001,1,0.0776,0.0107,0,0.141,0.214,101.061,4
spotify:track:1fewSx2d5KIZ04wsooEBOz,USUG11802484,"Space Cadet (feat. Gunna)","NOT ALL HEROES WEAR CAPES (Deluxe)","Metro Boomin;Gunna",2018-11-06,203266,77,true,316ye5nphj2c6qd5zczz6wspr4te,2025-05-26T02:09:53Z,"rap melódico","Republic Records",0.901,0.464,5,-9.789,0,0.0645,0.368,0.0000182,0.238,0.638,109.004,4
spotify:track:17rF54WvGGqPVxDheq8PP8,BXW921900001,"Mantém","Mantém","WIU;Matuê",2019-10-09,195692,64,false,316ye5nphj2c6qd5zczz6wspr4te,2025-05-29T21:26:41Z,"trap brasileiro,trap,trap funk,hip hop brasileiro","Sony Music Entertainment",0.754,0.765,10,-5.354,0,0.0777,0.38,0,0.113,0.53,129.983,4
spotify:track:2xebCnKCjYWBhJ4Ai8hO5E,BXG6R2100936,"Set dos Casados","Set dos Casados","Mc Davi;Mc Kevin;Mc Don Juan;MC Hariel;MC Marks;MC G15;Mc Phe Cachorrera;Gaab;MC Menor da VG;MC Ryan SP;MC Kapela;Perera DJ;Veiga no Beat",2021-09-17,643200,71,true,316ye5nphj2c6qd5zczz6wspr4te,2025-05-30T21:53:50Z,"funk brasileiro,funk consciente,trap funk,pagode","GR6 Music",0.581,0.384,4,-7.618,0,0.295,0.325,0,0.0953,0.149,199.884,4
spotify:track:6EfnotM8sRsjXEsOgtZbCG,BXG6R1700207,"Tem Café","Melhor Viagem","Gaab;MC Hariel",2017-01-01,262733,70,true,316ye5nphj2c6qd5zczz6wspr4te,2025-05-30T21:54:11Z,"pagode,funk brasileiro,funk consciente,trap funk","Som Livre",0.63,0.415,0,-13.398,1,0.394,0.0348,0,0.0878,0.285,113.043,5
spotify:track:1K14aw84e0i5IHFHkq7aNn,BRWMB2400877,"Mistérios","Mistérios","KayBlack;Murillo e LT no Beat",2024-07-16,136695,70,false,316ye5nphj2c6qd5zczz6wspr4te,2025-05-30T21:56:18Z,"trap brasileiro,trap funk,trap,hip hop brasileiro,funk brasileiro,funk consciente","WM Brazil",0.762,0.41,8,-9.06,0,0.178,0.189,0,0.221,0.531,113.915,4
spotify:track:4jVBIpuOiMj1crqd8LoCrJ,USSM12004756,"FRANCHISE (feat. Young Thug & M.I.A.)","FRANCHISE (feat. Young Thug & M.I.A.)","Travis Scott;Young Thug;M.I.A.",2020-09-25,202794,73,true,316ye5nphj2c6qd5zczz6wspr4te,2025-05-30T22:18:36Z,"rap,rap melódico,trap","Cactus Jack/Epic",0.835,0.699,8,-5.405,0,0.277,0.00671,0,0.195,0.547,154.981,4
spotify:track:5BA4HUyjhg6ock2zEjxEjw,BKRQM2400012,"Vilão da Mídia!","DOIS Quebrada Inteligente","Kyan;Mu540",2025-05-29,242007,52,true,316ye5nphj2c6qd5zczz6wspr4te,2025-05-30T22:36:52Z,"trap brasileiro,trap funk,trap,hip hop brasileiro","EHXIS",0.852,0.838,11,-4.653,0,0.246,0.0866,0.00000485,0.136,0.641,127.027,4
spotify:track:2j7pQPTsRj2k3XFU6Vkb8g,BKRQM2500004,"Pente 270!","DOIS Quebrada Inteligente","Kyan;Mu540;Veigh",2025-05-29,221706,59,true,316ye5nphj2c6qd5zczz6wspr4te,2025-05-30T22:51:06Z,"trap brasileiro,trap funk,trap,hip hop brasileiro","EHXIS",0.852,0.799,9,-4.608,0,0.477,0.484,0,0.106,0.723,130.013,4
spotify:track:0VgkVdmE4gld66l8iyGjgx,USSM11701444,"Mask Off","FUTURE","Future",2017-06-30,204600,83,true,316ye5nphj2c6qd5zczz6wspr4te,2025-06-06T01:55:34Z,"rap,trap","Epic/Freebandz/A1",0.833,0.434,2,-8.795,1,0.431,0.0102,0.0219,0.165,0.281,150.062,4
spotify:track:4V1MOX0xhbRroh6YBmAVZg,BC32K2300008,"Feirão dos 23","Feirão dos 23","Babidi;Chefin;LB Único;Distrito 23;Raflow",2023-04-28,157608,53,true,316ye5nphj2c6qd5zczz6wspr4te,2025-06-06T01:56:21Z,"boom bap,hip hop brasileiro,trap brasileiro,trap funk,trap,funk brasileiro","Distrito 23",0.675,0.654,1,-6.421,1,0.363,0.0341,0,0.394,0.364,134.131,4
spotify:track:7EW7Yivb93qKAtp5qEm5of,USUM72502156,"Dark Thoughts","Dark Thoughts","Lil Tecca",2025-03-14,136991,75,true,316ye5nphj2c6qd5zczz6wspr4te,2025-06-14T14:02:33Z,"rap melódico,rap","Galactic / Republic Records",0.801,0.773,1,-3.756,0,0.155,0.055,0,0.189,0.709,101.935,4
spotify:track:643vObUYZSfmkNZyJd43V5,QT4K52514878,"Alee On The Radar Freestyle","Alee On The Radar Freestyle","On The Radar;Alee;Dallass;NADAMAL",2025-06-13,152330,60,false,316ye5nphj2c6qd5zczz6wspr4te,2025-06-14T14:08:21Z,"drill sexy,trap brasileiro,trap,trap funk,hip hop brasileiro","OTR World Entertainment Inc. in Exclusive Partnership with Olympus Projects",0.5,0.635,3,-5.606,1,0.105,0.0916,0,0.0791,0.347,112.774,1
spotify:track:6IWmm0WTHTwHAgRv4QyRrn,BXXCT2200005,"Elefante","Zoo","Brandão85",2022-02-17,192054,47,false,316ye5nphj2c6qd5zczz6wspr4te,2025-06-14T22:12:11Z,"trap brasileiro,trap","HASH PRODUCOES",0.71,0.51,2,-10.509,0,0.0496,0.274,0,0.137,0.495,114.996,4
spotify:track:0HC4vNSHdqrpkRe3xJFe3y,QT4K52514876,"LPT Zlatan On The Radar Freestyle","LPT Zlatan On The Radar Freestyle","On The Radar;LPT Zlatan;Wall Hein",2025-06-13,134896,53,false,316ye5nphj2c6qd5zczz6wspr4te,2025-06-15T01:07:04Z,"drill sexy,trap brasileiro,trap,trap funk,hip hop brasileiro","OTR World Entertainment Inc. in Exclusive Partnership with Olympus Projects",0.546,0.735,1,-5.444,1,0.204,0.0646,0,0.315,0.575,144.776,4
spotify:track:7baYqYOACZucN0YJkqZwyx,BXW922400127,"CEO","CEO","Brandão85",2024-10-23,133121,58,true,316ye5nphj2c6qd5zczz6wspr4te,2025-06-15T01:29:56Z,"trap brasileiro,trap","30PRAUM",0.617,0.893,2,-4.553,0,0.132,0.361,0.000705,0.234,0.314,139.849,4
spotify:track:7hxJhpzlaUou6MxCunDvlz,BKSUV2400025,"C.E.O'S (BÔNUS TRACK)","C.E.O'S (BÔNUS TRACK)","Nagalli;Alee;Djonga;Supernova Ent",2024-05-25,166449,36,true,316ye5nphj2c6qd5zczz6wspr4te,2025-06-15T01:30:46Z,"trap brasileiro,trap,trap funk,hip hop brasileiro,boom bap","Supernova Ent",0.864,0.485,1,-4.942,1,0.389,0.112,0.00000632,0.0967,0.183,118.981,4
spotify:track:3FHx4TFMtV4NdMc3ZJQhvB,QZPEW2597167,"Phl Noturnboy On The Radar Freestyle","Phl Noturnboy On The Radar Freestyle","On The Radar;Phl Notunrboy",2025-04-24,172453,53,false,316ye5nphj2c6qd5zczz6wspr4te,2025-06-17T00:49:10Z,"drill sexy,trap brasileiro,trap","OTR Worldwide Entertainment Inc. in Exclusive Partnership with Olympus Projects",0.793,0.708,5,-5.375,0,0.0794,0.0193,0.0000051,0.1,0.299,134.968,4
spotify:track:0Q7G37oCrVtEQUKpQCgcDe,BRWMB2500040,"Planetária","Nunca Tenha Medo","LPT Zlatan;Wall Hein",2025-02-06,146110,47,false,316ye5nphj2c6qd5zczz6wspr4te,2025-06-17T00:52:50Z,"trap brasileiro,trap,trap funk,hip hop brasileiro","WM Brazil",0.877,0.732,2,-5.453,1,0.17,0.211,0,0.0888,0.392,140.024,4
spotify:track:5WTyRT29obNOzxaIrKn7AS,QT4K32560055,"Vulgo FK On the Radar Freestyle","Vulgo FK On the Radar Freestyle","On The Radar;Vulgo FK;Pedro Lotto",2025-05-23,127769,39,false,316ye5nphj2c6qd5zczz6wspr4te,2025-06-18T00:54:28Z,"drill sexy,trap brasileiro,trap funk,trap,funk brasileiro,hip hop brasileiro","OTR World Entertainment Inc. in Exclusive Partnership with Olympus Projects",0.692,0.681,7,-6.142,0,0.14,0.555,0,0.139,0.48,138.998,4
spotify:track:0Ncw19NyVuxNsKaQmUnNg6,BKNDN2500063,"PIRÂMIDE","CHTC?","Klisman;NADAMAL;Alee",2025-05-22,158400,55,true,316ye5nphj2c6qd5zczz6wspr4te,2025-06-18T00:55:19Z,"trap brasileiro,trap,trap funk,hip hop brasileiro","NadamalRecords",0.494,0.693,9,-4.818,1,0.325,0.00232,0.000136,0.206,0.378,177.704,3
spotify:track:4WSCewLvDigOI5d0OhqifG,BKSUV2500088,"ÍCONES GLOBAIS","H.A.R.D","Ghard;Vulgo FK;Supernova Ent",2025-06-13,167547,0,false,316ye5nphj2c6qd5zczz6wspr4te,2025-06-18T00:59:26Z,"trap brasileiro,trap,trap funk,funk brasileiro,hip hop brasileiro","Ghard",0.898,0.542,5,-7.102,0,0.0961,0.621,0.0000175,0.0989,0.564,105.977,4
spotify:track:1l39EzEGJkEfgaHTj03zeI,BKSUV2500084,"MENOR PEÇA","H.A.R.D","Ghard;LPT Zlatan",2025-06-13,133333,0,true,316ye5nphj2c6qd5zczz6wspr4te,2025-06-18T00:59:53Z,"trap brasileiro,trap,trap funk","Ghard",0.856,0.734,2,-4.323,1,0.287,0.311,0,0.0802,0.596,96.035,5
spotify:track:2L1bZYisZdTzxFDgyBzDnU,BKSUV2500082,"PERGAMINHO","H.A.R.D","Ghard;Supernova Ent",2025-06-13,140800,0,true,316ye5nphj2c6qd5zczz6wspr4te,2025-06-18T01:01:46Z,"trap brasileiro,trap,trap funk","Ghard",0.802,0.54,1,-5.422,1,0.312,0.396,0,0.142,0.176,75.023,4
spotify:track:5xYbR943WcIBxiGDZKNuxz,BKSUV2400012,"ei mô","sua vez de escutar","G.A;WIU;Supernova Ent;Slaasty;Azin",2024-03-29,201362,54,false,316ye5nphj2c6qd5zczz6wspr4te,2025-06-18T01:08:11Z,"trap brasileiro,trap funk,trap,hip hop brasileiro","Supernova Entertainment",0.825,0.335,5,-9.164,1,0.512,0.793,0,0.167,0.524,115.039,4
spotify:track:4sjm7JF5RAfxdYEh0nBUVv,BKSUV2400051,"Jetski","AINDA NO MESMO BAIRRO","Niink;Ryu, The Runner;Supernova Ent;Stick;Galdino",2024-10-31,158797,43,true,316ye5nphj2c6qd5zczz6wspr4te,2025-06-18T16:27:12Z,"trap brasileiro,trap,trap funk,hip hop brasileiro","Supernova Ent",0.824,0.47,8,-8.857,1,0.371,0.133,0,0.109,0.418,133.042,5
spotify:track:7utOZloEGOqiZQLZt3g2zA,BKSUV2400053,"Olhos de Sangue","AINDA NO MESMO BAIRRO","Niink;Fabiow011;Supernova Ent;Luskin",2024-10-31,155306,43,true,316ye5nphj2c6qd5zczz6wspr4te,2025-06-18T16:31:38Z,"trap brasileiro,trap,trap funk","Supernova Ent",0.852,0.443,9,-7.495,1,0.186,0.22,0,0.112,0.325,135.969,4
spotify:track:7pmLik6qMsjV32hTn7hogB,BKSUV2400058,"Seja Bem-Vinda","AINDA NO MESMO BAIRRO","Niink;Veigh;Supernova Ent;Nagalli;Bvga Beatz;Toledo;Galdino;Honaiser",2024-10-31,140858,50,true,316ye5nphj2c6qd5zczz6wspr4te,2025-06-18T16:43:03Z,"trap brasileiro,trap,trap funk,hip hop brasileiro","Supernova Ent",0.611,0.6,2,-6.657,1,0.379,0.206,0,0.209,0.284,142.327,4
spotify:track:5CLWuY6NeZKBc0xeo7qpXq,BKSUV2400059,"Me Perdoe Kendrick","AINDA NO MESMO BAIRRO","Niink;Supernova Ent;Bvga Beatz;Toledo;LeodoKick",2024-10-31,148837,46,true,316ye5nphj2c6qd5zczz6wspr4te,2025-06-18T16:45:03Z,"trap brasileiro,trap,trap funk,hip hop brasileiro","Supernova Ent",0.845,0.469,1,-8.423,1,0.341,0.265,0.00000253,0.11,0.278,129.146,4
spotify:track:2jlxHxjd7f3XOckGsiNwzO,BXW922500056,"BOLANDO UM PLANO","ISSO É TRAP","Brandão85",2025-06-18,128791,52,true,316ye5nphj2c6qd5zczz6wspr4te,2025-06-19T00:57:39Z,"trap brasileiro,trap","30PRAUM",0.618,0.916,4,-5.36,0,0.0802,0.709,0.0772,0.0816,0.463,95.051,4
spotify:track:6PMFRImayWVHs9rXA7bOsu,BXW922500083,"100% MOLHO","ISSO É TRAP","Brandão85;Jovem Dex;Leviano;Alee",2025-06-18,291374,64,true,316ye5nphj2c6qd5zczz6wspr4te,2025-06-19T01:00:25Z,"trap brasileiro,trap,hip hop brasileiro,trap funk","30PRAUM",0.742,0.732,9,-5.02,0,0.17,0.147,0,0.109,0.65,145.993,4
spotify:track:6zvAJgg2tEfumDgf0Gzxpa,BXW922500058,"TRAPLIFE","ISSO É TRAP","Brandão85",2025-06-18,179571,52,true,316ye5nphj2c6qd5zczz6wspr4te,2025-06-19T01:05:17Z,"trap brasileiro,trap","30PRAUM",0.684,0.822,0,-6.57,1,0.0386,0.086,0.004,0.174,0.036,119.948,4
spotify:track:3wiobiogqwBNp5YsEDg6g9,BXW922500060,"JUICY","ISSO É TRAP","Brandão85",2025-06-18,153600,54,true,316ye5nphj2c6qd5zczz6wspr4te,2025-06-19T01:10:04Z,"trap brasileiro,trap","30PRAUM",0.697,0.733,1,-7.088,0,0.0358,0.0737,0.448,0.11,0.163,99.995,4
spotify:track:4u12LEOOS1sQZMZuol7SMT,BXW922500062,"JOGO ELA NO JATINHO","ISSO É TRAP","Brandão85",2025-06-18,142138,51,true,316ye5nphj2c6qd5zczz6wspr4te,2025-06-19T01:12:17Z,"trap brasileiro,trap","30PRAUM",0.76,0.528,8,-6.724,1,0.161,0.51,0.00000282,0.0881,0.374,134.962,4
spotify:track:53cwkbZIw0QUDB1pEPNJpo,BXW922500085,"ACIMA DAS NUVENS","ISSO É TRAP","Brandão85;Desiree",2025-06-18,173061,56,true,316ye5nphj2c6qd5zczz6wspr4te,2025-06-19T01:14:58Z,"trap brasileiro,trap","30PRAUM",0.761,0.647,10,-7.968,0,0.239,0.13,0.00499,0.181,0.531,146.991,4
spotify:track:3Rc0BGklC1QmiNIq7FeKay,BXW922500090,"MIGOS","ISSO É TRAP","Brandão85;Jé",2025-06-18,148732,60,true,316ye5nphj2c6qd5zczz6wspr4te,2025-06-19T01:18:44Z,"trap brasileiro,trap,hip hop brasileiro","30PRAUM",0.854,0.652,2,-3.171,1,0.0497,0.0189,0.00000182,0.11,0.139,141.952,4
spotify:track:2hOg4o13xNbp9ugW1u1uLW,BXW922500092,"BÁSICO","ISSO É TRAP","Brandão85;Jimyy",2025-06-18,161221,53,true,316ye5nphj2c6qd5zczz6wspr4te,2025-06-19T01:26:10Z,"trap brasileiro,trap","30PRAUM",0.941,0.614,6,-1.658,0,0.0711,0.0334,0,0.0995,0.567,130.984,4
spotify:track:5I5ioMZ1aTUmzUZpLZYoAF,BXW922500094,"BASEADO IGNORANTE","ISSO É TRAP","Brandão85;BNYX®",2025-06-18,142500,50,true,316ye5nphj2c6qd5zczz6wspr4te,2025-06-19T01:26:13Z,"trap brasileiro,trap","30PRAUM",0.782,0.824,0,-5.782,1,0.0531,0.0068,0,0.18,0.741,127.992,4
spotify:track:6dZy2yZTQrpaY8s6kCHLXx,BXW922500096,"TUDO BEM","ISSO É TRAP","Brandão85;BNYX®",2025-06-18,143264,48,true,316ye5nphj2c6qd5zczz6wspr4te,2025-06-19T01:28:20Z,"trap brasileiro,trap","30PRAUM",0.746,0.745,1,-4.835,1,0.0372,0.0925,0.00000114,0.199,0.437,134.059,4
spotify:track:555rmZC4fMJDkVavXReVf7,BXW922500066,"NOITE PERFEITA","ISSO É TRAP","Brandão85",2025-06-18,168960,75,true,316ye5nphj2c6qd5zczz6wspr4te,2025-06-19T01:56:05Z,"trap brasileiro,trap","30PRAUM",0.623,0.755,0,-7.358,1,0.0308,0.343,0.00922,0.0948,0.2,124.961,4
spotify:track:0Wjkwg7C7ch95ubHhiWDvn,BXW922500086,"OH MY BABY (feat. Che Ecru)","ISSO É TRAP","Brandão85;Che Ecru",2025-06-18,211500,64,true,316ye5nphj2c6qd5zczz6wspr4te,2025-06-19T01:57:48Z,"trap brasileiro,trap,dark r&b,trap soul","30PRAUM",0.803,0.525,10,-6.802,0,0.0357,0.0175,0,0.0949,0.742,120.048,4
spotify:track:7B5JlHqbk6bfhErn1nerVK,BXW922500070,"MINHA MENTE","ISSO É TRAP","Brandão85",2025-06-18,132920,61,true,316ye5nphj2c6qd5zczz6wspr4te,2025-06-19T02:02:47Z,"trap brasileiro,trap","30PRAUM",0.769,0.607,6,-9.104,1,0.0374,0.101,0.00468,0.108,0.755,129.953,4
spotify:track:4Q09OBcO02fzPPJ9XqeZmS,BXW922500068,"PRIMAVERA","ISSO É TRAP","Brandão85",2025-06-18,155076,51,true,316ye5nphj2c6qd5zczz6wspr4te,2025-06-19T02:05:23Z,"trap brasileiro,trap","30PRAUM",0.3,0.928,4,-4.953,0,0.0831,0.367,0.0000223,0.375,0.357,129.993,4
spotify:track:4oXBsFLHQ9RluNdrmSmn5H,BXW922500072,"RAGE","ISSO É TRAP","Brandão85",2025-06-18,129729,52,true,316ye5nphj2c6qd5zczz6wspr4te,2025-06-19T02:09:14Z,"trap brasileiro,trap","30PRAUM",0.6,0.827,0,-5.055,1,0.0433,0.0586,0.00000118,0.372,0.52,147.96,4
spotify:track:14D2c3VOCeelsR25ElvukU,BXW922500074,"MAZE BANK","ISSO É TRAP","Brandão85",2025-06-18,148965,55,true,316ye5nphj2c6qd5zczz6wspr4te,2025-06-19T02:10:27Z,"trap brasileiro,trap","30PRAUM",0.725,0.55,0,-5.278,1,0.0746,0.138,0.00000139,0.0955,0.415,145.037,4
spotify:track:4w31pDwje7L4iLZVtvqxT9,BXW922500098,"DE ONDE EU VENHO","ISSO É TRAP","Brandão85",2025-06-18,159333,56,true,316ye5nphj2c6qd5zczz6wspr4te,2025-06-19T02:15:25Z,"trap brasileiro,trap","30PRAUM",0.552,0.564,3,-8.104,1,0.0388,0.907,0.00343,0.116,0.193,89.715,4
spotify:track:5suksQYwvqFAFd3Q2QRsnd,BXW922500088,"DROPA UM DOCE","ISSO É TRAP","Brandão85",2025-06-18,150857,56,true,316ye5nphj2c6qd5zczz6wspr4te,2025-06-19T02:15:56Z,"trap brasileiro,trap","30PRAUM",0.724,0.711,0,-10.221,0,0.0565,0.06,0.336,0.103,0.329,140.027,4
spotify:track:4Juasl9R8UoahUHYm3tu6h,BXW922500080,"BABY GIRL","ISSO É TRAP","Brandão85",2025-06-18,186854,48,true,316ye5nphj2c6qd5zczz6wspr4te,2025-06-19T02:18:26Z,"trap brasileiro,trap","30PRAUM",0.762,0.685,10,-6.218,0,0.0606,0.57,0.0000705,0.107,0.745,123.278,4
spotify:track:1bG1qNZhycbXudYeE8bswq,BXW922500076,"BENZ","ISSO É TRAP","Brandão85",2025-06-18,138666,52,true,316ye5nphj2c6qd5zczz6wspr4te,2025-06-19T02:21:55Z,"trap brasileiro,trap","30PRAUM",0.641,0.741,11,-8.18,0,0.0556,0.142,0,0.263,0.591,90.046,4
spotify:track:0OnUUuGpREQgkTR55LMwfZ,BKSUV2500054,"Reuniões comigo mesmo","Eu Venci o Mundo","Veigh;Supernova Ent",2025-06-26,130466,58,true,316ye5nphj2c6qd5zczz6wspr4te,2025-06-27T00:04:05Z,"trap brasileiro,trap funk,trap,hip hop brasileiro","Supernova Entertainment",0.562,0.511,0,-6.579,1,0.398,0.767,0,0.35,0.593,76.03,3
spotify:track:1rO0uD1DwejqeZLNXTroJK,BKSUV2500056,"Hiperfoco","Eu Venci o Mundo","Veigh;Supernova Ent",2025-06-26,140155,61,true,316ye5nphj2c6qd5zczz6wspr4te,2025-06-27T00:09:08Z,"trap brasileiro,trap funk,trap,hip hop brasileiro","Supernova Entertainment",0.779,0.545,2,-7.582,0,0.195,0.687,0,0.108,0.404,130.175,5
spotify:track:7yRlmQTjZ5pdtlq7ska9mj,BKSUV2500060,"Artista Genérico","Eu Venci o Mundo","Veigh;Supernova Ent",2025-06-26,150861,72,true,316ye5nphj2c6qd5zczz6wspr4te,2025-06-27T00:12:39Z,"trap brasileiro,trap funk,trap,hip hop brasileiro","Supernova Entertainment",0.671,0.742,1,-4.478,1,0.148,0.0707,0,0.13,0.209,139.944,4
spotify:track:2De1EHbIhepIVLHZ16bySE,BKSUV2500064,"Talvez você precise de mim","Eu Venci o Mundo","Veigh;Supernova Ent",2025-06-26,126800,77,true,316ye5nphj2c6qd5zczz6wspr4te,2025-06-27T00:18:46Z,"trap brasileiro,trap funk,trap,hip hop brasileiro","Supernova Entertainment",0.935,0.653,8,-3.668,1,0.118,0.187,0,0.0656,0.878,138.136,4
spotify:track:277a7QeHcxctrKjvVVvrQv,BKSUV2500066,"Dono da Verdade","Eu Venci o Mundo","Veigh;Supernova Ent",2025-06-26,144813,57,true,316ye5nphj2c6qd5zczz6wspr4te,2025-06-27T00:24:20Z,"trap brasileiro,trap funk,trap,hip hop brasileiro","Supernova Entertainment",0.801,0.568,5,-5.655,1,0.383,0.458,0,0.105,0.458,119.945,4
spotify:track:0Y71gSv3vx7grfOUyaaGXH,BKSUV2500068,"Filho da Promessa","Eu Venci o Mundo","Veigh;Supernova Ent",2025-06-26,131050,56,true,316ye5nphj2c6qd5zczz6wspr4te,2025-06-27T00:27:43Z,"trap brasileiro,trap funk,trap,hip hop brasileiro","Supernova Entertainment",0.669,0.644,7,-5.412,0,0.228,0.524,0,0.287,0.321,118.692,4
spotify:track:298ionVvjnAHlD0IqYVYfC,BKSUV2500074,"Visões","Eu Venci o Mundo","Veigh;Supernova Ent",2025-06-26,163192,59,true,316ye5nphj2c6qd5zczz6wspr4te,2025-06-27T00:32:31Z,"trap brasileiro,trap funk,trap,hip hop brasileiro","Supernova Entertainment",0.691,0.568,1,-7.364,0,0.148,0.782,0.00127,0.108,0.722,100.173,4
spotify:track:1jiFg1lHo4DezwMpR9ktwC,BKSUV2500058,"Influencie","Eu Venci o Mundo","Veigh;Supernova Ent",2025-06-26,159562,57,true,316ye5nphj2c6qd5zczz6wspr4te,2025-06-27T00:36:59Z,"trap brasileiro,trap funk,trap,hip hop brasileiro","Supernova Entertainment",0.719,0.435,8,-6.945,0,0.0649,0.606,0,0.111,0.405,124.046,4
spotify:track:1jxQFCC0ukN7AaUwXWK0N8,QZNJW2532904,"Tipo Nino Vs Kabrinha","Tipo Nino Vs Kabrinha","DJ Biel Divulga;DJ Dozabri;Mc Lekão",2025-05-31,201230,70,true,316ye5nphj2c6qd5zczz6wspr4te,2025-06-27T23:41:28Z,"funk brasileiro,funk bruxaria","Mandela Music",0.963,0.862,0,-4.335,1,0.234,0.544,0.00158,0.193,0.919,130.113,4
spotify:track:269mikUM1jTJuQl7LIdkM2,PT1R82401243,"Meus Filhos","Meus Filhos","Leviano",2024-12-19,161255,0,true,316ye5nphj2c6qd5zczz6wspr4te,2025-06-27T23:44:34Z,"trap brasileiro,trap,trap funk,hip hop brasileiro","ABACUOS",0.87,0.461,7,-5.082,1,0.241,0.112,0,0.126,0.289,142.957,4
spotify:track:1dbbsdG9zmgfxgSfPfldg4,BKB8A2500009,"Aruanda","Aruanda","Senndy;Alee;Salve Crazy",2025-06-27,168000,45,true,316ye5nphj2c6qd5zczz6wspr4te,2025-06-28T22:51:26Z,"trap brasileiro,trap,trap funk","SLVC",0.835,0.656,11,-6.249,0,0.334,0.161,0,0.655,0.598,119.925,4
spotify:track:5dFKpAFCZo6WxKC2Ggpwy2,BKB8A2500019,"Neguinho Quente","Aruanda","Senndy;Emitê Único;Salve Crazy;Ryu, The Runner;Cassin",2025-06-27,169500,38,false,316ye5nphj2c6qd5zczz6wspr4te,2025-06-28T23:02:57Z,"trap brasileiro,trap,trap funk,hip hop brasileiro","SLVC",0.826,0.593,7,-4.577,1,0.332,0.028,0,0.245,0.719,159.791,5
spotify:track:7cngWHx5JYYonhSf5yn2bR,BKB8A2500023,"Dandara","Aruanda","Senndy;Teto;Salve Crazy;Cheek;Cassin",2025-06-27,188938,36,false,316ye5nphj2c6qd5zczz6wspr4te,2025-06-28T23:22:26Z,"trap brasileiro,trap,trap funk,hip hop brasileiro","SLVC",0.844,0.621,6,-4.645,0,0.0572,0.384,0.0000199,0.105,0.175,93.95,4
spotify:track:1eUroITcNroW3plXlvt6ZV,BKB8A2500026,"Modelo Brasileiro","Aruanda","Senndy;Yuri Redicopa;DJ Yago;Salve Crazy",2025-06-27,153600,44,true,316ye5nphj2c6qd5zczz6wspr4te,2025-06-29T00:00:18Z,"trap brasileiro,trap,funk brasileiro,funk bruxaria,trap funk","SLVC",0.657,0.838,5,-3.427,0,0.359,0.158,0,0.177,0.684,84.596,5
spotify:track:2HEz8ZjpxnJ328u99lnbpK,BK7652500023,"Princípios de um Campeão","Princípios de um Campeão","Chefin",2025-06-03,193770,2,false,316ye5nphj2c6qd5zczz6wspr4te,2025-06-30T18:33:38Z,"trap brasileiro,trap funk,trap,funk brasileiro,hip hop brasileiro","MSTT RECORDS",0.682,0.661,7,-4.472,0,0.101,0.425,0,0.149,0.257,122.04,4
spotify:track:5yjfKQKXQ9CiIPQjIKiueK,BXXCT2200017,"Isso Que É Bom","Isso Que É Bom","Alee;Hash Produções",2022-02-25,155258,54,false,316ye5nphj2c6qd5zczz6wspr4te,2025-07-02T15:20:20Z,"trap brasileiro,trap,hip hop brasileiro,trap funk","HASH PRODUCOES",0.852,0.483,10,-9.72,0,0.246,0.0906,0,0.286,0.854,110.981,4
spotify:track:2yZdR5hDKc9jGtATdoXvUX,BKRQM2400007,"RANDANDAN","Só Vilão, Aqui Não Tem Herói","Kyan;LPT Zlatan;Wall Hein",2024-06-20,160000,0,true,316ye5nphj2c6qd5zczz6wspr4te,2025-07-09T23:02:54Z,"trap brasileiro,trap funk,trap,hip hop brasileiro","Kyan",0.865,0.911,4,-4.923,1,0.241,0.217,0,0.103,0.774,135.099,4
spotify:track:7oc808pfRXitYbpDVlUkUI,BKSUV2500013,"Amarelinha de 2002","PRA SEMPRE NO MESMO BAIRRO","Niink;Bradockdan;LPT Zlatan;Supernova Ent",2025-03-27,202779,44,false,316ye5nphj2c6qd5zczz6wspr4te,2025-07-09T23:06:44Z,"trap brasileiro,trap,trap funk,boom bap","Supernova Ent",0.773,0.672,1,-6.254,1,0.332,0.437,0,0.587,0.488,141.932,4
spotify:track:06VStvBWfFbepR97LhRo8D,BRWMB2500220,"Contagem Regressiva","Contagem Regressiva","Mc IG;Mc Negão Original;MC Ryan SP;MC Jvila;DJ Guh Mix;Mc Lele JP;Murillo e LT no Beat",2025-03-24,288372,70,true,316ye5nphj2c6qd5zczz6wspr4te,2025-07-14T05:53:31Z,"funk brasileiro,trap funk,funk consciente,trap brasileiro","WM Brazil",0.863,0.616,5,-6.135,0,0.161,0.862,0.0000328,0.101,0.775,128.93,4
spotify:track:5Nj2UVsxXAvhfYNpcre3al,GBRKQ2577665,"FAMOSINHA","FAMOSINHA","Dj Caio Vieira;MC Meno K;Mc Rodrigo do CN",2025-02-28,133384,75,true,316ye5nphj2c6qd5zczz6wspr4te,2025-07-16T02:28:19Z,"funk brasileiro,funk de bh,funk carioca,trap funk","BR MUSIC DIREITOS MUSICAIS LTDA.",0.945,0.661,9,-2.343,0,0.356,0.216,0,0.0698,0.773,130.069,4
spotify:track:4kjI1gwQZRKNDkw1nI475M,USSM12305007,"MY EYES","UTOPIA","Travis Scott",2023-07-28,251249,81,true,316ye5nphj2c6qd5zczz6wspr4te,2025-07-16T13:42:49Z,"rap","Cactus Jack/Epic",0.455,0.621,0,-7.694,0,0.0517,0.651,0.00000259,0.123,0.28,119.043,4
spotify:track:6Gp3pYkydEOkl8EHHJxa9s,USSM12503072,"2000 EXCURSION","JACKBOYS 2","Travis Scott;Sheck Wes;Don Toliver",2025-07-13,222986,62,true,316ye5nphj2c6qd5zczz6wspr4te,2025-07-16T13:45:37Z,"rap","Cactus Jack / Epic",0.65,0.858,1,-4.281,1,0.0662,0.141,0,0.0856,0.196,139.97,4
spotify:track:5P03xImM2uFukzoty7NDw7,USSM12503073,"KICK OUT","JACKBOYS 2","Travis Scott",2025-07-13,170498,69,true,316ye5nphj2c6qd5zczz6wspr4te,2025-07-16T13:48:27Z,"rap","Cactus Jack / Epic",0.734,0.791,4,-3.486,0,0.232,0.0946,0,0.185,0.304,139.934,4
spotify:track:1rQEgtQNsj63xIUzEmKbML,USSM12503074,"DUMBO","JACKBOYS 2","Travis Scott",2025-07-13,238249,70,true,316ye5nphj2c6qd5zczz6wspr4te,2025-07-16T13:52:07Z,"rap","Cactus Jack / Epic",0.786,0.692,0,-4.34,0,0.0369,0.0243,0.156,0.0829,0.293,137.008,4
spotify:track:0V6PvG2I9IyS8Z8EsKtexg,BKNDN2400092,"DISCO DE PLATINA","CAOS DLX","Alee;Neckklace",2025-07-24,164628,50,true,316ye5nphj2c6qd5zczz6wspr4te,2025-07-25T15:56:35Z,"trap brasileiro,trap","Alee",0.706,0.692,0,-7.106,0,0.272,0.038,0,0.102,0.4,127.025,4
spotify:track:6vatSE0iZJeR92ilaO6rVJ,BKNDN2400093,"AMOR E ÓDIO","CAOS DLX","Alee;6ee;PMM;Senndy;Ike Avila",2025-07-24,143602,50,true,316ye5nphj2c6qd5zczz6wspr4te,2025-07-25T15:58:39Z,"trap brasileiro,trap,trap funk,rap de anime","Alee",0.533,0.731,0,-5.111,1,0.0669,0.142,0,0.112,0.376,139.818,4
spotify:track:2spI6lnTlAU0eAXD8ZCLhg,BKNDN2400099,"ÚLTIMA VEZ","CAOS DLX","Alee;Neckklace",2025-07-24,152912,53,true,316ye5nphj2c6qd5zczz6wspr4te,2025-07-25T16:04:20Z,"trap brasileiro,trap","Alee",0.314,0.548,4,-6.353,0,0.0346,0.00478,0,0.305,0.0366,119.488,4
spotify:track:6sZLfLvCVWYIR6GCwejYAQ,BKNDN2400100,"ESTRESSE","CAOS DLX","Alee",2025-07-24,164871,50,true,316ye5nphj2c6qd5zczz6wspr4te,2025-07-25T16:07:17Z,"trap brasileiro,trap","Alee",0.706,0.573,6,-5.959,0,0.0691,0.00654,0,0.215,0.269,81.999,3
spotify:track:1FdjZ2MUFy1wj9cULYN1Ux,BKNDN2500113,"DISCOVERY","CAOS DLX","Alee;Filipe Ret",2025-07-24,154751,54,true,316ye5nphj2c6qd5zczz6wspr4te,2025-07-25T23:30:08Z,"trap brasileiro,trap,hip hop brasileiro,trap funk","Alee",0.756,0.698,6,-4.572,0,0.254,0.0328,0,0.249,0.502,100.037,3
spotify:track:5gLmMNEvDcl0Kb1EX8b69m,BKNDN2500117,"LUZ, CAMA E AÇÃO","CAOS DLX","Alee;MC Cabelinho;Qualywav1",2025-07-24,182000,68,true,316ye5nphj2c6qd5zczz6wspr4te,2025-07-26T01:22:50Z,"trap brasileiro,trap,trap funk,hip hop brasileiro,funk consciente","Alee",0.807,0.781,4,-4.337,0,0.0635,0.385,0.00000108,0.141,0.792,120.009,4
spotify:track:31X6ihiAWsNnKRky0R8532,BKNDN2500119,"TUDO DE NOVO","CAOS DLX","Alee;Filipe Ret;Qualywav1",2025-07-24,225391,69,false,316ye5nphj2c6qd5zczz6wspr4te,2025-07-26T01:24:27Z,"trap brasileiro,trap,hip hop brasileiro,trap funk","Alee",0.533,0.47,1,-6.203,1,0.0644,0.18,0,0.117,0.0641,172.534,3
spotify:track:3GXnIt9ELJUYtxtkfiVx2j,BKTBX2500005,"THE BOX MEDLEY 10","THE BOX MEDLEY 10","THE BOX;Oruam;Borges;Meno Tody;NGC Daddy;Pedrin;Js da Torre;Neo Beats;Victor WAO;Joab Beats;Bebeto;Cordeiro",2025-09-25,336000,58,true,316ye5nphj2c6qd5zczz6wspr4te,2025-08-01T05:10:47Z,"trap brasileiro,trap funk,funk brasileiro,funk consciente,trap,hip hop brasileiro","Sony Music Entertainment",0.896,0.491,8,-8.116,1,0.585,0.483,0,0.0627,0.498,140.141,4
spotify:track:1DSIxfRL65T2CMiT4csTUW,QZTVM2461119,"Pavuna 2","Pavuna 2","Pedrin;Js da Torre;PAVUNA",2024-10-10,197971,59,true,316ye5nphj2c6qd5zczz6wspr4te,2025-08-08T01:12:17Z,"trap brasileiro,trap,trap funk","PAVUNA",0.794,0.505,0,-8.984,1,0.299,0.0439,0,0.225,0.715,138.081,4
spotify:track:3c3JcAioFbRXXWQwkdfmZH,BCD592500084,"Veterano","Veterano","Lipinho Oficial;Vinicin;Surfista;Ryuchi;Ian Durso;JVMVO",2025-04-03,240000,73,true,316ye5nphj2c6qd5zczz6wspr4te,2025-08-11T21:48:46Z,"trap funk,trap brasileiro,trap","Sony Music Entertainment",0.495,0.677,4,-4.749,0,0.288,0.573,0,0.103,0.249,79.455,4
spotify:track:1ic5raNHZd8GAxkQbGD8XU,BRRGE2500204,"GRG","GRG","Ryu, The Runner;Neckklace",2025-08-07,120408,0,false,316ye5nphj2c6qd5zczz6wspr4te,2025-08-15T17:12:18Z,"trap brasileiro,trap,trap funk,hip hop brasileiro","Som Livre",0.811,0.665,1,-4.31,1,0.0666,0.124,0.000356,0.112,0.574,151.03,4
spotify:track:2Ki2eKWyUq0a75yDNlreQA,BRWMB2500946,"Pé na Areia 🍀","Pé na Areia 🍀","Mc IG;Dj Victor",2025-08-19,178203,57,true,316ye5nphj2c6qd5zczz6wspr4te,2025-08-30T03:45:54Z,"funk brasileiro,trap funk,funk consciente","WM Brazil",0.803,0.565,4,-5.411,0,0.315,0.489,0,0.103,0.628,111.432,5
spotify:track:7cmCX8M8z9GZerCgVG1dyU,PTBM12400085,"Ninguém Entende Nada (feat. Teto & MC PH)","Ninguém Entende Nada (feat. Teto & MC PH)","Mizzy Miles;Teto;MC PH",2024-05-31,192000,46,false,316ye5nphj2c6qd5zczz6wspr4te,2025-08-30T15:34:15Z,"hip-hop português,trap brasileiro,trap,trap funk,hip hop brasileiro,funk brasileiro,funk consciente","Sony Music Entertainment",0.876,0.359,5,-7.834,0,0.0712,0.137,0,0.111,0.678,140.025,4
spotify:track:5mPn4ueXc1oua018FDvknz,BCSOR2400137,"Calculista","Coração de Ouro","MC Joãozinho VT;DJ JR No Beat",2024-10-11,186165,66,true,316ye5nphj2c6qd5zczz6wspr4te,2025-09-05T20:51:25Z,"funk brasileiro,funk consciente,trap funk","Sonar Music",0.647,0.557,11,-5.96,1,0.326,0.308,0,0.107,0.852,91.199,3
spotify:track:3p58wJmZqIc9RjsdeZ5Jfq,BC3PG2500352,"Vou pela Madrugada","A Nata de Tudo - A Ovelha Negra","Mc Negão Original;MC Jvila;MC Willian;DJ Japa NK;MC Meno K;DJ Guh Mix",2025-02-07,281774,77,true,316ye5nphj2c6qd5zczz6wspr4te,2025-09-07T18:43:52Z,"funk brasileiro,trap funk,funk consciente,funk carioca","Cria Hit BR",0.627,0.502,10,-4.334,0,0.234,0.344,0,0.151,0.546,86.751,5
spotify:track:0ByixslA2m1tDhBJTHv7Gw,US7VG1709132,"Boomzim","Boomzim","Matuê",2017-01-18,185178,65,true,316ye5nphj2c6qd5zczz6wspr4te,2025-09-08T19:27:40Z,"trap brasileiro,trap,hip hop brasileiro,trap funk","30PRAUM",0.651,0.473,10,-10.25,0,0.413,0.549,0,0.105,0.185,139.86,4
spotify:track:3XyaK9KYY1XEW6MGDxYcBn,BRWMB2301160,"Chá de Vida","Chá de Vida","MC Marks;MC Hariel;Perera DJ",2023-08-10,231529,67,false,316ye5nphj2c6qd5zczz6wspr4te,2025-09-08T19:27:51Z,"funk consciente,funk brasileiro,trap funk","WM Brazil",0.614,0.515,8,-6.556,1,0.138,0.605,0,0.132,0.294,84.589,4
spotify:track:1mH3uSZus9IiMagMCJa4vB,BXG6R2301123,"Tropa Do Pisa","Tropa Do Pisa","TrapLaudo;MC PH;Murillo e LT no Beat",2023-12-15,133333,60,true,316ye5nphj2c6qd5zczz6wspr4te,2025-09-13T02:43:55Z,"funk brasileiro,trap funk,funk consciente,trap brasileiro","GR6 Music",0.681,0.425,2,-3.946,0,0.182,0.858,0.000168,0.0967,0.501,89.645,4
spotify:track:02kDW379Yfd5PzW5A6vuGt,QZJ842000368,"Lemonade","Lemonade (feat. Gunna, Don Toliver & NAV)","Internet Money;Gunna;Don Toliver;NAV",2020-08-14,195428,4,true,316ye5nphj2c6qd5zczz6wspr4te,2025-09-13T02:45:18Z,"rap melódico","Internet Money Records/ TenThousand Projects",0.799,0.66,1,-6.153,0,0.079,0.256,0,0.111,0.471,140.04,4
spotify:track:6wJYhPfqk3KGhHRG76WzOh,USUM72001714,"Blueberry Faygo","Blueberry Faygo","Lil Mosey",2020-02-07,162546,73,true,316ye5nphj2c6qd5zczz6wspr4te,2025-09-13T02:45:21Z,"rap melódico","Mogul Vision/Interscope Records",0.774,0.554,0,-7.909,1,0.0383,0.207,0,0.132,0.349,99.034,4
spotify:track:2QvH1FPHBBWRYA0K9X89le,DEXC82000027,"Fame - A COLORS ENCORE","Fame - A COLORS ENCORE","Rema;COLORS",2020-05-21,111074,64,true,316ye5nphj2c6qd5zczz6wspr4te,2025-09-13T02:45:32Z,"afrobeats,afrobeat,afropop,afropiano","COLORSxSTUDIOS",0.926,0.497,1,-10.821,0,0.206,0.0249,0,0.0909,0.55,121.002,4
spotify:track:0dyJ7rDk995cRo1ktfVmkP,BRRGE2400886,"TÁ TARDE","F**K SONGS","Vulgo FK;BK;Murillo e LT no Beat;Fepache",2024-10-24,200586,67,true,316ye5nphj2c6qd5zczz6wspr4te,2025-09-13T02:49:56Z,"trap brasileiro,trap funk,trap,funk brasileiro,hip hop brasileiro,boom bap,funk consciente","Som Livre",0.531,0.424,10,-10.151,0,0.2,0.688,0.00000775,0.117,0.515,127.898,4
spotify:track:26h6K2Gt901Sny78SU4kJS,BRRGE2400898,"MÉNAGE","F**K SONGS","Vulgo FK;KayBlack;Pedro Lotto",2024-10-24,153601,63,true,316ye5nphj2c6qd5zczz6wspr4te,2025-09-13T02:50:10Z,"trap brasileiro,trap funk,trap,funk brasileiro,hip hop brasileiro","Som Livre",0.673,0.434,7,-9.653,0,0.302,0.241,0,0.114,0.304,124.839,4
spotify:track:6DCZcSspjsKoFjzjrWoCdn,USCM51800004,"God's Plan","Scorpion","Drake",2018-06-29,198973,87,true,316ye5nphj2c6qd5zczz6wspr4te,2025-09-13T02:51:07Z,"rap","Cash Money/Drake LP6",0.754,0.449,7,-9.211,1,0.109,0.0332,0.0000829,0.552,0.357,77.169,4
spotify:track:7eBqSVxrzQZtK2mmgRG6lC,QMCE31801827,"Murder on My Mind","I AM YOU","YNW Melly",2018-08-03,268434,81,true,316ye5nphj2c6qd5zczz6wspr4te,2025-09-13T02:52:24Z,"rap melódico","P2018",0.759,0.73,0,-7.985,0,0.0516,0.145,0.00000306,0.11,0.74,115.007,4
spotify:track:7AQim7LbvFVZJE3O8TYgf2,USUYG1156898,"Fuck Love","17","XXXTENTACION;Trippie Redd",2017-08-25,146520,82,true,316ye5nphj2c6qd5zczz6wspr4te,2025-09-13T02:55:52Z,"rap emo,rap melódico","Bad Vibes Forever / EMPIRE",0.797,0.533,0,-9.74,0,0.0412,0.0172,0.000152,0.103,0.329,131.036,4
spotify:track:5XhG8HGyxLrkJAASxLA463,BCM9A2100014,"Champagne","Lobo","Orochi;PL Quest;BIN;Kizzy;Mainstreet",2021-04-29,245070,72,true,316ye5nphj2c6qd5zczz6wspr4te,2025-09-17T00:27:19Z,"trap brasileiro,hip hop brasileiro,trap funk,trap","Mainstreet Records",0.399,0.599,9,-5.252,0,0.2,0.164,0.00000194,0.111,0.31,91.523,4
spotify:track:1jKXjxMWlq4BhH6f9GtZbu,USAT22402804,"TORE UP","HARDSTONE PSYCHO","Don Toliver",2024-06-14,126986,79,true,316ye5nphj2c6qd5zczz6wspr4te,2025-09-17T02:49:36Z,"","Cactus Jack / Atlantic",0.534,0.819,11,-4.329,1,0.038,0.0012,0.0011,0.112,0.0806,154.994,4
spotify:track:7AzlLxHn24DxjgQX73F9fU,USAT21903300,"No Idea","Heaven Or Hell","Don Toliver",2020-03-13,154424,83,false,316ye5nphj2c6qd5zczz6wspr4te,2025-09-17T02:49:48Z,"","We Run It Ent./Cactus Jack/Atlantic",0.652,0.631,6,-5.718,0,0.0893,0.524,0.000579,0.165,0.35,127.998,4
spotify:track:7LGWmZaoS7jZJ5tEi9EcDi,USAT21907692,"HAD ENOUGH (feat. Quavo & Offset)","JACKBOYS","Don Toliver;Quavo;Offset",2019-12-27,157133,60,true,316ye5nphj2c6qd5zczz6wspr4te,2025-09-17T02:50:34Z,"","Cactus Jack/Epic",0.75,0.789,2,-4.578,1,0.108,0.253,0,0.129,0.673,147.957,4
spotify:track:3mLDq0hbHkafZoy4GvF7EG,USAT22405395,"KRYPTONITE","HARDSTONE PSYCHO","Don Toliver",2024-06-14,182320,73,true,316ye5nphj2c6qd5zczz6wspr4te,2025-09-17T02:51:36Z,"","Cactus Jack / Atlantic",0.474,0.711,10,-3.546,0,0.0522,0.0308,0.0000113,0.278,0.331,134.046,4
spotify:track:0eaVIYo2zeOaGJeqZ5TwYz,USAT22302146,"No Pole","Love Sick (Deluxe)","Don Toliver",2023-02-28,187613,88,true,316ye5nphj2c6qd5zczz6wspr4te,2025-09-17T02:51:47Z,"","Cactus Jack / Atlantic",0.328,0.631,5,-5.169,0,0.0465,0.0714,0,0.567,0.382,85.262,4
spotify:track:1NpHJ96ljWvqdbjlyc9GtT,USAT22504476,"FWU","FWU","Don Toliver;Mustard",2025-06-27,171000,77,true,316ye5nphj2c6qd5zczz6wspr4te,2025-09-17T02:54:55Z,"","CactusJack/Donnway/ATL",0.689,0.608,8,-3.925,1,0.0436,0.0507,0.0000117,0.0745,0.485,76.007,4
spotify:track:1iSqfoUFnQwV0QW1EfUit8,QMCE31902585,"Suicidal","Melly vs. Melvin","YNW Melly",2019-11-22,222997,78,true,316ye5nphj2c6qd5zczz6wspr4te,2025-09-17T03:02:07Z,"rap melódico","P2019",0.735,0.369,9,-9.682,0,0.0688,0.334,0,0.126,0.235,140.004,4
spotify:track:2d5jCiGXCavhcgBtYSm9Wj,AEA0D2301832,"Lemon Haze","Lemon Haze","TET0",2023-12-11,153177,0,true,316ye5nphj2c6qd5zczz6wspr4te,2025-09-17T03:03:06Z,"","TET0",0.885,0.399,3,-11.243,0,0.199,0.534,0,0.249,0.943,132.064,3
spotify:track:2coYmtA0EDUHS7P24CFzcW,QZZ8A2397693,"Imaginando Coisas","Imaginando Coisas","G.A;icedmob;Toledo;Cold",2023-11-24,213333,54,true,316ye5nphj2c6qd5zczz6wspr4te,2025-09-18T00:38:56Z,"trap brasileiro,trap funk,trap","G.AZINN",0.722,0.455,9,-8.65,0,0.0601,0.69,0,0.109,0.217,125.817,4
spotify:track:2CzIoSG4eDkstyTiXzjryy,QZTV32343127,"Paladar Infantil","Paladar Infantil","G.A;Bvga Beatz;Supernova Ent;Toledo",2023-07-21,143283,62,true,316ye5nphj2c6qd5zczz6wspr4te,2025-09-18T00:40:08Z,"trap brasileiro,trap funk,trap","G.AZINN",0.856,0.441,5,-6.901,0,0.0862,0.652,0,0.109,0.731,134.08,4
spotify:track:2dHHgzDwk4BJdRwy9uXhTO,USUG12208791,"Creepin' (with The Weeknd & 21 Savage)","HEROES & VILLAINS","Metro Boomin;The Weeknd;21 Savage",2022-12-02,221520,84,true,316ye5nphj2c6qd5zczz6wspr4te,2025-09-25T22:27:54Z,"","Republic Records",0.716,0.613,1,-6.018,0,0.0522,0.391,0,0.0813,0.157,97.914,4
spotify:track:0FIDCNYYjNvPVimz5icugS,USUG12406536,"Timeless (feat Playboi Carti)","Hurry Up Tomorrow","The Weeknd;Playboi Carti",2025-01-31,256000,90,true,316ye5nphj2c6qd5zczz6wspr4te,2025-09-25T22:32:18Z,"rage rap","XO / Republic Records",0.768,0.775,11,-5.06,0,0.0466,0.069,0.00000296,0.138,0.6,119.999,4
spotify:track:3u1VG564LJUHKj8QohFjfN,BCSOR2200086,"Chute No Balde","Meu Momento","MC Joãozinho VT;Mc IG;Kako;DJ BOY;DJ WN;Mc Kanhoto;MC Rick;MC Leozinho ZS;MC Ryan SP;MC Tuto",2022-08-05,474785,57,false,316ye5nphj2c6qd5zczz6wspr4te,2025-09-26T20:40:44Z,"funk brasileiro,funk consciente,trap funk,funk de bh","Sonar Music",0.667,0.652,6,-2.016,1,0.405,0.656,0,0.1,0.887,151.961,4
spotify:track:5poQXGnGdCQgk62Qgsm5cn,BXG6R2301054,"Faz Uns Dias / Jeito Que Te Faço Poderosa","O Cara Do Momento","MC PH;TrapLaudo;Murillo e LT no Beat;Solanno;011Frank;Mc IG;Prado",2023-11-29,277590,65,true,316ye5nphj2c6qd5zczz6wspr4te,2025-10-02T21:04:37Z,"funk brasileiro,trap funk,funk consciente,trap brasileiro,hip hop brasileiro","GR6 Music",0.511,0.502,3,-4.708,0,0.0578,0.809,0.0000271,0.198,0.848,110.863,5
spotify:track:27a1mYSG5tYg7dmEjWBcmL,USSM11806670,"CAN'T SAY","ASTROWORLD","Travis Scott",2018-08-03,198408,80,true,316ye5nphj2c6qd5zczz6wspr4te,2025-10-03T23:31:25Z,"rap","Cactus Jack / Epic",0.702,0.708,10,-5.366,0,0.0547,0.201,0,0.118,0.713,147.98,4
spotify:track:0LZkDuucd7c8eAaj9S4RJR,QZHZ51966257,"Ak do Flamengo","Ak do Flamengo","Borges;Flacko;BlakkClout",2019-12-09,141764,54,true,316ye5nphj2c6qd5zczz6wspr4te,2025-10-06T23:16:05Z,"trap brasileiro,trap,trap funk,hip hop brasileiro","BlakkClout",0.895,0.392,11,-13.201,1,0.43,0.553,0,0.121,0.683,123.942,4
spotify:track:6waUquCrhpwvG6T6nPTtH9,QT5M22547892,"MLK RUIM","MLK RUIM","Yuri Redicopa;DJ MAVERICK;NARC",2025-08-18,149351,13,true,316ye5nphj2c6qd5zczz6wspr4te,2025-10-07T20:32:21Z,"funk brasileiro,funk bruxaria","FLUXOS MEDIA",0.453,0.455,6,-6.25,0,0.148,0.62,0,0.124,0.662,79.85,5
spotify:track:3eYOxLGAl20agLMeP8s3Fw,QZHZ42015253,"Mlks de Sp","Mlks de Sp","Recayd Mob;Dfideliz;MC Igu;Jé;Derek",2020-06-05,195767,59,true,316ye5nphj2c6qd5zczz6wspr4te,2025-10-07T20:32:25Z,"trap brasileiro,trap,hip hop brasileiro,trap funk","213 Estudios",0.891,0.613,1,-6.251,1,0.0628,0.149,0,0.139,0.194,118.964,4
spotify:track:4V43mdZCFdpZvdDoUHpHUZ,QZNMY2242351,"Bandana 2","Dos Prédios","Veigh;Rocco;Nagalli;Supernova Ent;Yunk Vino;Lp067",2022-11-18,132923,61,true,316ye5nphj2c6qd5zczz6wspr4te,2025-10-07T22:12:51Z,"trap brasileiro,trap funk,trap,hip hop brasileiro","Supernova Entertainment",0.788,0.432,4,-7.858,0,0.0473,0.282,0,0.142,0.185,129.953,4
spotify:track:7w3YbypHdkd89bb2ixdZZG,DGA052543150,"loira de medicina","pq elas preferem os canalhas?","G.A;Supernova Ent",2025-10-09,153472,53,true,316ye5nphj2c6qd5zczz6wspr4te,2025-10-10T17:13:19Z,"trap brasileiro,trap funk,trap","Supernova Ent",0.816,0.401,1,-6.099,0,0.127,0.751,0,0.122,0.782,139.934,4
spotify:track:43Fjl7saEUHXKusaQiDDdt,BKSUV2500106,"gelo no stanley","pq elas preferem os canalhas?","G.A;Supernova Ent;Niink",2025-10-09,160000,47,true,316ye5nphj2c6qd5zczz6wspr4te,2025-10-10T17:16:55Z,"trap brasileiro,trap funk,trap","Supernova Ent",0.865,0.677,2,-5.365,1,0.248,0.239,0,0.114,0.665,108.035,4
spotify:track:5WajNAqF8PSM90utq0YGAR,BKSUV2500120,"escalade","pq elas preferem os canalhas?","G.A;Supernova Ent;Ghard;Ryu, The Runner",2025-10-09,184192,49,true,316ye5nphj2c6qd5zczz6wspr4te,2025-10-10T17:22:22Z,"trap brasileiro,trap funk,trap,hip hop brasileiro","Supernova Ent",0.808,0.515,0,-4.513,1,0.0398,0.104,0,0.113,0.0646,116.043,4
spotify:track:0nNomdaQK56y8Rvf8yLmCr,BKSUV2500116,"ciumes retroativo","pq elas preferem os canalhas?","G.A;Supernova Ent;Veigh",2025-10-09,157808,57,true,316ye5nphj2c6qd5zczz6wspr4te,2025-10-10T17:37:29Z,"trap brasileiro,trap funk,trap,hip hop brasileiro","Supernova Ent",0.615,0.58,0,-7.448,0,0.235,0.626,0,0.126,0.256,146.129,4
spotify:track:7c4BkyPU1x4PuZkjX1oYVf,BRRGE2506602,"SWAG EVERY DAY","ADULTO IDEAL","Ryu, The Runner;6ee;Neckklace",2025-10-16,128012,47,true,316ye5nphj2c6qd5zczz6wspr4te,2025-10-17T01:19:17Z,"trap brasileiro,trap,trap funk,hip hop brasileiro","Som Livre",0.786,0.628,1,-4.858,1,0.0334,0.0838,0,0.102,0.555,119.984,4
spotify:track:4XpANlo98wALkY34dUOVGW,BRRGE2506603,"DNA","ADULTO IDEAL","Ryu, The Runner;6ee;Phl Notunrboy",2025-10-16,145920,44,true,316ye5nphj2c6qd5zczz6wspr4te,2025-10-17T03:52:06Z,"trap brasileiro,trap,trap funk,hip hop brasileiro","Som Livre",0.808,0.727,10,-4.235,0,0.0542,0.0431,0,0.103,0.216,125.065,4
spotify:track:6oTeO9Q9uISYUe0TbgVmIp,BRRGE2506604,"EDWARD","ADULTO IDEAL","Ryu, The Runner;Brandão85;Yunk Vino;Tuti;NovaChance;Neckklace",2025-10-16,190588,46,false,316ye5nphj2c6qd5zczz6wspr4te,2025-10-17T03:54:24Z,"trap brasileiro,trap,trap funk,hip hop brasileiro","Som Livre",0.753,0.576,9,-4.624,1,0.0935,0.0587,0,0.109,0.451,136.015,4
spotify:track:76MzC0OuBTn31DEw1OGVoP,BRRGE2506605,"4X4","ADULTO IDEAL","Ryu, The Runner;6ee",2025-10-16,136229,41,true,316ye5nphj2c6qd5zczz6wspr4te,2025-10-17T03:57:23Z,"trap brasileiro,trap,trap funk,hip hop brasileiro","Som Livre",0.522,0.804,0,-3.195,1,0.0799,0.0226,0,0.179,0.174,144.108,4
spotify:track:5FHk0192UdU3r8nbdmAqLq,BRRGE2506654,"GLOBAL","ADULTO IDEAL","Ryu, The Runner;Alee;Neckklace;Del Jay;6ee;Qualywav1;saboya",2025-10-16,180998,50,true,316ye5nphj2c6qd5zczz6wspr4te,2025-10-17T04:06:01Z,"trap brasileiro,trap,trap funk,hip hop brasileiro","Som Livre",0.817,0.828,9,-2.731,1,0.0462,0.193,0,0.16,0.262,122.012,4
spotify:track:4XTm8UtcMCVvc6R26uGzwK,BK7652500077,"Armamento Russo","Armamento Russo","Leviano;Brandão85",2025-10-15,144298,16,true,316ye5nphj2c6qd5zczz6wspr4te,2025-10-17T04:08:24Z,"trap brasileiro,trap,trap funk,hip hop brasileiro","MSTT RECORDS",0.773,0.704,5,-5.92,0,0.0863,0.061,0,0.0956,0.431,140.016,4
spotify:track:4jPy3l0RUwlUI9T5XHBW2m,USQX92003025,"Mood (feat. iann dior)","El Dorado","24kGoldn;iann dior",2021-03-26,140525,81,true,316ye5nphj2c6qd5zczz6wspr4te,2025-10-18T06:11:39Z,"rap melódico","Records/Columbia",0.701,0.716,7,-3.671,0,0.0361,0.174,0,0.324,0.732,91.007,4
spotify:track:12R6npsSMx8g0k5GN19poM,QZHZ52048318,"Saquarema","Saquarema","MC Rogê;DJ Meek;Boladinho DJ;Mc G Talibã",2020-07-24,201600,67,true,316ye5nphj2c6qd5zczz6wspr4te,2025-10-18T18:18:46Z,"funk brasileiro,funk carioca,brega funk","Mc Rogê",0.896,0.518,9,-8.524,1,0.266,0.285,0.00306,0.0897,0.793,150.066,4
spotify:track:06JTWClNJgcBxk2yMqoz7e,QZNJV2328261,"Wtf","Wtf","021 Richard;DJ Wkilla;H4axxi",2023-05-12,109137,52,true,316ye5nphj2c6qd5zczz6wspr4te,2025-10-22T02:28:18Z,"","021 Richard",0.719,0.629,2,-7.366,0,0.121,0.155,0.00000306,0.285,0.647,99.948,4
spotify:track:7iL6o9tox1zgHpKUfh9vuC,USIR10300033,"In Da Club","Get Rich Or Die Tryin'","50 Cent",2003-02-06,193466,84,true,316ye5nphj2c6qd5zczz6wspr4te,2025-10-22T02:34:28Z,"hip hop old school,east coast hip hop","Shady Records",0.899,0.713,6,-2.752,0,0.366,0.255,0,0.0708,0.777,90.051,4
spotify:track:36Hwcla06Q5BCr59CL0sBp,USUM70735445,"Ayo Technology","Curtis","50 Cent;Justin Timberlake;Timbaland",2007-01-01,247946,82,true,316ye5nphj2c6qd5zczz6wspr4te,2025-10-22T02:35:58Z,"hip hop old school,east coast hip hop","Aftermath/Shady",0.63,0.782,8,-5.44,0,0.132,0.0828,0,0.034,0.418,140.144,4
spotify:track:2qOm7ukLyHUXWyR4ZWLwxA,USPO19250006,"It Was A Good Day","The Predator","Ice Cube",1992-11-17,260000,82,true,316ye5nphj2c6qd5zczz6wspr4te,2025-10-22T02:40:12Z,"hip hop old school,gangster rap,west coast hip hop,g-funk,hip hop","Priority Records",0.798,0.744,7,-5.328,0,0.136,0.33,0.000106,0.292,0.794,82.356,4
spotify:track:7lQ8MOhq6IN2w8EYcFNSUk,USIR10211038,"Without Me","The Eminem Show","Eminem",2002-05-26,290320,90,true,316ye5nphj2c6qd5zczz6wspr4te,2025-10-22T02:41:05Z,"rap,hip hop","Eminem Catalog PS",0.908,0.669,7,-2.827,1,0.0738,0.00286,0,0.237,0.662,112.238,4
spotify:track:5xyTxLbw34gXUQck6xVazT,USSM11914346,"ROXANNE","ROXANNE","Arizona Zervas",2019-10-10,163636,55,false,316ye5nphj2c6qd5zczz6wspr4te,2025-10-22T02:43:20Z,"","Arizona Zervas",0.624,0.624,6,-5.656,0,0.154,0.0871,0,0.438,0.518,116.733,5
spotify:track:7wBJfHzpfI3032CSD7CE2m,USSM11806658,"STARGAZING","ASTROWORLD","Travis Scott",2018-08-03,270714,75,true,316ye5nphj2c6qd5zczz6wspr4te,2025-10-22T02:46:26Z,"rap","Cactus Jack / Epic",0.487,0.789,8,-3.69,1,0.044,0.00947,0.00000405,0.189,0.0564,150.007,4
spotify:track:6NMtzpDQBTOfJwMzgMX0zl,USSM11806664,"SKELETONS","ASTROWORLD","Travis Scott",2018-08-03,145588,76,true,316ye5nphj2c6qd5zczz6wspr4te,2025-10-22T02:50:41Z,"rap","Cactus Jack / Epic",0.46,0.686,0,-5.948,0,0.0367,0.00146,0,0.375,0.252,148.054,4
spotify:track:6vnfObZ4Ys70SBAtti1xZ9,USSM11806672,"COFFEE BEAN","ASTROWORLD","Travis Scott",2018-08-03,209115,68,true,316ye5nphj2c6qd5zczz6wspr4te,2025-10-22T03:00:16Z,"rap","Cactus Jack / Epic",0.81,0.582,5,-5.098,0,0.125,0.0862,0.00681,0.207,0.503,95.004,4
spotify:track:7FIWs0pqAYbP91WWM0vlTQ,USUM72000788,"Godzilla (feat. Juice WRLD)","Music To Be Murdered By","Eminem;Juice WRLD",2020-01-17,210800,82,true,316ye5nphj2c6qd5zczz6wspr4te,2025-10-22T17:44:49Z,"rap,hip hop,rap melódico,rap emo","Shady/Aftermath/Interscope Records",0.808,0.745,10,-5.26,0,0.342,0.145,0,0.292,0.829,165.995,4
spotify:track:66FenlqXH5BFAGehrxovT0,BC3PG2300111,"Prazeres da Vida Noturna","Prazeres da Vida Noturna","Veigh;DJ Arana",2023-02-17,203128,47,true,316ye5nphj2c6qd5zczz6wspr4te,2025-10-23T23:56:49Z,"trap brasileiro,trap funk,trap,hip hop brasileiro,funk brasileiro,funk bruxaria","Portuga Records",0.413,0.647,9,-5.245,0,0.102,0.665,0,0.137,0.454,129.555,4
spotify:track:7xI1vw23N9xKh2bZ9DbhvV,QZES62094868,"Meu Cotidiano","Meu Cotidiano","Dj Tg Da Inestan;MC Saci;DJ PH DA SERRA;Mc Morena;DJ JOAO DA INESTAN",2021-08-06,131369,53,false,316ye5nphj2c6qd5zczz6wspr4te,2025-10-23T23:59:59Z,"funk de bh,funk brasileiro,brega funk,brega","NW EDITORA",0.871,0.396,4,-6.494,1,0.505,0.617,0,0.0855,0.558,86.51,5
spotify:track:6pOSgZYfI73XOsjjZqrIUf,QZWV32562779,"Bandido problemático","Bandido problemático","Dj Gustomares;MC Flavinho;Iraqui ZL;Dream Records",2025-07-25,162461,1,true,316ye5nphj2c6qd5zczz6wspr4te,2025-10-24T18:34:49Z,"funk de bh,funk brasileiro,funk carioca,brega funk,funk bruxaria","Dream Rec",0.847,0.725,0,-2.087,1,0.316,0.541,0,0.104,0.694,86.552,3
spotify:track:0C1cJj3ZNCS75sojrcMhZV,BXG6R2001111,"Revoada do Tubarão","Revoada do Tubarão","MC Ryan SP;Mc Kevin;Mc IG;MC Rick;Mc Brisola;Mc Davi;Dfideliz;MC Dricka;Mc Vk;Mc Brinquedo;MC Paulin da Capital",2020-09-11,573333,63,true,316ye5nphj2c6qd5zczz6wspr4te,2025-10-24T23:59:29Z,"funk brasileiro,funk consciente,trap funk,funk de bh,trap brasileiro,hip hop brasileiro,trap,brega funk","GR6 Music",0.889,0.821,8,-2.415,1,0.184,0.265,0,0.0949,0.732,90.014,4
spotify:track:6EmJRRzWxq675jyn8CEyp5,QZNMY2242349,"Chapa Quente","Dos Prédios","Veigh;Supernova Ent;Toledo;Bvga Beatz;DazzBeats",2022-11-18,145454,53,true,316ye5nphj2c6qd5zczz6wspr4te,2025-10-25T01:33:40Z,"trap brasileiro,trap funk,trap,hip hop brasileiro","Supernova Entertainment",0.955,0.374,0,-12.051,0,0.252,0.106,0,0.11,0.772,132.017,4
spotify:track:4vqwVaEqLNWo3UXhQi5IFH,USSM12503086,"FLORIDA FLOW","JACKBOYS 2","Travis Scott;Kodak Black",2025-07-13,328574,58,true,z2zvex1cllb34dps4t0bp2vnz,2025-10-28T23:01:41Z,"rap","Cactus Jack / Epic",0.606,0.605,1,-6.387,0,0.22,0.218,0,0.0946,0.3,124.149,4
spotify:track:1s9DTymg5UQrdorZf43JQm,USUM71804159,"Fell In Luv (feat. Bryson Tiller)","Die Lit","Playboi Carti;Bryson Tiller",2018-05-11,206333,75,true,z2zvex1cllb34dps4t0bp2vnz,2025-11-02T21:21:06Z,"rage rap,trap soul,r&b","AWGE Label",0.657,0.668,2,-6.208,1,0.136,0.0273,0,0.32,0.227,162.997,4
spotify:track:6qY0pwZyb781h6h2OYcOQw,QZTVM2578056,"Cana da Choque","Cana da Choque","Pedrin;Bebeto;PAVUNA;Cordeiro",2025-10-29,140017,61,true,316ye5nphj2c6qd5zczz6wspr4te,2025-11-01T02:16:45Z,"trap brasileiro,trap,trap funk","PAVUNA",0.697,0.695,1,-5.492,1,0.053,0.0147,0,0.46,0.148,143.902,4
spotify:track:4ATO632UaFTJltxCbfBpHI,BK4DA2549343,"ME POSTOU NO DAILY - FESTA DO BIG G","ME POSTOU NO DAILY - FESTA DO BIG G","MC GP;Mc Lele JP;DJ DAVI DOGDOG;Dj Andrabeat",2025-09-25,177230,71,true,316ye5nphj2c6qd5zczz6wspr4te,2025-11-01T02:57:33Z,"funk brasileiro,funk consciente,trap funk","Legenda Records",0.837,0.518,0,-6.9,0,0.264,0.497,0,0.0951,0.496,129.828,4
spotify:track:3QFInJAm9eyaho5vBzxInN,USSM12105949,"family ties (with Kendrick Lamar)","The Melodic Blue","Baby Keem;Kendrick Lamar",2021-09-10,252262,81,true,316ye5nphj2c6qd5zczz6wspr4te,2025-11-01T03:04:58Z,"hip hop,west coast hip hop","Columbia",0.711,0.611,1,-5.453,1,0.33,0.00588,0,0.23,0.144,134.093,4
spotify:track:1wFFFzJ5EsKbBWZriAcubN,USUG12402984,"Family Matters","Family Matters","Drake",2024-05-03,456933,72,true,316ye5nphj2c6qd5zczz6wspr4te,2025-11-01T03:06:26Z,"rap","OVO/Republic",0.527,0.492,1,-9.774,1,0.279,0.0047,0,0.306,0.234,164.005,4
spotify:track:4S8PxReB1UiDR2F5x1lyIR,USUG12400909,"meet the grahams","meet the grahams","Kendrick Lamar",2024-05-03,392138,69,true,316ye5nphj2c6qd5zczz6wspr4te,2025-11-01T03:06:58Z,"hip hop,west coast hip hop","Kendrick Lamar under exclusive license to Interscope Records",0.479,0.802,5,-6.252,1,0.309,0.55,0.00045,0.11,0.602,74.98,4
spotify:track:4gh0ZnHzaTMT1sDga7Ek0N,USSM11607552,"sdp interlude","Birds In The Trap Sing McKnight","Travis Scott",2016-09-16,191622,80,true,316ye5nphj2c6qd5zczz6wspr4te,2025-11-01T18:24:23Z,"rap","Cactus Jack / Epic",0.507,0.586,0,-8.15,0,0.0586,0.599,0.0544,0.118,0.588,108.164,4
spotify:track:5YURHESoQKz81fL4IxV7NJ,BXIV82150638,"INVEJOSO","INVEJOSO","Distrito 23;Jhowzin;Raffé;Chefin;Oruam",2021-10-23,300000,60,true,316ye5nphj2c6qd5zczz6wspr4te,2025-11-01T20:14:07Z,"trap brasileiro,trap funk,trap,funk brasileiro,hip hop brasileiro","Distrito 23",0.876,0.525,6,-6.631,0,0.0807,0.117,0,0.106,0.471,118.967,4
spotify:track:4evMMKc2HD6fV9slMfgkMx,USUM72414854,"TOXIC (with Skepta)","MUSIC","Playboi Carti;Skepta",2025-03-14,135275,77,true,z2zvex1cllb34dps4t0bp2vnz,2025-11-03T08:33:20Z,"rage rap,grime,grime reino unido","AWGE/Interscope Records",0.855,0.64,0,-5.936,1,0.204,0.00418,0.0000019,0.0948,0.432,142,4
spotify:track:2FGhB10Gon36GgFcOTMQEW,BRUK01900056,"Poesia Acústica #7: Céu Azul","Poesia Acústica #7: Céu Azul","Pineapple StormTv;MC Hariel;Negra Li;Ducon;MC Kevin o Chris;Chris MC;Matuê;Dk 47;Vitão;Salve Malak",2019-07-06,572038,2,true,316ye5nphj2c6qd5zczz6wspr4te,2025-11-04T18:11:42Z,"hip hop brasileiro,funk brasileiro,funk consciente,trap funk,pop nacional,rock brasileiro,funk carioca,brega funk,trap brasileiro,trap","Pineapple StormTV",0.795,0.697,9,-4.276,0,0.31,0.0875,0,0.0997,0.543,102.756,4
spotify:track:4G7bbgD2DHORU4frrWoCXp,BCE7P2503503,"Posso Até Não Te Dar Flores","Posso Até Não Te Dar Flores","DJ Japa NK;MC Meno K;MC Ryan SP;Mc Jacaré;DJ DAVI DOGDOG",2025-09-11,158769,20,true,316ye5nphj2c6qd5zczz6wspr4te,2025-11-05T00:26:33Z,"funk brasileiro,trap funk,funk consciente,funk carioca","Bololo Records",0.896,0.647,7,-6.011,0,0.0819,0.269,0,0.165,0.653,130.118,4
spotify:track:3pVax9HoXuooUIiSaiDRxL,QZHZ52141313,"Lugar Distante","Lugar Distante","DJ Lou",2023-04-03,111270,59,false,316ye5nphj2c6qd5zczz6wspr4te,2025-11-08T01:29:47Z,"trap brasileiro","Alohomora Records",0.543,0.469,0,-14.859,0,0.134,0.23,0,0.225,0.409,151.861,4
spotify:track:6JPysVgPfEab03Gbm7hjXM,AEA3A2015504,"NOW OR NEVER","NOW OR NEVER","Tkandz;CXSPER",2025-09-15,123428,9,false,316ye5nphj2c6qd5zczz6wspr4te,2025-11-12T00:32:47Z,"","Everything's Yours Entertainment",0.8,0.784,1,-4.691,0,0.0718,0.362,0,0.497,0.795,140.013,4
spotify:track:02BcXEH1zJYbXSabPtNlKf,USAT22503117,"Lose My Mind (feat. Doja Cat) [From F1® The Movie]","Lose My Mind (feat. Doja Cat) [From F1® The Movie]","Don Toliver;Doja Cat;F1 The Album",2025-04-30,209051,81,false,316ye5nphj2c6qd5zczz6wspr4te,2025-11-12T00:32:59Z,"","Atlantic Records",0.55,0.666,7,-6.196,1,0.0428,0.0593,0,0.122,0.239,109.959,4
spotify:track:0e7ipj03S05BNilyu5bRzt,USUM71710087,"rockstar (feat. 21 Savage)","beerbongs & bentleys","Post Malone;21 Savage",2018-04-27,218146,84,true,316ye5nphj2c6qd5zczz6wspr4te,2025-11-13T20:29:10Z,"","Republic Records",0.585,0.52,5,-6.136,0,0.0713,0.124,0.0000775,0.131,0.129,159.798,4
spotify:track:7dt6x5M1jzdTEt8oCbisTK,USUM71805170,"Better Now","beerbongs & bentleys","Post Malone",2018-04-27,231266,83,true,316ye5nphj2c6qd5zczz6wspr4te,2025-11-13T20:29:12Z,"","Republic Records",0.674,0.578,10,-5.804,1,0.0408,0.331,0,0.135,0.34,145.07,4
spotify:track:0IO1G8zvwIbnjdgb8iBgdO,BXXCT2000011,"Money","Money","Jovem Dex;Hash Produções;Portugal No Beat",2019-02-20,139050,50,false,316ye5nphj2c6qd5zczz6wspr4te,2025-11-13T20:30:17Z,"trap brasileiro,trap,hip hop brasileiro,trap funk","HASH PRODUCOES",0.799,0.806,7,-6.28,0,0.0329,0.024,0.00000199,0.0788,0.531,103.994,4
spotify:track:6Jw6uZbuI7k6ZPushXJNkj,BXXCT2000010,"Nav","Nav","Jovem Dex;Hash Produções",2018-11-09,162010,61,false,316ye5nphj2c6qd5zczz6wspr4te,2025-11-13T20:31:13Z,"trap brasileiro,trap,hip hop brasileiro,trap funk","HASH PRODUCOES",0.708,0.681,4,-6.421,0,0.118,0.449,0,0.29,0.301,119.959,4
spotify:track:5l3oyyQTWZc5htAE4F7kAQ,BXXYI2000019,"Intro","Naturalidade","pumapjl;SonoTWS",2020-12-05,73276,66,false,316ye5nphj2c6qd5zczz6wspr4te,2025-11-13T20:51:02Z,"boom bap,hip hop brasileiro","Tired Of People",0.581,0.779,0,-11.335,0,0.47,0.799,0.000147,0.325,0.438,95.059,4
spotify:track:1VqWZ49XFe8idJ0FPmJN0n,BXXYI2000017,"Praga","Naturalidade","pumapjl;Novin;wavybil",2020-12-05,164330,66,true,316ye5nphj2c6qd5zczz6wspr4te,2025-11-13T20:51:49Z,"boom bap,hip hop brasileiro","Tired Of People",0.492,0.718,1,-6.666,1,0.0873,0.0418,0.00000222,0.584,0.701,146.647,4
spotify:track:3QzAOrNlsabgbMwlZt7TAY,USUM71911808,"Ballin' (with Roddy Ricch)","Perfect Ten","Mustard;Roddy Ricch",2019-06-28,180434,76,true,316ye5nphj2c6qd5zczz6wspr4te,2025-11-13T22:05:18Z,"rap melódico","10 Summers Records/Interscope Records",0.809,0.545,7,-6.678,1,0.0734,0.392,0,0.151,0.244,97.008,4
spotify:track:0nbXyq5TXYPCO7pr3N8S4I,USAT21906978,"The Box","Please Excuse Me for Being Antisocial","Roddy Ricch",2019-12-06,196652,85,true,316ye5nphj2c6qd5zczz6wspr4te,2025-11-13T22:06:00Z,"rap melódico","Atlantic Records",0.896,0.586,10,-6.687,0,0.0559,0.104,0,0.79,0.642,116.971,4
spotify:track:4SWWe2OYC4mqf40Gc2RSdl,USAT21811792,"Down Below","Feed Tha Streets II","Roddy Ricch",2018-11-02,224002,74,true,316ye5nphj2c6qd5zczz6wspr4te,2025-11-13T22:07:52Z,"rap melódico","Bird Vision Entertainment",0.926,0.454,6,-9.932,1,0.0732,0.036,0.000422,0.0896,0.34,119.969,4
spotify:track:6WzRpISELf3YglGAh7TXcG,USUG12303876,"Popular (with Playboi Carti & Madonna) - From The Idol Vol. 1 (Music from the HBO Original Series)","Popular (Music from the HBO Original Series)","The Weeknd;Playboi Carti;Madonna",2023-06-02,215466,84,true,316ye5nphj2c6qd5zczz6wspr4te,2025-11-14T17:13:29Z,"rage rap","XO / Republic Records",0.854,0.674,1,-6.23,1,0.184,0.0517,0.0000853,0.509,0.848,99.022,4
spotify:track:4zNy0cxc4p36OLdPr0sI6h,BC3PG2306028,"MONTAGEM ANOS 2000","A.Mago - Playlist do Mago","MC Maneirinho;MC Tigrão;Mc Luan;DJ Arana;Karol X",2023-09-07,178080,1,true,316ye5nphj2c6qd5zczz6wspr4te,2025-11-19T16:31:38Z,"trap brasileiro,trap funk,funk brasileiro,funk carioca,funk consciente,trap,hip hop brasileiro,agronejo,phonk brasileiro,phonk,funk de bh,funk bruxaria","Portuga Records / Funk 24por48",0.53,0.783,3,-5.737,1,0.334,0.0458,0.000102,0.117,0.554,126.708,4
spotify:track:28drn6tQo95MRvO0jQEo5C,USSM12402033,"Type Shit","WE DON'T TRUST YOU","Future;Metro Boomin;Travis Scott;Playboi Carti",2024-03-22,228266,81,true,316ye5nphj2c6qd5zczz6wspr4te,2025-11-19T16:32:18Z,"rap,trap,rage rap","Wilburn Holding Co./Boominati/Epic/Republic",0.64,0.552,2,-5.679,1,0.129,0.0215,0,0.119,0.112,144.941,4
spotify:track:5hVghJ4KaYES3BFUATCYn0,USQX91901111,"EARFQUAKE","IGOR","Tyler, The Creator",2019-05-17,190072,79,true,316ye5nphj2c6qd5zczz6wspr4te,2025-11-23T19:52:55Z,"","Columbia",0.554,0.498,9,-8.866,1,0.0685,0.23,0.00000598,0.795,0.413,79.635,4
spotify:track:6jbYpRPTEFl1HFKHk1IC0m,USQX92405794,"Like Him (feat. Lola Young)","CHROMAKOPIA","Tyler, The Creator;Lola Young",2024-10-28,278014,85,true,316ye5nphj2c6qd5zczz6wspr4te,2025-11-23T19:55:14Z,"","Columbia",0.392,0.555,4,-6.707,0,0.039,0.287,0.000253,0.13,0.191,96.063,3
spotify:track:24cOHkrtGGQmKvA8R9BNin,QZHZ42054582,"Debochando da Mídia","Debochando da Mídia","MC Maneirinho;L7NNON;Ian Girão",2020-06-19,201600,68,false,316ye5nphj2c6qd5zczz6wspr4te,2025-11-23T20:48:43Z,"trap brasileiro,trap funk,funk brasileiro,funk carioca,funk consciente,trap,hip hop brasileiro","M Records",0.571,0.721,1,-5.383,0,0.102,0.0221,0.00000277,0.112,0.117,199.859,4
spotify:track:6xgf2Nigvj0JuyNFFDAG7t,BXG6R2500753,"Pantera","Pantera","MC Jvila;G.A;Nagalli;Toledo;Honaiser",2025-09-10,191250,68,false,316ye5nphj2c6qd5zczz6wspr4te,2025-11-23T22:18:09Z,"funk brasileiro,trap funk,funk consciente,trap brasileiro,trap,hip hop brasileiro","GR6 Music",0.64,0.609,8,-4.658,1,0.492,0.0578,0.00000126,0.11,0.655,85.023,5
spotify:track:527k23H0A4Q0UJN3vGs0Da,USAT22001223,"After Party","Heaven Or Hell","Don Toliver",2020-03-13,167915,78,true,316ye5nphj2c6qd5zczz6wspr4te,2025-11-30T23:57:24Z,"","We Run It Ent./Cactus Jack/Atlantic",0.629,0.692,5,-8.045,1,0.0376,0.00981,0.331,0.603,0.453,162.948,4
spotify:track:6JH5wCoto58vgqa61jvazc,BXW922500111,"JAPONÊS","JAPONÊS","Brandão85;Matuê",2025-11-30,192591,68,false,316ye5nphj2c6qd5zczz6wspr4te,2025-12-01T00:01:56Z,"trap brasileiro,trap,hip hop brasileiro,trap funk","30PRAUM",0.604,0.814,8,-4.478,0,0.0323,0.00249,0,0.347,0.303,144.122,4
spotify:track:2cZOYofOX4d6g0OXxkaIjA,USUM72410900,"ALL RED","ALL RED","Playboi Carti",2024-09-13,148053,68,true,316ye5nphj2c6qd5zczz6wspr4te,2025-12-01T00:19:11Z,"rage rap","AWGE/Interscope Records",0.76,0.663,9,-4.763,0,0.0551,0.109,0,0.305,0.209,143.082,4
spotify:track:3FNy4yzOhHhFBeA5p4ofoq,USAT21102233,"Young, Wild & Free (feat. Bruno Mars)","Young, Wild & Free (feat. Bruno Mars)","Snoop Dogg;Wiz Khalifa;Bruno Mars",2011-10-21,207346,72,false,316ye5nphj2c6qd5zczz6wspr4te,2025-12-01T00:33:43Z,"g-funk,west coast hip hop,gangster rap,hip hop old school,hip hop,rap","Rostrum/Atlantic",0.553,0.652,0,-6.685,1,0.206,0.0897,0,0.111,0.551,94.505,4
spotify:track:70FCugJxa7XW04Np6iYJdI,USIR10300002,"21 Questions","Get Rich Or Die Tryin'","50 Cent;Nate Dogg",2003-02-06,224440,80,true,316ye5nphj2c6qd5zczz6wspr4te,2025-12-01T00:37:06Z,"hip hop old school,east coast hip hop,g-funk,west coast hip hop","Shady Records",0.646,0.813,6,-3.846,0,0.299,0.349,0.0000937,0.0427,0.895,92.729,4
spotify:track:3G0yz3DZn3lfraledmBCT0,USIR10300020,"P.I.M.P.","Get Rich Or Die Tryin'","50 Cent",2003-02-06,249480,81,true,316ye5nphj2c6qd5zczz6wspr4te,2025-12-01T00:37:26Z,"hip hop old school,east coast hip hop","Shady Records",0.712,0.772,10,-3.024,0,0.346,0.0521,0.00000435,0.0368,0.848,84.722,4
spotify:track:69kOkLUCkxIZYexIgSG8rq,USQX91300108,"Get Lucky (feat. Pharrell Williams and Nile Rodgers)","Random Access Memories","Daft Punk;Pharrell Williams;Nile Rodgers",2013-05-20,369626,78,false,316ye5nphj2c6qd5zczz6wspr4te,2025-12-04T04:12:21Z,"house francês,eletronic,electro","Columbia",0.81,0.793,6,-9.404,0,0.0403,0.0378,0.00000177,0.072,0.863,116.05,4
spotify:track:5D2mYZuzcgjpchVY1pmTPh,USIR10500072,"Candy Shop","The Massacre","50 Cent;Olivia",2005-03-03,209106,83,true,316ye5nphj2c6qd5zczz6wspr4te,2025-12-04T19:41:03Z,"hip hop old school,east coast hip hop","Aftermath/Shady",0.613,0.574,11,-7.961,1,0.467,0.0253,0.0000313,0.38,0.755,125.18,5
spotify:track:4nva9EpKntUTs6CRSGBCn9,USIR10500279,"Just A Lil Bit","The Massacre","50 Cent",2005-03-03,237706,84,true,316ye5nphj2c6qd5zczz6wspr4te,2025-12-04T19:41:19Z,"hip hop old school,east coast hip hop","Aftermath/Shady",0.489,0.692,1,-6.672,1,0.41,0.0322,0.00608,0.315,0.527,96.946,4
spotify:track:18zXw7VA97aovBwbxSpPqH,BRXM91200013,"Vagalumes","Vim pra Dominar o Mundo","POLLO;Ivo Mozart",2012-12-11,170766,70,false,316ye5nphj2c6qd5zczz6wspr4te,2025-12-04T20:31:24Z,"mpb","Pollo",0.703,0.736,11,-4.818,1,0.283,0.214,0,0.142,0.727,176.057,4
spotify:track:6JKkP9ABQzYZUFSKSVDKIc,US7VG1733981,"Deixe Me Ir (feat. Pablo Martins) - Acústico 1Kilo","Deixe Me Ir (feat. Pablo Martins) [Acústico 1Kilo]","1Kilo;Baviera;Knust;Pablo Martins",2017-03-15,213191,78,false,316ye5nphj2c6qd5zczz6wspr4te,2025-12-04T20:31:46Z,"hip hop brasileiro","1Kilo Records",0.55,0.439,9,-11.026,0,0.224,0.841,0,0.106,0.703,186.614,4
spotify:track:6nWPzkaAjRdjAGSFhpGc3O,BXDW71900041,"Já Que Me Ensinou a Beber","Batom de Ouro","Os Barões Da Pisadinha",2019-09-26,158432,67,false,316ye5nphj2c6qd5zczz6wspr4te,2025-12-04T20:32:47Z,"piseiro,forró,sertanejo,arrocha,brega,agronejo,tecnobrega,sertanejo universitário","Sony Music Entertainment",0.792,0.867,4,-6.158,0,0.0783,0.415,0.0000119,0.0493,0.975,171.956,4
spotify:track:3cqeso9qMA6HoISorEoFfk,BR9U91200028,"Céu Azul","Música Popular Caiçara: Edição Luxo (Ao Vivo)","Charlie Brown Jr.",2012,198786,72,false,316ye5nphj2c6qd5zczz6wspr4te,2025-12-04T20:33:12Z,"rock brasileiro,mpb,pop nacional","Radar Records",0.68,0.598,1,-6.147,0,0.027,0.61,0,0.106,0.62,120.09,4
spotify:track:0h9GmCGvM0meVHfF0XrnHJ,BXW922500123,"MEU CEMITÉRIO","MEU CEMITÉRIO","Matuê",2025-12-08,207179,55,true,316ye5nphj2c6qd5zczz6wspr4te,2025-12-09T00:00:25Z,"trap brasileiro,trap,hip hop brasileiro,trap funk","30PRAUM",0.61,0.812,6,-3.909,0,0.0435,0.192,0,0.105,0.186,116.957,4
spotify:track:3qhlB30KknSejmIvZZLjOD,GBKPL2205058,"End of Beginning","DECIDE","Djo",2022-09-16,159245,94,false,316ye5nphj2c6qd5zczz6wspr4te,2025-12-09T14:32:16Z,"","Djo",0.689,0.454,2,-7.643,1,0.0584,0.0351,0.00259,0.0707,0.912,159.982,4
spotify:track:5T6mY3sQbvVfLnertXdoST,BXW922000008,"Cogulândia","Máquina do Tempo","Matuê",2020-09-10,120000,65,true,316ye5nphj2c6qd5zczz6wspr4te,2025-12-09T15:23:37Z,"trap brasileiro,trap,hip hop brasileiro,trap funk","Sony Music Entertainment",0.88,0.52,7,-5.98,0,0.0547,0.154,0,0.131,0.812,129.955,4
spotify:track:0RiRZpuVRbi7oqRdSMwhQY,USUM71814888,"Sunflower - Spider-Man: Into the Spider-Verse","Hollywood's Bleeding","Post Malone;Swae Lee",2019-09-06,157560,88,false,316ye5nphj2c6qd5zczz6wspr4te,2025-12-09T23:53:26Z,"","Republic Records",0.755,0.522,2,-4.368,1,0.0575,0.533,0,0.0685,0.925,89.96,4
spotify:track:3a1lNhkSLSkpJE4MSHpDu9,USUM71614484,"Congratulations","Stoney (Deluxe)","Post Malone;Quavo",2016-12-09,220293,83,true,316ye5nphj2c6qd5zczz6wspr4te,2025-12-09T23:59:38Z,"","Mercury Records/Republic Owned",0.63,0.804,6,-4.183,1,0.0364,0.215,0,0.253,0.492,123.146,4
spotify:track:6zI2BCllRpA8H8KR5v8u3v,BXW922500131,"REI TUÊ","XTRANHO","Matuê",2025-12-10,143823,63,true,316ye5nphj2c6qd5zczz6wspr4te,2025-12-11T00:01:53Z,"trap brasileiro,trap,hip hop brasileiro,trap funk","30PRAUM",0.52,0.543,0,-6.637,0,0.0423,0.318,0.0000694,0.341,0.155,136.115,4
spotify:track:5x6ZQVigUJhSIHN65rp6g9,BXW922500133,"TALKING BOUT","XTRANHO","Matuê",2025-12-10,152947,58,true,316ye5nphj2c6qd5zczz6wspr4te,2025-12-11T00:01:53Z,"trap brasileiro,trap,hip hop brasileiro,trap funk","30PRAUM",0.642,0.785,9,-3.28,0,0.108,0.198,0,0.125,0.58,164.03,4
spotify:track:5Y2QDfKgRS6lPkyVITN4P0,BXW922500123,"MEU CEMITÉRIO","XTRANHO","Matuê",2025-12-10,207179,65,true,316ye5nphj2c6qd5zczz6wspr4te,2025-12-11T00:01:53Z,"trap brasileiro,trap,hip hop brasileiro,trap funk","30PRAUM",0.61,0.812,6,-3.909,0,0.0435,0.192,0,0.105,0.186,116.957,4
spotify:track:6IQnS5jbctbXMd6TOeEYaz,BXW922500121,"ÍCONE FASHION","XTRANHO","Matuê;kouth",2025-12-10,152052,63,true,316ye5nphj2c6qd5zczz6wspr4te,2025-12-11T00:01:53Z,"trap brasileiro,trap,hip hop brasileiro,trap funk","30PRAUM",0.714,0.825,5,-3.385,0,0.0335,0.0655,0,0.379,0.461,135.053,4
spotify:track:38NukRP5zIlRv9XlKtwuAJ,BXW922500115,"AUTOBAHN","XTRANHO","Matuê;Cashley",2025-12-10,185454,66,true,316ye5nphj2c6qd5zczz6wspr4te,2025-12-11T00:01:53Z,"trap brasileiro,trap,hip hop brasileiro,trap funk","30PRAUM",0.757,0.729,10,-5.231,0,0.0325,0.054,0.00000247,0.0597,0.317,132.025,4
spotify:track:1LT3tGHfUbjrdDT5BPa1Iq,BXW922500119,"FACAS E MACHADOS","XTRANHO","Matuê;FAB GODAMN;okie",2025-12-10,112651,55,true,316ye5nphj2c6qd5zczz6wspr4te,2025-12-11T00:01:53Z,"trap brasileiro,trap,hip hop brasileiro,trap funk","30PRAUM",0.512,0.57,9,-4.8,1,0.178,0.553,0,0.229,0.401,147.03,4
spotify:track:4sX07T4478VYdBm0R71POZ,BXW922500113,"ALTERADO","XTRANHO","Matuê;Phl Notunrboy",2025-12-10,193600,58,true,316ye5nphj2c6qd5zczz6wspr4te,2025-12-11T00:01:53Z,"trap brasileiro,trap,hip hop brasileiro,trap funk","30PRAUM",0.601,0.822,6,-1.724,0,0.123,0.105,0,0.0992,0.263,150.114,4
spotify:track:0aksmcRh5LIs4DAL3pfcoY,BXW922500127,"PENSAMENTOS PERIGOSOS","XTRANHO","Matuê;LPT Zlatan",2025-12-10,214008,59,true,316ye5nphj2c6qd5zczz6wspr4te,2025-12-11T00:01:53Z,"trap brasileiro,trap,hip hop brasileiro,trap funk","30PRAUM",0.707,0.821,2,-5.94,1,0.179,0.138,0,0.314,0.899,157.024,3
spotify:track:6sHWMvDDdgNNvkJ7JHktdl,BXW922500137,"XTRANHO","XTRANHO","Matuê;Brandão85",2025-12-10,213016,68,true,316ye5nphj2c6qd5zczz6wspr4te,2025-12-11T00:01:53Z,"trap brasileiro,trap,hip hop brasileiro,trap funk","30PRAUM",0.789,0.787,1,-3.792,1,0.033,0.0144,0,0.109,0.382,138.01,4
spotify:track:5TKTBDb9p1npApJLuQLd7M,BXW922500117,"BACKSTAGE","XTRANHO","Matuê;BNYX®;Azul Wynter;Bryan Yepes",2025-12-10,139062,75,true,316ye5nphj2c6qd5zczz6wspr4te,2025-12-11T00:01:53Z,"trap brasileiro,trap,hip hop brasileiro,trap funk","30PRAUM",0.79,0.662,9,-4.198,0,0.0472,0.0649,0.00234,0.101,0.755,152.982,4
spotify:track:2WIg2OljTQEbja74ZGOrxQ,BXW922500135,"TODAS AS LUZES","XTRANHO","Matuê",2025-12-10,153747,62,true,316ye5nphj2c6qd5zczz6wspr4te,2025-12-11T00:01:53Z,"trap brasileiro,trap,hip hop brasileiro,trap funk","30PRAUM",0.722,0.693,6,-4.345,0,0.0432,0.181,0,0.122,0.921,139.879,4
spotify:track:35df5zF0HOKz9bfNjOA7tZ,BXW922500125,"OS MELHORES","XTRANHO","Matuê",2025-12-10,155081,62,true,316ye5nphj2c6qd5zczz6wspr4te,2025-12-11T00:01:53Z,"trap brasileiro,trap,hip hop brasileiro,trap funk","30PRAUM",0.627,0.972,10,-1.422,0,0.133,0.042,0,0.0871,0.395,131.99,4
spotify:track:1gqkRc9WtOpnGIqxf2Hvzr,USUM71307527,"On Sight","Yeezus","Kanye West",2013-06-18,156480,75,true,z2zvex1cllb34dps4t0bp2vnz,2025-12-11T02:20:04Z,"rap","Rock The World/IDJ/Kanye/LP6",0.605,0.469,9,-3.182,0,0.327,0.487,0,0.28,0.515,101.601,4
spotify:track:3sNVsP50132BTNlImLx70i,USUM71307523,"Bound 2","Yeezus","Kanye West",2013-06-18,229146,84,true,z2zvex1cllb34dps4t0bp2vnz,2025-12-11T02:20:14Z,"rap","Rock The World/IDJ/Kanye/LP6",0.367,0.665,1,-2.821,1,0.0465,0.145,0,0.113,0.31,148.913,4
spotify:track:6iycYUk3oB0NPMdaDUrN1w,USUM72414866,"EVIL J0RDAN","MUSIC","Playboi Carti",2025-03-14,183928,77,true,316ye5nphj2c6qd5zczz6wspr4te,2025-12-12T06:30:43Z,"rage rap","AWGE/Interscope Records",0.689,0.36,1,-7.029,1,0.0564,0.00665,0.0000611,0.119,0.0599,154.009,4
spotify:track:0hB6UKgc3iKTphmGuWpNOg,BKX8J2500006,"Faz assim","Os Dois Lados Da Moeda","Prod Gomes;DJ Gomes Original;Yuri Redicopa;Bisqui",2025-08-02,149333,68,true,316ye5nphj2c6qd5zczz6wspr4te,2025-12-15T16:20:13Z,"funk brasileiro,funk bruxaria","Rua B Records",0.706,0.695,2,-5.287,0,0.211,0.49,0.0000121,0.0935,0.665,134.959,4
spotify:track:0wwPcA6wtMf6HUMpIRdeP7,USCM51500238,"Hotline Bling","Views","Drake",2016-05-06,267066,85,false,316ye5nphj2c6qd5zczz6wspr4te,2025-12-15T19:21:32Z,"rap","Cash Money Records/Young Money Ent./Universal Rec.",0.891,0.628,2,-7.863,1,0.0551,0.00258,0.00019,0.0504,0.552,134.966,4
spotify:track:7hNz5zhpCdK3qIqplGyISA,QZVEM2557829,"Abbot On The Radar Freestyle","Abbot On The Radar Freestyle","On The Radar;Abbot;Celo1st",2025-05-30,163636,54,false,316ye5nphj2c6qd5zczz6wspr4te,2025-12-17T03:31:22Z,"drill sexy,trap brasileiro,trap,trap funk","OTR Worldwide Entertainment Inc. in Exclusive Partnership with Olympus Projects",0.857,0.444,1,-9.053,0,0.311,0.259,0,0.113,0.617,132.006,4
spotify:track:5wTHqpJDnoGW562HQW1BmC,BRWMB2501576,"TENTAR SER BREVE 🤷🏾‍♀️","FKAY","KayBlack;Vulgo FK;Veigh;Fepache;Galdino;H4lfmeasures;Honaiser",2025-11-25,223384,70,false,316ye5nphj2c6qd5zczz6wspr4te,2025-12-17T03:33:08Z,"trap brasileiro,trap funk,trap,hip hop brasileiro,funk brasileiro,funk consciente","WM Brazil",0.695,0.524,3,-6.558,0,0.276,0.79,0,0.113,0.706,130.015,3
spotify:track:6OAjbLmKmJpewSIfNiY4rI,BX46W2100101,"Trap de Cria 2","Trap de Cria 2","Kyan;Danzo;Veigh;Nagalli;Caio Passos",2022-02-22,157566,53,true,316ye5nphj2c6qd5zczz6wspr4te,2025-12-18T17:15:13Z,"trap brasileiro,trap funk,trap,hip hop brasileiro,funk brasileiro,funk consciente","Ceia Ent.",0.854,0.67,5,-7.296,0,0.215,0.0309,0,0.125,0.246,75.03,4
spotify:track:1lJOLxDS8kS2rihrqezMcv,US39N2528419,"Century","Century","EsDeeKid",2025-10-31,109714,81,true,316ye5nphj2c6qd5zczz6wspr4te,2025-12-19T21:46:19Z,"","Lizzy Records",0.389,0.871,6,-6.885,1,0.0647,0.23,0,0.167,0.141,104.846,3
spotify:track:6NYbDTmstd7JSUWl2hVBqR,GBUM72305159,"Sprinter","Sprinter","Dave;Central Cee",2023-06-01,229133,83,true,316ye5nphj2c6qd5zczz6wspr4te,2025-12-19T21:47:57Z,"grime,grime reino unido,drill reino unido,drill","Neighbourhood Records (UMG UK / UMUK)",0.918,0.681,1,-4.705,1,0.201,0.263,0,0.0615,0.705,139.057,4
spotify:track:0YThXX1dqUpYBLyJNAsF9N,USUM72401643,"If We Being Rëal","2093","Yeat",2024-02-16,172500,75,true,316ye5nphj2c6qd5zczz6wspr4te,2025-12-19T22:30:06Z,"rage rap","Field Trip Recordings/Capitol Records",0.457,0.499,1,-6.67,1,0.0334,0.247,0.0000634,0.171,0.0348,127.95,4
spotify:track:6LxSe8YmdPxy095Ux6znaQ,USCM51100290,"Headlines","Take Care (Deluxe)","Drake",2011-11-15,235986,88,true,316ye5nphj2c6qd5zczz6wspr4te,2025-12-19T22:32:17Z,"rap","Cash Money Records/Young Money Ent./Universal Rec.",0.636,0.566,6,-7.16,0,0.106,0.365,0.000353,0.0917,0.425,151.894,4
spotify:track:3L0IKstjUgDFVQAbQIRZRv,USUM71804150,"R.I.P.","Die Lit","Playboi Carti",2018-05-11,192026,72,true,z2zvex1cllb34dps4t0bp2vnz,2025-12-20T03:09:44Z,"rage rap","AWGE Label",0.725,0.725,8,-6.067,0,0.159,0.0119,0,0.086,0.515,140.003,4
spotify:track:6HZILIRieu8S0iqY8kIKhj,USUM71703079,"DNA.","DAMN.","Kendrick Lamar",2017-04-14,185946,80,true,316ye5nphj2c6qd5zczz6wspr4te,2025-12-20T17:33:59Z,"hip hop,west coast hip hop","Aftermath",0.638,0.523,1,-6.664,1,0.357,0.00454,0,0.0842,0.422,139.913,4
spotify:track:7j7xw84jrVeKpmX46GmL8J,BX6842200009,"Aulas e Cursos","Da Água ao Vinho","DNASTY",2024-11-11,213634,50,true,316ye5nphj2c6qd5zczz6wspr4te,2025-12-20T17:34:18Z,"trap brasileiro,hip hop brasileiro,trap","Labidad Music",0.761,0.571,6,-10.133,0,0.0349,0.0592,0,0.175,0.628,113.985,4
spotify:track:2W8LaNzNpvr761BLE34HIP,BKRQM2500022,"BOLA DE MEIA.","DOIS Quebrada Inteligente Pro Max","Kyan;Mu540",2025-12-11,213995,43,false,316ye5nphj2c6qd5zczz6wspr4te,2025-12-20T20:50:19Z,"trap brasileiro,trap funk,trap,hip hop brasileiro","EHXIS",0.844,0.624,1,-6.799,1,0.287,0.124,0.00000323,0.109,0.442,90.052,4
spotify:track:0Le4DGEwWX3dxPc098znlL,BKRQM2500023,"POKÉMON.","DOIS Quebrada Inteligente Pro Max","Kyan;Mu540",2025-12-11,164307,39,true,316ye5nphj2c6qd5zczz6wspr4te,2025-12-20T20:51:40Z,"trap brasileiro,trap funk,trap,hip hop brasileiro","EHXIS",0.636,0.464,3,-7.98,1,0.461,0.192,0,0.111,0.595,84.173,5
spotify:track:20BRVZEog9m5rZGSv2UIGf,BKRQM2500024,"PRINCESA MANDRAKA.","DOIS Quebrada Inteligente Pro Max","Kyan;Mu540;Vulgo FK;Mc Larisson",2025-12-11,237456,44,true,316ye5nphj2c6qd5zczz6wspr4te,2025-12-20T21:02:24Z,"trap brasileiro,trap funk,trap,hip hop brasileiro,funk brasileiro","EHXIS",0.878,0.819,8,-1.974,0,0.153,0.392,0.00000713,0.0601,0.59,130.161,4
spotify:track:57Z6TJCTMACXxdrcwZ3Zvf,QZHN32557300,"Phantom","Rebel","EsDeeKid;Rico Ace",2025-06-20,109759,84,true,316ye5nphj2c6qd5zczz6wspr4te,2025-12-22T04:24:25Z,"","Lizzy Records",0.875,0.525,1,-4.2,1,0.129,0.0185,0.000454,0.112,0.315,140.006,4
spotify:track:554qQSs9lpRVq6TlaaiIKT,US38Y2546738,"4 Raws","Rebel","EsDeeKid",2025-06-20,146666,85,true,316ye5nphj2c6qd5zczz6wspr4te,2025-12-22T16:01:42Z,"","Lizzy Records",0.614,0.579,6,-7.481,0,0.0443,0.0124,0.608,0.141,0.194,144.041,4
spotify:track:2lLG56qpLP3UbcLuzMvkWX,USUM72024691,"Stop Breathing","Whole Lotta Red","Playboi Carti",2020-12-25,218943,68,true,316ye5nphj2c6qd5zczz6wspr4te,2025-12-24T15:57:58Z,"rage rap","AWGE/Interscope Records",0.856,0.57,9,-4.486,1,0.286,0.00637,0,0.0984,0.155,154.967,4
spotify:track:6pDt1F76BKy3ywWg4t8wee,USAT22506317,"Tiramisu","Tiramisu","Don Toliver",2025-09-05,138947,69,true,316ye5nphj2c6qd5zczz6wspr4te,2025-12-25T04:30:57Z,"","Cactus Jack / Atlantic",0.809,0.707,11,-5.749,0,0.0393,0.0484,0.00000631,0.129,0.329,133.012,4
spotify:track:6gi6y1xwmVszDWkUqab1qw,USSM11914988,"OUT WEST (feat. Young Thug)","JACKBOYS","JACKBOYS;Travis Scott;Young Thug",2019-12-27,157712,78,true,316ye5nphj2c6qd5zczz6wspr4te,2025-12-26T18:41:51Z,"rap,rap melódico,trap","Cactus Jack/Epic",0.802,0.591,8,-4.895,1,0.225,0.0104,0,0.196,0.309,139.864,4
spotify:track:39Yp9wwQiSRIDOvrVg7mbk,USSM12002217,"THE SCOTTS","THE SCOTTS","THE SCOTTS;Travis Scott;Kid Cudi",2020-04-24,165977,71,true,316ye5nphj2c6qd5zczz6wspr4te,2025-12-26T18:41:58Z,"rap","Cactus Jack / Epic",0.716,0.537,0,-7.648,0,0.0514,0.233,0,0.157,0.28,129.979,4
spotify:track:4eTtgdIXEy2LvLeg7NNSov,BX5UA2200034,"Vizão de Cria 2","Vizão de Cria 2","Dallass;Anezzi;Tz da Coronel;Caio Luccas;PJ HOUDINI;MC Maneirinho;NADAMAL;Filipe Ret",2022-08-01,306141,67,true,316ye5nphj2c6qd5zczz6wspr4te,2025-12-26T18:42:54Z,"trap brasileiro,trap,trap funk,hip hop brasileiro,funk brasileiro,funk carioca,funk consciente","NadamalRecords",0.688,0.699,4,-4.88,0,0.103,0.179,0,0.0879,0.411,127.061,4
spotify:track:3HdEOUNuFuoWj06rXpQQ4o,BCENK2200061,"Jovens do Reggae","Jovens do Reggae","Kawe;WIU;Original Quality",2022-06-24,183652,50,true,316ye5nphj2c6qd5zczz6wspr4te,2025-12-26T18:43:40Z,"trap brasileiro,hip hop brasileiro,trap funk,trap","Som Livre",0.849,0.749,0,-6.916,0,0.0983,0.0641,0,0.0983,0.564,114.993,4
spotify:track:0ssgd2ZvDawP0KHGfBYRpv,BRRGE2200366,"Good Vibe","LUME","Filipe Ret;Caio Luccas;Dallass",2022-06-16,181818,67,true,316ye5nphj2c6qd5zczz6wspr4te,2025-12-26T18:44:26Z,"hip hop brasileiro,trap brasileiro,trap funk,trap","Som Livre",0.52,0.667,7,-5.699,1,0.128,0.0808,0,0.114,0.328,131.628,4
spotify:track:3QOYcmlQz9xu9XRToik7oc,BKRQM2300006,"brinks!","UM Quebrada Inteligente","Kyan;Mu540",2023-07-13,155076,0,true,316ye5nphj2c6qd5zczz6wspr4te,2025-12-26T18:45:38Z,"trap brasileiro,trap funk,trap,hip hop brasileiro","UM Quebrada Inteligente",0.637,0.89,10,-3.756,1,0.885,0.627,0,0.0793,0.842,83.925,5
spotify:track:53d5THIukxStMHSJrGOOvu,BRUM72301354,"7 NOVINHA PRA 2 MLK - BONUS TRACK","Trap The Fato Deluxe","Derek;Emitê Único;Senndy",2023-10-06,180923,53,true,316ye5nphj2c6qd5zczz6wspr4te,2025-12-26T18:46:43Z,"trap brasileiro,trap,hip hop brasileiro,trap funk","Universal Music Ltda.",0.806,0.636,1,-4.919,1,0.201,0.00397,0,0.637,0.303,129.991,4
spotify:track:46XfbZcpkwoK75I0DVUP3b,BXW922400131,"COLETE","CEO","Brandão85",2024-10-23,167300,20,true,316ye5nphj2c6qd5zczz6wspr4te,2025-12-26T20:42:48Z,"trap brasileiro,trap","30PRAUM",0.652,0.704,0,-7.178,1,0.0343,0.122,0.00000786,0.386,0.252,119.976,4
spotify:track:2McT2fkH0VDqPsbiB9HWPq,QZ7XS2400012,"CARNIVAL","VULTURES 1","¥$;Kanye West;Ty Dolla $ign",2024-02-09,264334,80,true,316ye5nphj2c6qd5zczz6wspr4te,2025-12-27T01:37:38Z,"rap,trap soul","YZY",0.603,0.82,1,-5.773,1,0.136,0.195,0,0.338,0.304,148.191,4
spotify:track:4txKMpsSfZRV6durPuHVq0,USUM72024686,"New Tank","Whole Lotta Red","Playboi Carti",2020-12-25,89741,68,true,316ye5nphj2c6qd5zczz6wspr4te,2025-12-27T02:48:11Z,"rage rap","AWGE/Interscope Records",0.819,0.638,10,-4.831,0,0.226,0.031,0.000116,0.152,0.167,150.993,4
spotify:track:3sOcmmmWB7dqyziUVLXpTi,QZNJV2073642,"Hylander","Hylander","Abbot;somynem.grin",2020-09-18,96624,64,false,316ye5nphj2c6qd5zczz6wspr4te,2025-12-30T17:17:25Z,"trap brasileiro,trap,trap funk","Valhalla Records",0.903,0.642,1,-7.307,1,0.356,0.0692,0,0.0975,0.651,131.96,4
spotify:track:7fBv7CLKzipRk6EC6TWHOB,USUG11500737,"The Hills","Beauty Behind The Madness","The Weeknd",2015-08-28,242253,88,true,316ye5nphj2c6qd5zczz6wspr4te,2026-01-01T18:29:02Z,"","The Weeknd/Lyric",0.585,0.564,0,-7.063,0,0.0515,0.0671,0,0.135,0.137,113.003,4
spotify:track:2FvD20Z8aoWIePi7PoN8sG,USUM71919280,"TOES (feat. Lil Baby & Moneybagg Yo)","KIRK","DaBaby;Lil Baby;Moneybagg Yo",2019-09-27,136366,71,true,316ye5nphj2c6qd5zczz6wspr4te,2026-01-01T19:30:33Z,"","South Coast Music Group/Interscope Records",0.816,0.582,8,-4.141,1,0.341,0.0794,0.00000584,0.0916,0.542,160.004,4
spotify:track:7ytR5pFWmSjzHJIeQkgog4,USUM72007941,"ROCKSTAR (feat. Roddy Ricch)","BLAME IT ON BABY","DaBaby;Roddy Ricch",2020-04-17,181733,77,true,316ye5nphj2c6qd5zczz6wspr4te,2026-01-01T19:32:16Z,"rap melódico","South Coast Music Group/Interscope Records",0.746,0.69,11,-7.956,1,0.164,0.247,0,0.101,0.497,89.977,4
spotify:track:5OFlp1fOrfiSXOjw4wuSgy,QZ85M1951467,"Shotta Flow (feat. Blueface) - Remix","Cottonwood","NLE Choppa;Blueface",2019-12-23,176631,72,true,316ye5nphj2c6qd5zczz6wspr4te,2026-01-01T19:34:01Z,"","Warner Records",0.893,0.514,2,-4.776,1,0.424,0.0245,0,0.142,0.555,120.077,4
spotify:track:5nujrmhLynf4yMoMtj8AQF,GBAHT2000942,"Levitating (feat. DaBaby)","Future Nostalgia","Dua Lipa;DaBaby",2020-03-27,203064,85,false,316ye5nphj2c6qd5zczz6wspr4te,2026-01-01T19:34:50Z,"pop","Warner Records",0.702,0.825,6,-3.787,0,0.0601,0.00883,0,0.0674,0.915,102.977,4
spotify:track:3USxtqRwSYz57Ewm6wWRMp,GBUM72000433,"Heat Waves","Dreamland","Glass Animals",2020-08-07,238805,89,false,316ye5nphj2c6qd5zczz6wspr4te,2026-01-01T19:52:04Z,"","Polydor Records",0.761,0.525,11,-6.9,1,0.0944,0.44,0.0000067,0.0921,0.531,80.87,4
spotify:track:1xzBco0xcoJEDXktl7Jxrr,QM24S1703585,"Mo Bamba","MUDBOY","Sheck Wes",2018-10-05,183906,77,true,316ye5nphj2c6qd5zczz6wspr4te,2026-01-01T20:25:25Z,"","Cactus Jack Records/ G.O.O.D. Music/ Interscope Records",0.729,0.625,4,-5.266,1,0.0315,0.194,0.00986,0.248,0.261,146.034,4
spotify:track:46NzAxDzsE443IsyZndZfP,QZJ842000983,"Miss The Rage","Trip At Knight","Trippie Redd;Playboi Carti",2021-08-20,236883,0,true,316ye5nphj2c6qd5zczz6wspr4te,2026-01-02T06:45:16Z,"rap melódico,rage rap","Homemade Projects / 10K Projects",0.581,0.877,8,-4.938,1,0.114,0.0151,0,0.826,0.353,77.006,4
spotify:track:3hxIUxnT27p5WcmjGUXNwx,TCAEQ2083509,"Shut up My Moms Calling","Shut up My Moms Calling","Hotel Ugly",2020-02-10,164571,89,false,316ye5nphj2c6qd5zczz6wspr4te,2026-01-04T15:16:35Z,"","Hotel Ugly, under exclusive license to Amuseio AB",0.485,0.409,9,-10.711,0,0.101,0.325,0,0.103,0.376,138.419,4
spotify:track:77DRzu7ERs0TX3roZcre7Q,USUG12402839,"euphoria","euphoria","Kendrick Lamar",2024-04-30,383639,75,true,316ye5nphj2c6qd5zczz6wspr4te,2026-01-04T18:22:03Z,"hip hop,west coast hip hop","Kendrick Lamar, under exclusive license to Interscope Records",0.831,0.643,1,-5.002,1,0.11,0.046,0,0.084,0.142,139.948,4
spotify:track:7MXVkk9YMctZqd1Srtv4MB,USUG11600976,"Starboy","Starboy","The Weeknd;Daft Punk",2016-11-25,230453,93,true,316ye5nphj2c6qd5zczz6wspr4te,2026-01-05T22:13:25Z,"house francês,eletronic,electro","The Weeknd/Lyric",0.679,0.587,7,-7.015,1,0.276,0.141,0.00000635,0.137,0.486,186.003,4
spotify:track:4RGWaNjG7K8CNWbGJi7h1p,BKNDN2500024,"PAGÃO","PAGÃO","Alee;Klisman;Neckklace",2025-04-01,175537,62,true,316ye5nphj2c6qd5zczz6wspr4te,2026-01-11T15:47:01Z,"trap brasileiro,trap","Alee",0.696,0.485,1,-7.638,1,0.0327,0.00632,0.000209,0.0967,0.056,120.984,4
spotify:track:4Se3fXoHJkcraQzJXo2IYn,USLD91734275,"Monëy so big","Up 2 Më","Yeat",2021-09-10,160052,74,true,316ye5nphj2c6qd5zczz6wspr4te,2026-01-11T16:01:39Z,"rage rap","TwizzyRich",0.693,0.575,2,-7.633,1,0.0906,0.121,0,0.104,0.353,138.016,4
spotify:track:2NLOyWzztMiW5FmNhD83K6,US38Y2546906,"Mist","Rebel","EsDeeKid;Rico Ace",2025-06-20,130461,82,true,316ye5nphj2c6qd5zczz6wspr4te,2026-01-15T16:30:42Z,"","Lizzy Records",0.653,0.538,1,-5.197,1,0.162,0.000709,0.00917,0.142,0.65,195.017,4
spotify:track:2tGbxb5gjmzZVrAgNGMZt1,USUM72414868,"PHILLY (with Travis Scott)","MUSIC - SORRY 4 DA WAIT","Playboi Carti;Travis Scott",2025-03-25,185706,50,true,316ye5nphj2c6qd5zczz6wspr4te,2026-01-17T16:56:12Z,"rage rap,rap","AWGE/Interscope Records",0.823,0.694,11,-6.638,1,0.0674,0.0778,0,0.117,0.404,145.04,4
spotify:track:2JzZzZUQj3Qff7wapcbKjc,USAT21703595,"See You Again (feat. Charlie Puth)","See You Again (feat. Charlie Puth)","Wiz Khalifa;Charlie Puth",2015,229525,86,false,316ye5nphj2c6qd5zczz6wspr4te,2026-01-17T17:54:52Z,"o lado suave do pop","Atlantic Records",0.689,0.481,10,-7.503,1,0.0815,0.369,0.00000103,0.0649,0.283,80.025,4
spotify:track:1jKlRcH7X78ps1yKBTWyUV,USUG12100801,"Lucid Dreams (feat. Lil Uzi Vert) - Remix","Goodbye & Good Riddance (Anniversary)","Juice WRLD;Lil Uzi Vert",2021-05-28,240437,63,true,316ye5nphj2c6qd5zczz6wspr4te,2026-01-17T21:16:19Z,"rap melódico,rap emo,rage rap","Grade A Productions/Interscope Records",0.443,0.579,6,-6.517,0,0.187,0.125,0,0.284,0.256,83.827,4
spotify:track:7h8gct7I4RZTgLl0vy5zkG,QZGLM2484274,"Savana","Savana","BigDK",2024-03-27,166192,6,true,316ye5nphj2c6qd5zczz6wspr4te,2026-01-17T21:26:59Z,"","yomaikola",0.953,0.509,7,-6.472,0,0.201,0.251,0.0000222,0.0809,0.644,103.992,4
spotify:track:561jH07mF1jHuk7KlaeF0s,USIR10400813,"Mockingbird","Encore (Deluxe Version)","Eminem",2004-11-12,250760,87,true,316ye5nphj2c6qd5zczz6wspr4te,2026-01-20T03:44:44Z,"rap,hip hop","Eminem Catalog PS",0.637,0.678,0,-3.798,1,0.266,0.209,0,0.156,0.254,84.039,4
spotify:track:2x8TNY9KwNvD19gVGs4WOP,US7VG1976621,"Ela É do Tipo","Ela É do Tipo","MC Kevin o Chris",2019-03-07,204930,72,false,316ye5nphj2c6qd5zczz6wspr4te,2026-01-20T22:14:06Z,"funk brasileiro,funk carioca,brega funk","ADpar",0.632,0.398,6,-6.615,1,0.373,0.945,0,0.228,0.633,90.695,4
spotify:track:4H9ZFTGkTG8Frqhqsxrgrs,BXA5K2200009,"Músicas de amor nunca mais","ICARUS","BK;Luccas Carlos;Nansy Silvvz;Gigantes",2022-11-17,202899,76,false,316ye5nphj2c6qd5zczz6wspr4te,2026-01-21T18:00:18Z,"hip hop brasileiro,boom bap,trap brasileiro,pop nacional","Gigantes",0.717,0.585,5,-5.675,0,0.109,0.244,0,0.11,0.408,113.35,5
spotify:track:3v1d12O8WEj5H9eFID7HBn,USRC12502323,"HELICOPTER","HELICOPTER","A$AP Rocky",2026-01-12,165288,61,true,316ye5nphj2c6qd5zczz6wspr4te,2026-01-21T18:45:01Z,"rap","A$AP Worldwide/RCA Records",0.68,0.656,1,-3.966,1,0.0314,0.000101,0.0000472,0.107,0.229,134.029,4
spotify:track:7hLMdZXOL5NpX7Lncqb8eo,QZGLM1999099,"Nunca Vai Ser Eu","As Melhores 2018","Os Barões Da Pisadinha",2019-09-26,141688,62,false,316ye5nphj2c6qd5zczz6wspr4te,2026-01-22T00:27:40Z,"piseiro,forró,sertanejo,arrocha,brega,agronejo,tecnobrega,sertanejo universitário","Sony Music Entertainment",0.721,0.798,5,-6.726,0,0.0405,0.4,0,0.0686,0.972,171.974,4
spotify:track:3dPvQLKl42dMYWV4LWRTLK,QZGLM1999120,"Tá Rocheda","As Melhores 2018","Os Barões Da Pisadinha",2019-09-26,203075,64,false,316ye5nphj2c6qd5zczz6wspr4te,2026-01-22T00:28:14Z,"piseiro,forró,sertanejo,arrocha,brega,agronejo,tecnobrega,sertanejo universitário","Sony Music Entertainment",0.775,0.886,6,-6.68,0,0.0476,0.589,0.00000771,0.0991,0.939,172.013,4
spotify:track:6zFMeegAMYQo0mt8rXtrli,USSM12006375,"HOLIDAY","HOLIDAY","Lil Nas X",2020-11-13,154997,68,true,316ye5nphj2c6qd5zczz6wspr4te,2026-01-22T00:45:51Z,"","Columbia",0.81,0.511,5,-6.924,0,0.164,0.12,0,0.0832,0.837,151.947,4
spotify:track:6fTt0CH2t0mdeB2N9XFG5r,USSM11903948,"Panini","7","Lil Nas X",2019-06-21,114893,67,false,316ye5nphj2c6qd5zczz6wspr4te,2026-01-22T00:46:35Z,"","Columbia",0.703,0.594,5,-6.146,0,0.0752,0.342,0,0.123,0.475,153.848,4
spotify:track:6VObnIkLVruX4UVyxWhlqm,GBBKS1200164,"Skyfall","Skyfall","Adele",2012-10-04,286081,86,false,316ye5nphj2c6qd5zczz6wspr4te,2026-01-24T06:14:59Z,"o lado suave do pop","XL Recordings/Columbia",0.346,0.552,0,-6.864,0,0.0282,0.417,0,0.114,0.0789,75.881,4
spotify:track:4kLLWz7srcuLKA7Et40PQR,USUM70965169,"I Gotta Feeling","THE E.N.D. (THE ENERGY NEVER DIES) [Deluxe Version]","Black Eyed Peas",2009-01-01,289133,87,false,316ye5nphj2c6qd5zczz6wspr4te,2026-01-24T06:20:09Z,"","Interscope",0.744,0.766,0,-6.375,1,0.0265,0.0873,0,0.509,0.61,127.966,4
spotify:track:1XGmzt0PVuFgQYYnV2It7A,USUM71203347,"Payphone","Overexposed Track By Track","Maroon 5;Wiz Khalifa",2012-01-01,231173,89,true,316ye5nphj2c6qd5zczz6wspr4te,2026-01-24T07:23:36Z,"pop","Interscope Records*",0.743,0.752,4,-4.813,1,0.0414,0.0188,0,0.287,0.545,110.015,4
spotify:track:1zi7xx7UVEFkmKfv06H8x0,USCM51600028,"One Dance","Views","Drake;Wizkid;Kyla",2016-05-06,173986,92,false,316ye5nphj2c6qd5zczz6wspr4te,2026-01-24T07:26:46Z,"rap,afrobeats,afrobeat,afropop,azonto,afroswing,r&b afro,afropiano,jersey club","Cash Money Records/Young Money Ent./Universal Rec.",0.792,0.625,1,-5.609,1,0.0536,0.00776,0.0018,0.329,0.37,103.967,4
spotify:track:0VjIjW4GlUZAMYd2vXMi3b,USUG11904206,"Blinding Lights","After Hours","The Weeknd",2020-03-20,200040,91,false,316ye5nphj2c6qd5zczz6wspr4te,2026-01-24T07:31:58Z,"","Republic Records",0.513,0.73,1,-5.94,1,0.0598,0.00143,0.0000954,0.0897,0.334,171.001,4
spotify:track:5SkRLpaGtvYPhw02vZhQQ9,USDJ20301703,"All Falls Down","The College Dropout","Kanye West;Syleena Johnson",2004-02-10,223506,85,true,316ye5nphj2c6qd5zczz6wspr4te,2026-01-24T07:46:06Z,"rap,neo soul","Roc-A-Fella",0.657,0.734,8,-4.832,0,0.484,0.149,0,0.139,0.434,91.03,4
spotify:track:3GCdLUSnKSMJhs4Tj6CV3s,USUM71713947,"All The Stars (with SZA) - From ""Black Panther: The Album""","Black Panther The Album Music From And Inspired By","Kendrick Lamar;SZA",2018-02-09,232186,90,true,316ye5nphj2c6qd5zczz6wspr4te,2026-01-24T07:49:46Z,"hip hop,west coast hip hop,r&b","Black Panther (TDE/DMG) PS",0.695,0.633,8,-4.946,1,0.0599,0.0612,0.000195,0.0926,0.557,96.782,4
spotify:track:74jMwg2zsFMICzW3Wems6h,USSM10212636,"Bump, Bump, Bump (feat. P. Diddy)","Greatest Hits","B2K;Diddy",2004,282533,58,false,316ye5nphj2c6qd5zczz6wspr4te,2026-01-25T03:13:32Z,"hip hop,east coast hip hop","Sony Urban/Epic",0.833,0.681,1,-6.028,0,0.215,0.0956,0,0.0414,0.887,95.48,4
spotify:track:0Z2J91b2iTGLVTZC4fKgxf,USUG10801475,"Hit 'Em Up - Single Version","Greatest Hits","2Pac;Outlawz",1998-01-01,312626,84,true,316ye5nphj2c6qd5zczz6wspr4te,2026-01-25T03:15:52Z,"hip hop old school,gangster rap,west coast hip hop,g-funk,hip hop","2Pac Greatest Hits",0.916,0.844,7,-3.967,1,0.236,0.0394,0,0.0778,0.586,95.19,4
spotify:track:6b8Be6ljOzmkOmFslEb23P,USAT21602944,"24K Magic","24K Magic","Bruno Mars",2016-11-18,225983,86,false,316ye5nphj2c6qd5zczz6wspr4te,2026-01-27T23:24:31Z,"","Atlantic Records",0.818,0.803,1,-4.282,1,0.0797,0.034,0,0.153,0.632,106.97,4
spotify:track:5XXRWfxxyvZ7Bhy4yHzE7g,BXW922600001,"ISSO AQUI É BRASIL","COLAPSO GLOBAL","Teto;WIU;Deekapz",2026-01-27,138022,50,true,316ye5nphj2c6qd5zczz6wspr4te,2026-01-28T00:02:13Z,"trap brasileiro,trap,trap funk,hip hop brasileiro","30PRAUM",0.818,0.872,2,-4.16,1,0.111,0.185,0.0000369,0.0922,0.618,133.964,4
spotify:track:50uHG6oDyUrgj7PDaNu1XE,BXW922600003,"MEDICINA","COLAPSO GLOBAL","Teto;WIU",2026-01-27,131000,63,true,316ye5nphj2c6qd5zczz6wspr4te,2026-01-28T00:02:13Z,"trap brasileiro,trap,trap funk,hip hop brasileiro","30PRAUM",0.673,0.847,7,-2.968,0,0.0406,0.0878,0,0.102,0.124,120.002,4
spotify:track:1F8otYan1tFvKrqliJp6TP,BXW922600009,"REF","COLAPSO GLOBAL","Teto;WIU",2026-01-27,219049,53,true,316ye5nphj2c6qd5zczz6wspr4te,2026-01-28T00:02:13Z,"trap brasileiro,trap,trap funk,hip hop brasileiro","30PRAUM",0.677,0.801,6,-3.129,0,0.0329,0.0175,0,0.467,0.224,139.921,4
spotify:track:7bzfT98m8HzVhzcD3CEu50,BXW922600021,"LENTO","COLAPSO GLOBAL","Teto;WIU",2026-01-27,195000,52,true,316ye5nphj2c6qd5zczz6wspr4te,2026-01-28T00:02:13Z,"trap brasileiro,trap,trap funk,hip hop brasileiro","30PRAUM",0.769,0.66,3,-4.94,0,0.0524,0.158,0,0.192,0.56,139.993,4
spotify:track:0qotc7S3TQU4uLtnfTrM3w,BXW922600017,"FACECARD","COLAPSO GLOBAL","Teto;WIU;Yuri Redicopa",2026-01-27,199685,54,true,316ye5nphj2c6qd5zczz6wspr4te,2026-01-28T00:02:13Z,"trap brasileiro,trap,trap funk,hip hop brasileiro,funk brasileiro,funk bruxaria","30PRAUM",0.9,0.795,1,-3.651,0,0.145,0.0273,0.0000028,0.517,0.556,125.042,4
spotify:track:2DHyFnPSPcyJt8KZJ4A4nR,BXW922600011,"MONALISA","COLAPSO GLOBAL","Teto;WIU",2026-01-27,200062,60,true,316ye5nphj2c6qd5zczz6wspr4te,2026-01-28T00:02:13Z,"trap brasileiro,trap,trap funk,hip hop brasileiro","30PRAUM",0.554,0.444,2,-8.472,0,0.191,0.616,0,0.167,0.258,79.55,4
spotify:track:1JZDwJgE9VSC0V2GR66z63,BKUNW2500017,"SET DO JAPA NK 2.0","SET DO JAPA NK 2.0","DJ Japa NK;MC Ryan SP;MC Meno K;Mc IG;MC LUUKY;Mc Jacaré;Mc Rodrigo do CN;MC GH do 7;Mc Lele JP;MC Jvila;Oruam",2025-11-20,518783,78,true,316ye5nphj2c6qd5zczz6wspr4te,2026-01-29T17:03:40Z,"funk brasileiro,trap funk,funk consciente,funk carioca,funk de bh,trap brasileiro,trap","Bololo Records",0.907,0.586,6,-4.773,0,0.14,0.317,0,0.122,0.604,129.905,4
spotify:track:61BxiY7A9V9FC2IL7llA76,BCY5N2200008,"Ritmo de Copa","Ritmo de Copa","Senndy;Ryu, The Runner;Emitê Único;Frost;Salve Crazy",2022-12-02,158400,44,true,316ye5nphj2c6qd5zczz6wspr4te,2026-01-30T17:54:42Z,"trap brasileiro,trap,trap funk,hip hop brasileiro","Salve Crazy REC",0.765,0.759,4,-10.071,0,0.275,0.371,0,0.358,0.695,100.066,4
spotify:track:2GHKo6nrSjruvBEQbzD7Fw,USAT22506317,"Tiramisu","OCTANE","Don Toliver",2026-01-30,138947,81,true,316ye5nphj2c6qd5zczz6wspr4te,2026-01-30T21:37:30Z,"","CactusJack/Donnway/ATL",0.808,0.706,11,-5.749,0,0.0393,0.0473,0.00000822,0.129,0.334,133.021,4
spotify:track:0FlcmZ13DGRmscCroro9GO,USAT22600118,"Body","OCTANE","Don Toliver",2026-01-30,155753,84,true,316ye5nphj2c6qd5zczz6wspr4te,2026-01-30T21:38:07Z,"","CactusJack/Donnway/ATL",0.828,0.479,8,-3.688,1,0.0734,0.222,0,0.159,0.696,145.944,4
spotify:track:7H5CsjEafNygkvcm69RevN,US38Y2503226,"COLD","RENT'S DUE (DELUXE)","Nemzzz",2025-03-31,143661,72,true,316ye5nphj2c6qd5zczz6wspr4te,2026-01-31T22:58:01Z,"drill reino unido,drill","Nemzzz",0.769,0.849,10,-7.313,0,0.107,0.141,0,0.143,0.617,141.986,4
spotify:track:23J0wflr0iQIRjmZjdJNZ2,BKSUV2400064,"Figura Pública","Figura Pública","Veigh;Supernova Ent;Nemzzz",2024-11-21,132415,52,true,316ye5nphj2c6qd5zczz6wspr4te,2026-01-31T22:58:26Z,"trap brasileiro,trap funk,trap,hip hop brasileiro,drill reino unido,drill","Supernova Entertainment",0.784,0.564,0,-8.804,0,0.333,0.42,0,0.117,0.694,144.935,4
spotify:track:5TxRUOsGeWeRl3xOML59Ai,USQX91901168,"ARE WE STILL FRIENDS?","IGOR","Tyler, The Creator",2019-05-17,265480,83,true,316ye5nphj2c6qd5zczz6wspr4te,2026-02-01T22:08:03Z,"","Columbia",0.216,0.497,10,-8.025,1,0.0371,0.128,0.00000239,0.111,0.313,187.308,3
spotify:track:6kaWah1Acn1dtNjAy6sm1p,BCGWP2500085,"Diário de um Cafajeste","Diário de um Cafajeste","DJ Oreia;Mc Lele JP;MC Meno K;MC Ryan SP;MC Tuto;Mc Negão Original",2025-11-06,357120,83,true,316ye5nphj2c6qd5zczz6wspr4te,2026-02-03T20:08:44Z,"funk brasileiro,funk consciente,trap funk,funk carioca","GRINGOS WORLD PRODUTORA",0.721,0.521,5,-6.149,0,0.653,0.217,0.00541,0.0847,0.831,125.019,4
spotify:track:3tFed7YsjGnIfxeLEQwx3R,USQX92405790,"Sticky (feat. GloRilla, Sexyy Red & Lil Wayne)","CHROMAKOPIA","Tyler, The Creator;GloRilla;Sexyy Red;Lil Wayne",2024-10-28,255915,79,true,316ye5nphj2c6qd5zczz6wspr4te,2026-02-01T22:09:13Z,"rap,hip hop","Columbia",0.505,0.812,1,-3.986,1,0.461,0.285,0,0.444,0.664,80.09,4
spotify:track:1hz7SRTGUNAtIQ46qiNv2p,USQX91901118,"GONE, GONE / THANK YOU","IGOR","Tyler, The Creator",2019-05-17,375386,74,true,316ye5nphj2c6qd5zczz6wspr4te,2026-02-01T22:09:45Z,"","Columbia",0.518,0.492,10,-8.436,0,0.193,0.216,0.0012,0.146,0.471,78.848,4
spotify:track:63Pi2NAx5yCgeLhCTOrEou,GBJPX0500001,"Headlock","Speak for Yourself (Deluxe Version)","Imogen Heap",2005,215338,84,false,316ye5nphj2c6qd5zczz6wspr4te,2026-02-03T18:59:16Z,"","Megaphonic",0.808,0.372,7,-10.759,0,0.0364,0.792,0,0.119,0.787,119.982,4
spotify:track:55h7vJchibLdUkxdlX3fK7,USAT21206909,"Treasure","Unorthodox Jukebox","Bruno Mars",2012-12-07,178560,84,true,316ye5nphj2c6qd5zczz6wspr4te,2026-02-03T19:02:07Z,"","Atlantic Records",0.874,0.692,5,-5.28,0,0.0431,0.0412,0.0000724,0.324,0.937,116.017,4
spotify:track:6jxE4XjFVSKF18kfo7FCl9,BCM9A2200006,"Iphone Branco","Iphone Branco","Borges;L3OZIN;Mainstreet",2022-02-09,137142,61,true,316ye5nphj2c6qd5zczz6wspr4te,2026-02-03T20:10:55Z,"trap brasileiro,trap,trap funk,hip hop brasileiro","Mainstreet",0.929,0.561,0,-6.686,1,0.403,0.0907,0,0.188,0.708,139.958,4
spotify:track:22AqAmjVSbI5s7pCz7OKCe,BRWMB2400288,"Olá, Moça","Olá, Moça","Mc IG;Veigh;Toledo;Bvga Beatz;Galdino;Honaiser",2024-03-20,164138,47,false,316ye5nphj2c6qd5zczz6wspr4te,2026-02-04T00:01:37Z,"funk brasileiro,trap funk,funk consciente,trap brasileiro,trap,hip hop brasileiro","WM Brazil",0.675,0.588,3,-5.106,0,0.344,0.563,0,0.142,0.693,129.768,4
spotify:track:0WSEq9Ko4kFPt8yo3ICd6T,USUM72116287,"Praise God","Donda","Kanye West",2021-08-29,226652,74,false,316ye5nphj2c6qd5zczz6wspr4te,2026-02-04T00:02:49Z,"rap","Rock The World/IDJ/Kanye LP7",0.798,0.545,1,-6.466,1,0.168,0.00904,0.0000948,0.258,0.212,118.029,4
spotify:track:2dxjKgT0li4qBI3QwuN9Ih,USUM70502527,"Touch The Sky","Late Registration","Kanye West;Lupe Fiasco",2005-08-30,236600,79,true,316ye5nphj2c6qd5zczz6wspr4te,2026-02-04T00:04:47Z,"rap","Roc-A-Fella",0.552,0.846,9,-4.912,1,0.342,0.0114,0,0.309,0.554,98.56,1
spotify:track:4tgLMOHoZlWRmEMclryt6T,BK7652600018,"Gangstar","Gangstar","Oruam;Chefin;Salvador Da Rima;Real Fuba;Elow;Kabeh;Vertigo;NovaChance",2026-02-06,291000,71,true,316ye5nphj2c6qd5zczz6wspr4te,2026-02-06T19:30:41Z,"trap funk,trap brasileiro,funk brasileiro,trap,hip hop brasileiro,funk consciente,boom bap","MSTT Records",0.822,0.483,5,-7.841,1,0.128,0.0629,0.00000724,0.0893,0.435,159.913,4
spotify:track:5uz5v1hRZLjNGatcPtOWUv,QZES62549912,"LV Sandals","Rebel","EsDeeKid;fakemink;Rico Ace",2025-06-20,111157,81,true,316ye5nphj2c6qd5zczz6wspr4te,2026-02-09T02:16:43Z,"cloud rap","Lizzy Records",0.729,0.581,2,-4.707,1,0.324,0.0318,0.0419,0.304,0.412,189.898,4
spotify:track:2SAqBLGA283SUiwJ3xOUVI,USUG12001748,"Laugh Now Cry Later (feat. Lil Durk)","Laugh Now Cry Later (feat. Lil Durk)","Drake;Lil Durk",2020-08-14,261492,80,true,316ye5nphj2c6qd5zczz6wspr4te,2026-02-10T23:41:52Z,"rap,drill de chicago,drill","OVO",0.761,0.518,0,-8.871,1,0.134,0.244,0.0000347,0.107,0.522,133.976,4
spotify:track:5yY9lUy8nbvjM1Uyo1Uqoc,USSM11914962,"Life Is Good (feat. Drake)","Life Is Good (feat. Drake)","Future;Drake",2020-01-10,237735,73,true,316ye5nphj2c6qd5zczz6wspr4te,2026-02-10T23:42:19Z,"rap,trap","Epic/Freebandz",0.676,0.609,2,-5.831,0,0.481,0.0706,0,0.152,0.508,142.037,4
spotify:track:6wsqVwoiVH2kde4k4KKAFU,USSM12305012,"I KNOW ?","UTOPIA","Travis Scott",2023-07-28,211582,80,true,316ye5nphj2c6qd5zczz6wspr4te,2026-02-10T23:55:09Z,"rap","Cactus Jack/Epic",0.927,0.619,5,-4.441,0,0.0539,0.0186,0,0.104,0.817,117.995,4
spotify:track:6xRWoYwfwIKnT8bQGzKbxR,USUM71922073,"God Is","JESUS IS KING","Kanye West",2019-10-25,203141,75,false,316ye5nphj2c6qd5zczz6wspr4te,2026-02-14T13:00:18Z,"rap","Getting Out Our Dreams II / Def Jam Recordings",0.656,0.637,1,-3.867,1,0.0256,0.34,0,0.187,0.267,105.037,4
spotify:track:6vWEAOUSxohKxhp0K1BsxL,QMCE31902201,"Mixed Personalities (feat. Kanye West)","We All Shine","YNW Melly;Kanye West",2019-01-18,230400,71,true,316ye5nphj2c6qd5zczz6wspr4te,2026-02-14T23:59:28Z,"rap melódico,rap","P2019",0.661,0.44,2,-9.104,1,0.0803,0.457,0,0.128,0.352,149.937,4
spotify:track:3Q4gttWQ6hxqWOa3tHoTNi,USUG12001725,"Not You Too (feat. Chris Brown)","Dark Lane Demo Tapes","Drake;Chris Brown",2020-05-01,269680,83,true,316ye5nphj2c6qd5zczz6wspr4te,2026-02-16T15:56:35Z,"rap,r&b","OVO",0.458,0.452,9,-9.299,0,0.047,0.342,0.0000194,0.0703,0.316,86.318,4
spotify:track:40iJIUlhi6renaREYGeIDS,USUG12104402,"Fair Trade (with Travis Scott)","Certified Lover Boy","Drake;Travis Scott",2021-09-03,291175,82,true,316ye5nphj2c6qd5zczz6wspr4te,2026-02-16T15:56:49Z,"rap","OVO",0.666,0.465,1,-8.545,1,0.26,0.0503,0,0.215,0.292,167.937,4
spotify:track:5H4mXWKcicuLKDn4Jy0sK7,USUG12001728,"Time Flies","Dark Lane Demo Tapes","Drake",2020-05-01,192931,77,true,316ye5nphj2c6qd5zczz6wspr4te,2026-02-16T15:56:53Z,"rap","OVO",0.864,0.477,10,-5.786,1,0.224,0.201,0,0.182,0.5,86.46,4
spotify:track:127QTOFJsJQp5LbJbu3A1y,USUG12001281,"Toosie Slide","Toosie Slide","Drake",2020-04-03,247058,72,true,316ye5nphj2c6qd5zczz6wspr4te,2026-02-16T15:57:15Z,"rap","OVO",0.834,0.454,1,-9.75,0,0.201,0.321,0.00000615,0.114,0.837,81.618,4
spotify:track:2CGNAOSuO1MEFCbBRgUzjd,USUG12408496,"luther (with sza)","GNX","Kendrick Lamar;SZA",2024-11-21,177598,85,false,316ye5nphj2c6qd5zczz6wspr4te,2026-02-16T15:59:30Z,"hip hop,west coast hip hop,r&b","pgLang, under exclusive license to Interscope Records",0.707,0.575,2,-7.546,1,0.125,0.251,0,0.248,0.576,138.008,4
spotify:track:0aB0v4027ukVziUGwVGYpG,USUG12408493,"tv off (feat. lefty gunplay)","GNX","Kendrick Lamar;Lefty Gunplay",2024-11-22,220690,84,true,316ye5nphj2c6qd5zczz6wspr4te,2026-02-16T15:59:34Z,"hip hop,west coast hip hop,hip hop mexicano","pgLang, under exclusive license to Interscope Records",0.855,0.529,6,-6.679,0,0.263,0.0837,0,0.423,0.548,100.036,4
spotify:track:0QIjsbm2fh1cJ45XO9eGqq,USAT21811087,"Wake Up in the Sky","Wake Up in the Sky","Gucci Mane;Bruno Mars;Kodak Black",2018-09-14,204664,74,true,316ye5nphj2c6qd5zczz6wspr4te,2026-02-17T03:46:17Z,"southern hip hop,rap,trap","Guwop Enterprises/Atlantic",0.8,0.578,4,-5.144,0,0.0485,0.00381,0,0.359,0.367,143.01,4
spotify:track:0nj9Bq5sHDiTxSHunhgkFb,USUG12408494,"squabble up","GNX","Kendrick Lamar",2024-11-22,157992,79,true,316ye5nphj2c6qd5zczz6wspr4te,2026-02-17T21:13:20Z,"hip hop,west coast hip hop","pgLang, under exclusive license to Interscope Records",0.874,0.672,0,-5.568,1,0.198,0.0206,0,0.0783,0.711,103.921,4
spotify:track:4kqz2VSAmiLm06X90jmktL,BX4IU2515677,"Semi Nua","Semi Nua","MC GP;MC Meno K;Aaron Modesto;MC RN do Capão;DU'L;MC Rick;DJ Guh Mix;Marquinho no Beat;MC Ryan SP;Mc Negão Original",2025-08-08,548571,10,true,316ye5nphj2c6qd5zczz6wspr4te,2026-02-18T02:19:09Z,"funk brasileiro,funk consciente,trap funk,funk carioca,funk de bh,trap brasileiro,trap","Black Sound Music",0.53,0.671,3,-4.037,0,0.369,0.733,0,0.228,0.74,91.006,3
spotify:track:3bpNcH1SCEMn6zuynZGY5e,BCM9A2500005,"Fashion","Mixtape Chiró","Orochi;TkN;RUXN;Kizzy;ProdSmile",2025-02-28,213284,71,false,316ye5nphj2c6qd5zczz6wspr4te,2026-02-18T02:20:32Z,"trap brasileiro,hip hop brasileiro,trap funk,trap","Mainstreet Records",0.582,0.472,7,-8.188,0,0.0817,0.319,0,0.144,0.146,136.794,4
spotify:track:5Gt9bxniM1SxN61yRzRhXL,USUM72208961,"United In Grief","Mr. Morale & The Big Steppers","Kendrick Lamar",2022-05-13,255377,77,true,316ye5nphj2c6qd5zczz6wspr4te,2026-02-23T22:22:43Z,"hip hop,west coast hip hop","pgLang/Top Dawg Entertainment/Aftermath/Interscope Records",0.529,0.845,8,-8.142,1,0.404,0.244,0,0.143,0.331,85.63,3
spotify:track:3DK6m7It6Pw857FcQftMds,USUM71027402,"Runaway","My Beautiful Dark Twisted Fantasy","Kanye West;Pusha T",2010-11-22,547733,86,true,316ye5nphj2c6qd5zczz6wspr4te,2026-02-25T11:27:53Z,"rap","Roc-A-Fella",0.374,0.568,1,-3.825,0,0.109,0.219,0.00219,0.513,0.111,84.733,4
spotify:track:5jXXQY6LLlEtEWMDL6XcaP,BCGWP2500029,"Chatão","Chatão","Mc Lele JP;DJ Oreia;Mc DR;Gubeatz;Mc Negão Original;MC Ryan SP",2025-08-07,314880,15,false,316ye5nphj2c6qd5zczz6wspr4te,2026-02-25T12:12:59Z,"funk brasileiro,funk consciente,trap funk","GRINGOS WORLD PRODUTORA",0.511,0.484,11,-10.559,0,0.147,0.259,0.00119,0.132,0.811,82.822,5
spotify:track:173oBdI5W1ucG1MUdAMsor,BXY8J2500001,"Cartier Santos Dumont","Cartier Santos Dumont","Febre90s;SonoTWS;pumapjl",2025-02-21,144878,66,true,316ye5nphj2c6qd5zczz6wspr4te,2026-02-26T21:56:43Z,"boom bap,hip hop brasileiro","Tired Of People",0.521,0.824,4,-5.575,0,0.238,0.206,0,0.37,0.905,81.836,4
spotify:track:6u7Z4HEvyBO8r0wWhgFEho,US7VG1615973,"Vilã","Conteúdo Explícito, Pt. 1","Cacife Clandestino;Felp 22;TerrorDosBeats;Luccas Carlos",2016-02-29,198805,68,true,316ye5nphj2c6qd5zczz6wspr4te,2026-03-07T22:58:49Z,"hip hop brasileiro,boom bap,trap brasileiro,pop nacional","Medellin Records",0.575,0.541,8,-9.172,0,0.101,0.46,0.000637,0.165,0.488,134.082,4
spotify:track:020De83tFmcTrgEpzdUCNS,BCGWP2500035,"Vai Tomando Pock Pock","Chatão","Mc Lele JP;MC Leozinho ZS;MC GH Original;MC Menor ZL;DJ GORDINHO DA VF;MC Meno K;MC PR",2025-08-07,335999,19,true,316ye5nphj2c6qd5zczz6wspr4te,2026-03-07T22:59:48Z,"funk brasileiro,funk consciente,trap funk,funk carioca,phonk,brega funk,phonk brasileiro","GRINGOS WORLD PRODUTORA",0.911,0.612,4,-2.79,0,0.0829,0.176,0.000142,0.103,0.515,130.115,4
spotify:track:7yNf9YjeO5JXUE3JEBgnYc,USQX91802457,"Babydoll","Don't Forget About Me, Demos","Dominic Fike",2018-10-16,97960,96,false,316ye5nphj2c6qd5zczz6wspr4te,2026-03-08T02:25:22Z,"","Columbia",0.762,0.604,7,-5.296,0,0.11,0.114,0,0.0271,0.847,168.007,4
spotify:track:1BpKJw4RZxaFB88NE5uxXf,USUM72024701,"ILoveUIHateU","Whole Lotta Red","Playboi Carti",2020-12-25,135122,77,true,316ye5nphj2c6qd5zczz6wspr4te,2026-03-08T18:48:46Z,"rage rap","AWGE/Interscope Records",0.684,0.693,4,-6.651,0,0.0339,0.00534,0,0.506,0.108,134.988,4
spotify:track:4rezds0Va7LDCDH3gvlf2b,BRRGE2600210,"POTÊNCIA","POTÊNCIA","Ryu, The Runner;Emitê Único;Neckklace;C4rlinhxs",2026-03-10,158868,49,true,316ye5nphj2c6qd5zczz6wspr4te,2026-03-12T00:23:27Z,"trap brasileiro,trap,trap funk,hip hop brasileiro","Som Livre",0.882,0.57,10,-5.905,0,0.234,0.00155,0,0.246,0.368,148.037,4
spotify:track:5Ryu0SlsYjKh78RkJUONFr,USUG12001712,"Flex Up (feat. Future & Playboi Carti)","Lil Boat 3.5","Lil Yachty;Future;Playboi Carti",2020-11-27,170858,72,true,316ye5nphj2c6qd5zczz6wspr4te,2026-03-13T09:39:52Z,"rap,trap,rage rap","Quality Control Music/Motown Records",0.829,0.667,9,-5.366,1,0.166,0.000523,0.000521,0.048,0.545,160.082,4
spotify:track:4nb3CQL9GgnNHd9sLqiKZe,CA5KR2544057,"has to be u","has to be u","Leviano;Thiago Sub",2025-07-21,110866,61,true,316ye5nphj2c6qd5zczz6wspr4te,2026-03-18T11:33:17Z,"trap brasileiro,trap,trap funk,hip hop brasileiro","Isekai Records",0.819,0.5,10,-5.843,0,0.159,0.0691,0,0.0917,0.311,140.036,4
spotify:track:6hdttnSKaHJHAb4ohCl19b,BXW922600023,"WARZONE","WARZONE","Brandão85",2026-03-30,166285,50,false,316ye5nphj2c6qd5zczz6wspr4te,2026-03-31T00:05:12Z,"trap brasileiro,trap","30PRAUM",0.709,0.771,9,-2.461,1,0.257,0.0573,0.00000468,0.297,0.713,139.741,4
spotify:track:3I0FBDc1c1BLNtXWKVjmFg,USUM71601674,"untitled 02 | 06.23.2014.","untitled unmastered.","Kendrick Lamar",2016-03-04,258826,63,true,316ye5nphj2c6qd5zczz6wspr4te,2026-04-02T01:29:52Z,"hip hop,west coast hip hop","Aftermath",0.667,0.508,5,-10.337,1,0.451,0.341,0,0.644,0.093,89.436,3
spotify:track:3qX1dqmDdmMvvfMVfsx4Bh,USUM71210784,"m.A.A.d city","good kid, m.A.A.d city (Deluxe)","Kendrick Lamar;MC Eiht",2012-10-22,350120,66,true,316ye5nphj2c6qd5zczz6wspr4te,2026-04-02T01:30:01Z,"hip hop,west coast hip hop,g-funk,gangster rap","Aftermath",0.487,0.729,2,-6.815,1,0.271,0.0538,0.00000409,0.44,0.217,91.066,4
spotify:track:6BU1RZexmvJcBjgagVVt3M,USUM72208980,"Count Me Out","Mr. Morale & The Big Steppers","Kendrick Lamar",2022-05-13,283642,76,true,316ye5nphj2c6qd5zczz6wspr4te,2026-04-02T01:31:22Z,"hip hop,west coast hip hop","pgLang/Top Dawg Entertainment/Aftermath/Interscope Records",0.776,0.431,4,-7.544,0,0.091,0.671,0,0.153,0.495,133.999,4
spotify:track:1zayuwd1YLZsYDArkruHdL,TCACZ1756345,"The Heart Part 4","The Heart Part 4","Kendrick Lamar",2017-03-24,288554,50,true,316ye5nphj2c6qd5zczz6wspr4te,2026-04-02T01:31:52Z,"hip hop,west coast hip hop","Top Dawg Entertainment",0.669,0.434,9,-15.218,0,0.714,0.501,0.000125,0.271,0.55,129.326,4
spotify:track:1SGvjfc85yzqKXsfKcCxn2,USUG12408502,"heart pt. 6","GNX","Kendrick Lamar",2024-11-22,292461,71,true,316ye5nphj2c6qd5zczz6wspr4te,2026-04-02T01:31:56Z,"hip hop,west coast hip hop","pgLang, under exclusive license to Interscope Records",0.704,0.647,9,-7.664,1,0.325,0.27,0,0.109,0.585,80.998,4
spotify:track:5wG3HvLhF6Y5KTGlK0IW3J,USUG12208787,"Trance (with Travis Scott & Young Thug)","HEROES & VILLAINS","Metro Boomin;Travis Scott;Young Thug",2022-12-02,194786,83,true,316ye5nphj2c6qd5zczz6wspr4te,2026-04-07T09:17:19Z,"rap,rap melódico,trap","Republic Records",0.765,0.552,1,-7.524,0,0.309,0.175,0,0.193,0.492,119.476,4
spotify:track:6yMwEg04MIcrJpcokK75yI,BRRGE2600231,"PRÊMIO MULTISHOW","PRÊMIO MULTISHOW","Ryu, The Runner;Neckklace;SMOKEFUSION",2026-04-07,124662,44,true,316ye5nphj2c6qd5zczz6wspr4te,2026-04-08T00:16:22Z,"trap brasileiro,trap,trap funk,hip hop brasileiro","Som Livre",0.918,0.844,1,-2.118,1,0.111,0.01,0,0.0625,0.692,149.934,4
spotify:track:3B4cjvGlPvyBLNG3AzEgkZ,USAT22600117,"E85","OCTANE","Don Toliver",2026-01-30,153181,88,true,316ye5nphj2c6qd5zczz6wspr4te,2026-04-08T01:02:42Z,"","CactusJack/Donnway/ATL",0.556,0.714,11,-4.43,0,0.0418,0.0463,0,0.822,0.332,131.992,4
spotify:track:5pfn68duSmBKo4FhYknOms,QZQAY2638915,"FATHER (feat. Travis Scott)","BULLY","Kanye West;Ye;Travis Scott",2026-03-28,169330,76,true,316ye5nphj2c6qd5zczz6wspr4te,2026-04-08T02:14:13Z,"rap","YZY/gamma.",0.742,0.543,11,-7.71,0,0.102,0.462,0.0000244,0.136,0.0387,107.037,4
spotify:track:0j2T0R9dR9qdJYsB7ciXhf,USUM70741299,"Stronger","Graduation","Kanye West",2007-09-11,311866,86,true,316ye5nphj2c6qd5zczz6wspr4te,2026-04-08T02:19:28Z,"rap","Roc-A-Fella",0.617,0.716,1,-7.858,1,0.136,0.0056,0,0.408,0.496,104.014,4
spotify:track:2gZUPNdnz5Y45eiGxpHGSc,USUM71018220,"POWER","My Beautiful Dark Twisted Fantasy","Kanye West",2010-11-22,292093,83,true,316ye5nphj2c6qd5zczz6wspr4te,2026-04-08T02:32:06Z,"rap","Roc-A-Fella",0.542,0.914,0,-4.747,0,0.113,0.0161,0,0.744,0.576,153.993,4
spotify:track:2mNGL7mZILSqZHxGboJaO9,USUM72508238,"COMË N GO","DANGEROUS SUMMER","Yeat",2025-08-01,198620,82,true,316ye5nphj2c6qd5zczz6wspr4te,2026-04-08T02:34:59Z,"rage rap","Lyfestyle Corporation/Field Trip Recordings/Capitol Records",0.898,0.587,9,-5.704,0,0.054,0.0622,0.0000993,0.145,0.301,145.022,4
spotify:track:4KW1lqgSr8TKrvBII0Brf8,USUM71603067,"Father Stretch My Hands Pt. 1","The Life Of Pablo","Kanye West",2016-06-10,135920,82,true,316ye5nphj2c6qd5zczz6wspr4te,2026-04-09T00:31:35Z,"rap","Rock The World/IDJ/Kanye LP7",0.724,0.573,7,-4.113,1,0.0549,0.118,0,0.538,0.438,113.088,4
spotify:track:1Z2FvDFZSDQ23s4BDqpWqZ,USUM71210783,"Sing About Me, I'm Dying Of Thirst","good kid, m.A.A.d city (Deluxe)","Kendrick Lamar",2012-10-22,723573,61,true,316ye5nphj2c6qd5zczz6wspr4te,2026-04-09T23:55:11Z,"hip hop,west coast hip hop","Aftermath",0.654,0.753,8,-7.556,0,0.398,0.303,0.0000825,0.13,0.371,110.699,5
spotify:track:6FKC90hzVwca9nQeuVx9KG,QZNMY2242347,"Champagne","Dos Prédios","Veigh;Nagalli;Supernova Ent;Vulgo FK;Rocco",2022-11-18,134400,54,true,316ye5nphj2c6qd5zczz6wspr4te,2026-04-10T00:03:56Z,"trap brasileiro,trap funk,trap,hip hop brasileiro,funk brasileiro","Supernova Entertainment",0.52,0.472,11,-9.752,0,0.255,0.179,0,0.068,0.363,86.874,4
spotify:track:22bl3LPkCHQSBhCAdw8Jwk,BCGWP2600008,"Famoso Ímã | O poderoso chatão","Famoso Ímã | O poderoso chatão","Mc Lele JP;Mc Poze do Rodo;MC Leozinho ZS;DJ GORDINHO DA VF",2026-02-18,217845,84,false,316ye5nphj2c6qd5zczz6wspr4te,2026-04-10T00:48:00Z,"funk brasileiro,funk consciente,trap funk,trap brasileiro,trap,hip hop brasileiro","GRINGOS WORLD PRODUTORA",0.84,0.716,0,-1.429,1,0.259,0.52,0.00000768,0.205,0.578,129.945,4
spotify:track:6n9JMoXkXu4lDOu1k6MRpy,BCSOR2600026,"Reliquia do 2T","Reliquia do 2T","DJ Gu;MC Vine7;MC Tuto;MC Joãozinho VT;Mc Dkziin;MC Fr da Norte",2026-02-06,306000,82,true,316ye5nphj2c6qd5zczz6wspr4te,2026-04-10T00:48:04Z,"funk brasileiro,funk consciente,trap funk","Sonar Music",0.965,0.596,1,-5.867,1,0.106,0.359,0.0000363,0.0642,0.854,120.043,4
spotify:track:1Wsbr1d2BouNGk2q92mIj7,USUM71603069,"Pt. 2","The Life Of Pablo","Kanye West",2016-06-10,130293,65,true,316ye5nphj2c6qd5zczz6wspr4te,2026-04-10T00:56:02Z,"rap","Rock The World/IDJ/Kanye LP7",0.674,0.752,11,-4.073,1,0.333,0.552,0,0.787,0.236,145.076,4
spotify:track:2Ih217RCGAmyQR68Nn7Cqo,USPO10300102,"You Know How We Do It","Lethal Injection","Ice Cube",1993-12-07,232773,81,true,316ye5nphj2c6qd5zczz6wspr4te,2026-04-13T01:06:59Z,"hip hop old school,gangster rap,west coast hip hop,g-funk,hip hop","Priority Records",0.747,0.52,10,-10.523,0,0.0357,0.0977,0.0537,0.142,0.601,92.869,4
spotify:track:1JgkiUg9mSXSwcb5Gbi4Ur,USUM71804151,"Lean 4 Real (feat. Skepta)","Die Lit","Playboi Carti;Skepta",2018-05-11,177026,66,true,z2zvex1cllb34dps4t0bp2vnz,2026-04-13T03:29:38Z,"rage rap,grime,grime reino unido","AWGE Label",0.754,0.775,7,-5.077,1,0.066,0.0302,0,0.362,0.159,76.01,4
spotify:track:5SfpK7yor6hACw6zyXcEoZ,BXW6U2100007,"Melhor Dia 6 - Destino","Melhor Dia 6 - Destino","Marcos Baroni;Jovem Dex;Yunk Vino;Matuê;The Boy;Clovis Pinho;Wall Hein",2021-10-19,318000,49,true,316ye5nphj2c6qd5zczz6wspr4te,2026-04-14T01:54:56Z,"trap brasileiro,trap funk,trap,hip hop brasileiro,hip hop cristão","MARCOS BARONI",0.618,0.76,1,-4.743,1,0.288,0.0478,0,0.138,0.536,153.846,4
spotify:track:2gYkTN5ypXqSXkZluPX7LX,BXW922600025,"BENÇA","ISSO É TRAP VOL.2","Brandão85",2026-04-15,144000,55,true,316ye5nphj2c6qd5zczz6wspr4te,2026-04-16T00:00:32Z,"trap brasileiro,trap","30PRAUM",0.683,0.856,11,-3.026,1,0.0713,0.0331,0,0.271,0.134,139.96,4
spotify:track:22ooA7NojnvlE8hlIggR3O,BXW922600027,"OK","ISSO É TRAP VOL.2","Brandão85",2026-04-15,127894,51,true,316ye5nphj2c6qd5zczz6wspr4te,2026-04-16T00:00:32Z,"trap brasileiro,trap","30PRAUM",0.298,0.871,0,-3.069,0,0.0445,0.0245,0.0000458,0.173,0.561,152.039,4
spotify:track:7vascMPk3Eg2ETZKfGRaTK,BXW922600029,"PARIS","ISSO É TRAP VOL.2","Brandão85",2026-04-15,157974,48,true,316ye5nphj2c6qd5zczz6wspr4te,2026-04-16T00:00:32Z,"trap brasileiro,trap","30PRAUM",0.585,0.885,6,-2.25,0,0.0307,0.025,0,0.264,0.403,157.947,4
spotify:track:7G71juY1bt2tAVW7p4BWWL,BXW922600023,"WARZONE","ISSO É TRAP VOL.2","Brandão85",2026-04-15,166285,58,false,316ye5nphj2c6qd5zczz6wspr4te,2026-04-16T00:00:32Z,"trap brasileiro,trap","30PRAUM",0.709,0.771,9,-2.461,1,0.257,0.0573,0.00000468,0.297,0.713,139.741,4
spotify:track:7cLt8S1uKvo41gRyRaaivR,BXW922600033,"BLUNT DE GOIABA","ISSO É TRAP VOL.2","Brandão85",2026-04-15,125217,61,true,316ye5nphj2c6qd5zczz6wspr4te,2026-04-16T00:00:32Z,"trap brasileiro,trap","30PRAUM",0.731,0.751,10,-3.784,0,0.0652,0.272,0.00244,0.0958,0.619,138.015,4
spotify:track:43xpbgkf5auMZM0OgLRzrJ,BXW922600031,"JAQUETA BAPE","ISSO É TRAP VOL.2","Brandão85",2026-04-15,165034,53,true,316ye5nphj2c6qd5zczz6wspr4te,2026-04-16T00:00:32Z,"trap brasileiro,trap","30PRAUM",0.898,0.77,11,-2.192,0,0.113,0.0187,0,0.145,0.971,127.939,4
spotify:track:4yB4sT9WQDbtN6FESUljHx,BXW922600035,"MOOD","ISSO É TRAP VOL.2","Brandão85",2026-04-15,140624,49,true,316ye5nphj2c6qd5zczz6wspr4te,2026-04-16T00:00:32Z,"trap brasileiro,trap","30PRAUM",0.521,0.729,8,-4.653,1,0.036,0.00494,0.00794,0.17,0.04,78.511,4
spotify:track:2QfUokbybj9mgT2OmNxhk9,BXW922600037,"MILAGRE","ISSO É TRAP VOL.2","Brandão85",2026-04-15,211531,56,true,316ye5nphj2c6qd5zczz6wspr4te,2026-04-16T00:00:32Z,"trap brasileiro,trap","30PRAUM",0.644,0.807,2,-5.69,1,0.0293,0.0161,0.0000438,0.327,0.0512,118.019,4
spotify:track:0NHvltrWqtu39FG1a5tXV2,BXW922600039,"FÓRMULAS & MIRAGENS","ISSO É TRAP VOL.2","Brandão85",2026-04-15,199678,54,true,316ye5nphj2c6qd5zczz6wspr4te,2026-04-16T00:00:32Z,"trap brasileiro,trap","30PRAUM",0.716,0.818,2,-6.643,1,0.0466,0.01,0,0.192,0.209,125.014,4
spotify:track:6tku7hYTUK7PJr1KRUA0RI,BXW922600041,"BUG NA MATRIX","ISSO É TRAP VOL.2","Brandão85",2026-04-15,198857,59,true,316ye5nphj2c6qd5zczz6wspr4te,2026-04-16T00:00:32Z,"trap brasileiro,trap","30PRAUM",0.696,0.825,5,-4.854,0,0.242,0.561,0.0000987,0.403,0.72,140.103,4
spotify:track:2DDZ0RrrJMLaG3Tyf8hPgj,BXW922500111,"JAPONÊS","ISSO É TRAP VOL.2","Brandão85;Matuê",2026-04-15,192591,67,true,316ye5nphj2c6qd5zczz6wspr4te,2026-04-16T00:00:32Z,"trap brasileiro,trap,hip hop brasileiro,trap funk","30PRAUM",0.662,0.8,8,-4.271,0,0.0329,0.0211,0,0.195,0.42,144.089,4
spotify:track:5XSH38NeS4iafYXVIyTrJE,BXW922600044,"ROCKSTAR","ISSO É TRAP VOL.2","Brandão85;Desiree",2026-04-15,141732,54,true,316ye5nphj2c6qd5zczz6wspr4te,2026-04-16T00:00:32Z,"trap brasileiro,trap","30PRAUM",0.557,0.884,4,-3.396,1,0.0356,0.00813,0.000228,0.0923,0.454,126.966,4
spotify:track:3GYjiqSBK5rDKeowo2fzfF,BXW922600046,"DEPOIS DO SHOW","ISSO É TRAP VOL.2","Brandão85",2026-04-15,150857,53,true,316ye5nphj2c6qd5zczz6wspr4te,2026-04-16T00:00:32Z,"trap brasileiro,trap","30PRAUM",0.745,0.666,5,-3.554,1,0.0372,0.0544,0,0.113,0.149,139.969,4
spotify:track:4AAUPjDOqT9cM0zlkAdFt2,BXW922600048,"COMIGO MESMO","ISSO É TRAP VOL.2","Brandão85",2026-04-15,144304,53,true,316ye5nphj2c6qd5zczz6wspr4te,2026-04-16T00:00:32Z,"trap brasileiro,trap","30PRAUM",0.517,0.613,2,-4.809,1,0.0312,0.0141,0.0000229,0.144,0.0576,79.957,4
spotify:track:0uILfJuLX8Sgkrz9FfUswp,BKLVW2400019,"bala e fogo","bala e fogo","MC Cabelinho;Teto",2024-09-23,227552,49,true,316ye5nphj2c6qd5zczz6wspr4te,2026-04-17T02:51:07Z,"trap brasileiro,trap funk,trap,hip hop brasileiro,funk consciente","Bairro 13",0.718,0.839,10,-3.074,1,0.0536,0.339,0,0.195,0.733,153.983,4
spotify:track:5kuUOpHZlZjL8b7HXkxRsm,BXIV81600068,"Luxúria","Pecado Capital","Xamã;Bagua Records;Neo Beats;Matuê",2018-05-24,185310,72,false,316ye5nphj2c6qd5zczz6wspr4te,2026-04-18T19:12:37Z,"hip hop brasileiro,trap brasileiro,trap funk,trap,boom bap","Baguá Records",0.737,0.564,7,-8.293,1,0.316,0.301,0,0.0985,0.684,140.075,4
spotify:track:1pUMlAh6i3Zb1wiv5Xmj8c,QZNMY2242341,"Luxo No Morro","Dos Prédios","Veigh;Nagalli;Supernova Ent;A Jolly Child",2022-11-18,140800,53,true,316ye5nphj2c6qd5zczz6wspr4te,2026-04-18T20:46:35Z,"trap brasileiro,trap funk,trap,hip hop brasileiro","Supernova Entertainment",0.856,0.499,8,-8.823,0,0.289,0.113,0,0.0829,0.94,150.024,4
spotify:track:7nKqKSu0ID3VPZzZvK5A36,BXW922400133,"LAMBORGHINI","CEO","Brandão85",2024-10-23,197155,54,true,316ye5nphj2c6qd5zczz6wspr4te,2026-04-18T21:08:08Z,"trap brasileiro,trap","30PRAUM",0.691,0.811,11,-5.543,0,0.0353,0.0784,0.0578,0.17,0.416,139.997,4
spotify:track:73ohZqUr2gQbLsWowG5Bsr,BRRGE2600526,"FÉRIAS","ADULTO IDEAL VOL.2","Ryu, The Runner;6ee",2026-04-23,166893,52,true,316ye5nphj2c6qd5zczz6wspr4te,2026-04-24T17:47:17Z,"trap brasileiro,trap,trap funk,hip hop brasileiro","Som Livre",0.694,0.606,8,-2.637,1,0.0792,0.109,0,0.218,0.101,131.944,4
spotify:track:4RKxQ5vQxmpnoa9W3Z6dWq,BRRGE2600524,"RITMO HIPNÓTICO","ADULTO IDEAL VOL.2","Ryu, The Runner;Cassin;Neckklace;Nicholas Arashiro;C4rlinhxs",2026-04-23,145820,49,true,316ye5nphj2c6qd5zczz6wspr4te,2026-04-24T17:48:54Z,"trap brasileiro,trap,trap funk,hip hop brasileiro","Som Livre",0.869,0.756,8,-1.255,1,0.212,0.164,0,0.0707,0.722,158.021,4
spotify:track:7u8Q8yG0vFSYDUlHp9TloT,BRRGE2600210,"POTÊNCIA","ADULTO IDEAL VOL.2","Ryu, The Runner;Emitê Único;Neckklace;C4rlinhxs",2026-04-23,158868,50,true,316ye5nphj2c6qd5zczz6wspr4te,2026-04-24T18:01:01Z,"trap brasileiro,trap,trap funk,hip hop brasileiro","Som Livre",0.884,0.57,10,-5.905,0,0.24,0.00164,0,0.246,0.378,148.068,4
spotify:track:2fX3wDLDCk4qFyNbx9jbMJ,BRRGE2600532,"PERFUME ÁRABE","ADULTO IDEAL VOL.2","Ryu, The Runner;Tz da Coronel;Deluca",2026-04-23,164469,45,true,316ye5nphj2c6qd5zczz6wspr4te,2026-04-24T18:03:28Z,"trap brasileiro,trap,trap funk,hip hop brasileiro","Som Livre",0.713,0.613,5,-2.663,0,0.0747,0.0896,0,0.0905,0.334,142.953,4
spotify:track:2a4f6kBpgWkABlG6sYSz2R,BRRGE2600530,"MUN RÁ","ADULTO IDEAL VOL.2","Ryu, The Runner;LPT Zlatan;Neckklace;SMOKEFUSION",2026-04-23,128321,53,true,316ye5nphj2c6qd5zczz6wspr4te,2026-04-24T18:07:40Z,"trap brasileiro,trap,trap funk,hip hop brasileiro","Som Livre",0.759,0.767,1,-1.339,1,0.0511,0.0551,0,0.135,0.178,145.996,4
spotify:track:6QFCMUUq1T2Vf5sFUXcuQ7,USUM71205367,"Beauty And A Beat","Believe","Justin Bieber;Nicki Minaj",2012-01-01,227986,93,false,316ye5nphj2c6qd5zczz6wspr4te,2026-04-27T02:02:16Z,"","RBMG/Def Jam",0.601,0.843,0,-4.87,1,0.0593,0.000704,0.0000527,0.0681,0.534,128.002,4
spotify:track:57yu1WujridphAAkPgpkhC,USAT22505449,"Cannonball (feat. Don Toliver)","Cannonball (feat. Don Toliver)","Lithe;Don Toliver",2025-07-25,122568,68,true,316ye5nphj2c6qd5zczz6wspr4te,2026-04-27T02:19:36Z,"dark r&b","P2025",0.859,0.308,8,-7.829,1,0.0532,0.00625,0.0453,0.167,0.137,141.052,4
spotify:track:6fujklziTHa8uoM5OQSfIo,USUM71603293,"Black Beatles","SremmLife 2 (Deluxe)","Rae Sremmurd;Gucci Mane",2016-08-12,291893,87,true,316ye5nphj2c6qd5zczz6wspr4te,2026-04-30T00:29:02Z,"southern hip hop,rap,trap","Mike WiLL Made-It",0.794,0.632,0,-6.163,1,0.0649,0.142,0,0.128,0.355,145.926,4
spotify:track:29TPjc8wxfz4XMn21O7VsZ,USUM72024699,"Sky","Whole Lotta Red","Playboi Carti",2020-12-25,193234,80,true,316ye5nphj2c6qd5zczz6wspr4te,2026-04-30T17:29:12Z,"rage rap","AWGE/Interscope Records",0.785,0.903,2,-4.184,1,0.21,0.258,0,0.169,0.565,139.98,4
spotify:track:3yk7PJnryiJ8mAPqsrujzf,USUM71616271,"Location","Playboi Carti","Playboi Carti",2017-04-14,168783,80,true,316ye5nphj2c6qd5zczz6wspr4te,2026-04-30T17:29:23Z,"rage rap","AWGE Label",0.717,0.79,11,-4.213,1,0.2,0.33,0.000125,0.518,0.371,125.985,4
spotify:track:10FWJykEOpRlob3hKXFX8t,BK1YJ2600003,"SUPERMAN","VETIIIN & PSIIIKO","DESSIIIK;Leviano;Yoko;bwhatudoin",2026-03-20,134522,56,true,316ye5nphj2c6qd5zczz6wspr4te,2026-05-06T22:28:59Z,"trap brasileiro,trap,trap funk,hip hop brasileiro","DESSIIIK",0.809,0.49,1,-10.485,0,0.134,0.0035,0,0.123,0.428,157.015,4
spotify:track:4tP2kbroBcBmYk4IhbYwu5,BRWMB2600199,"Bola Uma Vela (Trava Chip)","Bola Uma Vela (Trava Chip)","MC Meno K;Dj Yuri Pedrada",2026-02-26,99692,76,false,316ye5nphj2c6qd5zczz6wspr4te,2026-05-06T22:44:02Z,"funk brasileiro,funk carioca,trap funk","WM Brazil",0.852,0.498,9,-5.008,1,0.266,0.564,0.00000489,0.338,0.931,129.77,4
spotify:track:4jvjzW7Hm0yK4LvvE0Paz9,USQX91802294,"Falling Down - Bonus Track","Come Over When You're Sober, Pt. 2","Lil Peep;XXXTENTACION",2018-11-09,196400,84,true,316ye5nphj2c6qd5zczz6wspr4te,2026-05-08T08:54:14Z,"rap emo,cloud rap","Columbia",0.669,0.574,4,-6.442,0,0.0286,0.0175,0.00294,0.146,0.273,120.013,4
spotify:track:4b7vk8SRcYgnxpk0JOIS7r,USSM12306316,"Drugs You Should Try It","DAYS BEFORE RODEO","Travis Scott",2014-08-18,208487,71,true,316ye5nphj2c6qd5zczz6wspr4te,2026-05-10T00:33:27Z,"rap","Cactus Jack/Epic",0.593,0.559,1,-8.104,0,0.0571,0.525,0.00133,0.121,0.0729,139.982,4
spotify:track:1097cG16gzkhlPgkUt6KA0,USSM12503071,"CHAMPAIN & VACAY","CHAMPAIN & VACAY","Travis Scott;Don Toliver",2025-07-11,184789,63,true,316ye5nphj2c6qd5zczz6wspr4te,2026-05-10T00:41:20Z,"rap","Cactus Jack / Epic",0.54,0.692,0,-5.894,0,0.217,0.208,0,0.219,0.236,145.226,4
spotify:track:2t8yVaLvJ0RenpXUIAC52d,QZ45A1700126,"a lot","i am > i was","21 Savage",2018-12-21,288624,82,true,316ye5nphj2c6qd5zczz6wspr4te,2026-05-10T01:08:28Z,"","Slaughter Gang, LLC/Epic Records",0.837,0.636,1,-7.643,1,0.086,0.0395,0.00125,0.342,0.274,145.972,4
spotify:track:57GsLpRtEtrzcPGPop20rS,USUG12505774,"What Did I Miss?","What Did I Miss?","Drake",2025-07-05,194324,74,true,316ye5nphj2c6qd5zczz6wspr4te,2026-05-10T01:13:26Z,"rap","OVO/Republic",0.753,0.802,0,-4.066,0,0.043,0.181,0,0.298,0.464,126.252,4
spotify:track:53N1AC81BMEfi6dINE70ae,BRWMB2600540,"Desembarque","Desembarque","Mc Negão Original;Vulgo FK;Yunk Vino;Aaron Modesto;Galdino;H4lfmeasures;Nagalli;Toledo",2026-05-06,225456,42,true,316ye5nphj2c6qd5zczz6wspr4te,2026-05-10T01:29:27Z,"funk brasileiro,trap funk,funk consciente,trap brasileiro,trap,hip hop brasileiro","WM Brazil",0.594,0.517,7,-4.494,1,0.325,0.759,0.000168,0.116,0.301,128.893,4
spotify:track:1qWVoisTdwoOsyG5w2nnEn,BXW922600055,"CAPONGA","CAPONGA","Brandão85",2026-05-19,132413,51,true,316ye5nphj2c6qd5zczz6wspr4te,2026-05-21T22:48:09Z,"trap brasileiro,trap","30PRAUM",0.6,0.733,0,-4.94,0,0.183,0.165,0,0.39,0.46,174.058,4
spotify:track:3cO49sNJHpzvO6QQIZxyip,BK7652600043,"X9","MALINO","Leviano;Brandão85",2026-05-22,112207,55,true,316ye5nphj2c6qd5zczz6wspr4te,2026-05-23T15:57:40Z,"trap brasileiro,trap,trap funk,hip hop brasileiro","MSTT Records",0.863,0.546,5,-6.014,1,0.335,0.0114,0,0.14,0.599,153.997,4
spotify:track:4R67rQNSbbsR4TdUVOIdez,USSM12104018,"ESCAPE PLAN","ESCAPE PLAN / MAFIA","Travis Scott",2021-11-05,149610,71,true,316ye5nphj2c6qd5zczz6wspr4te,2026-07-19T16:21:47Z,"rap","Cactus Jack/Epic",0.839,0.506,5,-6.714,0,0.133,0.00207,0,0.13,0.44,154.12,4
spotify:track:7J6bnDDitOwfelaJNixHhL,USUM71714095,"Modern Slavery","Huncho Jack, Jack Huncho","Huncho Jack;Travis Scott;Quavo",2017-12-21,148559,58,true,316ye5nphj2c6qd5zczz6wspr4te,2026-07-19T16:21:47Z,"rap","Quality Control Music - Epic",0.765,0.733,4,-3.509,0,0.165,0.00186,0,0.297,0.495,133.966,4
spotify:track:58TaFP5j5i9swOf584yon2,USSM11806671,"HOUSTONFORNICATION","ASTROWORLD","Travis Scott",2018-08-03,217828,69,true,316ye5nphj2c6qd5zczz6wspr4te,2026-07-19T16:21:47Z,"rap","Cactus Jack / Epic",0.689,0.723,0,-4.052,0,0.0836,0.0985,0,0.158,0.288,160.042,4
spotify:track:4lH6nENd1y81jp7Yt9lTBX,USSM11701733,"Solo","HNDRXX","Future",2017-07-27,265996,83,true,316ye5nphj2c6qd5zczz6wspr4te,2026-07-19T16:21:47Z,"rap,trap","Epic/Freebandz/A1",0.784,0.486,5,-6.497,0,0.0475,0.0538,0.497,0.101,0.0894,110.964,4
spotify:track:393OFJFZKIIv66JmJcNm9D,USUG12604768,"National Treasures","ICEMAN","Drake",2026-05-15,200830,87,true,316ye5nphj2c6qd5zczz6wspr4te,2026-07-19T16:21:47Z,"rap","OVO/Republic",0.4,0.707,11,-5.72,1,0.271,0.131,0.00000537,0.415,0.314,193.433,3
spotify:track:5mCPDVBb16L4XQwDdbRUpz,USCM51700072,"Passionfruit","More Life","Drake",2017-03-18,298940,89,true,316ye5nphj2c6qd5zczz6wspr4te,2026-07-19T16:21:47Z,"rap","Cash Money Records/Young Money Ent./Universal Rec.",0.809,0.463,11,-11.377,1,0.0396,0.256,0.085,0.109,0.364,111.98,4
spotify:track:7KGHenqXZofXNm5MKDbT3J,USUG12602489,"Whisper My Name","ICEMAN","Drake",2026-05-15,222580,84,true,316ye5nphj2c6qd5zczz6wspr4te,2026-07-19T16:21:47Z,"rap","OVO/Republic",0.882,0.572,11,-6.24,0,0.134,0.0655,0,0.136,0.473,124.036,4
spotify:track:3DK90400cDlV5WUJPraMph,USUG12604764,"Ran To Atlanta (feat. Future & Molly Santana)","ICEMAN","Drake;Future;Molly Santana",2026-05-15,247183,82,true,316ye5nphj2c6qd5zczz6wspr4te,2026-07-19T16:21:47Z,"rap,trap","OVO/Republic",0.561,0.576,1,-6.538,1,0.244,0.0261,0,0.174,0.281,139.755,4
spotify:track:4ygJHbpMGwZknVFaRikdFr,USUG12604769,"B's On The Table (feat. 21 Savage)","ICEMAN","Drake;21 Savage",2026-05-15,137647,80,true,316ye5nphj2c6qd5zczz6wspr4te,2026-07-19T16:21:47Z,"rap","OVO/Republic",0.769,0.664,1,-7.757,0,0.226,0.122,0,0.286,0.466,135.98,4
spotify:track:1xO3PpGchMqMmmF6OEtH5Y,USUG12604777,"Make Them Know","ICEMAN","Drake",2026-05-15,248285,76,true,316ye5nphj2c6qd5zczz6wspr4te,2026-07-19T16:21:47Z,"rap","OVO/Republic",0.696,0.565,1,-7.966,1,0.38,0.566,0,0.159,0.225,120.021,4
spotify:track:5h5tBFnbcVioFXiOixTn6E,USUM71210774,"Bitch, Don’t Kill My Vibe","good kid, m.A.A.d city (Deluxe)","Kendrick Lamar",2012-10-22,310720,65,true,316ye5nphj2c6qd5zczz6wspr4te,2026-07-19T16:21:47Z,"hip hop,west coast hip hop","Aftermath",0.586,0.698,1,-8.948,1,0.0943,0.0151,0,0.443,0.098,133.954,4
spotify:track:1BR5vhAlaoUiijQ28p6jlN,USUM71210777,"Backseat Freestyle","good kid, m.A.A.d city (Deluxe)","Kendrick Lamar",2012-10-22,212653,59,true,316ye5nphj2c6qd5zczz6wspr4te,2026-07-19T16:21:47Z,"hip hop,west coast hip hop","Aftermath",0.547,0.651,1,-7.601,1,0.3,0.000739,0,0.235,0.645,77.878,4
spotify:track:3MLOAIJNWWS8FQpvdaiKR7,USUM71211004,"Poetic Justice","good kid, m.A.A.d city (Deluxe)","Kendrick Lamar;Drake",2012-10-22,300160,63,true,316ye5nphj2c6qd5zczz6wspr4te,2026-07-19T16:21:47Z,"hip hop,west coast hip hop,rap","Aftermath",0.778,0.569,6,-9.985,0,0.378,0.158,0,0.246,0.642,135.958,4
spotify:track:0PKJxo97zXT8oAwl2zFnPh,USUM71211006,"good kid","good kid, m.A.A.d city (Deluxe)","Kendrick Lamar",2012-10-22,214120,55,true,316ye5nphj2c6qd5zczz6wspr4te,2026-07-19T16:21:47Z,"hip hop,west coast hip hop","Aftermath",0.451,0.831,5,-8.641,0,0.308,0.0623,0,0.185,0.41,176.173,4
spotify:track:40wUM3LFZOlUcZfxEIZrYK,USUM71211089,"Swimming Pools (Drank) - Extended Version","good kid, m.A.A.d city (Deluxe)","Kendrick Lamar",2012-10-22,313786,60,true,316ye5nphj2c6qd5zczz6wspr4te,2026-07-19T16:21:47Z,"hip hop,west coast hip hop","Aftermath",0.669,0.485,6,-7.744,0,0.417,0.123,0.0000268,0.604,0.261,74.376,4
spotify:track:2Fw5S2gaOSZzdN5dFoC2dj,USUYG1008102,"A.D.H.D","Section.80","Kendrick Lamar",2011-07-02,215509,74,true,316ye5nphj2c6qd5zczz6wspr4te,2026-07-19T16:21:47Z,"hip hop,west coast hip hop","Top Dawg Entertainment / Section.80",0.609,0.799,9,-6.883,1,0.24,0.33,0,0.108,0.582,157.74,4
spotify:track:0N3W5peJUQtI4eyR6GJT5O,USUM71502494,"King Kunta","To Pimp A Butterfly","Kendrick Lamar",2015-03-16,234693,73,true,316ye5nphj2c6qd5zczz6wspr4te,2026-07-19T16:21:47Z,"hip hop,west coast hip hop","Aftermath",0.884,0.657,6,-4.569,0,0.0977,0.00589,0,0.154,0.489,107.059,4
spotify:track:7Ks4VCY1wFebnOdJrM13t6,USUM71502491,"Wesley's Theory","To Pimp A Butterfly","Kendrick Lamar;George Clinton;Thundercat",2015-03-16,287360,69,true,316ye5nphj2c6qd5zczz6wspr4te,2026-07-19T16:21:47Z,"hip hop,west coast hip hop,funk","Aftermath",0.509,0.787,7,-6.754,1,0.265,0.359,0.0000276,0.26,0.507,114.449,4
spotify:track:4tQcyj5488alHT1ZgFduzn,USUM71502502,"How Much A Dollar Cost","To Pimp A Butterfly","Kendrick Lamar;James Fauntleroy;Ronald Isley",2015-03-16,261746,62,true,316ye5nphj2c6qd5zczz6wspr4te,2026-07-19T16:21:47Z,"hip hop,west coast hip hop","Aftermath",0.624,0.729,1,-4.747,1,0.198,0.415,0,0.135,0.334,87.948,4
spotify:track:3ODXRUPL44f04cCacwiCLC,USUM71502509,"i","To Pimp A Butterfly","Kendrick Lamar",2015-03-16,336013,63,true,316ye5nphj2c6qd5zczz6wspr4te,2026-07-19T16:21:47Z,"hip hop,west coast hip hop","Aftermath",0.541,0.809,8,-4.286,1,0.324,0.708,0,0.72,0.753,120.094,4
spotify:track:1EaKU4dMbesXXd3BrLCtYG,USUM71703083,"ELEMENT.","DAMN.","Kendrick Lamar",2017-04-14,208733,69,true,316ye5nphj2c6qd5zczz6wspr4te,2026-07-19T16:21:47Z,"hip hop,west coast hip hop","Aftermath",0.748,0.705,4,-4.547,0,0.485,0.204,0,0.246,0.483,189.891,4
spotify:track:2LTlO3NuNVN70lp2ZbVswF,USUM71703082,"FEEL.","DAMN.","Kendrick Lamar",2017-04-14,214826,67,true,316ye5nphj2c6qd5zczz6wspr4te,2026-07-19T16:21:47Z,"hip hop,west coast hip hop","Aftermath",0.746,0.798,0,-8.382,1,0.349,0.137,0,0.139,0.553,109.968,4
spotify:track:6SwRhMLwNqEi6alNPVG00n,USUM71703086,"LOYALTY. FEAT. RIHANNA.","DAMN.","Kendrick Lamar;Rihanna",2017-04-14,227360,77,true,316ye5nphj2c6qd5zczz6wspr4te,2026-07-19T16:21:47Z,"hip hop,west coast hip hop","Aftermath",0.658,0.535,9,-8.983,0,0.0573,0.0265,0,0.2,0.419,110.684,4
spotify:track:6PGoSes0D9eUDeeAafB2As,USUM71703088,"LOVE. FEAT. ZACARI.","DAMN.","Kendrick Lamar;Zacari",2017-04-14,213400,84,false,316ye5nphj2c6qd5zczz6wspr4te,2026-07-19T16:21:47Z,"hip hop,west coast hip hop","Aftermath",0.8,0.585,10,-7.343,1,0.0924,0.264,0,0.153,0.779,126.058,4
spotify:track:4iYRa2btalAzPZoSYfROqF,USUM71703089,"XXX. FEAT. U2.","DAMN.","Kendrick Lamar;U2",2017-04-14,254200,68,true,316ye5nphj2c6qd5zczz6wspr4te,2026-07-19T16:21:47Z,"hip hop,west coast hip hop,rock","Aftermath",0.568,0.619,1,-6.899,1,0.414,0.138,0.00000167,0.11,0.293,170.115,4
spotify:track:7fEoXCZTZFosUFvFQg1BmW,USUYG1296663,"Took Her To The O","Levon James","King Von",2020-03-06,196179,83,true,316ye5nphj2c6qd5zczz6wspr4te,2026-07-19T16:21:47Z,"drill de chicago,drill","Forever and a Day, LLC / EMPIRE",0.82,0.592,1,-7.002,1,0.29,0.0149,0.00000471,0.121,0.4,159.98,4
spotify:track:6Kj17Afjo1OKJYpf5VzCeo,USUG12001746,"Pain 1993 (with Playboi Carti)","Dark Lane Demo Tapes","Drake;Playboi Carti",2020-05-01,149077,72,true,316ye5nphj2c6qd5zczz6wspr4te,2026-07-19T16:21:47Z,"rap,rage rap","OVO",0.825,0.373,5,-5.532,0,0.108,0.163,0,0.368,0.12,77.271,4
spotify:track:01Lr5YepbgjXAWR9iOEyH1,USUM71214600,"Love Sosa","Finally Rich","Chief Keef",2012-01-01,246213,83,true,316ye5nphj2c6qd5zczz6wspr4te,2026-07-19T16:21:47Z,"drill de chicago,drill","UMGRI Interscope",0.772,0.413,0,-8.194,0,0.0891,0.0361,0,0.111,0.211,131.964,4
spotify:track:2xsTsnA5QOFCnFXdEHGkli,USRC12502326,"STAY HERE 4 LIFE (feat. Brent Faiyaz)","Don't Be Dumb","A$AP Rocky;Brent Faiyaz",2026-01-16,346093,82,true,316ye5nphj2c6qd5zczz6wspr4te,2026-07-19T16:21:47Z,"rap,r&b","A$AP Worldwide/RCA Records",0.551,0.531,11,-10.042,1,0.272,0.524,0,0.471,0.499,115.233,4
spotify:track:7ycWLEP1GsNjVvcjawXz3z,USRC11800930,"Praise The Lord (Da Shine) (feat. Skepta)","TESTING","A$AP Rocky;Skepta",2018-05-25,205813,83,true,316ye5nphj2c6qd5zczz6wspr4te,2026-07-19T16:21:47Z,"rap,grime,grime reino unido","A$AP Worldwide/Polo Grounds Music/RCA Records",0.854,0.569,5,-8.151,0,0.106,0.0609,0.0816,0.1,0.294,80.015,4
spotify:track:3jnYCrF7UpSYAwwy1URW8d,USRC12302098,"I Smoked Away My Brain (I'm God x Demons Mashup) (feat. Imogen Heap & Clams Casino)","Don't Be Dumb","A$AP Rocky;Imogen Heap;Clams Casino",2026-01-21,190724,81,true,316ye5nphj2c6qd5zczz6wspr4te,2026-07-19T16:21:47Z,"rap,cloud rap","A$AP Worldwide/RCA Records",0.528,0.708,11,-5.826,0,0.0758,0.321,0,0.12,0.109,141.975,4
spotify:track:2FycFFuNMVVYIiIqeldXF5,USRC12502325,"STOLE YA FLOW","Don't Be Dumb","A$AP Rocky",2026-01-16,199015,70,true,316ye5nphj2c6qd5zczz6wspr4te,2026-07-19T16:21:47Z,"rap","A$AP Worldwide/RCA Records",0.559,0.722,5,-4.015,1,0.0409,0.0672,0,0.603,0.105,160.574,4
spotify:track:4UQMOPSUVJVicIQzjAcRRZ,USUM70749083,"Champion","Graduation","Kanye West",2007-09-11,167600,76,true,316ye5nphj2c6qd5zczz6wspr4te,2026-07-19T16:21:47Z,"rap","Roc-A-Fella",0.705,0.504,6,-8.307,1,0.226,0.00299,0,0.695,0.727,102.006,4
spotify:track:0y9uTzK9cNKSAEHnpeRG8C,USUM71703379,"DUCKWORTH.","DAMN.","Kendrick Lamar",2017-04-14,248613,71,true,316ye5nphj2c6qd5zczz6wspr4te,2026-07-19T16:21:47Z,"hip hop,west coast hip hop","Aftermath",0.552,0.731,7,-6.873,1,0.615,0.0536,0,0.258,0.632,174.516,4
spotify:track:1QPreu0BNOrUfEb8HTd2qG,USUM72208971,"Rich Spirit","Mr. Morale & The Big Steppers","Kendrick Lamar",2022-05-13,202285,71,true,316ye5nphj2c6qd5zczz6wspr4te,2026-07-19T16:21:47Z,"hip hop,west coast hip hop","pgLang/Top Dawg Entertainment/Aftermath/Interscope Records",0.852,0.421,10,-9.153,0,0.208,0.428,0.00000228,0.106,0.457,95.977,4
spotify:track:3lzUeaCbcCDB5IXYfqWRlF,USUM72208981,"Silent Hill","Mr. Morale & The Big Steppers","Kendrick Lamar;Kodak Black",2022-05-13,220779,65,true,316ye5nphj2c6qd5zczz6wspr4te,2026-07-19T16:21:47Z,"hip hop,west coast hip hop","pgLang/Top Dawg Entertainment/Aftermath/Interscope Records",0.907,0.577,1,-6.737,0,0.0767,0.438,0.0000319,0.137,0.801,140.07,4
spotify:track:5gOfC9UzZQzTyShqPMrpjT,USUG12408495,"wacced out murals","GNX","Kendrick Lamar",2024-11-22,317092,68,true,316ye5nphj2c6qd5zczz6wspr4te,2026-07-19T16:21:47Z,"hip hop,west coast hip hop","pgLang, under exclusive license to Interscope Records",0.761,0.501,9,-10.759,0,0.459,0.249,0,0.136,0.502,81.998,4
spotify:track:5ho7VSXSmI2KM2nDjcnLyz,USUG12408498,"man at the garden","GNX","Kendrick Lamar",2024-11-22,233173,65,true,316ye5nphj2c6qd5zczz6wspr4te,2026-07-19T16:21:47Z,"hip hop,west coast hip hop","pgLang, under exclusive license to Interscope Records",0.817,0.348,7,-10.213,0,0.29,0.51,0.000119,0.11,0.634,91.997,4
spotify:local:Kendrick+Lamar:Prayer:Prayer:323,,"Prayer","Prayer","Kendrick Lamar",,323000,0,false,316ye5nphj2c6qd5zczz6wspr4te,2026-07-19T16:21:47Z,"","undefined",,,,,,,,,,,,
spotify:local:Travis+Scott:UTOPIA:MY+EYES:315,,"MY EYES","UTOPIA","Travis Scott",,315000,0,false,316ye5nphj2c6qd5zczz6wspr4te,2026-07-19T16:21:47Z,"","undefined",,,,,,,,,,,,
spotify:track:2GoduKuMYSTvNR8gNPV1yN,USUYG1334254,"Gleesh Place","Welcome to O'Block","King Von",2020-10-30,94946,67,true,316ye5nphj2c6qd5zczz6wspr4te,2026-07-19T16:21:47Z,"drill de chicago,drill","Forever and a Day, LLC / EMPIRE",0.834,0.47,6,-7.583,1,0.507,0.00217,0.0000125,0.149,0.418,161.083,4
spotify:track:7vgTNTaEz3CsBZ1N4YQalM,USUM71807761,"Ghost Town","ye","Kanye West;PARTYNEXTDOOR",2018-06-01,271386,82,true,316ye5nphj2c6qd5zczz6wspr4te,2026-07-19T16:21:47Z,"rap,dark r&b,r&b,trap soul","Getting Out Our Dreams, Inc./Def Jam Recordings",0.573,0.545,7,-4.247,0,0.0288,0.0969,0,0.329,0.297,83.378,4
spotify:track:4WuOWVnAqvEQxgSRrspBgt,USUG12208792,"Niagara Falls (Foot or 2) [with Travis Scott & 21 Savage]","HEROES & VILLAINS","Metro Boomin;Travis Scott;21 Savage",2022-12-02,207306,74,true,316ye5nphj2c6qd5zczz6wspr4te,2026-07-19T16:21:47Z,"rap","Republic Records",0.667,0.648,2,-5.117,1,0.284,0.175,0.000155,0.147,0.254,87.975,4
spotify:track:1udwFobQ1JoOdWPQrp2b6u,USUM72123571,"Surround Sound (feat. 21 Savage & Baby Tate)","The Forever Story (Extended Version)","JID;21 Savage;Baby Tate",2022-10-31,229938,78,true,316ye5nphj2c6qd5zczz6wspr4te,2026-07-19T16:21:47Z,"","Dreamville/Interscope",0.574,0.567,7,-7.126,0,0.465,0.164,0,0.258,0.526,75.965,4
spotify:track:7EiZI6JVHllARrX9PUvAdX,USSM11600557,"Low Life (feat. The Weeknd)","EVOL","Future;The Weeknd",2016-04-13,313546,83,true,316ye5nphj2c6qd5zczz6wspr4te,2026-07-19T16:21:47Z,"rap,trap","Epic/Freebandz/A1",0.722,0.331,8,-7.789,1,0.0726,0.337,0.282,0.146,0.102,143.961,4
spotify:track:0eAuGrXyGFYwur9ARUe7LJ,USSM12402225,"Earrings","Sweet Boy","Malcolm Todd",2024-04-05,151500,97,false,316ye5nphj2c6qd5zczz6wspr4te,2026-07-19T16:21:47Z,"","Columbia",0.498,0.505,10,-8.644,0,0.0524,0.233,0.000028,0.365,0.547,79.877,4
spotify:track:3oTuTpF1F3A7rEC6RKsMRz,GBUM72506029,"Raindance (feat. Tems)","The Boy Who Played the Harp","Dave;Tems",2025-10-23,219743,93,false,316ye5nphj2c6qd5zczz6wspr4te,2026-07-19T16:21:47Z,"grime,grime reino unido,drill reino unido,drill,afrobeats,r&b afro,alté,afrobeat","Neighbourhood",0.796,0.741,1,-6.815,1,0.0789,0.236,0.0619,0.103,0.249,107,4
spotify:track:4Dx4e0X5dR6TW85dtFU42x,USSM12403108,"Red Leather","WE STILL DON'T TRUST YOU","Future;Metro Boomin;J. Cole",2024-04-12,414893,67,true,316ye5nphj2c6qd5zczz6wspr4te,2026-07-19T16:21:47Z,"rap,trap","Wilburn Holding Co./Boominati/Epic/Republic",0.676,0.607,6,-4.792,1,0.372,0.51,0.00143,0.12,0.601,170.047,4
spotify:track:22L7bfCiAkJo5xGSQgmiIO,USUM71027273,"All Of The Lights","My Beautiful Dark Twisted Fantasy","Kanye West",2010-11-22,299613,83,true,316ye5nphj2c6qd5zczz6wspr4te,2026-07-19T16:21:47Z,"rap","Roc-A-Fella",0.531,0.803,1,-3.284,1,0.0717,0.0796,0.0000171,0.176,0.221,142.113,4
spotify:track:221qmpQeBNV87sUjQeUTVH,USUG12208788,"Around Me (feat. Don Toliver)","HEROES & VILLAINS","Metro Boomin;Don Toliver",2022-12-02,191520,81,true,316ye5nphj2c6qd5zczz6wspr4te,2026-07-19T16:21:47Z,"","Republic Records",0.695,0.669,2,-3.447,0,0.0394,0.0881,0.0137,0.513,0.063,119.986,4
spotify:track:3s4mrPrEFFPF0LmAfutW0n,USAT21903320,"The London (feat. J. Cole & Travis Scott)","So Much Fun","Young Thug;J. Cole;Travis Scott",2019-08-16,200186,75,true,316ye5nphj2c6qd5zczz6wspr4te,2026-07-19T16:21:47Z,"rap,rap melódico,trap","300 Entertainment/Atl",0.784,0.517,4,-8.981,0,0.209,0.0249,0.00000144,0.155,0.206,97.991,4
spotify:track:68Dni7IE4VyPkTOH9mRWHr,USQX91402598,"No Role Modelz","2014 Forest Hills Drive","J. Cole",2014-12-09,292799,88,true,316ye5nphj2c6qd5zczz6wspr4te,2026-07-19T16:21:47Z,"rap","Roc Nation Records LLC",0.69,0.521,10,-8.492,0,0.339,0.324,0,0.0534,0.494,100.028,4
spotify:track:5SWnsxjhdcEDc7LJjq9UHk,USSM12005346,"Runnin","SAVAGE MODE II","21 Savage;Metro Boomin",2020-10-02,195906,77,true,316ye5nphj2c6qd5zczz6wspr4te,2026-07-19T16:21:47Z,"","Slaughter Gang, LLC/Epic/Boominati Worldwide/Republic",0.819,0.626,10,-4.574,0,0.202,0.00748,0.101,0.167,0.415,143.01,4
spotify:track:59nOXPmaKlBfGMDeOVGrIK,USSM12203789,"WAIT FOR U (feat. Drake & Tems)","I NEVER LIKED YOU","Future;Drake;Tems",2022-04-29,189893,84,true,316ye5nphj2c6qd5zczz6wspr4te,2026-07-19T16:21:47Z,"rap,trap,afrobeats,r&b afro,alté,afrobeat","Epic/Freebandz",0.463,0.642,1,-4.474,1,0.34,0.314,0,0.0686,0.339,83.389,4
spotify:track:0FZ4Dmg8jJJAPJnvBIzD9z,USAT21811523,"ZEZE (feat. Travis Scott & Offset)","Dying to Live","Kodak Black;Offset;Travis Scott",2018-12-14,228759,82,true,316ye5nphj2c6qd5zczz6wspr4te,2026-07-19T16:21:47Z,"rap","Atlantic Records",0.861,0.603,8,-5.788,0,0.176,0.0521,0,0.0924,0.504,98.043,4
spotify:track:2cjhSZd6uZIrp4ddxvvBdn,USUM72400005,"BACKR00MS (with Travis Scott)","MUSIC - SORRY 4 DA WAIT","Playboi Carti;Travis Scott",2025-03-25,160306,67,true,316ye5nphj2c6qd5zczz6wspr4te,2026-07-19T16:21:47Z,"rage rap,rap","AWGE/Interscope Records",0.837,0.67,2,-6.288,1,0.224,0.0144,0,0.129,0.581,146.006,4
spotify:track:2G7V7zsVDxg1yRsu7Ew9RJ,USCM51800206,"In My Feelings","Scorpion","Drake",2018-06-29,217925,77,true,316ye5nphj2c6qd5zczz6wspr4te,2026-07-19T16:21:47Z,"rap","Cash Money/Drake LP6",0.835,0.626,1,-5.833,1,0.125,0.0589,0.00006,0.396,0.35,91.03,4
spotify:track:7EOgQuWYzWIgCfe5zEe1dl,USSM12603690,"Fukk A Interview","The Real Me","Future",2026-08-06,157640,70,true,316ye5nphj2c6qd5zczz6wspr4te,2026-07-19T16:21:47Z,"rap,trap","Epic",0.852,0.491,2,-3.92,1,0.0723,0.0292,0,0.0933,0.128,133.925,4
spotify:track:2XHzzp1j4IfTNp1FTn7YFg,USCM51300001,"Love Me","I Am Not A Human Being II (Deluxe)","Lil Wayne;Drake;Future",2013-01-01,255053,88,true,316ye5nphj2c6qd5zczz6wspr4te,2026-07-19T16:21:47Z,"rap,hip hop,trap","CM/Republic",0.67,0.634,11,-6.471,1,0.0326,0.0124,0,0.0946,0.497,124.926,4
spotify:track:6n4U3TlzUGhdSFbUUhTvLP,USUM71800983,"Walk It Talk It","Culture II","Migos;Drake",2018-01-26,276147,77,true,316ye5nphj2c6qd5zczz6wspr4te,2026-07-19T16:21:47Z,"trap,rap","Quality Control Music, LLC",0.908,0.633,2,-5.145,1,0.183,0.0859,0.00000231,0.106,0.395,145.914,4
spotify:track:7eqoqGkKwgOaWNNHx90uEZ,QZ5C81600009,"Nights","Blonde","Frank Ocean",2016-08-20,307151,86,true,316ye5nphj2c6qd5zczz6wspr4te,2026-07-19T16:21:47Z,"","Boys Don't Cry",0.457,0.551,5,-9.36,0,0.167,0.427,0.00000115,0.113,0.428,89.87,4
spotify:track:2N3U8uTYhjX2KwGT0pf5x0,USRC11500811,"Everyday (feat. Rod Stewart, Miguel & Mark Ronson)","AT.LONG.LAST.A$AP","A$AP Rocky;Rod Stewart;Miguel;Mark Ronson",2015-05-26,260990,82,true,316ye5nphj2c6qd5zczz6wspr4te,2026-07-19T16:21:47Z,"rap,soft rock,r&b","A$AP Worldwide/Polo Grounds Music/RCA Records",0.394,0.661,4,-8.684,1,0.192,0.00996,0,0.343,0.335,149.818,4
spotify:track:2297mxrYLBAC4XkhXs39If,USUYG1334251,"Armed & Dangerous","Welcome to O'Block","King Von",2020-10-30,122680,76,true,316ye5nphj2c6qd5zczz6wspr4te,2026-07-19T16:21:47Z,"drill de chicago,drill","Forever and a Day, LLC / EMPIRE",0.696,0.592,1,-6.281,1,0.319,0.152,0,0.127,0.232,188.051,4
spotify:track:1ZHYJ2Wwgxes4m8Ba88PeK,USUM71026158,"Monster","My Beautiful Dark Twisted Fantasy","Kanye West;JAŸ-Z;Rick Ross;Nicki Minaj;Bon Iver",2010-11-22,378893,75,true,316ye5nphj2c6qd5zczz6wspr4te,2026-07-19T16:21:47Z,"rap,hip hop,east coast hip hop,southern hip hop","Roc-A-Fella",0.628,0.692,2,-5.64,1,0.202,0.00244,0.0129,0.668,0.0963,124.887,5
spotify:track:4iz9lGMjU1lXS51oPmUmTe,USUM70749093,"Homecoming","Graduation","Kanye West;Chris Martin",2007-09-11,203493,86,true,316ye5nphj2c6qd5zczz6wspr4te,2026-07-19T16:21:47Z,"rap","Roc-A-Fella",0.67,0.747,1,-7.059,1,0.189,0.337,0,0.115,0.918,86.918,4
spotify:track:5S8VwnB4sLi6W0lYTWYylu,USUG12408497,"hey now (feat. dody6)","GNX","Kendrick Lamar;Dody6",2024-11-22,217478,71,true,316ye5nphj2c6qd5zczz6wspr4te,2026-07-19T16:21:47Z,"hip hop,west coast hip hop","pgLang, under exclusive license to Interscope Records",0.806,0.358,10,-8.769,1,0.117,0.00443,0.00162,0.412,0.188,102.011,4
spotify:track:0RgjEkSbeuStKfT2Pa4Zai,USUG12408500,"reincarnated","GNX","Kendrick Lamar",2024-11-22,275740,69,true,316ye5nphj2c6qd5zczz6wspr4te,2026-07-19T16:21:47Z,"hip hop,west coast hip hop","pgLang, under exclusive license to Interscope Records",0.846,0.779,7,-5.363,1,0.254,0.0534,0,0.299,0.748,91.118,4
spotify:track:45J4avUb9Ni0bnETYaYFVJ,USUG12408496,"luther (with sza)","GNX","Kendrick Lamar;SZA",2024-11-22,177598,80,false,316ye5nphj2c6qd5zczz6wspr4te,2026-07-19T16:21:47Z,"hip hop,west coast hip hop,r&b","pgLang, under exclusive license to Interscope Records",0.707,0.575,2,-7.546,1,0.125,0.251,0,0.248,0.576,138.008,4
spotify:track:4K1Pg0FLno1ltzX3jeqT83,USUG12408499,"dodger blue (feat. wallie the sensei, siete7x, roddy ricch)","GNX","Kendrick Lamar;Wallie the Sensei;Siete7x;Roddy Ricch",2024-11-22,131240,68,true,316ye5nphj2c6qd5zczz6wspr4te,2026-07-19T16:21:47Z,"hip hop,west coast hip hop,rap melódico","pgLang, under exclusive license to Interscope Records",0.796,0.536,6,-7.93,1,0.109,0.0552,0,0.112,0.662,83.492,4
spotify:track:2Uts1QFB4u2YNIMiqcb4de,USUG12408501,"peekaboo (feat. azchike)","GNX","Kendrick Lamar;AZ Chike",2024-11-22,155917,75,true,316ye5nphj2c6qd5zczz6wspr4te,2026-07-19T16:21:47Z,"hip hop,west coast hip hop,hyphy","pgLang, under exclusive license to Interscope Records",0.889,0.298,1,-9.086,1,0.182,0.00306,0.0000126,0.173,0.314,100.042,4
spotify:track:44sYqNBttbXNxya33FJ3Dj,USWB11901876,"Camelot","Top Shotta","NLE Choppa",2020-08-07,148759,74,true,316ye5nphj2c6qd5zczz6wspr4te,2026-07-19T16:21:47Z,"","Warner Records",0.787,0.713,7,-5.252,1,0.401,0.0849,0,0.717,0.761,175.046,4
spotify:track:0uFz9q2SvuKyWB6Ur1YCfI,USSM11408300,"Mamacita (feat. Rich Homie Quan & Young Thug)","DAYS BEFORE RODEO","Travis Scott;Rich Homie Quan;Young Thug",2014-08-18,272772,64,true,316ye5nphj2c6qd5zczz6wspr4te,2026-07-19T16:21:47Z,"rap,southern hip hop,rap melódico,trap","Cactus Jack/Epic",0.802,0.863,11,-3.099,1,0.0746,0.0108,0,0.144,0.237,115.035,4
spotify:track:3xKsf9qdS1CyvXSMEid6g8,QZ5C81600003,"Pink + White","Blonde","Frank Ocean",2016-08-20,184516,88,false,316ye5nphj2c6qd5zczz6wspr4te,2026-07-19T16:21:47Z,"","Boys Don't Cry",0.545,0.545,9,-7.362,1,0.107,0.667,0.0000548,0.417,0.549,159.94,3
spotify:track:5iozkhSH9ZyOupcJvXfSL0,USRC12103087,"Palace","LIVE.LOVE.A$AP","A$AP Rocky",2011-10-31,162960,60,true,316ye5nphj2c6qd5zczz6wspr4te,2026-07-19T16:21:47Z,"rap","A$AP Worldwide/Polo Grounds Music/RCA Records",0.62,0.904,7,-4.126,1,0.319,0.0715,0,0.262,0.551,133.778,4
spotify:track:1GeNui6m825V8jP4uKiIaH,USAT21904712,"Bad Bad Bad (feat. Lil Baby)","So Much Fun","Young Thug;Lil Baby",2019-08-16,149040,78,true,316ye5nphj2c6qd5zczz6wspr4te,2026-07-19T16:21:47Z,"rap,rap melódico,trap","300 Entertainment/Atl",0.974,0.596,6,-8.888,1,0.184,0.0976,0,0.151,0.892,111.959,4
spotify:track:5AJ9hqTS2wcFQCELCFRO7A,QM24S2402528,"MILLION DOLLAR BABY","MILLION DOLLAR BABY","Tommy Richman",2024-04-26,155151,83,false,316ye5nphj2c6qd5zczz6wspr4te,2026-07-19T16:21:47Z,"","PULSE Records",0.852,0.697,1,-5.52,0,0.0439,0.0973,0.00037,0.0678,0.919,138.029,4
spotify:track:7zCVvmyZj2FPCHZ1nVdB3p,USSM12306315,"Quintana Pt. 2","DAYS BEFORE RODEO","Travis Scott",2014-08-18,186206,60,true,316ye5nphj2c6qd5zczz6wspr4te,2026-07-19T16:21:47Z,"rap","Cactus Jack/Epic",0.397,0.602,9,-4.889,1,0.0271,0.161,0.00277,0.133,0.0757,116.066,4
spotify:track:1qXQmENykriAHunVaZc6FW,USSM11405561,"Don't Play (feat. The 1975 & Big Sean)","DAYS BEFORE RODEO","Travis Scott;The 1975;Big Sean",2014-08-18,285480,61,true,316ye5nphj2c6qd5zczz6wspr4te,2026-07-19T16:21:47Z,"rap","Cactus Jack/Epic",0.657,0.739,0,-4.699,1,0.0353,0.000641,0,0.15,0.111,128.021,4
spotify:track:3cM1GiA3OqESGO5zEZATAP,USSM12306321,"Backyard","DAYS BEFORE RODEO","Travis Scott",2014-08-18,270441,61,true,316ye5nphj2c6qd5zczz6wspr4te,2026-07-19T16:21:47Z,"rap","Cactus Jack/Epic"
spotify:track:2QeQNF182V61Im0QpjdVta,USSM11506728,"Pornography","Rodeo","Travis Scott",2015-09-04,231826,63,true,316ye5nphj2c6qd5zczz6wspr4te,2026-07-19T16:21:47Z,"rap","Cactus Jack / Epic",0.463,0.762,5,-6.985,0,0.0828,0.116,0,0.188,0.119,91.179,4
spotify:track:2rMFawCg4BW65jzbwztXAV,USSM11506729,"Oh My Dis Side (feat. Quavo)","Rodeo","Travis Scott;Quavo",2015-09-04,351253,64,true,316ye5nphj2c6qd5zczz6wspr4te,2026-07-19T16:21:47Z,"rap","Cactus Jack / Epic",0.764,0.452,8,-6.52,0,0.499,0.744,0,0.0873,0.499,99.847,4
spotify:track:1SGt65i9AnXYdDQt1AtDRH,USSM11500911,"3500 (feat. Future & 2 Chainz)","Rodeo","Travis Scott;Future;2 Chainz",2015-09-04,461840,68,true,316ye5nphj2c6qd5zczz6wspr4te,2026-07-19T16:21:47Z,"rap,trap,southern hip hop","Cactus Jack / Epic",0.403,0.708,2,-4.118,0,0.226,0.488,0,0.108,0.534,84.807,3
spotify:track:2dJ4rGtsOHOgvTQawsCRtg,USSM11506732,"Pray 4 Love (feat. The Weeknd)","Rodeo","Travis Scott;The Weeknd",2015-09-04,307000,66,true,316ye5nphj2c6qd5zczz6wspr4te,2026-07-19T16:21:47Z,"rap","Cactus Jack / Epic",0.673,0.533,7,-6.141,0,0.276,0.49,0,0.148,0.237,139.914,4
spotify:track:3xby7fOyqmeON8jsnom0AT,USSM11506733,"Nightcrawler (feat. Swae Lee & Chief Keef)","Rodeo","Travis Scott;Swae Lee;Chief Keef",2015-09-04,321560,77,true,316ye5nphj2c6qd5zczz6wspr4te,2026-07-19T16:21:47Z,"rap,drill de chicago,drill","Cactus Jack / Epic",0.509,0.899,5,-3.36,0,0.445,0.162,0,0.132,0.455,89.344,3
spotify:track:1wHZx0LgzFHyeIZkUydNXq,USSM11505661,"Antidote","Rodeo","Travis Scott",2015-09-04,262693,73,true,316ye5nphj2c6qd5zczz6wspr4te,2026-07-19T16:21:47Z,"rap","Cactus Jack / Epic",0.878,0.786,5,-6.516,1,0.0733,0.0384,0,0.305,0.817,143.995,4
spotify:track:0IabpxMpUV7waD7U4uDIMJ,USSM11506735,"Impossible","Rodeo","Travis Scott",2015-09-04,242506,67,true,316ye5nphj2c6qd5zczz6wspr4te,2026-07-19T16:21:47Z,"rap","Cactus Jack / Epic",0.825,0.64,1,-6.768,1,0.347,0.155,0,0.119,0.22,150.991,4
spotify:track:6Yqmv7XJLCrQEauMbPGZSw,USSM11506736,"Maria I'm Drunk (feat. Justin Bieber & Young Thug)","Rodeo","Travis Scott;Justin Bieber;Young Thug",2015-09-04,349933,75,true,316ye5nphj2c6qd5zczz6wspr4te,2026-07-19T16:21:47Z,"rap,rap melódico,trap","Cactus Jack / Epic",0.74,0.489,3,-6.194,0,0.0717,0.367,0,0.291,0.652,115.05,4
spotify:track:5UwhSyAaU6b5RHeYPzxZld,USSM12406727,"LIL DEMON","MIXTAPE PLUTO","Future",2024-11-01,139196,55,true,316ye5nphj2c6qd5zczz6wspr4te,2026-07-19T16:21:47Z,"rap,trap","Wilburn Holding Co./Epic",0.869,0.534,11,-4.391,0,0.151,0.272,0,0.146,0.747,140.008,4
spotify:track:4Ew8VKrbgrjCt9r2AuItFm,USSM12203270,"KEEP IT BURNIN (feat. Kanye West)","I NEVER LIKED YOU","Future;Kanye West",2022-05-02,207213,47,true,316ye5nphj2c6qd5zczz6wspr4te,2026-07-19T16:21:47Z,"rap,trap","Epic/Freebandz",0.707,0.442,4,-6.793,0,0.328,0.348,0,0.159,0.336,130.319,4
spotify:local:%C2%A5%24%2C+Kanye+West%2C+Ty+Dolla+%24ign:VULTURES+2:EVERYBODY:227,,"EVERYBODY","VULTURES 2","¥$, Kanye West, Ty Dolla $ign",,227000,0,false,316ye5nphj2c6qd5zczz6wspr4te,2026-07-19T16:21:47Z,"","undefined",0.815,0.556,7,-4.572,0,0.0583,0.404,0,0.154,0.716,125.043,4
spotify:local:Travis+Scott:Birds+In+The+Trap+Sing+McKnight:sdp+interlude+%28extended%29:328,,"sdp interlude (extended)","Birds In The Trap Sing McKnight","Travis Scott",,328000,0,false,316ye5nphj2c6qd5zczz6wspr4te,2026-07-19T16:21:47Z,"","undefined",0.522,0.725,5,-7.259,0,0.306,0.688,0,0.224,0.495,140.225,4
spotify:local:Kanye+West%2C+Nicki+Minaj%2C+Ty+Dolla+%24ign:Yandhi:New+Body:225,,"New Body","Yandhi","Kanye West, Nicki Minaj, Ty Dolla $ign",,225000,0,false,316ye5nphj2c6qd5zczz6wspr4te,2026-07-19T16:21:47Z,"","undefined",0.587,0.58,2,-8.969,1,0.0317,0.707,0.0000854,0.255,0.474,114.016,4
spotify:local:Playboi+Carti:MUSIC:EVILJORDAN+V1:184,,"EVILJORDAN V1","MUSIC","Playboi Carti",,184000,0,false,316ye5nphj2c6qd5zczz6wspr4te,2026-07-19T16:21:47Z,"","undefined",0.68,0.665,9,-7.02,0,0.422,0.453,0,0.0923,0.668,82.034,4
spotify:track:5qqabIl2vWzo9ApSC317sa,GBQCP1400109,"Wonderwall - Remastered","(What's The Story) Morning Glory? [Remastered]","Oasis",1995-10-02,258773,87,false,316ye5nphj2c6qd5zczz6wspr4te,2026-07-19T16:21:47Z,"britpop","Big Brother",0.781,0.537,1,-6.534,0,0.401,0.377,0,0.0973,0.507,149.887,4
spotify:track:1Ci4wASMY4xtKVMeHA6Sd5,USSM11607550,"through the late night","Birds In The Trap Sing McKnight","Travis Scott",2016-09-16,286235,67,true,316ye5nphj2c6qd5zczz6wspr4te,2026-07-20T08:48:00Z,"rap","Cactus Jack / Epic",0.719,0.651,0,-3.903,1,0.129,0.349,0,0.0677,0.688,89.942,4
spotify:track:4Qay2jEWJYjXmJ8eNOGtaD,TLVEM2467068,"FRIED","VULTURES 2","¥$;Kanye West;Ty Dolla $ign",2024-08-03,166400,61,true,316ye5nphj2c6qd5zczz6wspr4te,2026-07-22T07:11:30Z,"rap,trap soul","YZY",0.807,0.485,0,-6.728,0,0.0649,0.539,0,0.158,0.808,125.901,4
spotify:track:1Z0cZI0UzNbP9L8MzzGxqf,USWB12000247,"Walk Em Down (feat. Roddy Ricch)","Top Shotta","NLE Choppa;Roddy Ricch",2020-08-07,173288,74,true,316ye5nphj2c6qd5zczz6wspr4te,2026-07-23T07:59:10Z,"rap melódico","Warner Records",0.666,0.587,7,-4.953,0,0.228,0.353,0,0.0952,0.431,86.032,3
spotify:track:6scpNkWEmUxmKY7nYjVLsX,USSM11506739,"Apple Pie","Rodeo","Travis Scott",2015-09-04,219360,69,true,316ye5nphj2c6qd5zczz6wspr4te,2026-07-23T18:22:20Z,"rap","Cactus Jack / Epic",0.732,0.686,1,-4.212,1,0.363,0.358,0,0.174,0.549,75.25,4
spotify:track:4woTEX1wYOTGDqNXuavlRC,USIR10211062,"Superman","The Eminem Show","Eminem;Dina Rae",2002-05-26,350320,84,true,316ye5nphj2c6qd5zczz6wspr4te,2026-07-24T02:49:01Z,"rap,hip hop","Eminem Catalog PS",0.602,0.475,0,-9.989,1,0.032,0.638,0.0392,0.0907,0.502,120.051,4
spotify:track:27NovPIUIRrOZoCHxABJwK,USSM12104539,"INDUSTRY BABY (feat. Jack Harlow)","INDUSTRY BABY (feat. Jack Harlow)","Lil Nas X;Jack Harlow",2021-07-23,212000,75,true,316ye5nphj2c6qd5zczz6wspr4te,2026-07-26T01:10:18Z,"","Columbia",0.632,0.429,6,-8.562,1,0.399,0.296,0,0.307,0.527,113.265,5
spotify:track:21jGcNKet2qwijlDFuPiPb,USUM71915699,"Circles","Hollywood's Bleeding","Post Malone",2019-09-06,215280,89,false,316ye5nphj2c6qd5zczz6wspr4te,2026-07-28T19:55:58Z,"","Republic Records",0.678,0.64,7,-4.716,0,0.0471,0.233,0,0.278,0.257,156.973,4
spotify:track:1NfnMydsawMdorrzk6UO6j,QZTRX2649731,"BLEFE","BLEFE","Lil Eazy;Kosky;yuikigai;ke-yo",2026-07-17,158998,47,true,316ye5nphj2c6qd5zczz6wspr4te,2026-07-28T20:01:31Z,"trap brasileiro","iagikiuy",0.691,0.64,0,-6.441,1,0.369,0.511,0,0.409,0.163,138.672,4
spotify:track:2lpygKqzPFtItQ4ss3cgfb,USWB11601437,"Cinderella (feat. Ty Dolla $ign)","The Divine Feminine","Mac Miller;Ty Dolla $ign",2016-09-16,480186,93,true,316ye5nphj2c6qd5zczz6wspr4te,2026-07-28T20:05:45Z,"trap soul","Warner Records",0.783,0.651,9,-6.757,0,0.0338,0.504,0.0000131,0.121,0.643,101.015,4
spotify:track:7COiiObIVJIdBcW3J43Iy2,USUG12604771,"2 Hard 4 The Radio","ICEMAN","Drake",2026-05-15,183500,79,true,316ye5nphj2c6qd5zczz6wspr4te,2026-07-28T20:06:22Z,"rap","OVO/Republic",0.564,0.434,4,-8.491,0,0.45,0.531,0,0.0936,0.274,82.822,3
spotify:track:65aH3l8LEmRp3HuH5XpKoH,BK4DA2602832,"Carnívoro","Carnívoro","Mc Jacaré;Mc Lele JP;Mc Negão Original;DJ Japa NK",2026-02-13,216000,83,true,316ye5nphj2c6qd5zczz6wspr4te,2026-07-30T17:48:10Z,"funk brasileiro,trap funk,funk carioca,funk consciente","Universal Music Ltda (S&D)",0.677,0.868,11,-4.313,0,0.0322,0.594,0,0.0967,0.966,95.994,4
spotify:track:11Pyzl3LTwpM9yVIDdwK68,BRWMB2500340,"Feliz no Simples 🍀","Feliz no Simples 🍀","Mc IG;MC Ryan SP;DJ Glenner;MC PH;DJ Hyago",2025-05-13,233386,65,false,316ye5nphj2c6qd5zczz6wspr4te,2026-07-31T17:37:40Z,"funk brasileiro,trap funk,funk consciente,trap brasileiro","WM Brazil",0.594,0.457,1,-6.444,1,0.215,0.0468,0,0.126,0.325,98.903,3
spotify:track:2364CtKIeJNVUnZZHKrzIr,BRWMB2600273,"Mente Barulhenta","Quem Tá Vivo, Tá Vivendo","Mc IG;Mc Lele JP;DJ Oreia;DJ Noiskita",2026-03-26,215433,78,true,316ye5nphj2c6qd5zczz6wspr4te,2026-07-31T17:39:01Z,"funk brasileiro,trap funk,funk consciente","WM Brazil",0.841,0.546,6,-7.696,0,0.199,0.314,0.0000616,0.11,0.665,122.003,4
spotify:track:255dJ8lHxdUsNEvbaakTPB,BRWMB2401080,"Noite Carioca","Bad Boys","Mc IG;MC Ryan SP;Murillo e LT no Beat;MC PH;MC GP;TrapLaudo;MC Nego Micha;Borges;MC Maneirinho;L7NNON;Bielzin;Mc Cidinho General",2024-08-21,810000,59,false,316ye5nphj2c6qd5zczz6wspr4te,2026-07-31T17:40:26Z,"funk brasileiro,trap funk,funk consciente,trap brasileiro,funk carioca,trap,hip hop brasileiro","WM Brazil",0.692,0.58,5,-2.365,0,0.155,0.309,0,0.102,0.566,170.02,4
spotify:track:27ECP9NCzTAoTpxXNePZuS,BXKG22301205,"01 Não É 02","01 Não É 02","Mc Paiva ZS;Love Funk;DJ Ak beats",2023-06-21,128503,63,true,316ye5nphj2c6qd5zczz6wspr4te,2026-07-31T17:45:06Z,"funk brasileiro,trap funk,funk consciente,funk carioca","Love Funk",0.631,0.817,5,-6.645,0,0.072,0.661,0,0.553,0.755,166.97,4
spotify:track:4lMlrhkLH1NkEFf3eTtYTU,BCSOR2501027,"Calculista 2","A Lua Me Viu Errar","MC Joãozinho VT;Mc Paiva ZS;MC Tuto;DJ JR No Beat",2025-08-19,284425,53,true,316ye5nphj2c6qd5zczz6wspr4te,2026-07-31T17:46:13Z,"funk brasileiro,funk consciente,trap funk,funk carioca","Sonar Music",0.913,0.34,3,-7.807,1,0.134,0.184,0.000077,0.12,0.622,109.946,4
spotify:track:22NHkFYbgxB2Zirj29Gbp8,USRC12601059,"oh yeah?","Oh yeah?","Steve Lacy",2026-07-17,170584,92,true,316ye5nphj2c6qd5zczz6wspr4te,2026-08-01T20:24:09Z,"","L-M Records/RCA Records",0.73,0.734,5,-3.846,0,0.0419,0.176,0.00129,0.19,0.635,137.962,4
spotify:track:6rz0dTA0PdhXImFV5EjM0w,USUG11802778,"Hide (feat. Seezyn)","Spider-Man: Into the Spider-Verse (Soundtrack From & Inspired by the Motion Picture)","Juice WRLD;Seezyn",2018-12-14,205800,76,false,316ye5nphj2c6qd5zczz6wspr4te,2026-08-01T20:29:55Z,"rap melódico,rap emo","Universal Records",0.795,0.507,9,-6.515,0,0.101,0.774,0,0.107,0.785,122.934,4
spotify:track:6Ec5LeRzkisa5KJtwLfOoW,USUM72308540,"Am I Dreaming (Metro Boomin & A$AP Rocky, Roisee)","METRO BOOMIN PRESENTS SPIDER-MAN: ACROSS THE SPIDER-VERSE (SOUNDTRACK FROM AND INSPIRED BY THE MOTION PICTURE)","Metro Boomin;A$AP Rocky;Roisee",2023-06-02,256026,80,false,316ye5nphj2c6qd5zczz6wspr4te,2026-08-01T20:32:20Z,"rap","Republic Records",0.717,0.675,6,-4.451,0,0.0977,0.807,0,0.229,0.799,165.964,4
spotify:track:5rurggqwwudn9clMdcchxT,USUM72308543,"Calling (Spider-Man: Across the Spider-Verse) (Metro Boomin & Swae Lee, NAV, feat. A Boogie Wit da Hoodie)","METRO BOOMIN PRESENTS SPIDER-MAN: ACROSS THE SPIDER-VERSE (SOUNDTRACK FROM AND INSPIRED BY THE MOTION PICTURE)","Metro Boomin;Swae Lee;NAV;A Boogie Wit da Hoodie",2023-06-02,219453,73,false,316ye5nphj2c6qd5zczz6wspr4te,2026-08-01T20:47:18Z,"rap melódico","Republic Records",0.637,0.477,9,-6.071,0,0.473,0.649,0,0.0832,0.35,115.715,5
spotify:track:77UjLW8j5UAGAGVGhR5oUK,USUM71800001,"Pray For Me (with Kendrick Lamar)","Black Panther The Album Music From And Inspired By","The Weeknd;Kendrick Lamar",2018-02-09,211440,69,true,316ye5nphj2c6qd5zczz6wspr4te,2026-08-02T00:36:49Z,"hip hop,west coast hip hop","Black Panther (TDE/DMG) PS",0.913,0.712,8,-5.764,0,0.206,0.0627,0.00000475,0.101,0.83,128.067,4
spotify:track:1eLSF6HfrRA0AsNmTkUlKx,USUM71714093,"King's Dead (with Kendrick Lamar, Future & James Blake)","Black Panther The Album Music From And Inspired By","Jay Rock;Kendrick Lamar;Future;James Blake",2018-02-09,225266,58,true,316ye5nphj2c6qd5zczz6wspr4te,2026-08-02T00:37:06Z,"hip hop,west coast hip hop,rap,trap","Black Panther (TDE/DMG) PS",0.704,0.724,11,-5.577,0,0.0514,0.0988,0,0.0796,0.733,156.101,4
spotify:track:5FkoSXiJPKTNyYgALRJFhD,QM6N21900076,"ORANGE SODA","DIE FOR MY BITCH","Baby Keem",2019-07-19,129882,79,true,316ye5nphj2c6qd5zczz6wspr4te,2026-08-02T00:45:19Z,"","Baby Keem LLC",0.67,0.265,7,-10.395,0,0.108,0.304,0,0.105,0.173,125.058,4
spotify:track:6vHa5xCUuoZikmu0cWPnIj,BXW6U2300002,"Melhor Dia 11: Ilusão com Autoestima","Melhor Dia 11: Ilusão com Autoestima","Marcos Baroni;Teto;Luccas Carlos;MC Ryan SP;Mc Daniel;Veigh;Mc Davi;Real Bege",2023-05-03,394883,47,true,316ye5nphj2c6qd5zczz6wspr4te,2026-08-02T00:57:18Z,"trap brasileiro,trap funk,trap,hip hop brasileiro,pop nacional,funk brasileiro,funk consciente,agronejo","Estúdio Baroni",0.624,0.731,11,-5.038,0,0.351,0.414,0,0.344,0.689,84.362,4
spotify:track:1xP8x5cee3M2DOZDoKnhwV,BXG6R1900499,"Cheguei No Anonimato","Cheguei No Anonimato","Mc Kevin;Mc IG;MC PH",2019-06-06,168000,67,true,316ye5nphj2c6qd5zczz6wspr4te,2026-08-04T14:27:30Z,"funk brasileiro,funk consciente,trap funk,trap brasileiro","GR6 Music",0.742,0.568,7,-6.935,1,0.318,0.746,0.0000292,0.0887,0.439,124.061,4
spotify:track:7t1RoJiMrSZEkUjFmMP10x,NL2J92613575,"Jontex (fumaça do ice)","Jontex (fumaça do ice)","Mc Menor Rf;DJ GUIZIN DA SERRA",2026-05-15,164769,77,true,316ye5nphj2c6qd5zczz6wspr4te,2026-08-04T14:52:50Z,"funk de bh,funk brasileiro","Digital Dreams Records",0.64,0.858,1,-3.9,1,0.336,0.392,0.00000735,0.376,0.651,76.906,4
spotify:track:2UfS83MoaYQEEJgHa8wLMF,BXIV82136717,"RESIDÊNCIA DOS PLUG","RESIDÊNCIA DOS PLUG","Junkye;Mc Felipe Boladão",2021-11-12,164365,60,true,316ye5nphj2c6qd5zczz6wspr4te,2026-08-04T17:02:40Z,"funk consciente,funk brasileiro","Junkye",0.83,0.588,6,-6.212,1,0.339,0.209,0.0000176,0.332,0.453,91.953,4
spotify:track:4K8jKvRCwZcn6FXRJd9T3C,BKSUV2600042,"pros menor da nova","FUNK DE CANALHA","G.A;Veigh;Mc Morena;Supernova Ent",2026-05-22,196535,74,true,316ye5nphj2c6qd5zczz6wspr4te,2026-08-05T23:54:56Z,"trap brasileiro,trap funk,trap,hip hop brasileiro,brega funk,funk brasileiro,funk de bh,brega","Supernova Entertainment",0.834,0.518,11,-7.502,0,0.271,0.116,0.000121,0.116,0.188,129.134,4
spotify:track:2gbEvM5IwVIwJFpTVPUXV5,BK44R2600030,"Cuida do Pet","Cuida do Pet","Oldilla;Mc Iguinho Ct;MC Willian;Aaron Modesto;Mc Negão Original;DU'L;Dj Aladin GDB",2026-05-29,459212,87,true,316ye5nphj2c6qd5zczz6wspr4te,2026-08-08T00:47:56Z,"funk brasileiro,funk consciente,trap funk","Oldilla Records",0.715,0.842,1,-4.653,1,0.214,0.663,0.000808,0.149,0.728,90.017,4
spotify:track:2bIrFpyw3AA2t7gNIkfmGb,USJI10600086,"Gimme That Remix (feat. Lil' Wayne)","Chris Brown (Expanded Edition)","Chris Brown;Lil Wayne",2005,237360,66,false,316ye5nphj2c6qd5zczz6wspr4te,2026-08-11T02:04:24Z,"r&b,rap,hip hop","Jive",0.693,0.729,4,-5.594,0,0.378,0.615,0,0.141,0.425,119.1,4
spotify:track:7Bl0BMBcbMjWPZdZEkW8oR,BX2M81800010,"De Peça Em Peça","De Peça Em Peça","Matuê;Knust;Chris MC",2018-02-01,238854,66,false,316ye5nphj2c6qd5zczz6wspr4te,2026-08-12T21:31:10Z,"trap brasileiro,trap,hip hop brasileiro,trap funk","30PRAUM",0.618,0.567,0,-7.934,0,0.0808,0.242,0.000916,0.314,0.191,111.931,4
spotify:track:301UKq8uNAv7Zj7MQkQWyd,BXG6R2300921,"Terminei Com A Ex","RICKNELSO","MC Rick;Mc Leozin;Dj Caio Vieira",2023-11-03,151384,57,true,316ye5nphj2c6qd5zczz6wspr4te,2026-08-13T01:06:16Z,"funk brasileiro,funk de bh,trap funk","GR6 Music",0.56,0.875,6,-4.873,0,0.421,0.296,0,0.686,0.826,180.107,4
spotify:track:3uLf4claXiAxMOy1w2cgvW,BKSUV2600116,"só penso em tu garota","FUNK DE CANALHA II","G.A;Veigh;MC Meno K;Supernova Ent",2026-08-14,221538,64,true,316ye5nphj2c6qd5zczz6wspr4te,2026-08-14T20:50:05Z,"trap brasileiro,trap funk,trap,hip hop brasileiro,funk brasileiro,funk carioca","Supernova Entertainment",0.498,0.493,5,-5.39,0,0.221,0.257,0.00000198,0.101,0.516,134.683,4
spotify:track:0pmk1GXXva2fYczbaz9OFn,BXG6R1700469,"Lei do Retorno","Lei do Retorno","MC Hariel;Mc Don Juan",2017-06-09,257278,63,true,316ye5nphj2c6qd5zczz6wspr4te,2026-08-15T01:17:53Z,"funk brasileiro,funk consciente,trap funk","GR6 Music",0.722,0.672,0,-7.708,1,0.268,0.0715,0,0.0762,0.646,103.005,4
spotify:track:4k6Uh1HXdhtusDW5y8Gbvy,USRC12201440,"Bad Habit","Gemini Rights","Steve Lacy",2022-07-15,232114,88,true,316ye5nphj2c6qd5zczz6wspr4te,2026-08-16T02:21:19Z,"","L-M Records/RCA Records",0.659,0.444,9,-9.441,0,0.415,0.662,0,0.101,0.33,113.903,5
spotify:track:1VrurP5jOjRM7dRNUFLXly,BXG6R1800726,"Tu Ja Sabe o Que Eu Faço Lá No Meu Barraco","Tu Ja Sabe o Que Eu Faço Lá No Meu Barraco","MC Nego da Marcone;Selminho DJ;DJ Denilson o clínico",2018-09-28,173400,62,true,316ye5nphj2c6qd5zczz6wspr4te,2026-08-16T22:08:43Z,"funk brasileiro,funk carioca,brega funk","GR6 Music",0.566,0.654,3,-3.079,0,0.313,0.553,0,0.0974,0.701,88.95,3
spotify:track:63SHcJzckFykS8faA5zojY,QZHZ31910546,"Vem Me Satisfazer","Vem Me Satisfazer","MC Ingryd;DJ Henrique da VK",2019-08-20,188388,65,false,316ye5nphj2c6qd5zczz6wspr4te,2026-08-16T22:09:33Z,"funk brasileiro,brega funk,funk carioca","MC Ingryd",0.789,0.795,0,-1.792,0,0.477,0.708,0,0.151,0.752,86.642,5
spotify:track:26WpOBpHiIMoBuMEIwtOCH,BRWMB1900441,"Quando a vontade bater (Participação especial de PK Delas)","Quando a vontade bater (Participação especial de PK Delas)","Pk;PK Delas",2019-03-04,166400,71,true,316ye5nphj2c6qd5zczz6wspr4te,2026-08-16T22:10:32Z,"funk brasileiro,trap funk,hip hop brasileiro,funk carioca","WM Brazil",0.585,0.737,4,-4.121,0,0.191,0.0661,0,0.0904,0.0497,171.853,4
spotify:track:60PAzFNW3vAiAiVK6DRJfB,USUM70957500,"Day 'N' Nite (Nightmare)","Man On The Moon: The End Of Day (Int'l Version)","Kid Cudi",2009-01-01,221240,76,false,316ye5nphj2c6qd5zczz6wspr4te,2026-08-17T02:13:07Z,"","Kid Cudi/Universal Records",0.697,0.643,8,-5.515,0,0.044,0.422,0,0.134,0.308,143.964,4
spotify:track:6HQG4Qek65p5TwbMalqN1M,BRRGE2300713,"Lista De Contato","Lista De Contato","Dudu;Ryu, The Runner;Ecologyk",2023-09-29,122826,50,false,316ye5nphj2c6qd5zczz6wspr4te,2026-08-17T02:47:02Z,"trap brasileiro,hip hop brasileiro,trap,trap funk","Som Livre",0.734,0.539,4,-7.244,0,0.0429,0.0623,0.0000154,0.309,0.18,117.98,4
spotify:track:3kW4z2pIj5VY5fLjBrMRL5,USAT22001369,"P2","Eternal Atake","Lil Uzi Vert",2020-03-06,234626,66,true,316ye5nphj2c6qd5zczz6wspr4te,2026-08-17T21:20:03Z,"rap melódico,rage rap","Generation Now/Atlantic",0.759,0.598,4,-4.327,0,0.0616,0.358,0,0.0861,0.281,149.861,4
spotify:track:2g6tReTlM2Akp41g0HaeXN,USUM72208965,"Die Hard","Mr. Morale & The Big Steppers","Kendrick Lamar;Blxst;Amanda Reifer",2022-05-13,239026,74,true,316ye5nphj2c6qd5zczz6wspr4te,2026-08-18T17:20:42Z,"hip hop,west coast hip hop","pgLang/Top Dawg Entertainment/Aftermath/Interscope Records",0.786,0.487,11,-8.061,0,0.31,0.545,0,0.092,0.365,99.907,4
spotify:track:6oYS9MTTdswq06sfirnuzO,BRXM91300151,"Mais amor menos recalque","As Melhores","Mc Daleste;Dj Wilton",2020,287334,57,false,316ye5nphj2c6qd5zczz6wspr4te,2026-08-19T03:48:55Z,"funk brasileiro,funk consciente","Mundo do Funk",0.583,0.447,1,-6.583,0,0.091,0.22,0,0.111,0.587,89.866,3
spotify:track:37J7T56pGfgnQQMlAqdrGt,BRRGE2500206,"Sem Sentimento","Sem Sentimento","Vulgo FK;DU'L;MC GP;Pedro Lotto;Toledo;Galdino",2025-04-03,132244,56,true,316ye5nphj2c6qd5zczz6wspr4te,2026-08-19T09:58:54Z,"trap brasileiro,trap funk,trap,funk brasileiro,hip hop brasileiro,funk consciente","Som Livre",0.833,0.498,10,-5.196,0,0.117,0.0493,0,0.119,0.259,139.928,4
spotify:track:1e1JKLEDKP7hEQzJfNAgPl,USUM71703095,"Magnolia","Playboi Carti","Playboi Carti",2017-04-14,181812,80,true,316ye5nphj2c6qd5zczz6wspr4te,2026-08-19T17:18:47Z,"rage rap","AWGE Label",0.63,0.706,11,-4.981,0,0.44,0.0213,0,0.203,0.561,82.052,3
spotify:track:7gDCVXV3vJKWsP93QnbbhJ,BXXCT2000012,"Al Capone","Al Capone","Jovem Dex;Hash Produções;Portugal No Beat",2018-11-21,173552,28,false,316ye5nphj2c6qd5zczz6wspr4te,2026-08-20T19:56:52Z,"trap brasileiro,trap,hip hop brasileiro,trap funk","HASH PRODUCOES",0.725,0.469,8,-7.848,0,0.159,0.569,0,0.191,0.656,126.015,4
spotify:track:1LbGQIbIK5fybh2AfGz0hw,US7VG1789586,"Lama no Copo","Lama no Copo","Matuê",2017-06-26,253433,0,false,316ye5nphj2c6qd5zczz6wspr4te,2026-08-20T20:05:32Z,"trap brasileiro,trap,hip hop brasileiro,trap funk","30PRAUM",0.853,0.693,1,-6.87,1,0.275,0.0239,0,0.11,0.662,95.967,4
spotify:track:5jaqPYoLJjfJT92vQ7WXha,QZNJY2114861,"Tantos Planos","Rest In Peace","Brocasito;JayPluggz;Stuani",2021-11-05,146774,63,true,316ye5nphj2c6qd5zczz6wspr4te,2026-08-20T20:11:03Z,"trap brasileiro,boom bap,trap","BrocaGang",0.607,0.602,3,-6.011,0,0.23,0.322,0,0.0907,0.717,125.959,4
spotify:track:5pa5vziofJ0YsDTbKY49ow,QZ5FN2609476,"JIGSAW","FATALFATALFATAL","FAB GODAMN;MC Caverinha;C4rlinhxs",2026-01-30,93658,36,true,316ye5nphj2c6qd5zczz6wspr4te,2026-08-20T20:21:38Z,"trap brasileiro,trap,trap funk,hip hop brasileiro","Fab Godamn",0.437,0.798,2,-3.928,1,0.0792,0.603,0,0.552,0.706,157.828,4
spotify:track:7hgKeJgEQyjl6JcpudzvzU,BXA5K2500015,"Cacos De Vidro (sample: Esperar pra Ver)","Diamantes, Lágrimas e Rostos para Esquecer","BK;Kolo;Evinha",2025-01-28,149373,75,false,316ye5nphj2c6qd5zczz6wspr4te,2026-08-20T21:27:13Z,"hip hop brasileiro,boom bap,trap brasileiro,mpb,bossa nova,jazz brasileiro","Gigantes",0.664,0.728,8,-6.6,1,0.0313,0.13,0.108,0.173,0.297,120.036,4
spotify:track:1F5Qp0SJS0QUfqIoQggrLz,QZNMU2421699,"The Largest","The Largest","BigXthaPlug",2024-08-09,132266,70,true,316ye5nphj2c6qd5zczz6wspr4te,2026-08-20T21:54:12Z,"southern hip hop","BigXthaPlug under exclusive license to UnitedMasters LLC",0.751,0.711,1,-6.004,1,0.0447,0.134,0.000275,0.0927,0.605,140.006,4
spotify:track:5ooFbBHL6xleehCpWACc9M,BKWDJ2600048,"Menos Foco Mais Ansiedade (Ce Ta Nervosa)","Menos Foco Mais Ansiedade (Ce Ta Nervosa)","dj andreoli;Mc Jacaré;MC Ryan SP;ZANOLINI;Mc Lele JP;MC LUUKY",2026-05-28,234461,83,true,316ye5nphj2c6qd5zczz6wspr4te,2026-08-21T18:13:16Z,"funk brasileiro,electro,trap funk,funk carioca,funk consciente","Djandreoli",0.914,0.415,6,-10.708,1,0.464,0.0536,0,0.131,0.646,135.03,4
spotify:track:7JGpwS3i7HAUJnzV1q9WLX,BXG6R2000355,"Set do DJ Pedro 2.0","Set do DJ Pedro 2.0","MC Rodolfinho;Mc Kevin;MC Ryan SP;MC Menor da VG;Mc Don Juan;DJ Pedro",2020-03-15,247741,64,true,316ye5nphj2c6qd5zczz6wspr4te,2026-08-21T18:23:42Z,"funk brasileiro,funk consciente,trap funk","GR6 Music",0.803,0.565,5,-4.711,0,0.235,0.0558,0,0.141,0.474,163.085,4
spotify:track:4KX0RbKTvLxlFjHZBSMNWL,BRWMB2600543,"Torra a Paciência","Cadê o Negão?","Mc Negão Original;MC LUUKY;MC Ryan SP;DJ Japa NK;DJ WILL TN",2026-05-07,170138,68,true,316ye5nphj2c6qd5zczz6wspr4te,2026-08-21T18:48:41Z,"funk brasileiro,trap funk,funk consciente","WM Brazil",0.856,0.84,6,-7.736,0,0.334,0.0973,0,0.0773,0.792,95.416,4
spotify:track:3Uq45ipGutypFPmETfaoaH,BX0SO1900185,"Gaiola É o Troco","Gaiola É o Troco","MC Du Black;DJ 2F",2019-06-07,187245,71,true,316ye5nphj2c6qd5zczz6wspr4te,2026-08-21T18:59:18Z,"funk brasileiro,brega funk,funk carioca","EP MIX Editora",0.787,0.57,3,-5.881,1,0.225,0.0449,0,0.135,0.733,142.974,4
spotify:track:5STdMlrBf6pqWiNE7WqxSi,USIR10300018,"Many Men (Wish Death)","Get Rich Or Die Tryin'","50 Cent",2003-02-06,256240,81,true,316ye5nphj2c6qd5zczz6wspr4te,2026-08-21T21:25:49Z,"hip hop old school,east coast hip hop","Shady Records"
spotify:track:7JJmb5XwzOO8jgpou264Ml,USUM71702833,"There's Nothing Holdin' Me Back","Illuminate (Deluxe)","Shawn Mendes",2017-04-20,199440,91,false,316ye5nphj2c6qd5zczz6wspr4te,2026-08-21T22:26:10Z,"","Island Records"
spotify:track:0PvFJmanyNQMseIFrU708S,USUM72013355,"For The Night (feat. Lil Baby & DaBaby)","Shoot For The Stars Aim For The Moon","Pop Smoke;Lil Baby;DaBaby",2020-07-03,190476,11,true,316ye5nphj2c6qd5zczz6wspr4te,2026-08-22T00:32:20Z,"drill do brooklyn,drill de nova iorque,drill","Victor Victor Worldwide"
spotify:track:197cs7vsw5OyNDw7z4i6DK,BRWMB2501583,"TIKTAK ⏱️","FKAY","KayBlack;Vulgo FK;MC Caverinha;Fepache",2025-11-25,180705,53,false,316ye5nphj2c6qd5zczz6wspr4te,2026-08-22T22:41:49Z,"trap brasileiro,trap funk,trap,hip hop brasileiro,funk brasileiro,funk consciente","WM Brazil"
spotify:track:5vKFOIYILoR6UfhxKeHXtX,BK4DA2660956,"Ta Pedindo Toma","Na Contramão","MC Leozinho ZS;MC Murilo MT;Mc DR;DJ JHOW BEATS;MC RN do Capão;Mc Pelourinho",2026-07-27,276230,65,true,316ye5nphj2c6qd5zczz6wspr4te,2026-08-22T23:08:34Z,"funk brasileiro,funk consciente,trap funk","Legenda Records"
spotify:track:4ZuUJilJAe5MSA8dXHdOXR,BCSOR2501271,"2026","2026","MC Tuto;DJ Oreia",2025-12-18,178048,70,false,316ye5nphj2c6qd5zczz6wspr4te,2026-08-23T23:44:25Z,"funk brasileiro,funk consciente,trap funk","Universal Music Ltda."
spotify:track:6omKlm9PHL3w95NzNtVDZd,BCSOR2600024,"Faz Parte De Mim","Faz Parte De Mim","MC Tuto;DJ Oreia",2026-02-02,153600,74,false,316ye5nphj2c6qd5zczz6wspr4te,2026-08-23T23:45:15Z,"funk brasileiro,funk consciente,trap funk","Universal Music Ltda."
spotify:track:7dLw4FM0rYgwJEzkbwRVr1,BXG6R2500929,"Pra Não Esquecer De Mim","Pra Não Esquecer De Mim","Aaron Modesto;Mc Magal;MC Meno K;DJ Glenner",2025-11-10,192755,81,true,316ye5nphj2c6qd5zczz6wspr4te,2026-08-24T00:36:56Z,"funk brasileiro,trap funk,funk consciente,funk carioca","GR6 Music"
spotify:track:0OuQVzrMf1mqhSNryxlqmo,BX46W2200009,"Baby Cê é Gata","Dias Antes de Mandrake","Kyan;Mu540",2022-10-11,118976,57,true,316ye5nphj2c6qd5zczz6wspr4te,2026-08-24T21:18:32Z,"trap brasileiro,trap funk,trap,hip hop brasileiro","Ceia Ent."
spotify:track:3QGsuHI8jO1Rx4JWLUh9jd,USUM71604711,"Treat You Better","Illuminate","Shawn Mendes",2017-04-20,187973,94,false,316ye5nphj2c6qd5zczz6wspr4te,2026-08-25T23:53:29Z,"","Island Records"
spotify:track:2UXbsA8Q2tg90kjEn2gV7j,BX9L12100282,"Joga Essa Rabeta","Joga Essa Rabeta","MC Teuzin PV;MC Skcot;DJ GH Sheik",2022-01-03,155076,68,true,316ye5nphj2c6qd5zczz6wspr4te,2026-08-26T00:57:51Z,"funk carioca,funk de bh","Funk Explode Records"
spotify:track:0yL7K9MzC20uBesZTPY81r,BXG5C2100582,"Pandora","Pandora","DJ Matt D;Menor MC;MC GP;Vulgo FK",2021-11-26,177000,69,true,316ye5nphj2c6qd5zczz6wspr4te,2026-08-26T00:58:07Z,"funk brasileiro,funk consciente,trap funk,trap brasileiro,trap,hip hop brasileiro","GREE CASSUA"
spotify:track:2zUC2BnjdVkB0OWvFQkKHa,BKC3C2600020,"Pau Pra Toda Obra","Pau Pra Toda Obra","Mc Jacaré;MC Ryan SP;Mc IG;Mc Lele JP",2026-06-19,228923,86,true,316ye5nphj2c6qd5zczz6wspr4te,2026-08-28T17:45:48Z,"funk brasileiro,trap funk,funk carioca,funk consciente","Universal Music Ltda (S&D)"
spotify:track:1UD90xfJvPlRe4mRryjQCc,BCSOR2600227,"Menor Neurose","Menor Neurose","DJ Gu;MC Joãozinho VT;MC Tuto;MC Marks;MC Vine7;Mc Dkziin;MC Jottak",2026-04-24,324923,76,true,316ye5nphj2c6qd5zczz6wspr4te,2026-08-31T00:33:49Z,"funk brasileiro,funk consciente,trap funk","Sonar Music"
spotify:track:1hGy2eLcmC8eKx7qr1tOqx,USSM10701781,"Beautiful Girls","Beautiful Girls","Sean Kingston",2007-07-23,225373,84,false,316ye5nphj2c6qd5zczz6wspr4te,2026-09-01T17:04:16Z,"","Epic"
spotify:track:6FNItOka2SwtgxvIxihjsU,BXKG22100065,"Praiou","Praiou","Mc Lipi;Dj GM",2021-02-05,203467,51,false,316ye5nphj2c6qd5zczz6wspr4te,2026-09-01T18:12:54Z,"funk consciente,funk brasileiro,trap funk","LoveFunk"
spotify:track:1AfNdxHdE4OLcnQUyC6j3i,BXKZM1900362,"Eterna Sacanagem","Eterna Sacanagem","MC JottaPê;MC Kekel;MC Kevinho",2019-10-18,168800,65,false,316ye5nphj2c6qd5zczz6wspr4te,2026-09-01T23:45:04Z,"funk brasileiro,brega funk,agronejo,funk pop","KondZilla Records"
spotify:track:5nzn9neUXxZhv0WPYMbBQw,BRWMB2601159,"Puxa o Lança","Já Virei Lenda Aqui","MC Jvila;KayBlack;Veigh;Vulgo FK;Honaiser;Nagalli;Stick;Toledo",2026-09-01,291713,80,true,316ye5nphj2c6qd5zczz6wspr4te,2026-09-02T00:37:39Z,"funk brasileiro,trap funk,funk consciente,trap brasileiro,trap,hip hop brasileiro","WM Brazil"
spotify:track:3M4B9yhMAdgnpYphJjlXvP,US7VG1601528,"Veracruz","Veracruz","Mc Kevin",2016-01-06,234057,61,true,316ye5nphj2c6qd5zczz6wspr4te,2026-09-02T11:59:48Z,"funk brasileiro,funk consciente,trap funk","GR6 Music"
spotify:track:3ruoIF2UnoXdzK8mR61ebq,USSM12005348,"Rich Nigga Shit (feat. Young Thug)","SAVAGE MODE II","21 Savage;Metro Boomin;Young Thug",2020-10-02,190331,77,true,316ye5nphj2c6qd5zczz6wspr4te,2026-09-02T12:02:47Z,"rap,rap melódico,trap","Slaughter Gang, LLC/Epic/Boominati Worldwide/Republic"
spotify:track:6syoEFGSKDumTu7VTvO44A,BRRGE2300533,"Porsche Hortelã","Perdas & Ganhos, Vol. 2","Vulgo FK;Pedro Lotto;Galdino",2023-07-14,137374,55,true,316ye5nphj2c6qd5zczz6wspr4te,2026-09-03T03:03:13Z,"trap brasileiro,trap funk,trap,funk brasileiro,hip hop brasileiro","Som Livre"
spotify:track:0Pjd5h1ZOSyhSwZrDeCIXg,BXG6R2100135,"Giro dos Artistas","Giro dos Artistas","Mc Bruninho da Praia;Mc Kevin;Mc IG;Mc Magal;MC GP;DJ Oreia",2021-02-06,338823,64,true,316ye5nphj2c6qd5zczz6wspr4te,2026-09-03T21:53:48Z,"funk consciente,funk brasileiro,trap funk","GR6 Music"
spotify:track:5bcTCxgc7xVfSaMV3RuVke,GBARL1700772,"Feels (feat. Pharrell Williams, Katy Perry & Big Sean)","Funk Wav Bounces Vol.1","Calvin Harris;Pharrell Williams;Katy Perry;Big Sean;Funk Wav",2017-06-30,223413,83,true,316ye5nphj2c6qd5zczz6wspr4te,2026-09-03T22:00:48Z,"edm,pop","Columbia"
spotify:track:48RrDBpOSSl1aLVCalGl5C,USUM71314082,"The Monster","The Marshall Mathers LP2","Eminem;Rihanna",2013-11-05,250188,85,true,316ye5nphj2c6qd5zczz6wspr4te,2026-09-03T22:02:21Z,"rap,hip hop","Eminem Catalog PS"
spotify:track:4TtFvGGps7haO0XbmhVz2y,GBAHS2600451,"GASS (feat. Travis Scott)","LOCKED IN","Nemzzz;Travis Scott",2026-09-04,116571,80,true,316ye5nphj2c6qd5zczz6wspr4te,2026-09-04T17:07:08Z,"drill reino unido,drill,rap","Atlantic Records UK"
spotify:track:6zk2KqmVIvyKRbF50hXP5Q,BC2TS2500005,"Odisseia","Odisseia","Tz da Coronel",2025-05-19,137118,48,false,316ye5nphj2c6qd5zczz6wspr4te,2026-09-04T21:51:26Z,"trap brasileiro,trap funk,trap,hip hop brasileiro","Cúpula Records"
spotify:track:0lodMO0qK83vfPiiD7FMEt,USSM12305013,"TOPIA TWINS (feat. Rob49 & 21 Savage)","UTOPIA","Travis Scott;Rob49;21 Savage",2023-07-28,223173,73,true,316ye5nphj2c6qd5zczz6wspr4te,2026-09-05T17:40:52Z,"rap","Cactus Jack/Epic"
spotify:track:3B54sVLJ402zGa6Xm4YGNe,USSM11703478,"Unforgettable","Jungle Rules","French Montana;Swae Lee",2017-07-14,233901,89,true,316ye5nphj2c6qd5zczz6wspr4te,2026-09-05T17:44:54Z,"","Bad Boy Entertainment/Epic Records"
spotify:track:1RPrzKZdkzCNV0Ux0xEHg2,BRUM71600010,"Ela Só Quer Paz","Ela Só Quer Paz","Projota",2016-01-27,174382,68,false,316ye5nphj2c6qd5zczz6wspr4te,2026-09-05T19:18:43Z,"hip hop brasileiro,pop nacional","Universal Music Ltda."
spotify:track:00j16DuIL1HPHjjLMNcYX0,BXFGZ1800027,"Planos","Gigantes","BK;Luccas Carlos;Arit",2018-10-13,219334,74,false,316ye5nphj2c6qd5zczz6wspr4te,2026-09-05T19:20:57Z,"hip hop brasileiro,boom bap,trap brasileiro","Pirâmide Perdida Records"
spotify:track:6czFTaJt3z4dQTUj9krR6k,BKSUV2600151,"Nois Dois","PAGANDO O PREÇO","Ghard;Mc Paiva ZS;Supernova Ent",2026-09-03,155000,47,true,316ye5nphj2c6qd5zczz6wspr4te,2026-09-05T19:24:28Z,"trap brasileiro,trap,trap funk,funk brasileiro,funk consciente,funk carioca","Supernova"
spotify:track:4BcymWo7t3t27RNb9mbNFx,BRUM72601741,"GRWM","É O Iguinho Da CT","Mc Iguinho Ct;Dj Aladin GDB;MC Willian;MC GP;MC LUUKY;DU'L",2026-08-13,433846,79,false,316ye5nphj2c6qd5zczz6wspr4te,2026-09-05T19:34:16Z,"funk brasileiro,trap funk,funk consciente","Universal Music Ltda."
spotify:track:5ZaXh71fEIjiUtqG8QRYEa,BKSUV2600153,"Ato de preocupação","PAGANDO O PREÇO","Ghard;Veigh;Supernova Ent",2026-09-03,140625,55,true,316ye5nphj2c6qd5zczz6wspr4te,2026-09-08T14:21:48Z,"trap brasileiro,trap,trap funk,hip hop brasileiro","Supernova"
spotify:track:3lb6WD4m1fYh0TpDJxe59h,BKC3C2600017,"É Ruim Ver Os Outros Vivendo (Ex É Ex)","É Ruim Ver Os Outros Vivendo (Ex É Ex)","Mc Jacaré;Mc IG;MC Tuto",2026-08-13,206769,74,true,316ye5nphj2c6qd5zczz6wspr4te,2026-09-09T11:33:59Z,"funk brasileiro,trap funk,funk carioca,funk consciente","Universal Music Ltda (S&D)"
spotify:track:0EjL3q9qRkBGSKMyNnCJk9,GBAHS2600245,"KILLIN EM","LOCKED IN","Nemzzz",2026-09-04,113437,66,true,316ye5nphj2c6qd5zczz6wspr4te,2026-09-11T17:03:29Z,"drill reino unido,drill","Atlantic Records UK"
spotify:track:54T2LiX1K2qVgrkVFDvswJ,GBAHS2600443,"4AM","LOCKED IN","Nemzzz",2026-09-04,155860,68,true,316ye5nphj2c6qd5zczz6wspr4te,2026-09-11T17:03:41Z,"drill reino unido,drill","Atlantic Records UK"
spotify:track:3TXiRWsysT8Edx8Jsffdpe,BX46W2200003,"Longe de Mim","Dias Antes de Mandrake","Kyan;Mu540",2022-10-11,158730,39,true,316ye5nphj2c6qd5zczz6wspr4te,2026-09-11T20:06:23Z,"trap brasileiro,trap funk,trap,hip hop brasileiro","Ceia Ent."
spotify:track:4vdXswz8cxjXUxCQCNuxZ8,BX46W2200004,"Desde Menor","Dias Antes de Mandrake","Kyan;Mu540",2022-10-11,100469,40,true,316ye5nphj2c6qd5zczz6wspr4te,2026-09-11T20:09:25Z,"trap brasileiro,trap funk,trap,hip hop brasileiro","Ceia Ent."
spotify:track:0z4u07ffYikAlS4twYeiey,BX46W2200007,"Mente do Perigo","Dias Antes de Mandrake","Kyan;Mu540",2022-10-11,133125,40,true,316ye5nphj2c6qd5zczz6wspr4te,2026-09-11T20:14:42Z,"trap brasileiro,trap funk,trap,hip hop brasileiro","Ceia Ent."
spotify:track:31WvWvKxDxOCTeGzBUed9w,BX46W2200010,"Neguin 171","Dias Antes de Mandrake","Kyan;Mu540;Wall Hein",2022-10-11,148874,56,true,316ye5nphj2c6qd5zczz6wspr4te,2026-09-11T20:16:51Z,"trap brasileiro,trap funk,trap,hip hop brasileiro","Ceia Ent."
spotify:track:1UsPflAuWTNteFUPJAJe8E,USC4R2332611,"SCIENTISTS & ENGINEERS (feat. Future & Eryn Allen Kane)","MICHAEL","Killer Mike;André 3000;Eryn Allen Kane;Future",2023-06-16,253663,56,true,316ye5nphj2c6qd5zczz6wspr4te,2026-09-12T12:17:34Z,"southern hip hop,hip hop alternativo,jazz ambiente,neo soul,rap,trap","Loma Vista Recordings"
spotify:track:40oYjPdjvFBCZH1Smsk46H,USUM72602587,"Back Home","ADL","Yeat;Joji",2026-03-27,193684,81,true,316ye5nphj2c6qd5zczz6wspr4te,2026-09-12T18:41:43Z,"rage rap","Lyfestyle Corporation/Field Trip Recordings/Capitol Records"
spotify:track:37BxhA4gv0YX6QZaqPsgP6,BKRQM2400006,"CONSTRUA SEUS SONHOS","Só Vilão, Aqui Não Tem Herói","Kyan;Fahel",2024-06-20,97178,45,true,316ye5nphj2c6qd5zczz6wspr4te,2026-09-12T18:43:34Z,"trap brasileiro,trap funk,trap,hip hop brasileiro","Kyan"
spotify:track:2w1bZ6XXclFD67yA1wtF1a,BKRQM2300014,"TRAP DE MALOKA","Só Vilão, Aqui Não Tem Herói","Kyan;KayG;Kayin;Danike;Fahel;6ee;NERESZZ",2024-06-20,288000,44,true,316ye5nphj2c6qd5zczz6wspr4te,2026-09-12T18:46:16Z,"trap brasileiro,trap funk,trap,hip hop brasileiro","Kyan"
spotify:track:6FPZOCbYA71IZenaTNEnS7,BKRQM2400008,"MELHOR DECISÃO","Só Vilão, Aqui Não Tem Herói","Kyan;MC Hariel;Perera DJ",2024-06-20,192000,43,false,316ye5nphj2c6qd5zczz6wspr4te,2026-09-12T18:53:54Z,"trap brasileiro,trap funk,trap,hip hop brasileiro,funk brasileiro,funk consciente","Kyan"
spotify:track:0dCHahKuqi6SEzikN3POxk,BKRQM2400009,"MANDRAKA DO MOMENTO","Só Vilão, Aqui Não Tem Herói","Kyan;Yunk Vino;Vulgo FK;Toledo;Nagalli;Bvga Beatz",2024-06-20,177144,54,false,316ye5nphj2c6qd5zczz6wspr4te,2026-09-12T18:57:19Z,"trap brasileiro,trap funk,trap,hip hop brasileiro,funk brasileiro","Kyan"
spotify:track:2kbSMgvj7H2cqnDXvDAfZS,BRWMB2500322,"Quando Você Ligou","Quando Você Ligou","Mc Negão Original;Vulgo FK;DJ Guh Mix;DJ Yago",2025-04-30,189268,53,true,316ye5nphj2c6qd5zczz6wspr4te,2026-09-12T18:58:02Z,"funk brasileiro,trap funk,funk consciente,trap brasileiro,trap,hip hop brasileiro","WM Brazil"
spotify:track:1gB5KOazfArBeOfXpPdmmz,BKRQM2400011,"UM QUEBRADA","Só Vilão, Aqui Não Tem Herói","Kyan;Kayin;Mu540",2024-06-20,243200,43,true,316ye5nphj2c6qd5zczz6wspr4te,2026-09-12T19:00:47Z,"trap brasileiro,trap funk,trap,hip hop brasileiro","Kyan"
spotify:track:1qmCoDHyfO0k2Kh3kqXwPs,QZFZ41979172,"Loverboy","Loverboy","A-Wall",2019-06-28,224520,71,false,316ye5nphj2c6qd5zczz6wspr4te,2026-09-14T01:29:45Z,"bedroom pop","Duetti"
spotify:track:6VOu9NObZ00mk5KFC6HfIQ,BRRGE2500276,"Gostosa Demais","BOLA + 1 BECK (DELUXE)","Murillo e LT no Beat;Vulgo FK;MC Tuto;Luccas Carlos;TrapLaudo;G.A;Aaron Modesto;MC Joãozinho VT",2025-05-22,496941,37,true,316ye5nphj2c6qd5zczz6wspr4te,2026-09-15T00:58:54Z,"trap funk,funk brasileiro,funk consciente,trap brasileiro,trap,hip hop brasileiro,pop nacional","Som Livre"
spotify:track:2Ejyg4CavumEr7lFUkk9aF,USAT22600119,"Rendezvous (feat. Yeat)","OCTANE","Don Toliver;Yeat",2026-01-30,146801,76,true,316ye5nphj2c6qd5zczz6wspr4te,2026-09-15T01:03:06Z,"rage rap","CactusJack/Donnway/ATL"
spotify:track:6MF4tRr5lU8qok8IKaFOBE,USUM71912963,"Under The Sun (with J. Cole & Lute feat. DaBaby)","Revenge Of The Dreamers III","Dreamville;J. Cole;Lute;DaBaby",2019-07-05,202040,71,true,316ye5nphj2c6qd5zczz6wspr4te,2026-09-15T20:08:04Z,"rap","Dreamville/Interscope Records"
spotify:track:4UChhDCTtneR0QXN0btEmz,BRXCR0900005,"Sorri, Sou Rei (feat. Claudia Leitte)","Box Natiruts","Natiruts;Claudia Leitte",2012-08-14,332653,67,false,316ye5nphj2c6qd5zczz6wspr4te,2026-09-16T16:20:58Z,"reggae,mpb,reggae raiz,reggae pop,axé,pop nacional","Sony Music Entertainment"
spotify:track:2e2J0gYhBEacqZQPiUUmdd,BRWMB2501579,"RELAÇÃO 👩‍❤️‍👨","FKAY","KayBlack;Vulgo FK;Murillo e LT no Beat;Honaiser",2025-11-25,209000,59,false,316ye5nphj2c6qd5zczz6wspr4te,2026-09-16T20:33:28Z,"trap brasileiro,trap funk,trap,hip hop brasileiro,funk brasileiro,funk consciente","WM Brazil"
spotify:track:3QA7VF91ehKfoYEDa5wcJb,BRF280700002,"Mina do Condomínio","America Brasil","Seu Jorge",2007-01-01,400626,69,false,316ye5nphj2c6qd5zczz6wspr4te,2026-09-16T21:21:31Z,"mpb,samba,pagode","seu jorge"
spotify:track:2qcSN7Mhg5Pq1erd1O5ebK,BKSUV2400020,"SE ENVOLVE","MAGIC SHOW","Nagalli;Veigh;Supernova Ent",2024-04-25,129927,56,true,316ye5nphj2c6qd5zczz6wspr4te,2026-09-16T21:24:28Z,"trap brasileiro,trap,trap funk,hip hop brasileiro","Supernova Ent"
spotify:track:6SCqMl5aQcHQnMspvyddNk,BCGWP2500005,"Saca da Twin","Saca da Twin","Mc Lele JP;Dj GM;MC Tuto;Gudy",2025-02-28,238032,66,false,316ye5nphj2c6qd5zczz6wspr4te,2026-09-17T19:42:38Z,"funk brasileiro,funk consciente,trap funk","GRINGOS WORLD PRODUTORA"
spotify:track:2l3qol4Ji7laBQtGxzJguJ,BXG6R2001240,"Ela Vem - SET DJ NENE","Ela Vem (SET DJ NENE)","MC GP;MC Ryan SP;Mc Kevin;Mc Lele JP;Dj Nene",2020-03-31,282352,67,true,316ye5nphj2c6qd5zczz6wspr4te,2026-09-19T04:23:58Z,"funk brasileiro,funk consciente,trap funk","GR6 Music"
spotify:track:38Ps9Kui6qJjpVqdBOfN5M,BRRGE2500260,"P do Pecado - Ao Vivo","MOLHO (Ao Vivo)","Grupo Menos É Mais;Simone Mendes",2025-10-16,192367,76,false,316ye5nphj2c6qd5zczz6wspr4te,2026-09-21T18:49:37Z,"pagode,samba,sertanejo,sertanejo universitário,piseiro,forró","Som Livre"
spotify:track:6l1U4fX41XmzZfi67q9i8X,BC3PG2303886,"Capricorniana","Capricorniana","Mc Lzyn;DJ DuBom",2023-03-31,170181,62,true,316ye5nphj2c6qd5zczz6wspr4te,2026-09-21T19:24:34Z,"funk brasileiro,trap funk","MR10 e Portuga Records"
spotify:track:6S2i0NlITbGZw8ltpUkwO7,BXA5K2200007,"Amanhecer","ICARUS","BK;Nansy Silvvz;Gigantes",2022-11-17,211786,75,false,316ye5nphj2c6qd5zczz6wspr4te,2026-09-22T00:53:56Z,"hip hop brasileiro,boom bap,trap brasileiro","Gigantes"
spotify:track:0OBv4CEP5FKS19ZQGHAUM6,BXKG22301929,"Fala na Cara","Fala na Cara","Mc Paiva ZS;DJ Ak beats;Love Funk",2023-10-11,171707,70,true,316ye5nphj2c6qd5zczz6wspr4te,2026-09-23T22:53:07Z,"funk brasileiro,trap funk,funk consciente,funk carioca","Love Funk"
spotify:track:22p1f7rHf3dDveLVyot0eY,BXG6R2200532,"Noite Paulista","O Que O Igor Guilherme Anda Pensando ?","Mc IG;Mc Paiva ZS;MC PH;MC Ryan SP;Mc Luki;Gabb MC",2022-08-24,323855,59,true,316ye5nphj2c6qd5zczz6wspr4te,2026-09-23T22:54:18Z,"funk brasileiro,trap funk,funk consciente,funk carioca,trap brasileiro","GR6 Music"
spotify:track:5jDiJWKgksOhxvaa5qfRJp,BX7P32300676,"Modo Esquece","Nova Tendência","MC GP;Dj Victor;Mc IG;TrapLaudo;MC Menor da VG;Lil Kid 777;Aaron Modesto;MC Gui Da Norte;MC Tuto",2023-12-14,520090,64,true,316ye5nphj2c6qd5zczz6wspr4te,2026-09-23T22:59:54Z,"funk brasileiro,funk consciente,trap funk,trap brasileiro","MC GP NOVA ERA"
spotify:track:1aAF2xWL9xuD6X3JjiljnR,BK4DA2637309,"EXAGERADO","Já Virei Lenda Aqui","MC Jvila;MC Meno K;Mc Rodrigo do CN;DJ Glenner",2026-09-01,230625,75,true,316ye5nphj2c6qd5zczz6wspr4te,2026-09-23T23:01:00Z,"funk brasileiro,trap funk,funk consciente,funk carioca,funk de bh","WM Brazil"
spotify:track:5Z4TYur0O9OxmxIo6GC2Gq,BCENK2200007,"Oi, Como Ce Tá?","Oi, Como Ce Tá?","Vulgo FK;AMUSIK;WEY;Wall Hein",2022-02-18,156153,66,false,316ye5nphj2c6qd5zczz6wspr4te,2026-09-23T23:05:29Z,"trap brasileiro,trap funk,trap,funk brasileiro,hip hop brasileiro","Elenko Music"
spotify:track:3h7Hn9WEMOJFn8yw9NUmAX,BRWMB2501575,"FLORES 💐","FKAY","KayBlack;Vulgo FK;Murillo e LT no Beat",2025-11-25,161280,63,false,316ye5nphj2c6qd5zczz6wspr4te,2026-09-23T23:08:47Z,"trap brasileiro,trap funk,trap,hip hop brasileiro,funk brasileiro,funk consciente","WM Brazil"
spotify:track:17FxYOCcJ0lF4M2EuYkrb5,BXFGZ1600003,"Sigo na Sombra","Castelos & Ruínas","BK;El Lif Beatz",2016-03-21,195324,58,false,316ye5nphj2c6qd5zczz6wspr4te,2026-09-23T23:12:43Z,"hip hop brasileiro,boom bap,trap brasileiro","Pirâmide Perdida Records"
spotify:track:4SOHLqfBQe0fdl1GtisjCb,BXFGZ1600004,"Quadros","Castelos & Ruínas","BK;Luccas Carlos;JXNV$;Ashira",2016-03-21,309618,60,false,316ye5nphj2c6qd5zczz6wspr4te,2026-09-23T23:20:35Z,"hip hop brasileiro,boom bap,trap brasileiro","Pirâmide Perdida Records"
spotify:track:1cLYvKsm34lAPyhNKY7HZ0,BXFGZ1600007,"Caminhos","Castelos & Ruínas","BK;El Lif Beatz",2016-03-21,167999,61,false,316ye5nphj2c6qd5zczz6wspr4te,2026-09-23T23:26:05Z,"hip hop brasileiro,boom bap,trap brasileiro","Pirâmide Perdida Records"
spotify:track:7p5aPwUrftRoGFdriutm5w,BXFGZ1600009,"Pirâmide","Castelos & Ruínas","BK;JXNV$",2016-03-21,199135,53,false,316ye5nphj2c6qd5zczz6wspr4te,2026-09-24T00:39:29Z,"hip hop brasileiro,boom bap,trap brasileiro","Pirâmide Perdida Records"
spotify:track:4peu9YxoCAmkS52XNZV1mT,BXFGZ1600010,"Amores, Vícios e Obsessões","Castelos & Ruínas","BK;JXNV$",2016-03-21,194478,64,false,316ye5nphj2c6qd5zczz6wspr4te,2026-09-24T00:40:33Z,"hip hop brasileiro,boom bap,trap brasileiro","Pirâmide Perdida Records"
spotify:track:3iANw5qJ3S79vxXt8XEwxQ,BXFGZ1600012,"Um Dia de Chuva Qualquer","Castelos & Ruínas","BK;El Lif Beatz",2016-03-21,219753,55,false,316ye5nphj2c6qd5zczz6wspr4te,2026-09-24T00:45:30Z,"hip hop brasileiro,boom bap,trap brasileiro","Pirâmide Perdida Records"
spotify:track:60B493B55sBjjJ5JFhAUkm,BXFGZ1600014,"O Próximo Nascer do Sol","Castelos & Ruínas","BK;JXNV$",2016-03-21,186806,57,false,316ye5nphj2c6qd5zczz6wspr4te,2026-09-24T00:49:54Z,"hip hop brasileiro,boom bap,trap brasileiro","Pirâmide Perdida Records"
spotify:track:3OrMzKr1E8FCCpRH4xhjwr,BXFGZ1800017,"Gigantes","Gigantes","BK;JXNV$;Juyè",2018-10-13,232096,51,false,316ye5nphj2c6qd5zczz6wspr4te,2026-09-24T00:56:53Z,"hip hop brasileiro,boom bap,trap brasileiro","Pirâmide Perdida Records"
spotify:track:6oFyvldO87tKaStj3cQ1KH,BXFGZ1800020,"Abebe Bikila","Gigantes","BK;KL Jay;El Lif Beatz",2018-10-13,263286,42,false,316ye5nphj2c6qd5zczz6wspr4te,2026-09-24T01:06:41Z,"hip hop brasileiro,boom bap,trap brasileiro","Pirâmide Perdida Records"
spotify:track:180D7ddndoKuifsdIthUPW,BXFGZ1800021,"Titãs","Gigantes","BK;El Lif Beatz",2018-10-13,294314,57,false,316ye5nphj2c6qd5zczz6wspr4te,2026-09-24T01:11:38Z,"hip hop brasileiro,boom bap,trap brasileiro","Pirâmide Perdida Records"
spotify:track:2xL2K3GgaY8Af0gxwTntcn,BXFGZ1800022,"Vivos","Gigantes","BK;Baco Exu do Blues;Luccas Carlos;Nave Beatz",2018-10-13,249813,48,false,316ye5nphj2c6qd5zczz6wspr4te,2026-09-24T01:16:59Z,"hip hop brasileiro,boom bap,trap brasileiro","Pirâmide Perdida Records"
spotify:track:57A5HbAVHLF9yfEUk2vT5G,BK4442400023,"Chuva de Verão (Modo Esquece)","Chuva de Verão (Modo Esquece)","TrapLaudo;Dj Victor",2024-02-23,198620,57,false,316ye5nphj2c6qd5zczz6wspr4te,2026-09-24T22:26:17Z,"funk brasileiro,trap funk,funk consciente","4M RECORDS"
spotify:track:2kmkf0nNZWjJGgFH1kJVvs,BKBSS2300339,"Desacato","Menor do Desacato","MC LUUKY;Mc Don Juan;MC Ryan SP;Mc Davi;TrapLaudo;Mc Kadu;MC Gui Da Norte",2024-12-03,438748,58,true,316ye5nphj2c6qd5zczz6wspr4te,2026-09-24T22:26:49Z,"funk brasileiro,trap funk,funk consciente","EDITORA E GRAVADORA A BASE RECORDS"
spotify:track:7iBATFYW03nTefCrkadzWb,BKC3C2600008,"Vingança","Vingança","Mc Jacaré;MC LUUKY;dj andreoli",2026-04-15,140307,75,false,316ye5nphj2c6qd5zczz6wspr4te,2026-09-24T22:29:13Z,"funk brasileiro,trap funk,funk carioca,funk consciente,electro","Universal Music Ltda (S&D)"
spotify:track:33zbOXJSwW7uf4VXXWow2O,USSM11607548,"the ends","Birds In The Trap Sing McKnight","Travis Scott",2016-09-16,201263,64,true,316ye5nphj2c6qd5zczz6wspr4te,2026-09-26T01:37:13Z,"rap","Cactus Jack / Epic"
spotify:track:4Z5KKoBGxpJo8YbDcGQXd5,USAT22600120,"Secondhand (feat. Rema)","OCTANE","Don Toliver;Rema",2026-01-30,226666,84,true,316ye5nphj2c6qd5zczz6wspr4te,2026-09-26T01:38:14Z,"afrobeats,afrobeat,afropop,afropiano","CactusJack/Donnway/ATL"
spotify:track:0lOQaZwX9AkAiSvObh4G70,USSM12403099,"All to Myself","WE STILL DON'T TRUST YOU","Future;Metro Boomin;The Weeknd",2024-04-12,254320,72,true,316ye5nphj2c6qd5zczz6wspr4te,2026-09-26T01:47:48Z,"rap,trap","Wilburn Holding Co./Boominati/Epic/Republic"
spotify:track:1Goev6cA7GPslY2CdxXzDG,BXW922400015,"desgraçadagostosamaldita","Vagabundo de Luxo","WIU",2024-07-10,180800,66,true,316ye5nphj2c6qd5zczz6wspr4te,2026-09-26T01:53:21Z,"trap brasileiro,trap,trap funk,hip hop brasileiro","30PRAUM"
spotify:track:28hPIa5oKt0npMW77APoMY,BXJK02300035,"Ruas de São Paulo","Ruas de São Paulo","Jotapê;Magrão AllFavela;Prado;lWally",2023-04-28,239999,51,true,316ye5nphj2c6qd5zczz6wspr4te,2026-09-27T15:51:17Z,"hip hop brasileiro,boom bap,trap brasileiro","Original Quality Oficial"
spotify:track:5ychfa5aRAnY8JQdS0FoC3,BRWMB2601163,"Lembranças","Já Virei Lenda Aqui","MC Jvila;MC GP;Mc IG;MC Meno K;DJ Glenner;DU'L;Dj Daltin no Beat",2026-09-01,427920,57,true,316ye5nphj2c6qd5zczz6wspr4te,2026-09-27T16:35:24Z,"funk brasileiro,trap funk,funk consciente,funk carioca","WM Brazil"
spotify:track:1aQjCPrIvQm5cfY7FhAOhq,USWB12102367,"Over The Top (feat. Drake)","Over The Top (feat. Drake)","Smiley;Drake",2021-07-23,153406,66,true,316ye5nphj2c6qd5zczz6wspr4te,2026-09-27T22:36:57Z,"rap","OVO Sound"
spotify:track:4Cta2mXcDdDBGX2TX3bnr6,BKORB2600353,"Set Yuri 22","Set Yuri 22","Mc Lele JP;Mc IG;MC Meno K;DJ Hyago;MC Ryan SP;MC Tuto;Mc Paiva ZS;Menó Prodígio;prodPdrin;Deejhay Luh",2026-09-28,448780,62,true,316ye5nphj2c6qd5zczz6wspr4te,2026-09-29T00:26:09Z,"funk brasileiro,funk consciente,trap funk,funk carioca","BLESSED BOSS RECORDS"
spotify:track:6eFQVh2yGRs9P1Ux3MW8hT,BKLY42400147,"Vou Morrer Com Meu Orgulho","Traumas e Vícios (Deluxe)","CJota;Dfideliz;GvsnoBeat;Ribb",2024-12-12,171154,62,true,316ye5nphj2c6qd5zczz6wspr4te,2026-09-29T19:23:26Z,"trap brasileiro,trap,trap funk,hip hop brasileiro","LYONS PRODUÇÕES OFICIAL"
spotify:track:4X5f3vT8MRuXF68pfjNte5,USRC11201220,"F**kin' Problems (feat. Drake, 2 Chainz & Kendrick Lamar)","LONG.LIVE.A$AP (Deluxe Version)","A$AP Rocky;Drake;2 Chainz;Kendrick Lamar",2013,233786,80,true,316ye5nphj2c6qd5zczz6wspr4te,2026-09-30T00:39:27Z,"rap,southern hip hop,hip hop,west coast hip hop","A$AP Worldwide/Polo Grounds Music/RCA Records"
spotify:track:39za6I56DBTjr2JBJ2eIdo,QZGLM2233844,"Personnalite","Inferno de Kant (Deluxe)","Kant;Chiocki;Sobs;Sueth;UCLÃ",2022-10-27,208910,62,true,316ye5nphj2c6qd5zczz6wspr4te,2026-09-30T11:08:37Z,"trap brasileiro,hip hop brasileiro,trap,trap funk","Kant"
spotify:track:5r9CZJMoMmxio2AnJdxuDS,BCM8E2000012,"Pot-Pourri: Melhor Eu Ir / Ligando Os Fatos / Sonho de Amor / Deixa Eu Te Querer - Ao Vivo","Churrasquinho Menos É Mais (Ao Vivo)","Grupo Menos É Mais;Di Propósito;Vou Zuar",2020-04-23,521088,75,false,316ye5nphj2c6qd5zczz6wspr4te,2026-09-30T21:23:55Z,"pagode,samba","Som Livre"
spotify:track:5eXYtjeneWaSQImbsEhroG,BXW922600058,"D&G","D&G","Brandão85",2026-10-01,135240,60,true,316ye5nphj2c6qd5zczz6wspr4te,2026-10-02T00:01:15Z,"trap brasileiro,trap","Brandão85"
spotify:track:6FXi79sc5EhVJm6aEspkuk,BXW922500064,"SONHOS","ISSO É TRAP","Brandão85",2025-06-18,233142,59,true,316ye5nphj2c6qd5zczz6wspr4te,2026-10-02T00:03:03Z,"trap brasileiro,trap","30PRAUM"
spotify:track:2OaKHGvIxoOzIYjyMsxcT8,QMCE31902024,"3 Headed Snake (feat. Young Thug)","Drip or Drown 2","Gunna;Young Thug",2019-02-22,241995,62,true,316ye5nphj2c6qd5zczz6wspr4te,2026-10-02T03:22:12Z,"rap melódico,rap,trap","300 Entertainment"
spotify:track:1sbEeUY8KsdvgiQi26JBFz,USSM12004501,"POPSTAR (feat. Drake)","KHALED KHALED","DJ Khaled;Drake",2021-04-30,200221,67,true,316ye5nphj2c6qd5zczz6wspr4te,2026-10-04T22:33:30Z,"rap","Epic/We The Best"
spotify:track:7EQvdUJqZ2i7SWvSB2VqGA,US2S71104002,"Doomsday","Operation: Doomsday (Complete)","MF DOOM;Pebbles The Invisible Girl",1999-10-19,298053,77,true,316ye5nphj2c6qd5zczz6wspr4te,2026-10-04T23:27:26Z,"rap experimental,east coast hip hop,jazz rap,hip hop alternativo","Metalface Records"
spotify:track:6HgWWaMu31KdOpEG5l28BG,USQX92302957,"All My Life (feat. J. Cole)","All My Life (feat. J. Cole)","Lil Durk;J. Cole",2023-05-12,223878,72,true,316ye5nphj2c6qd5zczz6wspr4te,2026-10-05T09:44:28Z,"drill de chicago,drill,rap","Alamo"
