Track URI,Track Name,Album Name,Artist Name(s),Release Date,Duration (ms),Popularity,Explicit,Added By,Added At,Genres,Record Label,Danceability,Energy,Key,Loudness,Mode,Speechiness,Acousticness,Instrumentalness,Liveness,Valence,Tempo,Time Signature
spotify:track:1i2kguziI3ZbUZnZMKNhQ2,"400K","Ninguém Tá Puro!","Mc IG;DJ Jorgin",2023-03-15,163500,68,false,31pukwc6x5g7m2u2elje37e7ppje,2024-12-04T18:34:50Z,"funk,trap funk,funk consciente","GR6 Music",0.768,0.52,5,-5.916,0,0.05,0.347,0,0.0843,0.838,79.97,4
spotify:track:3d1im1pw3WLuEty2k9XzTr,"Clickbait","Dos Prédios Deluxe","Veigh;Niink;Bvga Beatz;JHXW;Supernova Ent",2023-05-19,161344,64,true,31pukwc6x5g7m2u2elje37e7ppje,2024-12-04T18:35:13Z,"trap brasileiro,trap funk,trap,hip hop brasileiro","Supernova Entertainment Under Exclusive License to UnitedMasters",0.899,0.544,0,-6.674,0,0.32,0.391,0,0.138,0.753,119.022,4
spotify:track:4hKLzFvNwHF6dPosGT30ed,"Novo Balanço","Dos Prédios Deluxe","Veigh;Bvga Beatz;Prod Malax;Supernova Ent",2023-05-19,140322,72,true,31pukwc6x5g7m2u2elje37e7ppje,2024-12-04T18:35:28Z,"trap brasileiro,trap funk,trap,hip hop brasileiro","Supernova Entertainment Under Exclusive License to UnitedMasters",0.836,0.499,3,-5.82,0,0.0563,0.669,0,0.134,0.65,124.05,4
spotify:track:39xOREhViooEYFpmnKTdrl,"Engana Dizendo Que Ama","Dos Prédios Deluxe","Veigh;Tz da Coronel;Toledo;Nagalli;Bvga Beatz;Supernova Ent",2023-05-19,188497,71,true,31pukwc6x5g7m2u2elje37e7ppje,2024-12-04T18:36:23Z,"trap brasileiro,trap funk,trap,hip hop brasileiro","Supernova Entertainment Under Exclusive License to UnitedMasters",0.789,0.356,6,-10.396,0,0.362,0.542,0,0.145,0.532,111.937,4
spotify:track:6tGQ5RuoGC9jYuiVVLWBMo,"Vida Chique","Dos Prédios","Veigh;Nick Nash;Wylo;Nagalli;Supernova Ent;Kaash Paige",2022-11-18,210545,69,true,31pukwc6x5g7m2u2elje37e7ppje,2024-12-04T22:26:23Z,"trap brasileiro,trap funk,trap,hip hop brasileiro","Supernova Entertainment",0.602,0.461,4,-6.669,0,0.382,0.56,0,0.249,0.555,107.407,4
spotify:track:4FbYt9D0katV4nXZaC01Yt,"Medley de Igaratá 3","Medley de Igaratá 3","Mc Negão Original;DJ Guh Mix;Mc Robert",2024-11-07,265750,67,true,31pukwc6x5g7m2u2elje37e7ppje,2024-12-05T01:29:18Z,"funk,trap funk,funk consciente,funk carioca","Cria Hit BR",0.839,0.662,5,-5.738,0,0.307,0.312,0,0.398,0.834,130.12,4
spotify:track:1torN4n9hcUHoJ5gCgNS11,"Bad Boys","Bad Boys","Mc IG;MC Ryan SP;MC PH;DJ Glenner;Mano Brown",2024-08-20,351496,55,false,31pukwc6x5g7m2u2elje37e7ppje,2024-12-19T03:46:46Z,"funk,trap funk,funk consciente,trap brasileiro,hip hop brasileiro","WM Brazil",0.484,0.628,11,-8.069,0,0.319,0.604,0,0.11,0.797,84.969,5
spotify:track:3Uc1umNQVfi2HjywAbxwDX,"Velho da Lancha","Dr. Igor Guilherme","Mc IG;Mc Neguinho PRT;Fepache;Dj TC",2024-12-12,200000,57,true,31pukwc6x5g7m2u2elje37e7ppje,2024-12-26T00:28:17Z,"funk,trap funk,funk consciente","WM Brazil",0.705,0.71,8,-3.671,0,0.0751,0.544,0,0.103,0.464,120.008,4
spotify:track:3kBYuWrGtx1tSHjzr0vlZh,"Sorriso no Rosto","Sorriso no Rosto","Mc IG;Murillo e LT no Beat;DJ Glenner",2024-05-28,148000,61,true,31pukwc6x5g7m2u2elje37e7ppje,2024-12-29T13:48:02Z,"funk,trap funk,funk consciente,trap brasileiro","WM Brazil",0.637,0.805,7,-5.17,0,0.326,0.361,0.0000149,0.125,0.572,90.3,3
spotify:track:44SHcghjva9vipAIyTvxnw,"Goodnight Menina 2","Ninguém Tá Puro!","Mc IG;DJ Glenner;Fepache",2023-03-15,149052,67,true,31pukwc6x5g7m2u2elje37e7ppje,2025-01-18T21:04:56Z,"funk,trap funk,funk consciente","GR6 Music",0.494,0.519,9,-7.039,0,0.165,0.343,0,0.232,0.391,94.914,4
spotify:track:2rFi57mXQTm8Di4DJ8WPKi,"Goodnight Menina 4","Goodnight Menina 4","Mc IG;DJ Glenner;Fepache",2024-12-05,169090,49,true,31pukwc6x5g7m2u2elje37e7ppje,2025-01-18T21:06:40Z,"funk,trap funk,funk consciente","WM Brazil",0.737,0.328,8,-8.328,0,0.119,0.777,0.00000724,0.0991,0.674,117.305,5
spotify:track:2HWogzHGTVaCYoj3ZRVwRa,"Goodnight Menina 3","Todo Mundo Odeia o IG","Mc IG;DJ Glenner",2024-03-21,209032,65,true,31pukwc6x5g7m2u2elje37e7ppje,2025-01-18T21:09:07Z,"funk,trap funk,funk consciente","WM Brazil",0.621,0.449,10,-11.612,1,0.0826,0.388,0,0.0897,0.665,123.917,4
spotify:track:2InS5VWKJQbsFBKOsf1cJB,"Let's Go 4","Let's Go 4","Dj GBR;Mc IG;MC Ryan SP;MC PH;Mc Davi;Mc Luki;Mc Don Juan;Mc Kadu;TrapLaudo;MC GP;MC GH do 7",2023-08-29,641941,72,true,31pukwc6x5g7m2u2elje37e7ppje,2025-01-22T04:29:11Z,"funk,trap funk,funk consciente,trap brasileiro","GR6 Music",0.782,0.631,10,-8.473,0,0.592,0.123,0,0.0808,0.866,113.427,5
spotify:track:7jCgslBhuPF61B6yk90VYb,"Sexta Feira Hoje Tem","Sexta Feira Hoje Tem","MC Ryan SP;Mc IG;DJ Japa NK;Nilo;Boladin 211;MC LUUKY;Mc Negão Original",2025-01-10,387711,74,true,31pukwc6x5g7m2u2elje37e7ppje,2025-01-23T02:25:07Z,"funk,funk consciente,trap funk,funk de bh,fado","WM Brazil",0.774,0.583,11,-4.495,0,0.468,0.282,0,0.108,0.48,129.798,4
spotify:track:6xW61JP2f3hcsbOwn7dzi5,"É Isso Bebê, Tá Certa!","Todo Mundo Odeia o IG","Mc IG;MC Ryan SP;MC PH;DJ Glenner",2024-03-21,271058,56,true,31pukwc6x5g7m2u2elje37e7ppje,2025-01-23T17:12:54Z,"funk,trap funk,funk consciente,trap brasileiro","WM Brazil",0.709,0.635,1,-3.836,0,0.118,0.281,0.0000659,0.08,0.61,170.053,4
spotify:track:0WFA9Klvxj0rFc9YFe7Zgv,"Ta Rico Os Menino Do Gueto 🍀","Ta Rico Os Menino Do Gueto 🍀","Mc IG;MC Ryan SP;Mc Negão Original;MC GP;DJ DAVI DOGDOG;DJ Japa NK;DU'L;MC Meno K;Mc guizinho niazi;Nickz Beatz;SiarBeats",2025-04-30,459692,65,true,31pukwc6x5g7m2u2elje37e7ppje,2025-06-20T17:30:08Z,"funk,trap funk,funk consciente,funk carioca,brega funk,trap brasileiro","WM Brazil",0.543,0.715,7,-5.036,0,0.389,0.358,0,0.107,0.552,86.681,5
spotify:track:0d7oIw2t0f6oCXJUfWYw8E,"Mônaco Freestyle","Mônaco Freestyle","Veigh;Supernova Ent",2025-02-25,112000,56,false,31pukwc6x5g7m2u2elje37e7ppje,2025-06-20T17:30:38Z,"trap brasileiro,trap funk,trap,hip hop brasileiro","Supernova Ent",0.795,0.607,6,-5.173,0,0.141,0.27,0,0.115,0.232,120.034,4
spotify:track:2Z1DmmPWD3Lm0dWAxMfjxG,"Pirocada Quente","Pirocada Quente","MC Jvila;Mc Negão Original;DJ Dael;DJ Guh Mix",2025-01-28,195692,75,true,31pukwc6x5g7m2u2elje37e7ppje,2025-06-22T02:31:24Z,"funk,trap funk,funk consciente","Legenda Records",0.882,0.87,11,-1.803,0,0.32,0.319,0.00000174,0.101,0.75,130,4
spotify:track:5zMfekMDiwhJZHCGjh6LLB,"Bailarina da Favela 🍀","Bailarina da Favela 🍀","Mc IG;MC GP;MC Ryan SP;MC PH;DJ Oreia;MC Cebezinho",2025-05-12,366829,43,false,31pukwc6x5g7m2u2elje37e7ppje,2025-06-22T21:10:38Z,"funk,trap funk,funk consciente,trap brasileiro","WM Brazil",0.657,0.667,9,-6.371,0,0.523,0.0122,0,0.342,0.822,122.985,4
spotify:track:2iJ6CT5jxBcErhEyduEtdz,"A Nata","A Nata de Tudo - A Ovelha Negra","Mc Negão Original;MC GP;DJ Guh Mix;Mc Dena;MC Bruno MS",2025-02-07,238153,63,true,31pukwc6x5g7m2u2elje37e7ppje,2025-06-24T00:57:20Z,"funk,trap funk,funk consciente","Cria Hit BR",0.647,0.74,9,-2.054,1,0.435,0.732,0,0.126,0.671,129.78,4
spotify:track:0hWzBcYtmwsL1TwByzjiUG,"Boy Besta","Boy Besta","MC Joãozinho VT;Mc Negão Original;MC Tuto;Matheuszin DJ;Kako;MC Ryan SP",2024-11-12,424615,70,true,31pukwc6x5g7m2u2elje37e7ppje,2025-06-24T00:58:26Z,"funk,funk consciente,trap funk","Sonar Music",0.922,0.539,8,-6.114,0,0.482,0.504,0,0.0924,0.747,130.007,4
spotify:track:7yRlmQTjZ5pdtlq7ska9mj,"Artista Genérico","Eu Venci o Mundo","Veigh;Supernova Ent",2025-06-26,150861,73,true,31pukwc6x5g7m2u2elje37e7ppje,2025-07-02T19:37:40Z,"trap brasileiro,trap funk,trap,hip hop brasileiro","Supernova Entertainment",0.671,0.742,1,-4.478,1,0.148,0.0707,0,0.13,0.209,139.944,4
spotify:track:2hIeA7vgYybNRtFi2qTOEU,"Os Menino da Nova","Mixtape Supernova Vol.1","Supernova Ent;Niink;Veigh;G.A;Ghard",2024-12-12,137677,64,false,31pukwc6x5g7m2u2elje37e7ppje,2025-07-05T04:32:53Z,"trap brasileiro,trap,trap funk,hip hop brasileiro","Supernova Entertainment",0.56,0.573,8,-4.452,1,0.324,0.278,0,0.0946,0.152,108.743,3
spotify:track:6kBvjzvpiVPRHx6UbxkpVq,"Dinheiro e Poder (Privacy)","Dinheiro e Poder (Privacy)","MC PH;Mc IG;MC Hariel;Pedro Lotto;Mc Luki;Trick;WEY;Marquinho no Beat;Fepache;CAMPING",2025-03-21,284262,59,false,31pukwc6x5g7m2u2elje37e7ppje,2025-07-08T17:09:58Z,"funk,trap funk,funk consciente,trap brasileiro,hip hop brasileiro,trap","CAMPING",0.603,0.743,7,-4.544,0,0.344,0.168,0,0.0999,0.77,85.652,3
spotify:track:5Nj2UVsxXAvhfYNpcre3al,"FAMOSINHA","FAMOSINHA","Dj Caio Vieira;MC Meno K;Mc Rodrigo do CN",2025-02-28,133384,76,true,31pukwc6x5g7m2u2elje37e7ppje,2025-08-05T17:01:22Z,"funk,funk de bh,funk carioca,trap funk","BR MUSIC DIREITOS MUSICAIS LTDA.",0.945,0.661,9,-2.343,0,0.356,0.216,0,0.0698,0.773,130.069,4
spotify:track:7DROtyR6IMNifyZmyksyE7,"3 Dias Virado","Só Explosão","Mc IG",2017-12-22,207157,72,true,31pukwc6x5g7m2u2elje37e7ppje,2025-08-25T00:43:46Z,"funk,trap funk,funk consciente","GR6 Music",0.823,0.474,2,-9.289,0,0.0503,0.0202,0,0.201,0.833,95.05,4
spotify:track:2fjqfFUq64thFsqfKN01kS,"Imagina esse Cenário","333","Matuê;Veigh",2024-09-09,155368,16,true,31pukwc6x5g7m2u2elje37e7ppje,2025-08-29T23:50:38Z,"trap brasileiro,trap,hip hop brasileiro,trap funk","30PRAUM",0.583,0.665,1,-3.885,1,0.18,0.314,0,0.112,0.463,94.329,4
spotify:track:6QsHhB0W9GtLF3cI7mUVkQ,"1993","333","Matuê",2024-09-09,127826,14,true,31pukwc6x5g7m2u2elje37e7ppje,2025-08-29T23:56:53Z,"trap brasileiro,trap,hip hop brasileiro,trap funk","30PRAUM",0.753,0.88,11,-3.165,1,0.081,0.455,0,0.146,0.582,92.055,4
spotify:track:6bTdZ7xfKp3NqqADJ8HLyj,"Vampiro","Vampiro","Matuê;WIU;Teto",2022-03-29,250434,74,false,31pukwc6x5g7m2u2elje37e7ppje,2025-09-07T07:16:40Z,"trap brasileiro,trap,hip hop brasileiro,trap funk","Sony Music Entertainment",0.782,0.643,8,-4.956,0,0.0438,0.0136,0,0.0654,0.627,114.994,4
spotify:track:5oI9blwsXC8AkTWw6wASY8,"Máquina do Tempo","Máquina do Tempo","Matuê",2020-09-10,230400,78,true,31pukwc6x5g7m2u2elje37e7ppje,2025-09-07T07:37:35Z,"trap brasileiro,trap,hip hop brasileiro,trap funk","Sony Music Entertainment",0.629,0.727,4,-4.387,0,0.0499,0.0647,0,0.138,0.132,149.978,4
spotify:track:0GYPcKDlsb8WEtJkkKdtgH,"Anos Luz","Anos Luz","Matuê",2017-11-10,264035,4,false,31pukwc6x5g7m2u2elje37e7ppje,2025-09-07T17:10:29Z,"trap brasileiro,trap,hip hop brasileiro,trap funk","Matuê",0.634,0.498,6,-10.242,0,0.103,0.375,0,0.115,0.299,109.817,4
spotify:track:3MkdA6vwF0ifRl86yzTlJW,"Kenny G","Kenny G","Matuê",2019-09-04,189600,74,true,31pukwc6x5g7m2u2elje37e7ppje,2025-09-07T17:43:42Z,"trap brasileiro,trap,hip hop brasileiro,trap funk","Sony Music Entertainment",0.417,0.767,9,-3.31,1,0.193,0.0778,0,0.113,0.152,72.573,3
spotify:track:07AQkmp456NpEnT8HR7WLy,"M4","M4","Teto;Matuê",2021-01-20,170000,73,true,31pukwc6x5g7m2u2elje37e7ppje,2025-09-07T21:18:26Z,"trap brasileiro,trap,trap funk,hip hop brasileiro","30PRAUM",0.88,0.59,8,-4.709,0,0.204,0.08,0,0.184,0.723,119.97,4
spotify:track:77uKOPe9LycSfrXCKqfJp2,"Perdoa Por Tudo Vida","Dos Prédios","Veigh;Toledo;Supernova Ent;Bvga Beatz",2022-11-18,160000,66,true,31pukwc6x5g7m2u2elje37e7ppje,2025-09-18T01:02:35Z,"trap brasileiro,trap funk,trap,hip hop brasileiro","Supernova Entertainment",0.738,0.32,1,-10.635,0,0.444,0.457,0,0.0848,0.667,114.005,4
spotify:track:0P5Vg3FLAaJtxBeNEJxLSM,"Alice e o Jaguadarte","Até A Última Rima","Jotapê;Papatinho",2026-09-02,243333,58,false,31pukwc6x5g7m2u2elje37e7ppje,2025-09-23T00:16:53Z,"hip hop brasileiro,boom bap,trap brasileiro","Papatunes Records",0.746,0.589,4,-6.058,0,0.176,0.00842,0.00000458,0.108,0.529,143.954,4
spotify:track:5XhG8HGyxLrkJAASxLA463,"Champagne","Lobo","Orochi;PL Quest;BIN;Kizzy;Mainstreet",2021-04-29,245070,72,true,31pukwc6x5g7m2u2elje37e7ppje,2025-10-01T01:15:01Z,"trap brasileiro,hip hop brasileiro,trap funk,trap","Mainstreet Records",0.399,0.599,9,-5.252,0,0.2,0.164,0.00000194,0.111,0.31,91.523,4
spotify:track:2De1EHbIhepIVLHZ16bySE,"Talvez você precise de mim","Eu Venci o Mundo","Veigh;Supernova Ent",2025-06-26,126800,78,true,31pukwc6x5g7m2u2elje37e7ppje,2025-10-02T02:11:18Z,"trap brasileiro,trap funk,trap,hip hop brasileiro","Supernova Entertainment",0.935,0.653,8,-3.668,1,0.118,0.187,0,0.0656,0.878,138.136,4
spotify:track:5E6J5d0GB3yowau3SYig6F,"Londres Freestyle","Dos Prédios","Veigh;Supernova Ent;Viper;Nagalli",2022-11-18,128000,58,true,31pukwc6x5g7m2u2elje37e7ppje,2025-10-04T00:36:58Z,"trap brasileiro,trap funk,trap,hip hop brasileiro","Supernova Entertainment",0.834,0.532,0,-10.891,1,0.334,0.0363,0,0.155,0.67,89.958,3
spotify:track:09UBWllfFyJthRw8c5Y13Q,"Taylor","Eu Venci o Mundo","Veigh;Supernova Ent",2025-06-26,123308,60,true,31pukwc6x5g7m2u2elje37e7ppje,2025-10-07T02:28:13Z,"trap brasileiro,trap funk,trap,hip hop brasileiro","Supernova Entertainment",0.87,0.829,2,-3.863,1,0.15,0.188,0,0.162,0.799,113.01,4
spotify:track:0jNhLOtqo2ZaVv3JqbUg11,"Jeito Bandido","Dos Prédios","Veigh;Toledo;Nagalli;Supernova Ent;Kyan",2022-11-18,146938,64,true,31pukwc6x5g7m2u2elje37e7ppje,2025-10-07T02:28:39Z,"trap brasileiro,trap funk,trap,hip hop brasileiro","Supernova Entertainment",0.8,0.49,1,-10.097,1,0.293,0.13,0.00000319,0.117,0.0369,147.07,4
spotify:track:6N9s6T54vhlHH4S7Lm1xCg,"CONFISSÕES PT2","CONFISSÕES PT2","Nagalli;Veigh;KayBlack;Supernova Ent",2024-04-24,145812,44,true,31pukwc6x5g7m2u2elje37e7ppje,2025-10-07T02:29:43Z,"trap brasileiro,trap,trap funk,hip hop brasileiro","Supernova Ent",0.654,0.452,6,-7.103,0,0.322,0.609,0,0.123,0.414,125.994,4
spotify:track:0bek7IePM9EuMiDI6cGQJB,"Belieber","Eu Venci o Mundo","Veigh;Supernova Ent",2025-06-26,107906,58,true,31pukwc6x5g7m2u2elje37e7ppje,2025-10-07T02:30:36Z,"trap brasileiro,trap funk,trap,hip hop brasileiro","Supernova Entertainment",0.775,0.625,7,-4.324,0,0.187,0.488,0,0.177,0.911,147.054,4
spotify:track:3LeculfKPn460tPKpW3iRy,"Perdoe-me por ser um astro (interlúdio)","Eu Venci o Mundo","Veigh;Supernova Ent",2025-06-26,110769,56,true,31pukwc6x5g7m2u2elje37e7ppje,2025-10-14T00:05:02Z,"trap brasileiro,trap funk,trap,hip hop brasileiro","Supernova Entertainment",0.463,0.391,11,-6.787,0,0.041,0.71,0,0.122,0.114,81.974,4
spotify:track:7oWd2k0fhorqIpXotLNN9F,"Bolsa de Ombro","Dos Prédios Deluxe","Veigh;G.A;Toledo;H4lfmeasures;6ee;Supernova Ent",2023-05-19,114321,62,true,31pukwc6x5g7m2u2elje37e7ppje,2025-10-16T01:02:53Z,"trap brasileiro,trap funk,trap,hip hop brasileiro","Supernova Entertainment Under Exclusive License to UnitedMasters",0.681,0.302,9,-12.124,0,0.431,0.482,0,0.108,0.371,126.497,5
spotify:track:22AqAmjVSbI5s7pCz7OKCe,"Olá, Moça","Olá, Moça","Mc IG;Veigh;Toledo;Bvga Beatz;Galdino;Honaiser",2024-03-20,164138,48,false,31pukwc6x5g7m2u2elje37e7ppje,2025-10-16T01:05:16Z,"funk,trap funk,funk consciente,trap brasileiro,trap,hip hop brasileiro","WM Brazil",0.675,0.588,3,-5.106,0,0.344,0.563,0,0.142,0.693,129.768,4
spotify:track:3Sa2gVQioE31DcG4nKNDqD,"Isso é Sério","333","Matuê;Brandão85",2024-09-09,285000,15,true,31pukwc6x5g7m2u2elje37e7ppje,2025-10-16T01:08:48Z,"trap brasileiro,trap,hip hop brasileiro,trap funk","30PRAUM",0.636,0.808,11,-3.318,0,0.255,0.359,0,0.107,0.576,79.98,4
spotify:track:4Loji8bLk8RgfEZxZhxskb,"Orações","Dos Prédios","Veigh;Jeju;Scotz;Supernova Ent",2022-11-18,146285,58,true,31pukwc6x5g7m2u2elje37e7ppje,2025-10-20T23:58:20Z,"trap brasileiro,trap funk,trap,hip hop brasileiro","Supernova Entertainment",0.707,0.634,10,-7.175,0,0.103,0.35,0,0.0962,0.661,105.062,4
spotify:track:1k1egPmIPWQ0J44PWgMDwA,"Nois é Nois","Nois é Nois","Veigh;Supernova Ent",2024-03-15,120000,63,true,31pukwc6x5g7m2u2elje37e7ppje,2025-10-24T09:45:39Z,"trap brasileiro,trap funk,trap,hip hop brasileiro","Supernova Entertainment",0.77,0.814,7,-4.903,1,0.0772,0.376,0,0.0916,0.618,148.001,4
spotify:track:4G7bbgD2DHORU4frrWoCXp,"Posso Até Não Te Dar Flores","Posso Até Não Te Dar Flores","DJ Japa NK;MC Meno K;MC Ryan SP;Mc Jacaré;DJ DAVI DOGDOG",2025-09-11,158769,23,true,31pukwc6x5g7m2u2elje37e7ppje,2025-10-24T22:26:10Z,"funk,trap funk,funk consciente,funk carioca","Bololo Records",0.896,0.647,7,-6.011,0,0.0819,0.269,0,0.165,0.653,130.118,4
spotify:track:6y1JKzkFrCvLZ4k9qbHP4t,"Indiretas com a voz","Eu Venci o Mundo","Veigh;Supernova Ent",2025-06-26,160002,62,true,31pukwc6x5g7m2u2elje37e7ppje,2025-10-24T22:31:33Z,"trap brasileiro,trap funk,trap,hip hop brasileiro","Supernova Entertainment",0.725,0.668,5,-5.948,1,0.217,0.348,0,0.137,0.533,113.922,4
spotify:track:5Bp7TFENcgsdLCL8fMOSKs,"Adora a bunda, odeia o rosto (feat. Veigh & Niink)","Mixtape Supernova Vol.1","Supernova Ent;G.A;Ghard;Veigh;Niink",2024-12-12,173859,67,false,31pukwc6x5g7m2u2elje37e7ppje,2025-10-26T22:45:36Z,"trap brasileiro,trap,trap funk,hip hop brasileiro","Supernova Entertainment",0.645,0.543,11,-6.967,0,0.385,0.31,0.0000012,0.112,0.447,89.944,3
spotify:track:0OnUUuGpREQgkTR55LMwfZ,"Reuniões comigo mesmo","Eu Venci o Mundo","Veigh;Supernova Ent",2025-06-26,130466,59,true,31pukwc6x5g7m2u2elje37e7ppje,2025-10-28T02:40:29Z,"trap brasileiro,trap funk,trap,hip hop brasileiro","Supernova Entertainment",0.562,0.511,0,-6.579,1,0.398,0.767,0,0.35,0.593,76.03,3
spotify:track:29uxcZEFonwiErtNvn0VXA,"Mandraka","Dos Prédios","Veigh;Luchinha Jr;Supernova Ent;Baby",2022-11-18,122177,65,true,31pukwc6x5g7m2u2elje37e7ppje,2025-10-29T00:40:23Z,"trap brasileiro,trap funk,trap,hip hop brasileiro","Supernova Entertainment",0.785,0.377,3,-9.817,0,0.0994,0.485,0,0.105,0.379,110.003,4
spotify:track:6CQWmtVuHcGGdWLfcpOpbp,"Foto da Unha","Foto da Unha","L7NNON;Veigh;Nagalli",2023-12-15,199680,53,false,31pukwc6x5g7m2u2elje37e7ppje,2025-10-29T22:09:32Z,"trap brasileiro,hip hop brasileiro,trap funk,trap,funk carioca","HHR Records",0.816,0.54,1,-4.824,0,0.131,0.467,0,0.0839,0.65,124.941,4
spotify:track:3hLoH18k4pP6eXEljzNHHr,"Tendenciosa","Dos Prédios Deluxe","Veigh;Derek;Nagalli;Honaiser;Toledo;Supernova Ent",2023-05-19,195073,58,true,31pukwc6x5g7m2u2elje37e7ppje,2025-11-19T21:16:31Z,"trap brasileiro,trap funk,trap,hip hop brasileiro","Supernova Entertainment Under Exclusive License to UnitedMasters",0.716,0.45,1,-10.427,1,0.452,0.11,0,0.151,0.648,112.972,4
spotify:track:298ionVvjnAHlD0IqYVYfC,"Visões","Eu Venci o Mundo","Veigh;Supernova Ent",2025-06-26,163192,59,true,31pukwc6x5g7m2u2elje37e7ppje,2025-11-20T17:41:49Z,"trap brasileiro,trap funk,trap,hip hop brasileiro","Supernova Entertainment",0.691,0.568,1,-7.364,0,0.148,0.782,0.00127,0.108,0.722,100.173,4
spotify:track:5C0wi5U4l0YUv7yIKe2TEe,"O Nosso Santo Bateu - Live","Na Praia (Ao Vivo)","Matheus & Kauan",2016-02-26,187133,70,false,31pukwc6x5g7m2u2elje37e7ppje,2025-11-21T15:00:10Z,"sertanejo,sertanejo universitário,arrocha,agronejo","Universal Music Ltda.",0.479,0.736,0,-4.581,1,0.127,0.22,0,0.731,0.405,141.89,4
spotify:track:2PsrJc45N7xbFo2ZrL4bHD,"Invisível pt.2","Invisível pt.2","Veigh;Supernova Ent;Honaiser;Toledo;Nagalli;Bvga Beatz",2023-10-08,174556,65,false,31pukwc6x5g7m2u2elje37e7ppje,2025-11-24T21:04:40Z,"trap brasileiro,trap funk,trap,hip hop brasileiro","Supernova Entertainment Under Exclusive License to UnitedMasters",0.667,0.486,1,-8.593,0,0.244,0.143,0,0.385,0.487,87.838,4
spotify:track:6JH5wCoto58vgqa61jvazc,"JAPONÊS","JAPONÊS","Brandão85;Matuê",2025-11-30,192591,69,false,31pukwc6x5g7m2u2elje37e7ppje,2025-12-01T21:23:06Z,"trap brasileiro,trap,hip hop brasileiro,trap funk","30PRAUM",0.604,0.814,8,-4.478,0,0.0323,0.00249,0,0.347,0.303,144.122,4
spotify:track:7B3w4xCIecXIZnxOqaol9k,"Medley de Igaratá 4","Medley de Igaratá 4","Mc Negão Original;DJ Guh Mix",2025-02-04,299076,55,true,31pukwc6x5g7m2u2elje37e7ppje,2025-12-05T01:56:08Z,"funk,trap funk,funk consciente","Cria Hit BR",0.83,0.69,5,-5.544,0,0.421,0.516,0,0.071,0.812,130.068,4
spotify:track:7diUfPaiSZFquYJ1DDDR0h,"TENTAR SER BREVE 🤷🏾‍♀️","TENTAR SER BREVE 🤷🏾‍♀️","KayBlack;Vulgo FK;Veigh;Fepache;Galdino;H4lfmeasures;Honaiser",2025-11-24,223384,61,false,31pukwc6x5g7m2u2elje37e7ppje,2025-12-05T02:38:24Z,"trap brasileiro,trap funk,trap,hip hop brasileiro,funk,funk consciente","WM Brazil",0.695,0.524,3,-6.558,0,0.276,0.79,0,0.113,0.706,130.015,3
spotify:track:1qyiBNYS01TjMkmoeTLJXN,"A Morte do Autotune","A Morte do Autotune","Matuê",2018-12-24,216710,78,false,31pukwc6x5g7m2u2elje37e7ppje,2025-12-05T15:22:27Z,"trap brasileiro,trap,hip hop brasileiro,trap funk","30PRAUM",0.613,0.524,11,-9.423,0,0.243,0.339,0,0.262,0.368,151.889,4
spotify:track:4ukpXdplqDEMk3Fy2i30oI,"ME POSTOU NO DAILY - FESTA DO BIG G","MIXTAPE - BIG G","MC GP;Mc Lele JP;DJ DAVI DOGDOG;Dj Andrabeat",2025-11-27,177230,77,true,31pukwc6x5g7m2u2elje37e7ppje,2025-12-05T22:36:11Z,"funk,funk consciente,trap funk","WM Brazil",0.837,0.518,0,-6.9,0,0.264,0.497,0,0.0951,0.496,129.828,4
spotify:track:4hVTpP7CV9imY9U53p45sX,"Anos Luz","Anos Luz","Matuê",2017-11-10,264035,76,false,31pukwc6x5g7m2u2elje37e7ppje,2025-12-06T03:03:15Z,"trap brasileiro,trap,hip hop brasileiro,trap funk","30PRAUM",0.629,0.498,6,-10.242,0,0.104,0.374,0,0.115,0.298,109.805,4
spotify:track:4ssHL7bSnOAE7HjiuLx6Co,"Crack com Mussilon","333","Matuê",2024-09-09,154418,18,true,31pukwc6x5g7m2u2elje37e7ppje,2025-12-08T01:52:08Z,"trap brasileiro,trap,hip hop brasileiro,trap funk","30PRAUM",0.767,0.803,6,-2.833,0,0.116,0.173,0,0.14,0.462,128.979,4
spotify:track:0bV0LtjtZH76gD0ujPYS3n,"Gorilla Roxo","Máquina do Tempo","Matuê",2020-09-10,165336,74,true,31pukwc6x5g7m2u2elje37e7ppje,2025-12-08T22:49:16Z,"trap brasileiro,trap,hip hop brasileiro,trap funk","Sony Music Entertainment",0.668,0.814,10,-4.218,0,0.106,0.0614,0,0.133,0.276,134.988,4
spotify:track:0h9GmCGvM0meVHfF0XrnHJ,"MEU CEMITÉRIO","MEU CEMITÉRIO","Matuê",2025-12-08,207179,56,true,31pukwc6x5g7m2u2elje37e7ppje,2025-12-09T00:03:56Z,"trap brasileiro,trap,hip hop brasileiro,trap funk","30PRAUM",0.61,0.812,6,-3.909,0,0.0435,0.192,0,0.105,0.186,116.957,4
spotify:track:3ua3rqwBNmeGeQfcKnA3bT,"Groupies","Groupies","Doode;Teto;Matuê",2021-09-28,164571,69,false,31pukwc6x5g7m2u2elje37e7ppje,2025-12-09T00:59:26Z,"trap brasileiro,trap,trap funk,hip hop brasileiro","Sony Music Entertainment",0.845,0.655,5,-5.137,0,0.0612,0.239,0,0.0974,0.516,139.955,4
spotify:track:02E7Htoh3Bg6bg00jMB6nw,"Honey Babe","Sabor Overdose no Yakisoba","Matuê",2024-08-05,176571,54,false,31pukwc6x5g7m2u2elje37e7ppje,2025-12-09T23:03:30Z,"trap brasileiro,trap,hip hop brasileiro,trap funk","Sony Music Entertainment",0.398,0.845,4,-1.656,0,0.0901,0.115,0,0.245,0.228,139.81,4
spotify:track:2c80HnIOPMmQQVQllQEWb5,"É Sal","Máquina do Tempo","Matuê",2020-09-10,157687,69,true,31pukwc6x5g7m2u2elje37e7ppje,2025-12-10T16:41:51Z,"trap brasileiro,trap,hip hop brasileiro,trap funk","Sony Music Entertainment",0.708,0.734,6,-4.997,0,0.119,0.173,0,0.0957,0.459,159.915,4
spotify:track:1LT3tGHfUbjrdDT5BPa1Iq,"FACAS E MACHADOS","XTRANHO","Matuê;FAB GODAMN;okie",2025-12-10,112651,56,true,31pukwc6x5g7m2u2elje37e7ppje,2025-12-11T00:06:51Z,"trap brasileiro,trap,hip hop brasileiro,trap funk","30PRAUM",0.512,0.57,9,-4.8,1,0.178,0.553,0,0.229,0.401,147.03,4
spotify:track:35df5zF0HOKz9bfNjOA7tZ,"OS MELHORES","XTRANHO","Matuê",2025-12-10,155081,63,true,31pukwc6x5g7m2u2elje37e7ppje,2025-12-11T00:07:02Z,"trap brasileiro,trap,hip hop brasileiro,trap funk","30PRAUM",0.627,0.972,10,-1.422,0,0.133,0.042,0,0.0871,0.395,131.99,4
spotify:track:6sHWMvDDdgNNvkJ7JHktdl,"XTRANHO","XTRANHO","Matuê;Brandão85",2025-12-10,213016,69,true,31pukwc6x5g7m2u2elje37e7ppje,2025-12-11T00:15:12Z,"trap brasileiro,trap,hip hop brasileiro,trap funk","30PRAUM",0.789,0.787,1,-3.792,1,0.033,0.0144,0,0.109,0.382,138.01,4
spotify:track:5TKTBDb9p1npApJLuQLd7M,"BACKSTAGE","XTRANHO","Matuê;BNYX®;Azul Wynter;Bryan Yepes",2025-12-10,139062,76,true,31pukwc6x5g7m2u2elje37e7ppje,2025-12-11T00:15:57Z,"trap brasileiro,trap,hip hop brasileiro,trap funk","30PRAUM",0.79,0.662,9,-4.198,0,0.0472,0.0649,0.00234,0.101,0.755,152.982,4
spotify:track:0aksmcRh5LIs4DAL3pfcoY,"PENSAMENTOS PERIGOSOS","XTRANHO","Matuê;LPT Zlatan",2025-12-10,214008,60,true,31pukwc6x5g7m2u2elje37e7ppje,2025-12-11T00:22:44Z,"trap brasileiro,trap,hip hop brasileiro,trap funk","30PRAUM",0.707,0.821,2,-5.94,1,0.179,0.138,0,0.314,0.899,157.024,3
spotify:track:6IQnS5jbctbXMd6TOeEYaz,"ÍCONE FASHION","XTRANHO","Matuê;kouth",2025-12-10,152052,64,true,31pukwc6x5g7m2u2elje37e7ppje,2025-12-11T01:24:34Z,"trap brasileiro,trap,hip hop brasileiro,trap funk","30PRAUM",0.714,0.825,5,-3.385,0,0.0335,0.0655,0,0.379,0.461,135.053,4
spotify:track:6zI2BCllRpA8H8KR5v8u3v,"REI TUÊ","XTRANHO","Matuê",2025-12-10,143823,64,true,31pukwc6x5g7m2u2elje37e7ppje,2025-12-11T01:24:59Z,"trap brasileiro,trap,hip hop brasileiro,trap funk","30PRAUM",0.52,0.543,0,-6.637,0,0.0423,0.318,0.0000694,0.341,0.155,136.115,4
spotify:track:7BGhllQfISbfkwYSkp5nRC,"YES OR NO","MAIOR QUE O TEMPO","Teto",2025-03-27,188571,70,false,31pukwc6x5g7m2u2elje37e7ppje,2025-12-13T05:17:13Z,"trap brasileiro,trap,trap funk,hip hop brasileiro","30PRAUM",0.929,0.708,3,-3.621,0,0.067,0.161,0,0.103,0.791,140.019,4
spotify:track:2WdV619lpewERqKr0V2G5f,"Vivendo Igual IG (feat. Veigh & Niink)","Mixtape Supernova Vol.1","Supernova Ent;Ryu, The Runner;Emitê Único;Veigh;Niink",2024-12-12,202303,53,false,31pukwc6x5g7m2u2elje37e7ppje,2025-12-13T06:12:42Z,"trap brasileiro,trap,trap funk,hip hop brasileiro","Supernova Entertainment",0.885,0.842,11,-4.507,1,0.106,0.43,0,0.103,0.468,133.966,4
spotify:track:5x6ZQVigUJhSIHN65rp6g9,"TALKING BOUT","XTRANHO","Matuê",2025-12-10,152947,59,true,31pukwc6x5g7m2u2elje37e7ppje,2025-12-13T19:37:20Z,"trap brasileiro,trap,hip hop brasileiro,trap funk","30PRAUM",0.642,0.785,9,-3.28,0,0.108,0.198,0,0.125,0.58,164.03,4
spotify:track:0NkOJBVzL0MaU3JgqJRtkv,"Ballena","Ballena","Vulgo FK;MC PH;Veigh;Pedro Lotto;Fepache",2023-07-13,200000,68,false,31pukwc6x5g7m2u2elje37e7ppje,2025-12-16T03:32:50Z,"trap brasileiro,trap funk,trap,funk,hip hop brasileiro,funk consciente","Som Livre",0.664,0.508,9,-7.684,0,0.33,0.307,0,0.126,0.228,120.313,4
spotify:track:7afaZ37wJJL6880z1NRgJS,"Fim de Semana no Rio","Fim de Semana no Rio","Teto",2022-03-30,165882,67,true,31pukwc6x5g7m2u2elje37e7ppje,2025-12-17T00:23:07Z,"trap brasileiro,trap,trap funk,hip hop brasileiro","Sony Music Entertainment",0.867,0.494,1,-6.514,0,0.084,0.118,0,0.101,0.29,118.868,4
spotify:track:15ymhW6QdrKfkhpeeJvz79,"Os Mlk É Ruim","Os Mlk É Ruim","Mc Negão Original;Veigh;Toledo;DJ Yago;DJ Guh Mix",2025-02-07,192000,54,true,31pukwc6x5g7m2u2elje37e7ppje,2025-12-17T16:48:21Z,"funk,trap funk,funk consciente,trap brasileiro,trap,hip hop brasileiro","Cria Hit BR",0.789,0.548,5,-5.45,0,0.351,0.872,0,0.145,0.663,129.892,4
spotify:track:29DLL9iGJZFwtGyubk5g9v,"Eu Até Gosto de Você","De Norte a Sul","Mc Jacaré;Mc Negão Original;DJ Japa NK",2025-11-21,149543,68,false,31pukwc6x5g7m2u2elje37e7ppje,2025-12-17T16:49:51Z,"funk,trap funk,funk carioca,funk consciente","Croco Hits",0.804,0.685,7,-4.7,0,0.0999,0.117,0,0.546,0.323,129.968,4
spotify:track:0nNomdaQK56y8Rvf8yLmCr,"ciumes retroativo","pq elas preferem os canalhas?","G.A;Supernova Ent;Veigh",2025-10-09,157808,57,true,31pukwc6x5g7m2u2elje37e7ppje,2025-12-17T16:52:43Z,"trap brasileiro,trap funk,trap,hip hop brasileiro","Supernova Ent",0.615,0.58,0,-7.448,0,0.235,0.626,0,0.126,0.256,146.129,4
spotify:track:1ZVJBO1u8MGVCY82mwC3EQ,"Não Insiste","Não Insiste","Nauj",2025-12-15,192391,15,false,31pukwc6x5g7m2u2elje37e7ppje,2025-12-18T06:07:04Z,"","Nauj",0.752,0.381,2,-12.947,0,0.451,0.109,0,0.101,0.773,98.006,4
spotify:track:5ME83xsz5O9u3A0qhMtKyj,"Jogo do Corinthians","Meu Nome Não é Igor %","Mc IG;Murillo e LT no Beat",2023-08-31,146776,57,true,31pukwc6x5g7m2u2elje37e7ppje,2025-12-18T07:42:07Z,"funk,trap funk,funk consciente,trap brasileiro","WM Brazil",0.716,0.422,0,-7.56,0,0.258,0.241,0,0.151,0.646,121.036,4
spotify:track:6O9jSv39iYQjUeOA2JoBvg,"Magnata","Magnata","Mc Paiva ZS;Kotim",2021-12-10,119457,57,false,31pukwc6x5g7m2u2elje37e7ppje,2025-12-18T17:18:35Z,"funk,trap funk,funk consciente,funk carioca","LOVE FUNK",0.839,0.631,0,-7.134,0,0.119,0.629,0,0.0882,0.514,130.046,4
spotify:track:7kexCUP26MJzOjq5NtqRaa,"Pobre Juan (feat. Veigh & G.A)","Mixtape Supernova Vol.1","Supernova Ent;Ghard;Niink;Veigh;G.A",2024-12-12,236141,57,false,31pukwc6x5g7m2u2elje37e7ppje,2025-12-18T23:39:18Z,"trap brasileiro,trap,trap funk,hip hop brasileiro","Supernova Entertainment",0.738,0.67,0,-6.907,1,0.0598,0.289,0,0.202,0.0543,126.077,3
spotify:track:3ZHWwUjWba7MFSUFMWtF9P,"Poder da Gestão","Flexiona / Poder da Gestão","Nagalli;Supernova Ent;Veigh;MC Tuto;Toledo;Perera DJ;G.A;MC Joãozinho VT;Honaiser",2025-12-18,270000,60,true,31pukwc6x5g7m2u2elje37e7ppje,2025-12-18T23:49:09Z,"trap brasileiro,trap,trap funk,hip hop brasileiro,funk,funk consciente","Supernova Entertainment",0.631,0.642,7,-4.107,0,0.342,0.226,0,0.081,0.727,90.07,3
spotify:track:6dWGBv0DMNa7sa2y7bGS2r,"Tango (feat. Veigh & Niink)","Mixtape Supernova Vol.1","Supernova Ent;Ghard;G.A;Veigh;Niink",2024-12-12,164223,60,false,31pukwc6x5g7m2u2elje37e7ppje,2025-12-21T01:48:38Z,"trap brasileiro,trap,trap funk,hip hop brasileiro","Supernova Entertainment",0.81,0.634,10,-6.73,0,0.0869,0.542,0.00000982,0.105,0.663,152.025,4
spotify:track:35jB38Z0JTnUl6cmc39cEt,"Quarto de Motel","A Nata de Tudo - A Ovelha Negra","Mc Negão Original;Mc Lele JP;MC Willian;DJ Guh Mix;MC GP;MC Meno K",2025-02-07,317544,68,true,31pukwc6x5g7m2u2elje37e7ppje,2025-12-21T19:23:39Z,"funk,trap funk,funk consciente,funk carioca","Cria Hit BR",0.908,0.568,9,-7.304,0,0.486,0.143,0,0.0825,0.814,130.013,4
spotify:track:3p58wJmZqIc9RjsdeZ5Jfq,"Vou pela Madrugada","A Nata de Tudo - A Ovelha Negra","Mc Negão Original;MC Jvila;MC Willian;DJ Japa NK;MC Meno K;DJ Guh Mix",2025-02-07,281774,78,true,31pukwc6x5g7m2u2elje37e7ppje,2025-12-21T19:26:11Z,"funk,trap funk,funk consciente,funk carioca","Cria Hit BR",0.627,0.502,10,-4.334,0,0.234,0.344,0,0.151,0.546,86.751,5
spotify:track:7BFHyreoRx5ZJclWmyYkWW,"EU SEI QUE NÃO É VERDADE","EU SEI QUE NÃO É VERDADE","Dnovaees;Yuri Redicopa;GEXIS",2025-08-22,157612,65,true,31pukwc6x5g7m2u2elje37e7ppje,2025-12-21T19:33:45Z,"funk,funk bruxaria","DZ7 LABEL",0.555,0.644,10,-8.017,0,0.35,0.482,0,0.146,0.9,128.074,4
spotify:track:65O1EyYSg0Leyf0li6Vzah,"SET DJ YURI PEDRADA - TRAVA CHIP","SET DJ YURI PEDRADA - TRAVA CHIP","Dj Yuri Pedrada;Nilo;MC Meno K;Mc Livinho;Mc Negão Original;MC Jvila;MC Ryan SP;Mc Paiva ZS;MC GDL",2025-12-18,487384,74,true,31pukwc6x5g7m2u2elje37e7ppje,2025-12-21T23:22:44Z,"funk,trap funk,funk carioca,funk consciente","GR6 Music",0.835,0.613,9,-4.341,1,0.363,0.403,0.00000111,0.186,0.616,129.858,4
spotify:track:1RgJ4lexKGNBlKnyxB5SRt,"Balazul","Mateca x Teto","Teto;Mateca",2022-06-07,202909,68,false,31pukwc6x5g7m2u2elje37e7ppje,2025-12-22T22:08:40Z,"trap brasileiro,trap,trap funk,hip hop brasileiro","Sony Music Entertainment",0.843,0.458,5,-7.428,0,0.166,0.31,0,0.14,0.772,110.077,4
spotify:track:06VStvBWfFbepR97LhRo8D,"Contagem Regressiva","Contagem Regressiva","Mc IG;Mc Negão Original;MC Ryan SP;MC Jvila;DJ Guh Mix;Mc Lele JP;Murillo e LT no Beat",2025-03-24,288372,70,true,31pukwc6x5g7m2u2elje37e7ppje,2025-12-23T19:12:54Z,"funk,trap funk,funk consciente,trap brasileiro","WM Brazil",0.863,0.616,5,-6.135,0,0.161,0.862,0.0000328,0.101,0.775,128.93,4
spotify:track:3aR5QVtPd8cwITyObubouf,"VAI DESCE BABY","VAI DESCE BABY","Tz da Coronel;Veigh",2025-12-10,217941,45,true,31pukwc6x5g7m2u2elje37e7ppje,2025-12-27T22:37:03Z,"trap brasileiro,trap funk,trap,hip hop brasileiro","Cúpula Records",0.633,0.653,6,-6.341,0,0.0587,0.439,0.0000187,0.555,0.204,135.98,4
spotify:track:1rO0uD1DwejqeZLNXTroJK,"Hiperfoco","Eu Venci o Mundo","Veigh;Supernova Ent",2025-06-26,140155,61,true,31pukwc6x5g7m2u2elje37e7ppje,2025-12-27T22:58:07Z,"trap brasileiro,trap funk,trap,hip hop brasileiro","Supernova Entertainment",0.779,0.545,2,-7.582,0,0.195,0.687,0,0.108,0.404,130.175,5
spotify:track:0Y71gSv3vx7grfOUyaaGXH,"Filho da Promessa","Eu Venci o Mundo","Veigh;Supernova Ent",2025-06-26,131050,57,true,31pukwc6x5g7m2u2elje37e7ppje,2025-12-27T23:16:07Z,"trap brasileiro,trap funk,trap,hip hop brasileiro","Supernova Entertainment",0.669,0.644,7,-5.412,0,0.228,0.524,0,0.287,0.321,118.692,4
spotify:track:1yGKbakTOI42EMvvWVtqQH,"Contagem","Contagem","G.A;Veigh;JayA Luuck;Danzo",2022-09-22,209032,65,true,31pukwc6x5g7m2u2elje37e7ppje,2025-12-27T23:35:55Z,"trap brasileiro,trap funk,trap,hip hop brasileiro","G.AZINN",0.763,0.492,6,-8.581,0,0.0707,0.426,0,0.0463,0.69,124.021,4
spotify:track:6rlZtmS0r02aQOeKFcmYjS,"Cheiro de Despedida","Cheiro de Despedida","LUDMILLA;Veigh",2025-11-05,191472,46,true,31pukwc6x5g7m2u2elje37e7ppje,2025-12-28T13:19:43Z,"pagode,pop nacional,funk pop,funk,pagode baiano,funk carioca,samba,trap brasileiro,trap funk,trap,hip hop brasileiro","SEM QUERER MUSIC",0.663,0.546,9,-5.839,0,0.0814,0.801,0,0.236,0.4,92.989,4
spotify:track:528l8oKqkLXZAX9Oh8CHfC,"Rain","Rain","Veigh",2019-10-18,222500,51,true,31pukwc6x5g7m2u2elje37e7ppje,2025-12-30T03:40:04Z,"trap brasileiro,trap funk,trap,hip hop brasileiro","Veigh",0.602,0.347,6,-14.079,0,0.0628,0.141,0,0.134,0.218,96.026,4
spotify:track:2dab3mNKQHk4LxuXLOFUaA,"Mil Maneiras","Dos Prédios","Veigh;Lywie;Toledo;Bvga Beatz;Nagalli;Supernova Ent",2022-11-18,130714,61,false,31pukwc6x5g7m2u2elje37e7ppje,2025-12-30T13:38:42Z,"trap brasileiro,trap funk,trap,hip hop brasileiro","Supernova Entertainment",0.768,0.511,11,-8.502,0,0.24,0.444,0,0.161,0.53,112.09,4
spotify:track:2CzIoSG4eDkstyTiXzjryy,"Paladar Infantil","Paladar Infantil","G.A;Bvga Beatz;Supernova Ent;Toledo",2023-07-21,143283,63,true,31pukwc6x5g7m2u2elje37e7ppje,2026-01-01T00:08:43Z,"trap brasileiro,trap funk,trap,hip hop brasileiro","G.AZINN",0.856,0.441,5,-6.901,0,0.0862,0.652,0,0.109,0.731,134.08,4
spotify:track:4QCwvUs4ob87Tq9VP07Uo3,"Loucura","Amor e Ódio","Borges;MC Cabelinho;Veigh;RUXN;Palma;Kizzy",2023-12-13,179945,69,true,31pukwc6x5g7m2u2elje37e7ppje,2026-01-03T00:57:43Z,"trap brasileiro,trap,trap funk,hip hop brasileiro,funk consciente","Mainstreet Records",0.458,0.677,8,-5.783,1,0.158,0.593,0,0.238,0.696,80.344,3
spotify:track:2qcSN7Mhg5Pq1erd1O5ebK,"SE ENVOLVE","MAGIC SHOW","Nagalli;Veigh;Supernova Ent",2024-04-25,129927,57,true,31pukwc6x5g7m2u2elje37e7ppje,2026-01-03T20:25:38Z,"trap brasileiro,trap,trap funk,hip hop brasileiro","Supernova Ent",0.594,0.457,1,-6.444,1,0.215,0.0468,0,0.126,0.325,98.903,3
spotify:track:0LGGo9eY1aJX6tqgxa87kd,"Freestyle","Freestyle","KayBlack;Wall Hein;Yokame",2022-04-28,180172,60,true,31pukwc6x5g7m2u2elje37e7ppje,2026-01-04T22:05:27Z,"trap brasileiro,trap funk,trap,hip hop brasileiro","Bunker Concept",0.532,0.551,1,-8.961,1,0.401,0.0908,0,0.59,0.787,58.814,4
spotify:track:47ynKwHwsxpulyKIxRP9RQ,"Falsidade","Falsidade","Mc IG;MC Ryan SP;MC Marks;DJ Glenner;Mc Kadu",2024-08-20,399500,48,false,31pukwc6x5g7m2u2elje37e7ppje,2026-01-05T03:41:14Z,"funk,trap funk,funk consciente","WM Brazil",0.637,0.535,7,-8.151,0,0.43,0.459,0,0.146,0.517,120.148,4
spotify:track:3sGcETRMuAgcPgjDpIkgMn,"777-666","Máquina do Tempo","Matuê",2020-09-10,164000,73,true,31pukwc6x5g7m2u2elje37e7ppje,2026-01-07T19:09:31Z,"trap brasileiro,trap,hip hop brasileiro,trap funk","Sony Music Entertainment",0.544,0.802,10,-4.534,0,0.326,0.0534,0,0.139,0.322,179.924,4
spotify:track:7qrQs4rPGCXnwNyLn2YVCT,"Devolve as Correntes / Invisível","Dos Prédios Deluxe","Veigh;Nagalli;Toledo;Bvga Beatz;Honaiser;Supernova Ent",2023-05-19,140860,63,true,31pukwc6x5g7m2u2elje37e7ppje,2026-01-08T19:39:05Z,"trap brasileiro,trap funk,trap,hip hop brasileiro","Supernova Entertainment Under Exclusive License to UnitedMasters",0.543,0.414,8,-10.167,0,0.482,0.295,0,0.129,0.352,87.374,4
spotify:track:06n87WQroP5WFD4aR45T8X,"Comedinha Ficou Bravo","É o Japa Nk Né Bebê","DJ Japa NK;Mc Negão Original;MC Meno K",2024-12-05,152355,69,true,31pukwc6x5g7m2u2elje37e7ppje,2026-01-15T10:33:20Z,"funk,trap funk,funk consciente,funk carioca","Love Funk",0.772,0.761,1,-5.591,0,0.132,0.0332,0.0000275,0.478,0.51,130.046,4
spotify:track:3OPQVLNRd2kKzEkhyLNC2i,"Fender","Fender","Celo1st;Veigh",2020-06-19,152764,29,true,31pukwc6x5g7m2u2elje37e7ppje,2026-01-17T16:06:12Z,"trap brasileiro,trap,trap funk,hip hop brasileiro","Celo1st",0.767,0.291,1,-12.683,0,0.0766,0.331,0,0.187,0.322,131.985,4
spotify:track:13Yg7PBjg2iUVZ2tkTkG4k,"Sigo as Estrelas","Sigo as Estrelas","Veigh;Nagalli;Hype Me Up",2021-04-29,185198,38,true,31pukwc6x5g7m2u2elje37e7ppje,2026-01-17T16:07:22Z,"trap brasileiro,trap funk,trap,hip hop brasileiro","Veigh",0.573,0.495,6,-8.819,0,0.122,0.0832,0,0.101,0.44,155.946,4
spotify:track:6jNmKNnk07DcGaP2tr3V0B,"Foto do Corte","Foto do Corte","Veigh;Nagalli",2021-08-04,175000,51,true,31pukwc6x5g7m2u2elje37e7ppje,2026-01-17T16:08:08Z,"trap brasileiro,trap funk,trap,hip hop brasileiro","Supernova Ent.",0.739,0.47,2,-11.559,0,0.256,0.208,0,0.112,0.881,144.064,3
spotify:track:4HG6BcNDJ65oBygbQQTyAv,"Indispensável","Indispensável","Veigh;KK",2019-05-24,234000,53,true,31pukwc6x5g7m2u2elje37e7ppje,2026-01-17T16:08:59Z,"trap brasileiro,trap funk,trap,hip hop brasileiro","Veigh",0.882,0.228,6,-14.111,0,0.203,0.265,0.00404,0.0859,0.483,119.992,4
spotify:track:4CtJxiG5X7mtRG8WTX5UKW,"Racks On Me","Racks On Me","Hype Me Up",2019-12-06,132000,28,true,31pukwc6x5g7m2u2elje37e7ppje,2026-01-17T16:09:38Z,"trap brasileiro","Hype Me Up",0.774,0.255,8,-16.673,1,0.175,0.47,0,0.108,0.319,160.052,4
spotify:track:4V43mdZCFdpZvdDoUHpHUZ,"Bandana 2","Dos Prédios","Veigh;Rocco;Nagalli;Supernova Ent;Yunk Vino;Lp067",2022-11-18,132923,62,true,31pukwc6x5g7m2u2elje37e7ppje,2026-01-17T16:11:03Z,"trap brasileiro,trap funk,trap,hip hop brasileiro","Supernova Entertainment",0.788,0.432,4,-7.858,0,0.0473,0.282,0,0.142,0.185,129.953,4
spotify:track:1HhHVYJHmsVyZvBR1nmY29,"Esquema de Pirâmide (feat. Veigh)","Mixtape Supernova Vol.1","Supernova Ent;Niink;Ghard;Veigh",2024-12-12,123996,57,false,31pukwc6x5g7m2u2elje37e7ppje,2026-01-18T04:39:50Z,"trap brasileiro,trap,trap funk,hip hop brasileiro","Supernova Entertainment",0.923,0.556,11,-7.956,0,0.282,0.213,0,0.0901,0.617,120.027,4
spotify:track:47OSM2U3bRS1cFDc26TpKw,"Tchau Obrigado","Tchau Obrigado","MC Ryan SP;Mc Kadu;MC GP;Mc Kanhoto;Mc Paiva ZS;Mc IG;Dj Victor",2021-12-20,350117,63,true,31pukwc6x5g7m2u2elje37e7ppje,2026-01-20T01:55:48Z,"funk,funk consciente,trap funk,funk carioca","GR6 Music",0.806,0.595,10,-3.628,0,0.575,0.679,0,0.083,0.645,113.11,5
spotify:track:6S2336rQHx8rcEGuCETufv,"Vulgo Mc Paiva","Vulgo Mc Paiva","Mc Paiva ZS;Dj LK da Escócia",2023-08-09,120115,53,true,31pukwc6x5g7m2u2elje37e7ppje,2026-01-24T05:27:52Z,"funk,trap funk,funk consciente,funk carioca","Love Funk",0.911,0.758,6,0.124,0,0.421,0.462,0.000015,0.0989,0.736,129.996,4
spotify:track:1OZ4uv7OAP24Ix6j3vojLt,"Casei Com a Putaria","Casei Com a Putaria","Mc Paiva ZS;MC Ryan SP;Kotim",2022-07-01,157500,63,true,31pukwc6x5g7m2u2elje37e7ppje,2026-01-24T05:48:51Z,"funk,trap funk,funk consciente,funk carioca","Love Funk",0.585,0.6,10,-7.008,0,0.436,0.117,0,0.0504,0.617,160.635,4
spotify:track:0OBv4CEP5FKS19ZQGHAUM6,"Fala na Cara","Fala na Cara","Mc Paiva ZS;DJ Ak beats;Love Funk",2023-10-11,171707,70,true,31pukwc6x5g7m2u2elje37e7ppje,2026-01-24T05:49:02Z,"funk,trap funk,funk consciente,funk carioca","Love Funk",0.795,0.507,9,-6.515,0,0.101,0.774,0,0.107,0.785,122.934,4
spotify:track:4pOGEJRVOuaa9oyy7qTGf6,"Fui Mlk","Fui Mlk","Nilo;Mc Paiva ZS;DJ Di Marques;Tropa da W&S;FamousKyo",2024-11-22,174110,75,false,31pukwc6x5g7m2u2elje37e7ppje,2026-01-24T05:49:27Z,"funk,trap funk,funk consciente,funk carioca","WMD",0.635,0.636,5,-3.72,1,0.309,0.636,0,0.317,0.691,128.528,4
spotify:track:27ECP9NCzTAoTpxXNePZuS,"01 Não É 02","01 Não É 02","Mc Paiva ZS;Love Funk;DJ Ak beats",2023-06-21,128503,64,true,31pukwc6x5g7m2u2elje37e7ppje,2026-01-24T22:16:52Z,"funk,trap funk,funk consciente,funk carioca","Love Funk",0.566,0.656,11,-5.697,1,0.752,0.648,0,0.164,0.609,127.173,4
spotify:track:5u4Rfn2zochrW8lpiUGFcT,"Diga Sim ao Job","Diga Sim ao Job","Mc Paiva ZS;Mc Delux;Dj Vitinho Ms;Love Funk;Mc Gw",2024-11-29,208024,43,true,31pukwc6x5g7m2u2elje37e7ppje,2026-01-25T03:34:41Z,"funk,trap funk,funk consciente,funk carioca,phonk brasileiro,phonk,funk bruxaria,brega funk","Love Funk",0.837,0.819,7,-4.114,1,0.353,0.186,0,0.0586,0.809,86.708,5
spotify:track:0rqn9g0GZtn5y4ogm5U3NF,"Toma Que Toma","A Nata de Tudo - A Ovelha Negra","Mc Negão Original;MC Cebezinho;Dj Yuri Pedrada;Mc Fidelis;MC GP;MC Jvila;MC Ryan SP",2025-02-07,461538,62,true,31pukwc6x5g7m2u2elje37e7ppje,2026-01-27T15:59:05Z,"funk,trap funk,funk consciente","Cria Hit BR",0.633,0.738,10,-3.781,0,0.57,0.164,0,0.115,0.755,82.144,3
spotify:track:1zi7xx7UVEFkmKfv06H8x0,"One Dance","Views","Drake;Wizkid;Kyla",2016-05-06,173986,93,false,31pukwc6x5g7m2u2elje37e7ppje,2026-01-28T04:10:31Z,"rap,afrobeats,afrobeat,afropop,azonto,afroswing,r&b afro,afropiano,jersey club","Cash Money Records/Young Money Ent./Universal Rec.",0.792,0.625,1,-5.609,1,0.0536,0.00776,0.0018,0.329,0.37,103.967,4
spotify:track:4kqz2VSAmiLm06X90jmktL,"Semi Nua","Semi Nua","MC GP;MC Meno K;Aaron Modesto;MC RN do Capão;DU'L;MC Rick;DJ Guh Mix;Marquinho no Beat;MC Ryan SP;Mc Negão Original",2025-08-08,548571,13,true,31pukwc6x5g7m2u2elje37e7ppje,2026-01-28T17:11:37Z,"funk,funk consciente,trap funk,funk carioca,funk de bh,trap brasileiro,trap","Black Sound Music",0.53,0.671,3,-4.037,0,0.369,0.733,0,0.228,0.74,91.006,3
spotify:track:54JVQqVhjGJttKUffQuE2B,"Desce no Chão","Desce no Chão","Mc Paiva ZS;Gabb MC;Mc Tato;LeoZera;Love Funk;Xarão",2026-01-22,110769,47,false,31pukwc6x5g7m2u2elje37e7ppje,2026-01-29T03:08:08Z,"funk,trap funk,funk consciente,funk carioca,funk bruxaria","Love Funk",0.89,0.56,1,-3.475,0,0.141,0.851,0.00000596,0.0939,0.725,129.987,4
spotify:track:0ghm6bTrXuqnLDyvfsv2at,"Outros Corpos","Outros Corpos","Orochi;Veigh;Portugal No Beat;Ribb",2024-09-27,188976,63,false,31pukwc6x5g7m2u2elje37e7ppje,2026-01-29T03:12:21Z,"trap brasileiro,hip hop brasileiro,trap funk,trap","Mainstreet Records",0.594,0.54,1,-7.395,0,0.0479,0.352,0.00000246,0.141,0.214,127.056,4
spotify:track:4ODMkKdMusKLAMWolKAchh,"Desfile na Favela","O Cenário Certo para o Teatro Perfeito","Danzo;Labbel Rec;Veigh;Bvga Beatz;Toledo",2023-08-25,160000,61,true,31pukwc6x5g7m2u2elje37e7ppje,2026-01-29T03:14:15Z,"trap brasileiro,trap,trap funk,hip hop brasileiro","Labbel Rec",0.838,0.446,4,-7.723,0,0.566,0.655,0,0.103,0.642,119.976,4
spotify:track:3tJIxBseMTrGEYy5wfXATP,"FYE","FYE","Ryu, The Runner;Veigh;Niink;6ee",2023-07-27,151278,31,true,31pukwc6x5g7m2u2elje37e7ppje,2026-02-01T15:29:26Z,"trap brasileiro,trap,trap funk,hip hop brasileiro","Som Livre",0.955,0.392,0,-6.755,1,0.274,0.127,0,0.131,0.771,128.006,4
spotify:track:277a7QeHcxctrKjvVVvrQv,"Dono da Verdade","Eu Venci o Mundo","Veigh;Supernova Ent",2025-06-26,144813,58,true,31pukwc6x5g7m2u2elje37e7ppje,2026-02-01T17:45:45Z,"trap brasileiro,trap funk,trap,hip hop brasileiro","Supernova Entertainment",0.801,0.568,5,-5.655,1,0.383,0.458,0,0.105,0.458,119.945,4
spotify:track:7JPDUl1uDFB4PM4IGxyKJU,"Meio Pá","Dos Prédios","Veigh;Blest Jones;UNKWN;Scotz;Mc Luanna;Supernova Ent",2022-11-18,179439,64,true,31pukwc6x5g7m2u2elje37e7ppje,2026-02-01T17:45:52Z,"trap brasileiro,trap funk,trap,hip hop brasileiro","Supernova Entertainment",0.512,0.508,11,-9.904,0,0.439,0.213,0,0.119,0.405,84.78,3
spotify:track:7qqixxBvZIGSep53Eh2o0b,"Gauchinha","Beat Que Te Deixa Alerta","DJ Japa NK;MC Meno K;MC Ryan SP;Mc Brinquedo;MC LUUKY",2025-12-17,273326,78,false,31pukwc6x5g7m2u2elje37e7ppje,2026-02-03T00:18:47Z,"funk,trap funk,funk consciente,funk carioca","2025 Kondzilla Nova Era",0.934,0.476,1,-7.046,0,0.505,0.295,0,0.0779,0.573,130.075,4
spotify:track:4G2bkOLkeOs0kKcHhWBdpb,"Happy Nation (feat. Mc Jvila, Nilo, Mc Magal, MC Meno K & Mc Paiva ZS)","Happy Nation (feat. MC Meno K, Mc Jvila, Nilo, Mc Paiva ZS & Mc Magal)","MC Ryan SP;MC LUUKY;Mc Negão Original;DJ Glenner;MC Jvila;Nilo;Mc Magal;MC Meno K;Mc Paiva ZS",2026-02-02,441904,54,true,31pukwc6x5g7m2u2elje37e7ppje,2026-02-05T00:48:37Z,"funk,funk consciente,trap funk,funk carioca","Bololo Records",0.792,0.634,10,-6.815,0,0.158,0.714,0,0.12,0.851,125.985,4
spotify:track:7ffk4cTP4E4xtXZBldtvcc,"escalade","escalade","G.A;Ghard;Supernova Ent;Ryu, The Runner",2025-10-08,184192,44,true,31pukwc6x5g7m2u2elje37e7ppje,2026-02-08T00:07:01Z,"trap brasileiro,trap funk,trap,hip hop brasileiro","Supernova Ent",0.813,0.522,1,-4.512,1,0.0373,0.106,0,0.113,0.0691,116.008,4
spotify:track:4WXVqLSRHF4ypdiBngbcqU,"Set Dj Gm 6.0","Set Dj Gm 6.0","Dj GM;Mc Paiva ZS;Triz;MC Paulin da Capital;Mc Lipi;Mc Lele JP;MC Ryan SP;Gabb MC;Mc Daniel;MC Cebezinho;MC GH do 7;MC Marks;Mc Negão Original;GREGO",2023-12-22,624000,76,false,31pukwc6x5g7m2u2elje37e7ppje,2026-02-08T00:21:40Z,"funk consciente,funk,trap funk,funk carioca,agronejo,piseiro,forró","Love Funk",0.459,0.747,8,-2.665,0,0.199,0.355,0,0.289,0.517,63.546,5
spotify:track:16uCw1aj8Qbi03TlbGY2si,"Jam #01 - Tudo Que Eu Faço","Jam #1","NADAMAL;Caio Luccas",2024-10-03,148420,50,false,31pukwc6x5g7m2u2elje37e7ppje,2026-02-08T22:26:03Z,"trap brasileiro,trap,trap funk,hip hop brasileiro","NadamalRecords",0.64,0.573,3,-7.275,0,0.0391,0.306,0,0.113,0.467,119.754,4
spotify:track:7tFHqw01PJ16Q7KBWzSDdT,"Plug da Nova (feat. Veigh & Ghard)","Mixtape Supernova Vol.1","Supernova Ent;G.A;Niink;Veigh;Ghard",2024-12-12,201081,52,false,31pukwc6x5g7m2u2elje37e7ppje,2026-02-10T09:26:24Z,"trap brasileiro,trap,trap funk,hip hop brasileiro","Supernova Entertainment",0.731,0.467,7,-8.688,0,0.203,0.371,0,0.134,0.373,147.96,4
spotify:track:4sfY9Q4rQKVwxQVKo6v04i,"2023","Perdas & Ganhos","Vulgo FK;MC Ryan SP;Tkd;Bvga Beatz;MATHINVOKER",2023-07-14,178407,57,true,31pukwc6x5g7m2u2elje37e7ppje,2026-02-10T10:13:55Z,"trap brasileiro,trap funk,trap,funk,hip hop brasileiro,funk consciente","Som Livre",0.53,0.463,1,-9.158,0,0.229,0.443,0,0.0999,0.556,86.484,4
spotify:track:7w3YbypHdkd89bb2ixdZZG,"loira de medicina","pq elas preferem os canalhas?","G.A;Supernova Ent",2025-10-09,153472,52,true,31pukwc6x5g7m2u2elje37e7ppje,2026-02-11T09:43:10Z,"trap brasileiro,trap funk,trap,hip hop brasileiro","Supernova Ent",0.816,0.401,1,-6.099,0,0.127,0.751,0,0.122,0.782,139.934,4
spotify:track:43Fjl7saEUHXKusaQiDDdt,"gelo no stanley","pq elas preferem os canalhas?","G.A;Supernova Ent;Niink",2025-10-09,160000,47,true,31pukwc6x5g7m2u2elje37e7ppje,2026-02-12T23:36:13Z,"trap brasileiro,trap funk,trap,hip hop brasileiro","Supernova Ent",0.865,0.677,2,-5.365,1,0.248,0.239,0,0.114,0.665,108.035,4
spotify:track:6xgf2Nigvj0JuyNFFDAG7t,"Pantera","Pantera","MC Jvila;G.A;Nagalli;Toledo;Honaiser",2025-09-10,191250,69,false,31pukwc6x5g7m2u2elje37e7ppje,2026-02-12T23:36:45Z,"funk,trap funk,funk consciente,trap brasileiro,trap,hip hop brasileiro","GR6 Music",0.64,0.609,8,-4.658,1,0.492,0.0578,0.00000126,0.11,0.655,85.023,5
spotify:track:6pKVspVknQ3NUufxA8bLu2,"Só quer Namorar","Só quer Namorar","Kawe;Menor MC;G.A;Marquinho no Beat",2026-02-06,143519,30,true,31pukwc6x5g7m2u2elje37e7ppje,2026-02-12T23:38:34Z,"trap brasileiro,hip hop brasileiro,trap funk,trap,funk","Illumi",0.548,0.594,0,-3.309,1,0.315,0.363,0,0.147,0.588,83.454,5
spotify:track:5j8pkV74Qd1xmIlIpXishE,"Dedo do Meio Pro Seu Ego🖕🏾","Dedo do Meio Pro Seu Ego🖕🏾","Mc Negão Original;MC Meno K;Mc Dena;G.A;Marquinho no Beat",2025-12-03,293538,29,true,31pukwc6x5g7m2u2elje37e7ppje,2026-02-12T23:39:24Z,"funk,trap funk,funk consciente,funk carioca,trap brasileiro,trap","WM Brazil",0.784,0.588,4,-5.048,0,0.204,0.16,0,0.0645,0.729,130.069,4
spotify:track:3ltphvD1E57ZwKxd40dMi9,"oq cê fez comigo","oq cê fez comigo","G.A;Luccas Carlos;Supernova Ent",2025-10-08,133953,15,true,31pukwc6x5g7m2u2elje37e7ppje,2026-02-12T23:45:27Z,"trap brasileiro,trap funk,trap,hip hop brasileiro,pop nacional","Supernova Ent",0.846,0.435,7,-8.074,1,0.238,0.439,0,0.133,0.478,129.038,4
spotify:track:48vVVCikPLX7q7qMaATDaJ,"VADIA (feat. Veigh & G.A)","Mixtape Supernova Vol.1","Supernova Ent;Vulgo FK;Niink;Veigh;G.A",2024-12-12,174550,58,false,31pukwc6x5g7m2u2elje37e7ppje,2026-02-12T23:48:10Z,"trap brasileiro,trap,trap funk,hip hop brasileiro,funk","Supernova Entertainment",0.694,0.52,5,-6.511,0,0.0655,0.295,0,0.11,0.678,120.763,4
spotify:track:2yipsqLP0A846JLTnYNIuG,"Chicago (feat. Veigh)","Mixtape Supernova Vol.1","Supernova Ent;G.A;Niink;Veigh",2024-12-12,162634,53,false,31pukwc6x5g7m2u2elje37e7ppje,2026-02-12T23:48:50Z,"trap brasileiro,trap,trap funk,hip hop brasileiro","Supernova Entertainment",0.813,0.563,6,-4.818,0,0.23,0.355,0,0.109,0.513,144.014,4
spotify:track:5RTMpECEVHy3H9jtn7HKi5,"Qual é seu desejo?","Direto da Selva","Tz da Coronel;Ryu, The Runner;Nagalli",2024-06-27,153429,61,true,31pukwc6x5g7m2u2elje37e7ppje,2026-02-12T23:57:00Z,"trap brasileiro,trap funk,trap,hip hop brasileiro","Cúpula",0.849,0.54,5,-4.375,0,0.0387,0.47,0,0.115,0.737,132.991,4
spotify:track:6Lgqcjgo0vYFSzdR8f15Gm,"Dembélé (feat. Niink & Veigh)","Mixtape Supernova Vol.1","Supernova Ent;Ghard;G.A;Niink;Veigh",2024-12-12,150822,51,false,31pukwc6x5g7m2u2elje37e7ppje,2026-02-12T23:58:28Z,"trap brasileiro,trap,trap funk,hip hop brasileiro","Supernova Entertainment",0.714,0.577,2,-10.595,1,0.32,0.514,0.00000131,0.111,0.524,140.017,4
spotify:track:2j7pQPTsRj2k3XFU6Vkb8g,"Pente 270!","DOIS Quebrada Inteligente","Kyan;Mu540;Veigh",2025-05-29,221706,60,true,31pukwc6x5g7m2u2elje37e7ppje,2026-02-13T00:04:54Z,"trap brasileiro,trap funk,trap,hip hop brasileiro","EHXIS",0.852,0.799,9,-4.608,0,0.477,0.484,0,0.106,0.723,130.013,4
spotify:track:6SMH0vJtez9fJmg3Nh2heG,"Movimento - Spotify Singles","Movimento - Spotify Singles","Veigh;Nagalli;Bvga Beatz;Supernova Ent",2022-10-14,158076,51,true,31pukwc6x5g7m2u2elje37e7ppje,2026-02-15T01:49:23Z,"trap brasileiro,trap funk,trap,hip hop brasileiro","Supernova Ent",0.82,0.502,1,-7.801,0,0.232,0.728,0,0.0843,0.587,104.008,4
spotify:track:6BD0tVP2lRt5gWWeEh29mv,"7 da Sorte","Dos Prédios","Veigh;Supernova Ent;MD Chefe;Rocco;Viper;Nagalli",2022-11-18,171789,58,true,31pukwc6x5g7m2u2elje37e7ppje,2026-02-15T01:51:28Z,"trap brasileiro,trap funk,trap,hip hop brasileiro","Supernova Entertainment",0.775,0.443,11,-10.452,0,0.252,0.417,0,0.122,0.289,95.022,4
spotify:track:0OUFQe9fTQPUDh04a2IbaE,"Pérola","Pérola","Veigh;Nagalli;HATZ",2022-02-18,114594,45,true,31pukwc6x5g7m2u2elje37e7ppje,2026-02-15T01:55:46Z,"trap brasileiro,trap funk,trap,hip hop brasileiro","HATZ",0.822,0.716,4,-5.921,1,0.0949,0.00513,0,0.143,0.469,110.996,4
spotify:track:0piW8h3hjHkKfEJu6LzU7j,"Paraíso Periférico","Paraíso Periférico","Veigh;Kyan;Nagalli",2022-03-18,171221,46,false,31pukwc6x5g7m2u2elje37e7ppje,2026-02-15T01:56:52Z,"trap brasileiro,trap funk,trap,hip hop brasileiro","Supernova Ent",0.557,0.686,9,-6.186,0,0.152,0.098,0,0.164,0.486,91.173,4
spotify:track:23iEJhVdPL5AmDRr3Zaavd,"20Minutes","20Minutes","Veigh",2020-10-02,168000,45,true,31pukwc6x5g7m2u2elje37e7ppje,2026-02-15T01:58:17Z,"trap brasileiro,trap funk,trap,hip hop brasileiro","Veigh",0.684,0.806,7,-4.843,0,0.05,0.381,0,0.0732,0.716,120.034,4
spotify:track:0Ucfvc8PrQ09RvPRW0GCj6,"Jeito Bandida","Jeito Bandida","Kyan;Veigh;Mu540;Wey;Nagalli;Paiva;Caio Passos",2021-10-07,199726,0,false,31pukwc6x5g7m2u2elje37e7ppje,2026-02-15T01:59:17Z,"trap brasileiro,trap funk,trap,hip hop brasileiro,funk,funk consciente","Ceia Ent.",0.791,0.541,1,-10.266,0,0.277,0.28,0,0.0839,0.464,137.111,4
spotify:track:5rdjuaqLkkwgxfUUGgFgo1,"MVP","MVP","Ryu, The Runner;Veigh;6ee",2024-07-24,169571,46,true,31pukwc6x5g7m2u2elje37e7ppje,2026-02-15T02:06:34Z,"trap brasileiro,trap,trap funk,hip hop brasileiro","Som Livre",0.804,0.654,5,-4.108,1,0.165,0.476,0,0.17,0.719,81.476,4
spotify:track:6FKC90hzVwca9nQeuVx9KG,"Champagne","Dos Prédios","Veigh;Nagalli;Supernova Ent;Vulgo FK;Rocco",2022-11-18,134400,55,true,31pukwc6x5g7m2u2elje37e7ppje,2026-02-15T02:47:47Z,"trap brasileiro,trap funk,trap,hip hop brasileiro,funk","Supernova Entertainment",0.52,0.472,11,-9.752,0,0.255,0.179,0,0.068,0.363,86.874,4
spotify:track:6OAjbLmKmJpewSIfNiY4rI,"Trap de Cria 2","Trap de Cria 2","Kyan;Danzo;Veigh;Nagalli;Caio Passos",2022-02-22,157566,54,true,31pukwc6x5g7m2u2elje37e7ppje,2026-02-15T18:24:20Z,"trap brasileiro,trap funk,trap,hip hop brasileiro,funk,funk consciente","Ceia Ent.",0.854,0.67,5,-7.296,0,0.215,0.0309,0,0.125,0.246,75.03,4
spotify:track:23J0wflr0iQIRjmZjdJNZ2,"Figura Pública","Figura Pública","Veigh;Supernova Ent;Nemzzz",2024-11-21,132415,52,true,31pukwc6x5g7m2u2elje37e7ppje,2026-02-15T20:34:48Z,"trap brasileiro,trap funk,trap,hip hop brasileiro,drill reino unido,drill","Supernova Entertainment",0.784,0.564,0,-8.804,0,0.333,0.42,0,0.117,0.694,144.935,4
spotify:track:1pUMlAh6i3Zb1wiv5Xmj8c,"Luxo No Morro","Dos Prédios","Veigh;Nagalli;Supernova Ent;A Jolly Child",2022-11-18,140800,53,true,31pukwc6x5g7m2u2elje37e7ppje,2026-02-17T15:03:57Z,"trap brasileiro,trap funk,trap,hip hop brasileiro","Supernova Entertainment",0.856,0.499,8,-8.823,0,0.289,0.113,0,0.0829,0.94,150.024,4
spotify:track:5rpw3BgEGRVFB8CvCJdeuT,"Ausência","Eu Venci o Mundo","Veigh;Supernova Ent",2025-06-26,131371,63,true,31pukwc6x5g7m2u2elje37e7ppje,2026-02-21T03:34:42Z,"trap brasileiro,trap funk,trap,hip hop brasileiro","Supernova Entertainment",0.487,0.562,11,-6.785,0,0.422,0.533,0,0.108,0.252,189.011,4
spotify:track:0jaN95G1TyZazGxQvYwib8,"Sangue do Cordeiro","Eu Venci o Mundo","Veigh;Supernova Ent",2025-06-26,106290,55,true,31pukwc6x5g7m2u2elje37e7ppje,2026-02-21T03:41:06Z,"trap brasileiro,trap funk,trap,hip hop brasileiro","Supernova Entertainment",0.63,0.581,4,-5.5,0,0.419,0.477,0,0.172,0.421,103.524,3
spotify:track:1jiFg1lHo4DezwMpR9ktwC,"Influencie","Eu Venci o Mundo","Veigh;Supernova Ent",2025-06-26,159562,57,true,31pukwc6x5g7m2u2elje37e7ppje,2026-02-21T03:41:56Z,"trap brasileiro,trap funk,trap,hip hop brasileiro","Supernova Entertainment",0.719,0.435,8,-6.945,0,0.0649,0.606,0,0.111,0.405,124.046,4
spotify:track:010d0LZvE7DRojYxuZHzax,"Amor Fictício","Eu Venci o Mundo","Veigh;Supernova Ent",2025-06-26,139213,55,true,31pukwc6x5g7m2u2elje37e7ppje,2026-02-21T03:43:08Z,"trap brasileiro,trap funk,trap,hip hop brasileiro","Supernova Entertainment",0.424,0.433,5,-8.727,0,0.102,0.495,0.0000048,0.148,0.249,62.297,4
spotify:track:0lN6Mpuubw0DRgOqYq7Fg8,"Um Mano Discreto (feat. Mc Luanna)","AINDA NO MESMO BAIRRO","Niink;Supernova Ent;Toledo;Galdino;Mc Luanna",2024-10-31,151982,52,true,31pukwc6x5g7m2u2elje37e7ppje,2026-02-21T03:45:03Z,"trap brasileiro,trap,trap funk,hip hop brasileiro","Supernova Ent",0.826,0.603,1,-6.809,0,0.243,0.397,0,0.111,0.418,125.999,4
spotify:track:7pmLik6qMsjV32hTn7hogB,"Seja Bem-Vinda","AINDA NO MESMO BAIRRO","Niink;Veigh;Supernova Ent;Nagalli;Bvga Beatz;Toledo;Galdino;Honaiser",2024-10-31,140858,50,true,31pukwc6x5g7m2u2elje37e7ppje,2026-02-21T03:46:19Z,"trap brasileiro,trap,trap funk,hip hop brasileiro","Supernova Ent",0.611,0.6,2,-6.657,1,0.379,0.206,0,0.209,0.284,142.327,4
spotify:track:5Em1teXpQJvQUrcmkfDQ0W,"Numa Balada Qualquer","AINDA NO MESMO BAIRRO","Niink;G.A;Supernova Ent;Bvga Beatz;Toledo;Galdino",2024-10-31,198462,42,false,31pukwc6x5g7m2u2elje37e7ppje,2026-02-21T03:49:09Z,"trap brasileiro,trap,trap funk,hip hop brasileiro","Supernova Ent",0.716,0.627,11,-5.96,0,0.171,0.791,0,0.138,0.388,96.952,4
spotify:track:6MSshnjRhKZpORgROzbBPf,"ALPINISTA","H.A.R.D","Ghard;Supernova Ent",2025-06-13,129923,49,true,31pukwc6x5g7m2u2elje37e7ppje,2026-02-21T03:52:04Z,"trap brasileiro,trap,trap funk,hip hop brasileiro","Supernova",0.878,0.66,8,-7.574,1,0.246,0.395,0,0.0856,0.518,132.988,4
spotify:track:4V3EOkq2uiO2n3yUhtx3TI,"SE N ENTENDE, N VEIO DO GUETO","H.A.R.D","Ghard;Supernova Ent;Niink",2025-06-13,123750,48,true,31pukwc6x5g7m2u2elje37e7ppje,2026-02-21T03:53:18Z,"trap brasileiro,trap,trap funk,hip hop brasileiro","Supernova",0.858,0.54,2,-6.08,1,0.143,0.604,0,0.162,0.532,127.974,4
spotify:track:5bEC94qAGS428S6eufQQx1,"MONTBLANC","H.A.R.D","Ghard;Supernova Ent",2025-06-13,177230,47,true,31pukwc6x5g7m2u2elje37e7ppje,2026-02-21T03:54:27Z,"trap brasileiro,trap,trap funk,hip hop brasileiro","Supernova",0.56,0.667,7,-5.163,0,0.326,0.758,0,0.524,0.3,129.724,4
spotify:track:6zWfgvh1e1FCdtfUVj370i,"Carnívoro","Carnívoro","Mc Jacaré;Mc Negão Original;Mc Lele JP;DJ Japa NK",2026-01-23,216000,19,false,31pukwc6x5g7m2u2elje37e7ppje,2026-02-21T17:02:28Z,"funk,trap funk,funk carioca,funk consciente","Croco Hits",0.538,0.692,5,-1.096,1,0.366,0.281,0,0.217,0.503,81.551,5
spotify:track:3hSVMDu2ddvtWPXmSdkLaf,"DELINEADO","DELINEADO","Nagalli;Veigh;Caio Luccas;Supernova Ent",2024-05-25,185462,43,true,31pukwc6x5g7m2u2elje37e7ppje,2026-02-23T23:58:36Z,"trap brasileiro,trap,trap funk,hip hop brasileiro","Supernova Ent",0.629,0.518,4,-7.991,0,0.12,0.542,0,0.085,0.62,87.805,4
spotify:track:66FenlqXH5BFAGehrxovT0,"Prazeres da Vida Noturna","Prazeres da Vida Noturna","Veigh;DJ Arana",2023-02-17,203128,48,true,31pukwc6x5g7m2u2elje37e7ppje,2026-02-25T20:44:57Z,"trap brasileiro,trap funk,trap,hip hop brasileiro,funk,funk bruxaria","Portuga Records",0.413,0.647,9,-5.245,0,0.102,0.665,0,0.137,0.454,129.555,4
spotify:track:1Qo9f6GlALIdQegwygAPDH,"Entrelinhas","Entrelinhas","Boaventura",2024-02-14,127619,61,true,31pukwc6x5g7m2u2elje37e7ppje,2026-02-26T09:37:53Z,"trap brasileiro,trap,trap funk","Boaventura",0.703,0.658,0,-3.91,1,0.0709,0.548,0,0.111,0.176,125.858,3
spotify:track:0H1CU3L4ATZ5yfQOdwVPw0,"Depois Desse Show","Depois Desse Show","Boaventura;G.A;Stick",2026-02-26,133000,38,true,31pukwc6x5g7m2u2elje37e7ppje,2026-02-26T22:18:18Z,"trap brasileiro,trap,trap funk","Boaventura",0.758,0.482,4,-7.235,0,0.115,0.304,0,0.111,0.109,130.089,4
spotify:track:0XkH47qUbNA4YGdD4WEjAA,"Depois do Baile","Depois do Baile","DENNIS;Veigh;WIU;MC PH;BUDAH;Djonga;Mc Don Juan;Hungria;Orochi;Azzy",2024-08-01,632886,59,false,31pukwc6x5g7m2u2elje37e7ppje,2026-02-26T22:19:14Z,"funk,funk carioca,funk pop,trap brasileiro,trap funk,trap,hip hop brasileiro,funk consciente,boom bap","Sony Music Entertainment",0.88,0.76,6,-5.306,1,0.0886,0.151,0.0000067,0.104,0.65,128.015,4
spotify:track:2qzI2cIKKqMM7lCxbgRWFM,"Tyla","Tyla","Blanco;Veigh",2024-10-25,134370,40,true,31pukwc6x5g7m2u2elje37e7ppje,2026-02-27T00:22:23Z,"drill reino unido,drill,grime,afroswing,grime reino unido,trap brasileiro,trap funk,trap,hip hop brasileiro","Believe UK",0.787,0.386,6,-7.702,0,0.338,0.291,0.00000121,0.182,0.533,142.959,4
spotify:track:7pnqm6UEb7SzpDxb53wULT,"Diz Aí Qual é o Plano?","Todo Mundo Odeia o IG","Mc IG;MC Ryan SP;Oruam;MC PH;Mc Poze do Rodo;MC GP;TrapLaudo;Mc Luki;MC GH do 7;MC Nego Micha;Murillo e LT no Beat",2024-03-21,703157,62,true,31pukwc6x5g7m2u2elje37e7ppje,2026-02-27T13:29:15Z,"funk,trap funk,funk consciente,trap brasileiro,trap,hip hop brasileiro","WM Brazil",0.59,0.581,4,-3.614,1,0.495,0.348,0,0.0775,0.58,72.308,5
spotify:track:7qLGX4LOag7cG6Md0zrbTy,"Luka Modrić","Luka Modrić","Lil Eazy;Beatempo;Kosky;Green Icy",2026-02-27,139965,40,true,31pukwc6x5g7m2u2elje37e7ppje,2026-02-28T05:29:53Z,"","Beatempo",0.808,0.409,0,-11.301,1,0.155,0.543,0,0.105,0.203,110.041,4
spotify:track:2SFLZ4b8md59HSDxmomQxx,"Vem Desestressar","Vem Desestressar","MC PH;Vulgo FK;Veigh",2024-04-04,240000,60,true,31pukwc6x5g7m2u2elje37e7ppje,2026-03-02T00:02:56Z,"funk,trap funk,funk consciente,trap brasileiro,trap,hip hop brasileiro","GR6 Music",0.761,0.543,3,-7.717,0,0.0509,0.366,0,0.285,0.541,123.936,4
spotify:track:6EmJRRzWxq675jyn8CEyp5,"Chapa Quente","Dos Prédios","Veigh;Supernova Ent;Toledo;Bvga Beatz;DazzBeats",2022-11-18,145454,53,true,31pukwc6x5g7m2u2elje37e7ppje,2026-03-05T20:36:31Z,"trap brasileiro,trap funk,trap,hip hop brasileiro","Supernova Entertainment",0.955,0.374,0,-12.051,0,0.252,0.106,0,0.11,0.772,132.017,4
spotify:track:1HusfIlJmtzSWQIrV5oNR1,"Pelo Momento","Dos Prédios","Veigh;Viper;Nagalli;Supernova Ent;Borges",2022-11-18,167500,53,true,31pukwc6x5g7m2u2elje37e7ppje,2026-03-06T16:31:08Z,"trap brasileiro,trap funk,trap,hip hop brasileiro","Supernova Entertainment",0.618,0.653,10,-6.034,0,0.394,0.0568,0,0.131,0.502,73.775,3
spotify:track:6ubWrh2GuyKMpQrzOynRjD,"Hora Errada","Dos Prédios Deluxe","Veigh;Caio Luccas;Nagalli;Honaiser;Bvga Beatz;Supernova Ent",2023-05-19,210000,61,true,31pukwc6x5g7m2u2elje37e7ppje,2026-03-06T16:31:34Z,"trap brasileiro,trap funk,trap,hip hop brasileiro","Supernova Entertainment Under Exclusive License to UnitedMasters",0.728,0.575,5,-7.85,0,0.244,0.518,0,0.101,0.639,128.035,4
spotify:track:2UPLsIQ7oYhdhBzsEOiyry,"Favelinha","Dos Prédios","Veigh;Toledo;Bvga Beatz;Supernova Ent",2022-11-18,121379,49,true,31pukwc6x5g7m2u2elje37e7ppje,2026-03-06T21:08:26Z,"trap brasileiro,trap funk,trap,hip hop brasileiro","Supernova Entertainment",0.534,0.593,9,-6.387,0,0.244,0.453,0,0.336,0.371,116.148,5
spotify:track:5AvrxXVPIiMhyPM13kcjve,"6AM NA COHAB - interlúdio","Dos Prédios","Veigh;Nagalli;Honaiser;Toledo;Supernova Ent",2022-11-18,106666,51,true,31pukwc6x5g7m2u2elje37e7ppje,2026-03-06T21:08:37Z,"trap brasileiro,trap funk,trap,hip hop brasileiro","Supernova Entertainment",0.892,0.606,8,-6.262,1,0.247,0.0923,0,0.115,0.394,126.178,4
spotify:track:1dVpfF7fycdR2uO0BJwili,"Turma do Bairro (Interlúdio)","Dos Prédios Deluxe","Veigh;Supernova Ent",2023-05-19,112000,53,true,31pukwc6x5g7m2u2elje37e7ppje,2026-03-06T21:09:02Z,"trap brasileiro,trap funk,trap,hip hop brasileiro","Supernova Entertainment Under Exclusive License to UnitedMasters",0.506,0.547,2,-8.802,1,0.332,0.185,0,0.0991,0.438,173.729,4
spotify:track:5dkytCgrODAV4HzGy0Sl94,"Detalhes","Dos Prédios Deluxe","Veigh;L7NNON;Luccas Carlos;Nagalli;Pedro Lotto;Bvga Beatz;Supernova Ent",2023-05-19,213222,57,true,31pukwc6x5g7m2u2elje37e7ppje,2026-03-06T21:09:12Z,"trap brasileiro,trap funk,trap,hip hop brasileiro,funk carioca,pop nacional","Supernova Entertainment Under Exclusive License to UnitedMasters",0.778,0.534,4,-6.332,0,0.192,0.175,0,0.104,0.744,134.99,4
spotify:track:5jXXQY6LLlEtEWMDL6XcaP,"Chatão","Chatão","Mc Lele JP;DJ Oreia;Mc DR;Gubeatz;Mc Negão Original;MC Ryan SP",2025-08-07,314880,19,false,31pukwc6x5g7m2u2elje37e7ppje,2026-03-08T13:05:13Z,"funk,funk consciente,trap funk","GRINGOS WORLD PRODUTORA",0.511,0.484,11,-10.559,0,0.147,0.259,0.00119,0.132,0.811,82.822,5
spotify:track:4RkBJDTvjDxPMAU1Oydz34,"Só Menina Linda","Só Menina Linda","MC LUUKY;MC Bruno MS;Boladin 211;Mc Negão Original;MC GH do 7;Mc Daniel;DJ Japa NK;DJ DAVI DOGDOG;MC Ryan SP",2024-09-11,490163,59,true,31pukwc6x5g7m2u2elje37e7ppje,2026-03-08T13:05:28Z,"funk,trap funk,funk consciente,funk de bh,fado,agronejo","EDITORA E GRAVADORA A BASE RECORDS",0.637,0.654,6,-4.714,0,0.383,0.353,0,0.12,0.636,129.642,4
spotify:track:0aff1PeFidGg14bcm0mqlt,"MAL INTENCIONADA (JÁ FOI, JÁ ERA)","MAGIC SHOW","Nagalli;Borges;Kyan;Vulgo FK;Veigh;Supernova Ent",2024-04-25,228571,57,true,31pukwc6x5g7m2u2elje37e7ppje,2026-03-09T23:47:34Z,"trap brasileiro,trap,trap funk,hip hop brasileiro,funk","Supernova Ent",0.785,0.557,1,-7.536,0,0.223,0.259,0,0.109,0.439,126.037,4
spotify:track:3drMoGS8mheTrv82q7o9M6,"Não Vou Me Comprometer 🍀","Feliz no Simples 🍀","Mc IG;MC Ryan SP;Mc Lele JP;MC Cebezinho;DJ Oreia",2025-05-13,360000,55,true,31pukwc6x5g7m2u2elje37e7ppje,2026-03-15T02:26:57Z,"funk,trap funk,funk consciente","WM Brazil",0.927,0.581,6,-6.493,0,0.507,0.0138,0,0.204,0.95,119.976,4
spotify:track:3ktTWpYdXrYApH54cBo4Ap,"Conexões de Máfia (feat. Rich The Kid)","Conexões de Máfia (feat. Rich The Kid)","Matuê;Rich The Kid",2023-04-30,221538,69,true,31pukwc6x5g7m2u2elje37e7ppje,2026-03-17T00:38:32Z,"trap brasileiro,trap,hip hop brasileiro,trap funk","Sony Music Entertainment",0.771,0.577,6,-6.944,0,0.0461,0.393,0,0.256,0.691,116.96,4
spotify:track:2XOcOpi9tKKGAcEW3QshsS,"Calma Bebê","Calma Bebê","UCLÃ;Sobs;Shoy;Sueth;Veigh",2022-03-14,211858,40,true,31pukwc6x5g7m2u2elje37e7ppje,2026-03-18T09:05:55Z,"trap brasileiro,hip hop brasileiro,trap,trap funk","UCLÃ",0.725,0.598,7,-6.036,1,0.382,0.123,0,0.0845,0.577,88.819,4
spotify:track:0Pevdiq4nNpKfgsDWcqyoG,"Big Boss 🍀","Feliz no Simples 🍀","Mc IG;DJ Oreia",2025-05-13,205000,45,false,31pukwc6x5g7m2u2elje37e7ppje,2026-03-18T09:43:08Z,"funk,trap funk,funk consciente","WM Brazil",0.775,0.696,10,-5.368,0,0.378,0.0252,0,0.16,0.965,119.127,4
spotify:track:5zK9di6IfoneQLfsuVXKRy,"Oferta e Demanda 🍀","Feliz no Simples 🍀","Mc IG;DJ Oreia",2025-05-13,146776,43,false,31pukwc6x5g7m2u2elje37e7ppje,2026-03-18T09:44:02Z,"funk,trap funk,funk consciente","WM Brazil",0.728,0.73,6,-5.308,1,0.396,0.0553,0,0.553,0.962,90.64,3
spotify:track:0lArWym57y3wiT7qcLUj7r,"Sem Gin, Sem Ela 3 🍀","Feliz no Simples 🍀","Mc IG;TrapLaudo;Mc Don Juan;MC PH;MC Vinny;Murillo e LT no Beat",2025-05-13,340122,48,false,31pukwc6x5g7m2u2elje37e7ppje,2026-03-18T09:44:29Z,"funk,trap funk,funk consciente,trap brasileiro","WM Brazil",0.882,0.411,9,-9.089,1,0.102,0.0482,0,0.0669,0.668,108.581,5
spotify:track:2cxF8LtYGnQ7fSGvzkv9YF,"Corintiana 🍀","Feliz no Simples 🍀","Mc IG;Murillo e LT no Beat",2025-05-13,122181,41,false,31pukwc6x5g7m2u2elje37e7ppje,2026-03-18T09:45:06Z,"funk,trap funk,funk consciente,trap brasileiro","WM Brazil",0.876,0.453,5,-8.209,1,0.306,0.461,0.00000538,0.174,0.583,110.055,4
spotify:track:4stMIe5pyMgHNqzzCHchcK,"Intelectual 🍀","Feliz no Simples 🍀","Mc IG;Mc Kadu;DJ Glenner",2025-05-13,237251,46,false,31pukwc6x5g7m2u2elje37e7ppje,2026-03-18T09:45:37Z,"funk,trap funk,funk consciente","WM Brazil",0.693,0.463,7,-8.756,0,0.488,0.161,0.000532,0.0929,0.341,126.998,4
spotify:track:6Ww1KjoOVgur1lFJxN6ZAf,"Com Pressão","Com Pressão","MC PH;Veigh;Aka Rasta;Ecologyk",2023-02-02,188160,33,true,31pukwc6x5g7m2u2elje37e7ppje,2026-03-18T20:50:47Z,"funk,trap funk,funk consciente,trap brasileiro,trap,hip hop brasileiro","GR6 Music",0.69,0.722,8,-5.357,0,0.136,0.401,0,0.135,0.569,124.976,4
spotify:track:4rezds0Va7LDCDH3gvlf2b,"POTÊNCIA","POTÊNCIA","Ryu, The Runner;Emitê Único;Neckklace;C4rlinhxs",2026-03-10,158868,50,true,31pukwc6x5g7m2u2elje37e7ppje,2026-03-20T01:04:38Z,"trap brasileiro,trap,trap funk,hip hop brasileiro","Som Livre",0.882,0.57,10,-5.905,0,0.234,0.00155,0,0.246,0.368,148.037,4
spotify:track:6PMFRImayWVHs9rXA7bOsu,"100% MOLHO","ISSO É TRAP","Brandão85;Jovem Dex;Leviano;Alee",2025-06-18,291374,65,true,31pukwc6x5g7m2u2elje37e7ppje,2026-03-20T01:27:06Z,"trap brasileiro,trap,hip hop brasileiro,trap funk","30PRAUM",0.742,0.732,9,-5.02,0,0.17,0.147,0,0.109,0.65,145.993,4
spotify:track:5KnGDIGzxFCZz87q7nkDds,"ESQV","ESQV","Ryu, The Runner;Emitê Único;6ee",2024-12-03,144533,53,true,31pukwc6x5g7m2u2elje37e7ppje,2026-03-20T01:34:46Z,"trap brasileiro,trap,trap funk,hip hop brasileiro","Som Livre",0.807,0.702,8,-4.313,1,0.0719,0.028,0,0.112,0.526,132.992,4
spotify:track:38NukRP5zIlRv9XlKtwuAJ,"AUTOBAHN","XTRANHO","Matuê;Cashley",2025-12-10,185454,66,true,31pukwc6x5g7m2u2elje37e7ppje,2026-03-20T20:59:44Z,"trap brasileiro,trap,hip hop brasileiro,trap funk","30PRAUM",0.757,0.729,10,-5.231,0,0.0325,0.054,0.00000247,0.0597,0.317,132.025,4
spotify:track:0GKWB02lWvDAHLZIKuPrr2,"400K 2","400K 2","Mc IG;DJ Hyago",2026-03-19,143606,44,false,31pukwc6x5g7m2u2elje37e7ppje,2026-03-20T21:02:58Z,"funk,trap funk,funk consciente","WM Brazil",0.654,0.433,6,-8.26,1,0.312,0.495,0,0.09,0.674,120.052,4
spotify:track:7F2ZR42zJapZm5qTFsDiWs,"ÚLTIMA VEZ","CAOS","Alee;Neckklace",2024-09-23,152912,67,true,31pukwc6x5g7m2u2elje37e7ppje,2026-03-21T00:15:12Z,"trap brasileiro,trap","ALEE",0.314,0.548,4,-6.353,0,0.0346,0.00478,0,0.305,0.0366,119.488,4
spotify:track:0NbrZPTfy0IJ0BWKJ1SSZe,"Pra Toda Inveja","Pra Toda Inveja","DJ Glenner;Mc IG;Dj Luan MPC",2025-10-27,147692,56,false,31pukwc6x5g7m2u2elje37e7ppje,2026-03-22T14:51:47Z,"funk,trap funk,funk consciente","2025 Kondzilla Nova Era",0.723,0.412,7,-13.067,1,0.562,0.395,0.0000129,0.131,0.766,175.617,3
spotify:track:3D4kpedVCMAn4uKQ5keDGq,"Isso Aqui Vai Virar Zona 🍀","Isso Aqui Vai Virar Zona 🍀","Mc IG;MC Ryan SP;Mc Lele JP;TrapLaudo;DJ Glenner;Dj Daltin no Beat;Menor Richard",2025-05-12,348870,52,false,31pukwc6x5g7m2u2elje37e7ppje,2026-03-22T20:23:11Z,"funk,trap funk,funk consciente","WM Brazil",0.881,0.591,10,-9.009,0,0.0526,0.385,0,0.075,0.769,120.023,4
spotify:track:3ZWz64etNHIcZNJd1Gyn2a,"Banco","Banco","Matuê;Predella",2019-01-16,254734,71,false,31pukwc6x5g7m2u2elje37e7ppje,2026-03-22T20:33:47Z,"trap brasileiro,trap,hip hop brasileiro,trap funk","30PRAUM",0.667,0.718,10,-6.593,0,0.148,0.121,0.00000122,0.0921,0.281,165.833,4
spotify:track:0qsKefQyXCzaxjHbOcd8IU,"333","333","Matuê",2024-09-09,324000,16,true,31pukwc6x5g7m2u2elje37e7ppje,2026-03-22T22:59:47Z,"trap brasileiro,trap,hip hop brasileiro,trap funk","30PRAUM",0.519,0.707,5,-2.26,0,0.183,0.295,0,0.0932,0.603,78.196,4
spotify:track:2KINhc9Jf5Z6IxdJ3xM07Z,"A Firma Segue Lucrando","A Firma Segue Lucrando","MC Meno K;Fepache;DJ Hyago;DJ Oreia",2025-09-25,128000,9,true,31pukwc6x5g7m2u2elje37e7ppje,2026-03-23T23:55:17Z,"funk,funk carioca,trap funk,funk consciente","Bololo Records",0.849,0.403,11,-8.732,0,0.116,0.307,0,0.142,0.606,80.096,5
spotify:track:2xebCnKCjYWBhJ4Ai8hO5E,"Set dos Casados","Set dos Casados","Mc Davi;Mc Kevin;Mc Don Juan;MC Hariel;MC Marks;MC G15;Mc Phe Cachorrera;Gaab;MC Menor da VG;MC Ryan SP;MC Kapela;Perera DJ;Veiga no Beat",2021-09-17,643200,71,true,31pukwc6x5g7m2u2elje37e7ppje,2026-03-24T01:39:10Z,"funk,funk consciente,trap funk,pagode","GR6 Music",0.581,0.384,4,-7.618,0,0.295,0.325,0,0.0953,0.149,199.884,4
spotify:track:4IdcxaEb9gfR3064T8AOgu,"Menor Quente (feat. Veigh & Ghard)","Mixtape Supernova Vol.1","Supernova Ent;Niink;G.A;Veigh;Ghard",2024-12-12,198656,53,false,31pukwc6x5g7m2u2elje37e7ppje,2026-03-25T21:14:59Z,"trap brasileiro,trap,trap funk,hip hop brasileiro","Supernova Entertainment",0.883,0.338,0,-9.453,0,0.154,0.234,0,0.0988,0.226,115.989,4
spotify:track:5p0xBbD3UOlsA7AgECeLZw,"Novo Império (feat. Veigh & Ghard)","Mixtape Supernova Vol.1","Supernova Ent;G.A;Niink;Veigh;Ghard",2024-12-12,189400,50,false,31pukwc6x5g7m2u2elje37e7ppje,2026-03-25T21:15:07Z,"trap brasileiro,trap,trap funk,hip hop brasileiro","Supernova Entertainment",0.798,0.397,1,-8.177,0,0.227,0.466,0,0.109,0.141,132.017,4
spotify:track:2I930q22UY4zvVnpkSgsfD,"Modo Carreira (feat. Veigh)","Mixtape Supernova Vol.1","Supernova Ent;Niink;G.A;Veigh",2024-12-12,182012,52,false,31pukwc6x5g7m2u2elje37e7ppje,2026-03-25T21:15:14Z,"trap brasileiro,trap,trap funk,hip hop brasileiro","Supernova Entertainment",0.585,0.628,4,-6.659,0,0.108,0.0814,0.00000185,0.19,0.136,124.995,4
spotify:track:208uGOTT6zCnhx6YM7B7OF,"Atitudes de um Gangsta (feat. Veigh)","Mixtape Supernova Vol.1","Supernova Ent;Yunk Vino;Niink;Veigh",2024-12-12,183527,55,false,31pukwc6x5g7m2u2elje37e7ppje,2026-03-25T21:15:25Z,"trap brasileiro,trap,trap funk,hip hop brasileiro","Supernova Entertainment",0.754,0.446,2,-9.642,0,0.371,0.485,0,0.491,0.385,135.862,4
spotify:track:4W9pw6UTxzvCZ9bmylsg12,"Sempre Forte (bônus)","Mixtape Supernova Vol.1","Supernova Ent;Stick;Honaiser",2024-12-12,142657,48,false,31pukwc6x5g7m2u2elje37e7ppje,2026-03-25T21:15:56Z,"trap brasileiro,trap,trap funk,hip hop brasileiro","Supernova Entertainment",0.795,0.584,2,-6.282,1,0.211,0.24,0,0.315,0.271,143.026,4
spotify:track:78csEnL5LYOQc9eVITJTpu,"Melhor Dia: Dopamina","Melhor Dia: Dopamina","Marcos Baroni;Matuê;Chamier;ht !",2026-03-24,260129,55,false,31pukwc6x5g7m2u2elje37e7ppje,2026-03-25T21:35:03Z,"trap brasileiro,trap funk,trap,hip hop brasileiro","Estúdio Baroni",0.367,0.888,2,-2.951,0,0.0601,0.0662,0,0.129,0.142,145.595,1
spotify:track:5kuUOpHZlZjL8b7HXkxRsm,"Luxúria","Pecado Capital","Xamã;Bagua Records;Neo Beats;Matuê",2018-05-24,185310,73,false,31pukwc6x5g7m2u2elje37e7ppje,2026-03-25T21:35:27Z,"hip hop brasileiro,trap brasileiro,trap funk,trap,boom bap","Baguá Records",0.737,0.564,7,-8.293,1,0.316,0.301,0,0.0985,0.684,140.075,4
spotify:track:3Kh5a6vXMiJtC35jMEfmyy,"Castlevania","333","Matuê",2024-09-09,230181,11,true,31pukwc6x5g7m2u2elje37e7ppje,2026-03-25T21:35:46Z,"trap brasileiro,trap,hip hop brasileiro,trap funk","30PRAUM",0.616,0.928,9,-2.34,0,0.043,0.0168,0,0.156,0.23,109.966,4
spotify:track:4mWvUyxAax81We11pYY4up,"Semi Nua 2","Semi Nua 2","Mc Iguinho Ct;Mc Negão Original;Aaron Modesto;Mc Dena;MC GP;MC Ryan SP;MC Willian;DJ Guh Mix;DU'L;MC RN do Capão;Marquinho no Beat",2026-03-02,655238,77,false,31pukwc6x5g7m2u2elje37e7ppje,2026-03-25T23:09:24Z,"funk,trap funk,funk consciente,trap brasileiro,trap","Universal Music Ltda.",0.586,0.523,6,-6.618,0,0.37,0.634,0,0.121,0.659,126.004,4
spotify:track:6n9JMoXkXu4lDOu1k6MRpy,"Reliquia do 2T","Reliquia do 2T","DJ Gu;MC Vine7;MC Tuto;MC Joãozinho VT;Mc Dkziin;MC Fr da Norte",2026-02-06,306000,83,true,31pukwc6x5g7m2u2elje37e7ppje,2026-03-26T00:06:15Z,"funk,funk consciente,trap funk","Sonar Music",0.965,0.596,1,-5.867,1,0.106,0.359,0.0000363,0.0642,0.854,120.043,4
spotify:track:24YBgTmHwqICcUuHTv7M7S,"Amiri","Amiri","Yunk Vino;Veigh",2026-03-25,166824,46,false,31pukwc6x5g7m2u2elje37e7ppje,2026-03-26T19:48:18Z,"trap brasileiro,trap,trap funk,hip hop brasileiro","Universal Music Ltda.",0.427,0.78,1,-3.73,0,0.0693,0.0789,0,0.181,0.331,96.762,3
spotify:track:1FSvqHzMs4v8vb17Cwuf5U,"Não Morro Cedo","AINDA NO MESMO BAIRRO","Niink;Supernova Ent;Stick;Fahel",2024-10-31,148225,43,true,31pukwc6x5g7m2u2elje37e7ppje,2026-03-26T21:44:37Z,"trap brasileiro,trap,trap funk,hip hop brasileiro","Supernova Ent",0.809,0.534,10,-6.555,0,0.326,0.336,0.000258,0.232,0.269,136.009,4
spotify:track:51PaI1Ycx2lGGx9whVYtep,"Bandana","Bandana","Veigh",2020-11-13,138000,49,true,31pukwc6x5g7m2u2elje37e7ppje,2026-03-26T22:18:36Z,"trap brasileiro,trap funk,trap,hip hop brasileiro","Veigh",0.711,0.535,0,-8.479,1,0.0566,0.0764,0,0.105,0.229,148.03,4
spotify:track:0Q0yEXkO8USOZF98nolhQx,"Igor Guilherme Prime","Quem Tá Vivo, Tá Vivendo","Mc IG;DJ Oreia",2026-03-26,120000,46,true,31pukwc6x5g7m2u2elje37e7ppje,2026-03-27T00:00:22Z,"funk,trap funk,funk consciente","WM Brazil",0.631,0.668,7,-7.823,1,0.397,0.0844,0.0000125,0.0748,0.872,88.822,3
spotify:track:1znEQ8vLrKp09w5xRlsmAP,"Quem Tá Vivo, Tá Vivendo","Quem Tá Vivo, Tá Vivendo","Mc IG;MC PH;MC Ryan SP;DJ Hyago",2026-03-26,228000,50,true,31pukwc6x5g7m2u2elje37e7ppje,2026-03-27T00:00:22Z,"funk,trap funk,funk consciente,trap brasileiro","WM Brazil",0.612,0.62,8,-4.285,1,0.357,0.0213,0,0.105,0.591,100.492,3
spotify:track:3uJ3qMOr8KWOBVANwSsMi3,"Sensação de Poder","Quem Tá Vivo, Tá Vivendo","Mc IG;Mc Don Juan;MC GH do 7;Mc Fidelis;D Santana;MC LUUKY;Mc guizinho niazi;Murillo e LT no Beat",2026-03-26,452682,46,true,31pukwc6x5g7m2u2elje37e7ppje,2026-03-27T00:00:22Z,"funk,trap funk,funk consciente,trap brasileiro,trap","WM Brazil",0.663,0.507,1,-1.701,0,0.431,0.312,0,0.146,0.616,92.054,3
spotify:track:2364CtKIeJNVUnZZHKrzIr,"Mente Barulhenta","Quem Tá Vivo, Tá Vivendo","Mc IG;Mc Lele JP;DJ Oreia;DJ Noiskita",2026-03-26,215433,79,true,31pukwc6x5g7m2u2elje37e7ppje,2026-03-27T00:00:22Z,"funk,trap funk,funk consciente","WM Brazil",0.567,0.558,0,-4.824,0,0.365,0.00579,0,0.246,0.596,126.662,3
spotify:track:2B8bxoPVSW4NSrFAFF7hcJ,"Erva Venenosa","Quem Tá Vivo, Tá Vivendo","Mc IG;DJ Glenner;MC Marks;MC Nego Micha;MC GP;MC Jvila;Menó Prodígio",2026-03-26,437760,44,true,31pukwc6x5g7m2u2elje37e7ppje,2026-03-27T00:00:22Z,"funk,trap funk,funk consciente","WM Brazil",0.835,0.615,6,-5.118,0,0.456,0.124,0,0.0704,0.873,124.986,4
spotify:track:141lHj9Pz5EHJN26u2dvNn,"Jogo do Corinthians 2","Quem Tá Vivo, Tá Vivendo","Mc IG;Murillo e LT no Beat",2026-03-26,146776,46,true,31pukwc6x5g7m2u2elje37e7ppje,2026-03-27T00:00:22Z,"funk,trap funk,funk consciente,trap brasileiro","WM Brazil",0.543,0.181,2,-18.726,0,0.188,0.251,0,0.0907,0.71,81.38,5
spotify:track:5GBMbt1J7p0yNNgTX9VlkC,"Eu e Ela (Romeu & Julieta)","Quem Tá Vivo, Tá Vivendo","Mc IG;DJ WN",2026-03-26,215593,48,true,31pukwc6x5g7m2u2elje37e7ppje,2026-03-27T00:00:22Z,"funk,trap funk,funk consciente","WM Brazil",0.555,0.498,7,-11.883,1,0.405,0.488,0.00172,0.113,0.956,86.431,3
spotify:track:0CFXAHhKGusBALAfri40oZ,"A Dama e O Vagabundo","Quem Tá Vivo, Tá Vivendo","Mc IG;MC Marks;Mc Jacaré;DJ Glenner;Mc Negão Original;Mc Rodrigo do CN;Mc Piedro;DJ KN DE VILA VELHA",2026-03-26,443076,45,true,31pukwc6x5g7m2u2elje37e7ppje,2026-03-27T00:00:22Z,"funk,trap funk,funk consciente,funk carioca,funk de bh","WM Brazil",0.806,0.747,5,-1.51,0,0.0987,0.129,0,0.192,0.771,130.002,4
spotify:track:71kH00sELRUNJmtYAqWkCV,"Terrível Sensação","Quem Tá Vivo, Tá Vivendo","Mc IG;DJ Glenner",2026-03-26,178144,44,true,31pukwc6x5g7m2u2elje37e7ppje,2026-03-27T00:00:22Z,"funk,trap funk,funk consciente","WM Brazil",0.784,0.39,9,-7.936,0,0.0552,0.345,0,0.0829,0.355,97.003,4
spotify:track:3VhsuiUChMIsiJXICrWhrP,"Sabe o Meu Coração","Quem Tá Vivo, Tá Vivendo","Mc IG;Mc Lele JP;Mc Luki;DU'L;Mc Menor Kau;Menor Will;MC Nego Micha;DJ Oreia;Lil Kid 777",2026-03-26,438400,46,true,31pukwc6x5g7m2u2elje37e7ppje,2026-03-27T00:00:22Z,"funk,trap funk,funk consciente,trap brasileiro","WM Brazil",0.708,0.646,3,-6.576,1,0.259,0.102,0,0.138,0.788,150.138,4
spotify:track:7g3g2pDBbCMkhv5O4KkExy,"Quase Que","Quem Tá Vivo, Tá Vivendo","Mc IG;Mc Neguinho PRT;DJ Hyago;DJ Oreia;DJ Massinha Reborn",2026-03-26,186666,42,true,31pukwc6x5g7m2u2elje37e7ppje,2026-03-27T00:00:22Z,"funk,trap funk,funk consciente","WM Brazil",0.627,0.652,8,-6.312,0,0.188,0.0557,0,0.362,0.606,180.09,4
spotify:track:1cmfkTK5yz4EnrU7PBEyDN,"Low Profile","Quem Tá Vivo, Tá Vivendo","Mc IG;MC GP;MC Ryan SP;Mc Lele JP;DJ Hyago;Maestro dos Beats;Mc Dena;Mc Neguinho PRT;TrapLaudo",2026-03-26,557288,56,true,31pukwc6x5g7m2u2elje37e7ppje,2026-03-27T00:00:22Z,"funk,trap funk,funk consciente,funk carioca","WM Brazil",0.714,0.367,1,-6.593,1,0.458,0.366,0.00000689,0.0686,0.79,117.942,4
spotify:track:0qMLqNzw2bB9tVlbOIFxoC,"Bem-vinda à Minha Favela","Quem Tá Vivo, Tá Vivendo","Mc IG;Murillo e LT no Beat",2026-03-26,103140,40,true,31pukwc6x5g7m2u2elje37e7ppje,2026-03-27T00:00:22Z,"funk,trap funk,funk consciente,trap brasileiro","WM Brazil",0.608,0.612,2,-5.782,0,0.317,0.106,0.00000302,0.0984,0.732,88.724,3
spotify:track:64tp4dlb1DSSwF4ohOIpZ6,"Patricinha Ama","Quem Tá Vivo, Tá Vivendo","Mc IG;MC Meno K;MC Ryan SP;MC GP;DJ DAVI DOGDOG;DJ Japa NK;DU'L;MC LUUKY;Mc Jacaré;Mc Lele JP;Mc Negão Original;TrapLaudo",2026-03-26,624000,57,true,31pukwc6x5g7m2u2elje37e7ppje,2026-03-27T00:00:22Z,"funk,trap funk,funk consciente,funk carioca","WM Brazil",0.797,0.592,8,-5.955,0,0.291,0.352,0,0.0997,0.579,129.875,4
spotify:track:6yEmafoZ5PWwR54WvIY4vi,"Massinha Reborn","Quem Tá Vivo, Tá Vivendo","Mc IG;Mc Lele JP;DJ Massinha Reborn;MC Nego Micha;DJ Oreia;MC LIVEIRA;Mc Luki;Nego Trufa",2026-03-26,414720,46,true,31pukwc6x5g7m2u2elje37e7ppje,2026-03-27T00:00:22Z,"funk,trap funk,funk consciente","WM Brazil",0.792,0.676,4,-5.136,0,0.564,0.0425,0,0.0782,0.742,124.991,4
spotify:track:4slGOhy5Lm2CmzPcVt97Hd,"Eu Charrei","Quem Tá Vivo, Tá Vivendo","Mc IG;DJ Massinha Reborn;DJ Hyago",2026-03-26,146666,40,true,31pukwc6x5g7m2u2elje37e7ppje,2026-03-27T00:00:22Z,"funk,trap funk,funk consciente","WM Brazil",0.729,0.496,9,-7.263,0,0.0541,0.0366,0,0.0868,0.764,143.876,4
spotify:track:5MxyBn0jdGdoc6Hbwmzq5K,"MENOR PEÇA","H.A.R.D","Ghard;Supernova Ent;LPT Zlatan",2025-06-13,133333,51,true,31pukwc6x5g7m2u2elje37e7ppje,2026-03-27T16:27:39Z,"trap brasileiro,trap,trap funk,hip hop brasileiro","Supernova",0.642,0.733,9,-4.324,1,0.385,0.311,0,0.0801,0.568,96.223,5
spotify:track:36Hwcla06Q5BCr59CL0sBp,"Ayo Technology","Curtis","50 Cent;Justin Timberlake;Timbaland",2007-01-01,247946,83,true,31pukwc6x5g7m2u2elje37e7ppje,2026-03-27T19:16:41Z,"hip hop old school,east coast hip hop","Aftermath/Shady",0.63,0.782,8,-5.44,0,0.132,0.0828,0,0.034,0.418,140.144,4
spotify:track:7wglwZzZoWUr8sOECwpu6L,"Diário de um Detento","Sobrevivendo no Inferno","Racionais MC's",1997-10-07,451000,68,false,31pukwc6x5g7m2u2elje37e7ppje,2026-03-27T22:18:02Z,"hip hop brasileiro,rap,boom bap","Cosa Nostra",0.903,0.526,10,-10.069,0,0.334,0.603,0,0.0973,0.766,87.005,4
spotify:track:5H4mXWKcicuLKDn4Jy0sK7,"Time Flies","Dark Lane Demo Tapes","Drake",2020-05-01,192931,78,true,31pukwc6x5g7m2u2elje37e7ppje,2026-03-27T22:49:33Z,"rap","OVO",0.864,0.477,10,-5.786,1,0.224,0.201,0,0.182,0.5,86.46,4
spotify:track:6DCZcSspjsKoFjzjrWoCdn,"God's Plan","Scorpion","Drake",2018-06-29,198973,88,true,31pukwc6x5g7m2u2elje37e7ppje,2026-03-29T13:15:39Z,"rap","Cash Money/Drake LP6",0.754,0.449,7,-9.211,1,0.109,0.0332,0.0000829,0.552,0.357,77.169,4
spotify:track:466cKvZn1j45IpxDdYZqdA,"Toosie Slide","Dark Lane Demo Tapes","Drake",2020-05-01,247058,74,true,31pukwc6x5g7m2u2elje37e7ppje,2026-03-29T13:20:57Z,"rap","OVO",0.83,0.49,1,-8.82,0,0.209,0.289,0.00000304,0.113,0.845,81.604,4
spotify:track:1rfeGx4ELUmW0z4rznid92,"Continuo fazendo grana","PRA SEMPRE NO MESMO BAIRRO","Niink;Supernova Ent",2025-03-27,124142,46,true,31pukwc6x5g7m2u2elje37e7ppje,2026-03-31T00:12:47Z,"trap brasileiro,trap,trap funk,hip hop brasileiro","Supernova Ent",0.867,0.582,9,-8.865,0,0.0665,0.31,0.00518,0.118,0.347,115.982,4
spotify:track:6hdttnSKaHJHAb4ohCl19b,"WARZONE","WARZONE","Brandão85",2026-03-30,166285,51,false,31pukwc6x5g7m2u2elje37e7ppje,2026-03-31T00:22:56Z,"trap brasileiro,trap","30PRAUM",0.709,0.771,9,-2.461,1,0.257,0.0573,0.00000468,0.297,0.713,139.741,4
spotify:track:3Rc0BGklC1QmiNIq7FeKay,"MIGOS","ISSO É TRAP","Brandão85;Jé",2025-06-18,148732,61,true,31pukwc6x5g7m2u2elje37e7ppje,2026-03-31T00:24:07Z,"trap brasileiro,trap,hip hop brasileiro","30PRAUM",0.854,0.652,2,-3.171,1,0.0497,0.0189,0.00000182,0.11,0.139,141.952,4
spotify:track:7n5vy8RiQ2lG1DNxvhazc2,"ÍCONES GLOBAIS","H.A.R.D","Ghard;Supernova Ent;Vulgo FK",2025-06-13,167547,60,false,31pukwc6x5g7m2u2elje37e7ppje,2026-03-31T09:21:47Z,"trap brasileiro,trap,trap funk,hip hop brasileiro,funk","Supernova",0.919,0.556,5,-7.431,0,0.0945,0.555,0.00000933,0.0981,0.522,106.01,4
spotify:track:2S1wKnO0G3o7KTttBF3Di8,"PERGAMINHO","H.A.R.D","Ghard;Supernova Ent",2025-06-13,140800,43,true,31pukwc6x5g7m2u2elje37e7ppje,2026-03-31T09:22:27Z,"trap brasileiro,trap,trap funk,hip hop brasileiro","Supernova",0.802,0.539,1,-5.421,1,0.311,0.402,0,0.145,0.175,75.023,4
spotify:track:5VyEKnUdX9l9ReUNsetUqL,"MSN","MSN","Niink;Nagalli;Supernova Ent",2023-10-05,129836,49,true,31pukwc6x5g7m2u2elje37e7ppje,2026-03-31T09:25:28Z,"trap brasileiro,trap,trap funk,hip hop brasileiro","Supernova Ent",0.892,0.547,5,-7.057,0,0.0715,0.59,0,0.108,0.53,122.067,4
spotify:track:03trGuoe1iyuz6bIYsfPNH,"Saiba escolher a mulher pro seu lado","AINDA NO MESMO BAIRRO","Niink;Supernova Ent;Nagalli;Toledo;Stick",2024-10-31,194377,48,false,31pukwc6x5g7m2u2elje37e7ppje,2026-03-31T09:25:58Z,"trap brasileiro,trap,trap funk,hip hop brasileiro","Supernova Ent",0.565,0.651,8,-6.616,0,0.295,0.342,0,0.126,0.278,107.538,3
spotify:track:3eN9gbbEQCRiW3bT5zjeNX,"BIG MONEY","CAOS DLX","Alee;Neckklace;C4rlinhxs;Pluck D",2025-07-24,122818,60,true,31pukwc6x5g7m2u2elje37e7ppje,2026-03-31T09:46:56Z,"trap brasileiro,trap","Alee",0.485,0.625,1,-6.455,1,0.0422,0.000635,0.00264,0.289,0.0771,87.652,3
spotify:track:1uLZIHQ6MR5lzVUqfKDWzJ,"bb do brasil","pq elas preferem os canalhas?","G.A;Supernova Ent",2025-10-09,115862,45,true,31pukwc6x5g7m2u2elje37e7ppje,2026-04-02T00:29:45Z,"trap brasileiro,trap funk,trap,hip hop brasileiro","Supernova Ent",0.782,0.469,8,-6.907,0,0.253,0.247,0,0.161,0.274,116.223,4
spotify:track:3pED9DRhojHZtPmtgnqqTx,"CALVIN KLEIN","CALVIN KLEIN","Vulgo FK;Veigh;Pedro Lotto;Honaiser;Galdino;Toledo",2024-10-23,175861,46,true,31pukwc6x5g7m2u2elje37e7ppje,2026-04-02T17:01:32Z,"trap brasileiro,trap funk,trap,funk,hip hop brasileiro","Som Livre",0.493,0.277,2,-15.968,0,0.235,0.798,0,0.13,0.21,116.902,4
spotify:track:7m152HAOwXAVINMeAWeIAH,"História Viva","História Viva","MIBR;Veigh;Supernova Ent",2023-01-18,187826,44,true,31pukwc6x5g7m2u2elje37e7ppje,2026-04-02T17:05:51Z,"trap brasileiro,trap funk,trap,hip hop brasileiro","MIBR",0.801,0.562,0,-7.414,1,0.427,0.131,0,0.0762,0.3,115.009,4
spotify:track:4UXDRe1cs86NiTivOBFWA2,"Tipo Aladin 🍀","Tipo Aladin 🍀","Mc IG;TrapLaudo;MC GP;DJ Express",2025-05-12,207889,42,false,31pukwc6x5g7m2u2elje37e7ppje,2026-04-03T17:39:22Z,"funk,trap funk,funk consciente","WM Brazil",0.507,0.466,10,-10.51,0,0.252,0.477,0,0.17,0.85,87.009,1
spotify:track:6BsKZXjKIrGWMK1uLWfJYN,"Sal e Pimenta","Sal e Pimenta","KayBlack;Veigh;Vulgo FK;WEY;Nagalli",2023-03-30,206451,63,false,31pukwc6x5g7m2u2elje37e7ppje,2026-04-05T04:15:42Z,"trap brasileiro,trap funk,trap,hip hop brasileiro,funk","WM Brazil",0.609,0.53,9,-6.861,0,0.411,0.0434,0,0.101,0.278,118.152,5
spotify:track:27x579ayIvantoVe6PP97U,"Opções","O Mais Novo Romântico","Chefin;Veigh;KayBlack;Mainstreet;Ajaxx;Tkd",2023-08-03,180821,60,true,31pukwc6x5g7m2u2elje37e7ppje,2026-04-05T04:16:22Z,"trap brasileiro,trap funk,trap,funk,hip hop brasileiro","Mainstreet Records",0.777,0.617,4,-6.77,0,0.235,0.114,0,0.0837,0.801,145.908,4
spotify:track:46XfbZcpkwoK75I0DVUP3b,"COLETE","CEO","Brandão85",2024-10-23,167300,25,true,31pukwc6x5g7m2u2elje37e7ppje,2026-04-05T21:13:08Z,"trap brasileiro,trap","30PRAUM",0.652,0.704,0,-7.178,1,0.0343,0.122,0.00000786,0.386,0.252,119.976,4
spotify:track:6yMwEg04MIcrJpcokK75yI,"PRÊMIO MULTISHOW","PRÊMIO MULTISHOW","Ryu, The Runner;Neckklace;SMOKEFUSION",2026-04-07,124662,45,true,31pukwc6x5g7m2u2elje37e7ppje,2026-04-08T00:22:21Z,"trap brasileiro,trap,trap funk,hip hop brasileiro","Som Livre",0.918,0.844,1,-2.118,1,0.111,0.01,0,0.0625,0.692,149.934,4
spotify:track:2PbD14DN9BtaGQBzwA6pc2,"Tudo Passa","Tudo Passa","Niink;Menor MC;Supernova Ent",2025-03-26,185806,38,false,31pukwc6x5g7m2u2elje37e7ppje,2026-04-09T23:30:02Z,"trap brasileiro,trap,trap funk,funk,hip hop brasileiro","Supernova Ent",0.801,0.538,1,-6.868,0,0.322,0.214,0,0.191,0.386,123.865,4
spotify:track:39dyVueQFUdHl9asJymaWt,"SLIME FALA CMG","SLIME FALA CMG","Fabiow011;Niink;Supernova Ent",2026-03-26,173500,41,false,31pukwc6x5g7m2u2elje37e7ppje,2026-04-10T01:19:33Z,"trap brasileiro,trap,trap funk,hip hop brasileiro","SN Records",0.8,0.537,8,-9.15,1,0.334,0.49,0.0000235,0.141,0.422,138.118,4
spotify:track:14D2c3VOCeelsR25ElvukU,"MAZE BANK","ISSO É TRAP","Brandão85",2025-06-18,148965,56,true,31pukwc6x5g7m2u2elje37e7ppje,2026-04-14T02:01:47Z,"trap brasileiro,trap","30PRAUM",0.725,0.55,0,-5.278,1,0.0746,0.138,0.00000139,0.0955,0.415,145.037,4
spotify:track:5USEa1Qge2R76REs8NQGmJ,"Medley 2023","Medley 2023","Mc IG;DJ Glenner",2023-01-11,469391,60,true,31pukwc6x5g7m2u2elje37e7ppje,2026-04-14T03:04:00Z,"funk,trap funk,funk consciente","GR6 Music",0.802,0.418,11,-4.861,0,0.456,0.331,0,0.163,0.628,119.774,5
spotify:track:4l5BQRypyRhbt3PzLPNPNf,"Sempre Tem","Meu Nome Não é Igor %","Mc IG;DJ Glenner",2023-08-31,203294,56,true,31pukwc6x5g7m2u2elje37e7ppje,2026-04-14T09:00:22Z,"funk,trap funk,funk consciente","WM Brazil",0.411,0.247,11,-13.961,0,0.161,0.775,0,0.0871,0.217,84.004,4
spotify:track:4o7WMB0tQYFrW0rLVdDQut,"2024M","2024M","MC PH;Wesley Safadão;Mc IG",2024-06-24,184500,48,true,31pukwc6x5g7m2u2elje37e7ppje,2026-04-14T22:29:20Z,"funk,trap funk,funk consciente,trap brasileiro,forró,sertanejo,piseiro,arrocha,sertanejo universitário,brega,seresta","GR6 Music",0.726,0.749,4,-5.488,0,0.0523,0.225,0.00000801,0.0808,0.724,160.017,4
spotify:track:65SlJkgtdhFkL6JpDvuEq3,"Ei, Dama!","Ei, Dama!","Mc IG;DJ Glenner",2023-08-30,171428,45,true,31pukwc6x5g7m2u2elje37e7ppje,2026-04-14T22:39:42Z,"funk,trap funk,funk consciente","WM Brazil",0.749,0.376,9,-10.358,0,0.149,0.204,0,0.327,0.511,111.928,5
spotify:track:2QqOTibXMBlciEaj1BytCz,"Fuego","Caliente","Teto Mc",2021-03-24,131671,34,false,31pukwc6x5g7m2u2elje37e7ppje,2026-04-15T21:31:56Z,"trap brasileiro,trap","Teto Mc",0.976,0.333,5,-14.534,0,0.289,0.0734,0,0.071,0.447,114.022,4
spotify:track:7cLt8S1uKvo41gRyRaaivR,"BLUNT DE GOIABA","ISSO É TRAP VOL.2","Brandão85",2026-04-15,125217,62,true,31pukwc6x5g7m2u2elje37e7ppje,2026-04-16T00:01:34Z,"trap brasileiro,trap","30PRAUM",0.731,0.751,10,-3.784,0,0.0652,0.272,0.00244,0.0958,0.619,138.015,4
spotify:track:43xpbgkf5auMZM0OgLRzrJ,"JAQUETA BAPE","ISSO É TRAP VOL.2","Brandão85",2026-04-15,165034,54,true,31pukwc6x5g7m2u2elje37e7ppje,2026-04-16T00:01:34Z,"trap brasileiro,trap","30PRAUM",0.898,0.77,11,-2.192,0,0.113,0.0187,0,0.145,0.971,127.939,4
spotify:track:0NHvltrWqtu39FG1a5tXV2,"FÓRMULAS & MIRAGENS","ISSO É TRAP VOL.2","Brandão85",2026-04-15,199678,55,true,31pukwc6x5g7m2u2elje37e7ppje,2026-04-16T00:01:34Z,"trap brasileiro,trap","30PRAUM",0.716,0.818,2,-6.643,1,0.0466,0.01,0,0.192,0.209,125.014,4
spotify:track:6tku7hYTUK7PJr1KRUA0RI,"BUG NA MATRIX","ISSO É TRAP VOL.2","Brandão85",2026-04-15,198857,60,true,31pukwc6x5g7m2u2elje37e7ppje,2026-04-16T00:01:34Z,"trap brasileiro,trap","30PRAUM",0.696,0.825,5,-4.854,0,0.242,0.561,0.0000987,0.403,0.72,140.103,4
spotify:track:3GYjiqSBK5rDKeowo2fzfF,"DEPOIS DO SHOW","ISSO É TRAP VOL.2","Brandão85",2026-04-15,150857,54,true,31pukwc6x5g7m2u2elje37e7ppje,2026-04-16T00:01:34Z,"trap brasileiro,trap","30PRAUM",0.745,0.666,5,-3.554,1,0.0372,0.0544,0,0.113,0.149,139.969,4
spotify:track:4AAUPjDOqT9cM0zlkAdFt2,"COMIGO MESMO","ISSO É TRAP VOL.2","Brandão85",2026-04-15,144304,54,true,31pukwc6x5g7m2u2elje37e7ppje,2026-04-16T00:01:34Z,"trap brasileiro,trap","30PRAUM",0.517,0.613,2,-4.809,1,0.0312,0.0141,0.0000229,0.144,0.0576,79.957,4
spotify:track:2KCeDdDiljBL1LgDFIzfdr,"Goodnight Menina","O Que O Igor Guilherme Anda Pensando ?","Mc IG;DJ Glenner;Fepache",2022-08-24,141440,58,true,31pukwc6x5g7m2u2elje37e7ppje,2026-04-16T00:22:06Z,"funk,trap funk,funk consciente","GR6 Music",0.641,0.496,1,-3.41,0,0.312,0.664,0,0.086,0.533,129.677,5
spotify:track:5bW18XYQ8xYiRAzalJsC3e,"Madrugada Sombria (STUDIO#4)","Madrugada Sombria (STUDIO#4)","Ghard;Supernova Ent",2026-01-29,129230,36,true,31pukwc6x5g7m2u2elje37e7ppje,2026-04-17T09:11:19Z,"trap brasileiro,trap,trap funk,hip hop brasileiro","Supernova Ent",0.777,0.561,10,-6.003,0,0.208,0.559,0,0.154,0.379,91.013,4
spotify:track:5oaazO5DgHcb5gwp9uu5Jb,"Pra que tudo isso ?","PRA SEMPRE NO MESMO BAIRRO","Niink;Supernova Ent",2025-03-27,149997,46,false,31pukwc6x5g7m2u2elje37e7ppje,2026-04-18T19:59:36Z,"trap brasileiro,trap,trap funk,hip hop brasileiro","Supernova Ent",0.839,0.572,10,-8.184,0,0.0763,0.257,0.00000151,0.145,0.116,112.028,4
spotify:track:4oBfyG6revQw5nUAqMOBs6,"V de Vilão","333","Matuê",2024-09-09,146160,67,false,31pukwc6x5g7m2u2elje37e7ppje,2026-04-18T20:40:54Z,"trap brasileiro,trap,hip hop brasileiro,trap funk","30PRAUM",0.675,0.709,7,-4.008,0,0.199,0.766,0,0.1,0.519,126.732,3
spotify:track:4cDnflcgSQGiTa1WJhUMoP,"Primeiro Capítulo","AINDA NO MESMO BAIRRO","Niink;Supernova Ent;Stick;Nagalli;Galdino",2024-10-31,181111,47,true,31pukwc6x5g7m2u2elje37e7ppje,2026-04-18T20:56:10Z,"trap brasileiro,trap,trap funk,hip hop brasileiro","Supernova Ent",0.736,0.466,5,-8.274,1,0.104,0.326,0,0.218,0.249,135.022,4
spotify:track:555rmZC4fMJDkVavXReVf7,"NOITE PERFEITA","ISSO É TRAP","Brandão85",2025-06-18,168960,76,true,31pukwc6x5g7m2u2elje37e7ppje,2026-04-18T20:57:22Z,"trap brasileiro,trap","30PRAUM",0.623,0.755,0,-7.358,1,0.0308,0.343,0.00922,0.0948,0.2,124.961,4
spotify:track:2fMm9PrJqhjphXdsNHNoQC,"DE VOLTA","CEO","Brandão85",2024-10-23,241639,65,true,31pukwc6x5g7m2u2elje37e7ppje,2026-04-18T21:06:59Z,"trap brasileiro,trap","30PRAUM",0.494,0.83,9,-3.668,0,0.037,0.0645,0.0000495,0.265,0.649,136.45,4
spotify:track:2FwcM5w6qEiYJCIy8y7sqt,"DESTAQUE","CEO","Brandão85",2024-10-23,164138,59,true,31pukwc6x5g7m2u2elje37e7ppje,2026-04-18T21:08:27Z,"trap brasileiro,trap","30PRAUM",0.43,0.671,2,-5.508,0,0.268,0.106,0.000244,0.0784,0.502,75.867,4
spotify:track:7baYqYOACZucN0YJkqZwyx,"CEO","CEO","Brandão85",2024-10-23,133121,58,true,31pukwc6x5g7m2u2elje37e7ppje,2026-04-18T21:15:15Z,"trap brasileiro,trap","30PRAUM",0.617,0.893,2,-4.553,0,0.132,0.361,0.000705,0.234,0.314,139.849,4
spotify:track:1pEna5251RkpGURCi1Bbf0,"quanto tempo passou...","pq elas preferem os canalhas?","G.A;Supernova Ent",2025-10-09,154839,44,true,31pukwc6x5g7m2u2elje37e7ppje,2026-04-18T21:18:21Z,"trap brasileiro,trap funk,trap,hip hop brasileiro","Supernova Ent",0.816,0.33,8,-9.158,0,0.245,0.347,0,0.104,0.31,123.949,4
spotify:track:089OwnVlTSgxistS3WXe6p,"ei mô","ei mô","G.A;WIU;Supernova Ent;Slaasty;Azin",2024-03-28,201362,39,false,31pukwc6x5g7m2u2elje37e7ppje,2026-04-18T21:25:48Z,"trap brasileiro,trap funk,trap,hip hop brasileiro","Supernova Entertainment",0.825,0.335,5,-9.164,1,0.512,0.793,0,0.167,0.524,115.039,4
spotify:track:6iqKv3VXCmX0y074NFQ2xf,"a noite chega","a noite chega","G.A;Ryu, The Runner;MC Koringa;Bvga Beatz;Supernova Ent",2024-02-28,171219,44,true,31pukwc6x5g7m2u2elje37e7ppje,2026-04-18T21:25:51Z,"trap brasileiro,trap funk,trap,hip hop brasileiro,funk melody,funk,funk carioca","Supernova Entertainment",0.811,0.481,10,-8.444,0,0.147,0.487,0,0.189,0.607,115.006,4
spotify:track:4vIr1JSTPC9ggKyI7LLbzI,"memórias sexuais","sua vez de escutar","G.A;Honaiser;Galdino;Supernova Ent",2024-03-29,117069,41,true,31pukwc6x5g7m2u2elje37e7ppje,2026-04-18T21:26:01Z,"trap brasileiro,trap funk,trap,hip hop brasileiro","Supernova Entertainment",0.471,0.431,3,-8.779,1,0.0548,0.893,0,0.124,0.835,78.108,4
spotify:track:3ow7zYRhbIO7f4yyHI4ZaD,"Manha","previas.zip","Teto",2021-04-01,177442,65,true,31pukwc6x5g7m2u2elje37e7ppje,2026-04-18T21:32:48Z,"trap brasileiro,trap,trap funk,hip hop brasileiro","Sony Music Entertainment",0.913,0.609,7,-6.551,0,0.0948,0.0193,0,0.0974,0.842,140.009,4
spotify:track:3RKxR4ylugvzHU0S8AhVaz,"eu vou ser rico","tempo.zip","Teto",2025-01-15,181960,62,true,31pukwc6x5g7m2u2elje37e7ppje,2026-04-18T21:33:40Z,"trap brasileiro,trap,trap funk,hip hop brasileiro","30PRAUM",0.78,0.762,3,-3.095,0,0.266,0.412,0,0.172,0.774,153.119,4
spotify:track:66WeFkFXdWoDaKgk8SrnBs,"GRÉCIA","MAIOR QUE O TEMPO","Teto",2025-03-27,222371,58,false,31pukwc6x5g7m2u2elje37e7ppje,2026-04-18T21:36:24Z,"trap brasileiro,trap,trap funk,hip hop brasileiro","30PRAUM",0.816,0.744,6,-3.171,0,0.0482,0.479,0.0000198,0.0856,0.811,104.955,4
spotify:track:7IrWDPYP9rwNq1N4aUF3nG,"MULHER SECRETA","MAIOR QUE O TEMPO","Teto;Matuê;WIU",2025-03-27,228349,63,false,31pukwc6x5g7m2u2elje37e7ppje,2026-04-18T21:37:51Z,"trap brasileiro,trap,trap funk,hip hop brasileiro","30PRAUM",0.605,0.601,10,-4.355,0,0.35,0.623,0,0.11,0.181,137.274,5
spotify:track:5HnkzfWkrdligcrgPVboUw,"Promessas de Amor","Promessas de Amor","G.A;NandaTsunami;Supernova Ent",2026-04-24,174125,53,true,31pukwc6x5g7m2u2elje37e7ppje,2026-04-24T00:09:00Z,"trap brasileiro,trap funk,trap,hip hop brasileiro","Supernova Ent",0.644,0.629,3,-7.484,0,0.407,0.546,0,0.12,0.697,154.174,4
spotify:track:6nVUqhzj4UWDWO9J8ROjQq,"SWAG IDEAL","ADULTO IDEAL VOL.2","Ryu, The Runner;Cassin;6ee",2026-04-23,103447,49,true,31pukwc6x5g7m2u2elje37e7ppje,2026-04-24T02:00:59Z,"trap brasileiro,trap,trap funk,hip hop brasileiro","Som Livre",0.816,0.62,2,-5.797,0,0.0527,0.0589,0.0000214,0.101,0.529,116.03,4
spotify:track:2a4f6kBpgWkABlG6sYSz2R,"MUN RÁ","ADULTO IDEAL VOL.2","Ryu, The Runner;LPT Zlatan;Neckklace;SMOKEFUSION",2026-04-23,128321,55,true,31pukwc6x5g7m2u2elje37e7ppje,2026-04-24T02:00:59Z,"trap brasileiro,trap,trap funk,hip hop brasileiro","Som Livre",0.759,0.767,1,-1.339,1,0.0511,0.0551,0,0.135,0.178,145.996,4
spotify:track:7qGlNhiNNHn0KsVKiPht28,"SWAG EVERY DAY","ADULTO IDEAL VOL.2","Ryu, The Runner;6ee;Neckklace",2026-04-23,128012,42,true,31pukwc6x5g7m2u2elje37e7ppje,2026-04-24T02:00:59Z,"trap brasileiro,trap,trap funk,hip hop brasileiro","Som Livre",0.788,0.629,1,-4.855,1,0.0325,0.088,0,0.102,0.567,119.98,4
spotify:track:0yTYCrcmhB2IO5Q4aZ4nwM,"SEXY","ADULTO IDEAL VOL.2","Ryu, The Runner;6ee;G.A;s1ckb0y",2026-04-23,159873,38,true,31pukwc6x5g7m2u2elje37e7ppje,2026-04-24T02:00:59Z,"trap brasileiro,trap,trap funk,hip hop brasileiro","Som Livre",0.653,0.669,10,-4.993,0,0.0835,0.08,0,0.0941,0.268,113.953,4
spotify:track:2OeSXv1aTsN3I56njh2ZSD,"ADULTO IDEAL (NOVOS HÁBITOS)","ADULTO IDEAL VOL.2","Ryu, The Runner;Tchelo;Ajaxx",2026-04-23,147701,38,true,31pukwc6x5g7m2u2elje37e7ppje,2026-04-24T02:00:59Z,"trap brasileiro,trap,trap funk,hip hop brasileiro","Som Livre",0.764,0.783,8,-1.703,1,0.201,0.14,0,0.277,0.599,130.031,4
spotify:track:53cwkbZIw0QUDB1pEPNJpo,"ACIMA DAS NUVENS","ISSO É TRAP","Brandão85;Desiree",2025-06-18,173061,57,true,31pukwc6x5g7m2u2elje37e7ppje,2026-04-24T18:18:14Z,"trap brasileiro,trap","30PRAUM",0.761,0.647,10,-7.968,0,0.239,0.13,0.00499,0.181,0.531,146.991,4
spotify:track:1JzMOnuyabzpRuSudDD4Cq,"Brinca Demais","Manual de Como Amar Errado","WIU;Matuê;Teto",2022-11-29,194400,65,false,31pukwc6x5g7m2u2elje37e7ppje,2026-04-24T18:31:09Z,"trap brasileiro,trap,trap funk,hip hop brasileiro","Sony Music Entertainment",0.754,0.633,5,-6.087,0,0.181,0.398,0,0.117,0.228,99.597,4
spotify:track:4qDT0BeJ7BjatrN9k8AvB4,"Flow Espacial","Flow Espacial","Teto;WIU;Matuê",2023-01-30,165925,66,true,31pukwc6x5g7m2u2elje37e7ppje,2026-04-24T18:31:23Z,"trap brasileiro,trap,trap funk,hip hop brasileiro","Sony Music Entertainment",0.712,0.685,1,-6.099,1,0.182,0.0186,0,0.0911,0.454,162.032,4
spotify:track:5cAeyKBtzlQ0EIwPFcIYhT,"Embalo","Embalo","Ryu, The Runner;Yunk Vino;Teto",2024-04-25,185138,55,true,31pukwc6x5g7m2u2elje37e7ppje,2026-04-24T18:37:18Z,"trap brasileiro,trap,trap funk,hip hop brasileiro","Som Livre",0.537,0.601,5,-6.093,0,0.296,0.162,0,0.104,0.581,93.444,5
spotify:track:66Ele6OnJ4wqHLJA2WJL6Z,"Bocão da Bolzani","Bocão da Bolzani","Mc Negão Original;DJ David LP;DJ Guh Mix",2026-04-23,124580,32,true,31pukwc6x5g7m2u2elje37e7ppje,2026-04-24T18:38:41Z,"funk,trap funk,funk consciente","WM Brazil",0.893,0.721,9,-3.396,1,0.241,0.495,0.0000212,0.197,0.783,131.215,4
spotify:track:50uHG6oDyUrgj7PDaNu1XE,"MEDICINA","COLAPSO GLOBAL","Teto;WIU",2026-01-27,131000,63,true,31pukwc6x5g7m2u2elje37e7ppje,2026-04-24T18:40:25Z,"trap brasileiro,trap,trap funk,hip hop brasileiro","30PRAUM",0.673,0.847,7,-2.968,0,0.0406,0.0878,0,0.102,0.124,120.002,4
spotify:track:0VybBobSYSzliyEJ1VqwGR,"Problemas de um Milionário","Problemas de um Milionário","WIU;Teto",2024-04-10,144360,66,true,31pukwc6x5g7m2u2elje37e7ppje,2026-04-24T18:40:30Z,"trap brasileiro,trap,trap funk,hip hop brasileiro","30PRAUM",0.93,0.484,2,-5.486,1,0.259,0.355,0.0000684,0.0922,0.747,133.03,4
spotify:track:2Xl5RwcGn1aQFhpoexDmqA,"Pirocada Quente 2","Pirocada Quente 2","MC Jvila;Mc Negão Original;DJ Dael",2026-04-07,187500,65,true,31pukwc6x5g7m2u2elje37e7ppje,2026-04-24T18:43:02Z,"funk,trap funk,funk consciente","Legenda Records",0.835,0.896,11,-2.573,0,0.175,0.267,0,0.214,0.9,127.962,4
spotify:track:1mH3uSZus9IiMagMCJa4vB,"Tropa Do Pisa","Tropa Do Pisa","TrapLaudo;MC PH;Murillo e LT no Beat",2023-12-15,133333,61,true,31pukwc6x5g7m2u2elje37e7ppje,2026-04-24T18:44:25Z,"funk,trap funk,funk consciente,trap brasileiro","GR6 Music",0.681,0.425,2,-3.946,0,0.182,0.858,0.000168,0.0967,0.501,89.645,4
spotify:track:0GsvMQftDrIOszte4jP5XK,"OQIGAP?","O Que O Igor Guilherme Anda Pensando ?","Mc IG;Mc Davi;MC Neguinho do Kaxeta;DJ Oreia;MC Ryan SP;MC Cebezinho;MC Hariel;MC Rick;Tigre Gurreiro;Mc Don Juan;Ferrari offG",2022-08-24,647040,60,true,31pukwc6x5g7m2u2elje37e7ppje,2026-04-24T18:56:35Z,"funk,trap funk,funk consciente,funk de bh","GR6 Music",0.705,0.537,11,-5.089,1,0.397,0.222,0,0.0979,0.61,114.683,5
spotify:track:7rrYJ62gWbZmKQpazFR0k1,"Maloqueiro Visionário","O Que O Igor Guilherme Anda Pensando ?","Mc IG;Mc Kanhoto",2022-08-24,177111,53,true,31pukwc6x5g7m2u2elje37e7ppje,2026-04-24T18:58:15Z,"funk,trap funk,funk consciente","GR6 Music",0.708,0.475,2,-4.394,1,0.206,0.538,0,0.0474,0.679,119.758,5
spotify:track:7KYScY2HyYi4K68OFCle4k,"Pai de Mulher Feia","O Que O Igor Guilherme Anda Pensando ?","Mc IG;DJ Oreia",2022-08-24,175058,48,true,31pukwc6x5g7m2u2elje37e7ppje,2026-04-24T18:58:48Z,"funk,trap funk,funk consciente","GR6 Music",0.728,0.445,10,-8.332,0,0.148,0.548,0.00000143,0.385,0.89,169.954,4
spotify:track:763hp5LccmT6CrpsnA57zc,"Só Era Pix, Não Era Amor","O Que O Igor Guilherme Anda Pensando ?","Mc IG;DJ BOY;MC Hariel",2022-08-24,134634,54,true,31pukwc6x5g7m2u2elje37e7ppje,2026-04-24T18:59:19Z,"funk,trap funk,funk consciente","GR6 Music",0.832,0.473,9,-1.307,0,0.19,0.556,0,0.116,0.707,82.064,4
spotify:track:1XlFMIer2WxuSUKb43EQID,"Esquadrilha da Fumaça","O Que O Igor Guilherme Anda Pensando ?","Mc IG;MC Menor da VG;MC PH;DJ Oreia;MC Ryan SP",2022-08-24,251707,58,true,31pukwc6x5g7m2u2elje37e7ppje,2026-04-24T19:00:20Z,"funk,trap funk,funk consciente,trap brasileiro","GR6 Music",0.637,0.447,11,-8.498,0,0.0977,0.146,0,0.124,0.749,105.155,5
spotify:track:5sHYcDHsrOmJecCe6mWkRb,"Terra da Garoa","O Que O Igor Guilherme Anda Pensando ?","Mc IG",2022-08-24,203294,57,true,31pukwc6x5g7m2u2elje37e7ppje,2026-04-24T19:00:27Z,"funk,trap funk,funk consciente","GR6 Music",0.622,0.497,1,-8.588,0,0.461,0.699,0.00000472,0.0887,0.962,169.867,4
spotify:track:22p1f7rHf3dDveLVyot0eY,"Noite Paulista","O Que O Igor Guilherme Anda Pensando ?","Mc IG;Mc Paiva ZS;MC PH;MC Ryan SP;Mc Luki;Gabb MC",2022-08-24,323855,60,true,31pukwc6x5g7m2u2elje37e7ppje,2026-04-24T19:01:07Z,"funk,trap funk,funk consciente,funk carioca,trap brasileiro","GR6 Music",0.717,0.675,6,-4.451,0,0.0977,0.807,0,0.229,0.799,165.964,4
spotify:track:6nmdmb4T63XlqgNgMKuGgM,"Let's Let's Go","O Que O Igor Guilherme Anda Pensando ?","Mc IG;Dj GBR",2022-08-24,210665,46,true,31pukwc6x5g7m2u2elje37e7ppje,2026-04-24T19:02:14Z,"funk,trap funk,funk consciente","GR6 Music",0.684,0.63,4,-5.656,0,0.632,0.125,0,0.116,0.78,119.105,5
spotify:track:09K1zzSVtouqzXBvAlmIG5,"Meia Noite","Meia Noite","Mc Paiva ZS",2021-11-13,144294,62,false,31pukwc6x5g7m2u2elje37e7ppje,2026-04-24T19:02:49Z,"funk,trap funk,funk consciente,funk carioca","Love Funk",0.791,0.389,5,-5.672,0,0.0565,0.826,0.000183,0.106,0.619,125.102,4
spotify:track:6X6XvkXaDGMBBI38yprE0D,"Vitorioso","O Que O Igor Guilherme Anda Pensando ?","Mc IG;DJ Oreia",2022-08-24,177142,39,false,31pukwc6x5g7m2u2elje37e7ppje,2026-04-24T19:03:37Z,"funk,trap funk,funk consciente","GR6 Music",0.664,0.402,8,-7.489,0,0.39,0.132,0.00127,0.0847,0.572,108.413,5
spotify:track:6auVxS1LlJEDdjE2Khc4W2,"Filha do Jornalista","O Que O Igor Guilherme Anda Pensando ?","Mc IG;DJ Oreia",2022-08-24,126000,62,false,31pukwc6x5g7m2u2elje37e7ppje,2026-04-24T19:03:49Z,"funk,trap funk,funk consciente","GR6 Music",0.716,0.528,11,-5.464,0,0.363,0.603,0,0.0641,0.676,81.209,4
spotify:track:4ldcxPVAtih8alepJTu8Hx,"Faz Completo, Chefe","Meu Nome Não é Igor %","Mc IG;DJ WN",2023-08-31,127228,62,false,31pukwc6x5g7m2u2elje37e7ppje,2026-04-24T19:04:15Z,"funk,trap funk,funk consciente","WM Brazil",0.714,0.373,4,-8.01,0,0.0917,0.593,0.00202,0.0897,0.703,165.935,4
spotify:track:62W2f0QOg20ufNjJQHqnkq,"Fernando de Noronha","Meu Nome Não é Igor %","Mc IG;MC Ryan SP;MC PH;DJ Glenner;DJ Oreia;Gabb MC;MC Bruno MS;MC GP;MC Rhamon;Mc Dena;TrapLaudo",2023-08-31,510697,61,true,31pukwc6x5g7m2u2elje37e7ppje,2026-04-24T19:04:31Z,"funk,trap funk,funk consciente,trap brasileiro","WM Brazil",0.652,0.556,6,-7.672,0,0.518,0.336,0.00000113,0.0755,0.64,114.591,5
spotify:track:5UJm8uLwHumv20szDWUaDn,"Meu Nome Não é Igor","Meu Nome Não é Igor %","Mc IG;MC Ryan SP;Mc Davi;DJ Glenner;DJ Oreia;Ferrari offG;Kyan;MC Menor da VG;Mc PP da VS;TrapLaudo",2023-08-31,396279,48,true,31pukwc6x5g7m2u2elje37e7ppje,2026-04-24T19:04:53Z,"funk,trap funk,funk consciente,trap brasileiro,trap,hip hop brasileiro","WM Brazil",0.589,0.398,8,-12.797,0,0.483,0.152,0,0.192,0.699,86.016,4
spotify:track:6q7JErWgt37P12yEAOVT9e,"Dubai Vibes","Meu Nome Não é Igor %","Mc IG;DJ WN;Murillo e LT no Beat;DJ Oreia",2023-08-31,139534,48,true,31pukwc6x5g7m2u2elje37e7ppje,2026-04-24T19:05:24Z,"funk,trap funk,funk consciente,trap brasileiro","WM Brazil",0.744,0.65,10,-5.551,1,0.134,0.274,0,0.0936,0.802,171.96,4
spotify:track:21VmGZLEhMu6e8cACBmS2A,"Quem Vai Patrocinar?","Meu Nome Não é Igor %","Mc IG;MC Ryan SP;Kotim",2023-08-31,227294,50,false,31pukwc6x5g7m2u2elje37e7ppje,2026-04-24T19:05:44Z,"funk,trap funk,funk consciente","WM Brazil",0.797,0.636,10,-5.26,0,0.479,0.259,0.00000152,0.105,0.765,112.856,5
spotify:track:41vXO1HYd7VywQbpCXaJwM,"Sem Gin, Sem Ela 2","Meu Nome Não é Igor %","Mc IG;MC Ryan SP;MC PH;Murillo e LT no Beat;TrapLaudo",2023-08-31,326871,60,true,31pukwc6x5g7m2u2elje37e7ppje,2026-04-24T19:05:50Z,"funk,trap funk,funk consciente,trap brasileiro","WM Brazil",0.63,0.463,7,-8.523,1,0.424,0.195,0,0.136,0.608,108.59,5
spotify:track:6nH3inGA5qawCi8pIoHAzA,"Vinho Escocês","Meu Nome Não é Igor %","Mc IG;Mc Daniel;Lil Kid 777;Murillo e LT no Beat;Vulgo FK",2023-08-31,262000,47,true,31pukwc6x5g7m2u2elje37e7ppje,2026-04-24T19:06:24Z,"funk,trap funk,funk consciente,agronejo,trap brasileiro,trap,hip hop brasileiro","WM Brazil",0.813,0.42,11,-8.392,0,0.242,0.251,0,0.103,0.576,115.068,4
spotify:track:2XlFBuim68cXb9Xp7LmERL,"Poderosa","Meu Nome Não é Igor %","Mc IG;Hyperanhas;Murillo e LT no Beat",2023-08-31,291764,40,true,31pukwc6x5g7m2u2elje37e7ppje,2026-04-24T19:06:57Z,"funk,trap funk,funk consciente,trap brasileiro,hip hop brasileiro","WM Brazil",0.616,0.5,3,-7.141,0,0.395,0.186,0,0.0615,0.476,119.088,3
spotify:track:0h9lkPDCiDvAy6wbDpfPLt,"Antes de Ir","Meu Nome Não é Igor %","Mc IG;Gica;DJ Glenner",2023-08-31,160941,46,true,31pukwc6x5g7m2u2elje37e7ppje,2026-04-24T19:07:26Z,"funk,trap funk,funk consciente,pagode,samba","WM Brazil",0.612,0.533,1,-9.138,0,0.0986,0.544,0,0.089,0.636,84.335,4
spotify:track:3wt0aPBQ4B8Bolajh7yH0A,"Pedreiro","Meu Nome Não é Igor %","Mc IG;Murillo e LT no Beat",2023-08-31,136744,45,true,31pukwc6x5g7m2u2elje37e7ppje,2026-04-24T19:07:53Z,"funk,trap funk,funk consciente,trap brasileiro","WM Brazil",0.656,0.486,0,-7.413,1,0.21,0.525,0.0000108,0.171,0.543,112.983,5
spotify:track:37aLQx7BaA9LpDsqr9tKx6,"FEFA","Meu Nome Não é Igor %","Mc IG;TrapLaudo;MC GP;Mc Dena",2023-08-31,281481,51,true,31pukwc6x5g7m2u2elje37e7ppje,2026-04-24T19:08:26Z,"funk,trap funk,funk consciente","WM Brazil",0.643,0.465,7,-4.535,1,0.198,0.102,0,0.187,0.657,161.817,4
spotify:track:7iBATFYW03nTefCrkadzWb,"Vingança","Vingança","Mc Jacaré;MC LUUKY;dj andreoli",2026-04-15,140307,76,false,31pukwc6x5g7m2u2elje37e7ppje,2026-04-24T21:53:33Z,"funk,trap funk,funk carioca,funk consciente,electro","Universal Music Ltda (S&D)",0.789,0.795,0,-1.792,0,0.477,0.708,0,0.151,0.752,86.642,5
spotify:track:2XiUVzQKxo90I5I8BDHOar,"Angelotti💄","Angelotti💄","Mc Negão Original;Mc Magrinho;DJ Guh Mix",2025-08-06,161221,55,true,31pukwc6x5g7m2u2elje37e7ppje,2026-04-24T22:40:49Z,"funk,trap funk,funk consciente,funk de bh,funk bruxaria","WM Brazil",0.816,0.689,6,-5.121,0,0.437,0.464,0,0.15,0.57,130.896,4
spotify:track:60194PPtpd4w0rkmxRgmIF,"Que Papo é Esse IG? (Boca de Sacola)","Que Papo é Esse IG? (Boca de Sacola)","Mc IG;MC Jvila;DJ Glenner",2026-01-26,127500,63,false,31pukwc6x5g7m2u2elje37e7ppje,2026-04-25T16:10:56Z,"funk,trap funk,funk consciente","WM Brazil",0.892,0.486,9,-8.068,1,0.439,0.369,0,0.066,0.84,128.046,4
spotify:track:5QkeXBy5eok69gR8i8qOQT,"Onze Horas no Relógio","A Nata de Tudo - A Ovelha Negra","Mc Negão Original;MC Joãozinho VT;DJ David LP",2025-02-07,160615,53,true,31pukwc6x5g7m2u2elje37e7ppje,2026-04-26T17:14:00Z,"funk,trap funk,funk consciente","Cria Hit BR",0.833,0.615,3,-5.964,0,0.299,0.76,0,0.107,0.682,130.013,4
spotify:track:1splysYlpV8sadPKf0f6By,"Falou Que Era Clt","A Nata de Tudo - A Ovelha Negra","Mc Negão Original;DJ Guh Mix",2025-02-07,136615,46,true,31pukwc6x5g7m2u2elje37e7ppje,2026-04-26T17:15:02Z,"funk,trap funk,funk consciente","Cria Hit BR",0.849,0.62,11,-6.342,0,0.494,0.687,0.0000111,0.304,0.615,130.17,4
spotify:track:1mdTOH62rLqnTUZZfJ5kln,"Louco no Pião","Louco no Pião","Mc Negão Original;MC Ryan SP;DJ Japa NK;Murillo e LT no Beat",2025-03-28,206774,57,true,31pukwc6x5g7m2u2elje37e7ppje,2026-04-26T17:15:59Z,"funk,trap funk,funk consciente,trap brasileiro","Fusion Records",0.673,0.671,2,-3.724,0,0.414,0.307,0,0.137,0.423,130.096,4
spotify:track:2UdsMaQLjbjOeo73zDbjwP,"Baile no Morro","Baile no Morro","MC Tairon;Mc Vitin Da Igrejinha;Dj Win;life song",2022-06-17,140307,66,false,31pukwc6x5g7m2u2elje37e7ppje,2026-04-27T21:58:03Z,"funk de bh,funk","ID1642 - Life Song Records",0.714,0.404,3,-7.903,0,0.452,0.457,0,0.0701,0.782,130.088,4
spotify:track:123djPEXgOcRG1BsWNCNX9,"Concorrência","Concorrência","Ryu The Runner",2026-04-12,147483,33,true,31pukwc6x5g7m2u2elje37e7ppje,2026-04-27T22:11:03Z,"","Trific",0.764,0.301,1,-12.279,1,0.0595,0.175,0,0.155,0.274,132.043,4
spotify:track:2329XxRFYoAPdQSb4DmjXQ,"Deus, Por favor","Todo Mundo Odeia o IG","Mc IG;Mc Kevin;DJ WN;MC PH",2024-03-21,279000,58,false,31pukwc6x5g7m2u2elje37e7ppje,2026-04-27T22:33:39Z,"funk,trap funk,funk consciente,trap brasileiro","WM Brazil",0.715,0.411,8,-8.585,1,0.309,0.162,0,0.104,0.585,82.452,3
spotify:track:0VbsQqFP4YkpiwyjIXC21h,"Profissão de Risco","Profissão de Risco","LEALL;Veigh;Kayode;Nagalli;Celo1st",2021-10-29,192013,37,false,31pukwc6x5g7m2u2elje37e7ppje,2026-04-29T01:26:07Z,"boom bap,hip hop brasileiro,trap brasileiro,grime,trap funk,trap","Supernova Ent",0.695,0.753,1,-5.579,1,0.0617,0.0387,0,0.279,0.465,140.088,4
spotify:track:7nOxsZknNkvZuWgk2ZdAjM,"Drift Edition","Drift Edition","Celo1st;Massaru;Veigh;ONNiKA",2021-04-30,177391,34,true,31pukwc6x5g7m2u2elje37e7ppje,2026-04-29T01:26:46Z,"trap brasileiro,trap,trap funk,hip hop brasileiro","Firstboyz / 1stBoiz Ententainment",0.898,0.583,0,-7.722,0,0.118,0.181,0,0.0981,0.367,138.056,4
spotify:track:6XXqPj8USz1oebSmMPCBLC,"Tipo Nino Abravanel","Tipo Nino Abravanel","DJ Gouveia;DJ Dozabri;Mc Rodrigo do CN",2025-01-23,131076,64,true,31pukwc6x5g7m2u2elje37e7ppje,2026-04-29T02:39:03Z,"funk,funk carioca,funk de bh","Mandela Music",0.961,0.666,11,-0.687,1,0.0934,0.119,0.0000107,0.0548,0.736,130.059,4
spotify:track:3z79zGWdemQfhhbCnhi0gn,"Duas Palavras","Duas Palavras","Boaventura",2023-08-11,133000,54,true,31pukwc6x5g7m2u2elje37e7ppje,2026-04-29T23:03:01Z,"trap brasileiro,trap,trap funk","Trap Select",0.448,0.583,7,-7.434,0,0.312,0.0857,0,0.0916,0.625,177.457,3
spotify:track:4tr1iblR7CglyVmsKhuhvL,"Cola No Ap","Malokeragem","MC GP;Mc Dena;Mc IG;DJ Glenner",2022-05-27,304953,66,true,31pukwc6x5g7m2u2elje37e7ppje,2026-04-29T23:05:39Z,"funk,funk consciente,trap funk","Nova Era",0.554,0.418,10,-4.654,0,0.357,0.636,0,0.0911,0.598,113.225,5
spotify:track:6XskAqvDLILS4lHYufqK2D,"Mônaco Freestyle","Eu Venci o Mundo","Veigh;Supernova Ent",2025-06-26,112000,64,true,31pukwc6x5g7m2u2elje37e7ppje,2026-04-30T09:37:51Z,"trap brasileiro,trap funk,trap,hip hop brasileiro","Supernova Entertainment",0.778,0.606,6,-5.185,0,0.174,0.273,0,0.115,0.221,119.945,4
spotify:track:255dJ8lHxdUsNEvbaakTPB,"Noite Carioca","Bad Boys","Mc IG;MC Ryan SP;Murillo e LT no Beat;MC PH;MC GP;TrapLaudo;MC Nego Micha;Borges;MC Maneirinho;L7NNON;Bielzin;Mc Cidinho General",2024-08-21,810000,59,false,31pukwc6x5g7m2u2elje37e7ppje,2026-05-01T15:39:01Z,"funk,trap funk,funk consciente,trap brasileiro,funk carioca,trap,hip hop brasileiro","WM Brazil",0.522,0.657,9,-4.203,1,0.255,0.203,0,0.322,0.516,90.022,3
spotify:track:6kaWah1Acn1dtNjAy6sm1p,"Diário de um Cafajeste","Diário de um Cafajeste","DJ Oreia;Mc Lele JP;MC Meno K;MC Ryan SP;MC Tuto;Mc Negão Original",2025-11-06,357120,84,true,31pukwc6x5g7m2u2elje37e7ppje,2026-05-02T02:23:42Z,"funk,funk consciente,trap funk,funk carioca","GRINGOS WORLD PRODUTORA",0.721,0.521,5,-6.149,0,0.653,0.217,0.00541,0.0847,0.831,125.019,4
spotify:track:6hd2ldv73UMkSeJrucp7Lq,"eu n vou atender.","Fotos de Ontem","Igão;Veigh;Bvga Beatz;Honaiser;Galdino;EHXIS;Toledo",2023-12-15,146086,42,false,31pukwc6x5g7m2u2elje37e7ppje,2026-05-04T23:14:18Z,"trap brasileiro,trap funk,trap,hip hop brasileiro","EHXIS",0.791,0.527,4,-5.713,0,0.0942,0.639,0,0.186,0.499,91.912,4
spotify:track:7vT7jEmtlRnKNThbgRxug6,"Luz Apagada","1 Beat 1 Letra","MC Hariel;Mc Kitinho;Veigh",2022-12-16,204461,45,false,31pukwc6x5g7m2u2elje37e7ppje,2026-05-04T23:16:49Z,"funk,funk consciente,trap funk,trap brasileiro,trap,hip hop brasileiro","WM Brazil",0.802,0.665,8,-6.324,0,0.342,0.29,0,0.0886,0.553,130.006,4
spotify:track:2vEjbBAGrX9Ygj5DzcWTCr,"Castelo de Areia","Dacoromode","Tz da Coronel;Veigh;Djonga;meLLo;Cúpula",2023-10-18,222280,54,false,31pukwc6x5g7m2u2elje37e7ppje,2026-05-05T21:52:44Z,"trap brasileiro,trap funk,trap,hip hop brasileiro,boom bap","Cúpula",0.734,0.553,7,-8.518,0,0.118,0.107,0,0.328,0.576,149.98,4
spotify:track:0hWc5QZGLh14Skp6rKPB9C,"Sim ou Não - Ao Vivo","Sim ou Não (Ao Vivo)","LUDMILLA;Veigh",2024-02-19,192160,39,false,31pukwc6x5g7m2u2elje37e7ppje,2026-05-05T21:54:54Z,"pagode,pop nacional,funk pop,funk,pagode baiano,funk carioca,samba,trap brasileiro,trap funk,trap,hip hop brasileiro","SEM QUERER MUSIC",0.713,0.634,0,-8.106,1,0.271,0.808,0,0.653,0.525,100.051,4
spotify:track:449BJmYTFxZiF3hIyRrrOw,"O Justo Não Treme","O Justo Não Treme","Veigh;Nagalli;Supernova Ent",2022-06-15,169057,45,false,31pukwc6x5g7m2u2elje37e7ppje,2026-05-05T21:56:26Z,"trap brasileiro,trap funk,trap,hip hop brasileiro","Veigh under exclusive license of UnitedMasters",0.749,0.532,1,-8.516,0,0.0688,0.0658,0,0.073,0.66,114.949,4
spotify:track:5lzozMoomZNhvKRoqNVg3t,"Foragido","Foragido","Kayin;Veigh;OGBEATZZ",2024-01-18,138920,47,true,31pukwc6x5g7m2u2elje37e7ppje,2026-05-05T22:14:14Z,"trap brasileiro,trap funk,trap,hip hop brasileiro,funk consciente,funk","Kayin",0.783,0.67,10,-4.634,0,0.291,0.647,0,0.129,0.527,131.077,4
spotify:track:2eYtp7oSUhIXIVEXTCK9r4,"Ensinamento do Pai","Um Toque de Malandragem","MC Ryan SP;Veigh",2023-09-12,201869,44,false,31pukwc6x5g7m2u2elje37e7ppje,2026-05-05T22:18:57Z,"funk,funk consciente,trap funk,trap brasileiro,trap,hip hop brasileiro","WM Brazil",0.623,0.486,3,-11.574,0,0.37,0.619,0,0.15,0.744,78.941,3
spotify:track:5WGTBzRLbjj0Sm3Br8X1rI,"Bandido Não Dança","Bandido Não Dança","Mc Paiva ZS;Gabb MC;Dj Aladin GDB;Love Funk",2022-12-27,126461,55,true,31pukwc6x5g7m2u2elje37e7ppje,2026-05-06T22:42:51Z,"funk,trap funk,funk consciente,funk carioca","Love Funk",0.585,0.465,9,-7,1,0.119,0.326,0,0.0714,0.512,85.672,5
spotify:track:2E8sqeYKsbhxrEio1U7CxM,"Medley de Igaratá 6","Medley de Igaratá 6","Mc Negão Original;DJ Guh Mix",2025-05-31,235037,53,true,31pukwc6x5g7m2u2elje37e7ppje,2026-05-07T00:58:24Z,"funk,trap funk,funk consciente","WM Brazil",0.907,0.752,10,-4.262,1,0.389,0.452,0,0.0817,0.939,130.049,4
spotify:track:6gyZcQE4MipgjHZzwBT1Zw,"Quero Ir Pra Longe","Cadê o Negão?","Mc Negão Original;DJ David LP",2026-05-07,157441,49,true,31pukwc6x5g7m2u2elje37e7ppje,2026-05-08T00:13:41Z,"funk,trap funk,funk consciente","WM Brazil",0.865,0.643,1,-3.668,0,0.185,0.753,0,0.106,0.654,125.144,4
spotify:track:5cJPepQdpAHKPfyvFDh8aA,"O NK Tava Comigo","Cadê o Negão?","Mc Negão Original;MC Neguinho do Kaxeta;DJ David LP;Vital",2026-05-07,253441,47,true,31pukwc6x5g7m2u2elje37e7ppje,2026-05-08T00:15:52Z,"funk,trap funk,funk consciente","WM Brazil",0.78,0.722,7,-3.806,0,0.372,0.544,0,0.238,0.779,124.944,3
spotify:track:5S91A1xQcUBBkniTVVXyiH,"Comedinha Ficou Bravo 2","Cadê o Negão?","Mc Negão Original;MC Meno K;DJ Japa NK",2026-05-07,177232,66,true,31pukwc6x5g7m2u2elje37e7ppje,2026-05-08T00:17:44Z,"funk,trap funk,funk consciente,funk carioca","WM Brazil",0.581,0.859,11,-2.345,0,0.367,0.194,0.0000278,0.462,0.393,86.575,5
spotify:track:4NLx9UfDFiNb0oPPL7i2fT,"Tá Moiado","Cadê o Negão?","Mc Negão Original;Mc Kadu;MC Ryan SP;Dj Aladin GDB;Oldilla",2026-05-07,260950,52,true,31pukwc6x5g7m2u2elje37e7ppje,2026-05-08T00:22:38Z,"funk,trap funk,funk consciente","WM Brazil",0.844,0.896,9,-3.201,0,0.349,0.497,0.0000685,0.118,0.513,126.19,4
spotify:track:0teKmrdiyr6b4JUPFiort3,"Santificado","Cadê o Negão?","Mc Negão Original;Mc Fidelis;MC Meno K;Mc Dena;DJ David LP;Menor MC",2026-05-07,322151,48,true,31pukwc6x5g7m2u2elje37e7ppje,2026-05-08T00:24:35Z,"funk,trap funk,funk consciente,funk carioca,trap brasileiro,trap","WM Brazil",0.784,0.56,2,-5.601,0,0.198,0.699,0,0.405,0.707,129.916,4
spotify:track:1d585ui9pw5vnSqIub9CsL,"Carta Aberta","Cadê o Negão?","Mc Negão Original;MC Jvila;Vulgo FK;MC GH Original;Dj Aladin GDB;Gudy;Mc Bruninho da Praia",2026-05-07,370392,50,true,31pukwc6x5g7m2u2elje37e7ppje,2026-05-08T00:25:22Z,"funk,trap funk,funk consciente,trap brasileiro,trap,hip hop brasileiro","WM Brazil",0.661,0.805,5,-3.332,0,0.512,0.481,0,0.106,0.469,126.555,4
spotify:track:4h4O3xHdE6kXlZdTAx3zKS,"Não Consigo Mudar","Cadê o Negão?","Mc Negão Original;MC Jvila;Mc IG;MC Ryan SP;Marquinho no Beat",2026-05-07,310153,44,true,31pukwc6x5g7m2u2elje37e7ppje,2026-05-08T00:26:04Z,"funk,trap funk,funk consciente,trap brasileiro,trap","WM Brazil",0.727,0.865,4,-3.906,0,0.223,0.0103,0,0.23,0.494,130.076,4
spotify:track:0tMTp4hqUfrSaNTGrqkII5,"Desembarque","Cadê o Negão?","Mc Negão Original;Vulgo FK;Yunk Vino;Aaron Modesto;Galdino;H4lfmeasures;Nagalli;Toledo",2026-05-07,225456,51,true,31pukwc6x5g7m2u2elje37e7ppje,2026-05-08T00:27:58Z,"funk,trap funk,funk consciente,trap brasileiro,trap,hip hop brasileiro","WM Brazil",0.594,0.517,7,-4.494,1,0.325,0.759,0.000168,0.116,0.301,128.893,4
spotify:track:7HJ3nwixiDghEzaNBZ97Cl,"Vagalumes - Versão Malvadona","Cadê o Negão?","Mc Negão Original;Mc Jacaré;MC Ryan SP;POLLO;Vital;DJ PEPI",2026-05-07,319424,47,true,31pukwc6x5g7m2u2elje37e7ppje,2026-05-08T00:28:31Z,"funk,trap funk,funk consciente,funk carioca","WM Brazil",0.568,0.555,11,-6.175,0,0.156,0.311,0,0.118,0.688,88.415,3
spotify:track:291sDTtVrHIxtdXNv7CKAP,"Relikia do K","Cadê o Negão?","Mc Negão Original;MC Ryan SP;Mc Dena;Vital",2026-05-07,264606,45,true,31pukwc6x5g7m2u2elje37e7ppje,2026-05-08T00:30:31Z,"funk,trap funk,funk consciente","WM Brazil",0.528,0.579,2,-4.304,0,0.389,0.282,0,0.171,0.567,75.74,5
spotify:track:4KX0RbKTvLxlFjHZBSMNWL,"Torra a Paciência","Cadê o Negão?","Mc Negão Original;MC LUUKY;MC Ryan SP;DJ Japa NK;DJ WILL TN",2026-05-07,170138,68,true,31pukwc6x5g7m2u2elje37e7ppje,2026-05-08T00:31:20Z,"funk,trap funk,funk consciente","WM Brazil",0.819,0.679,9,-4.354,0,0.156,0.353,0,0.087,0.86,130.032,4
spotify:track:6ALMKbp9nlbJBu2quTBnpF,"Medley de Igaratá 8","Cadê o Negão?","Mc Negão Original;DJ David LP",2026-05-07,397846,48,true,31pukwc6x5g7m2u2elje37e7ppje,2026-05-08T00:32:33Z,"funk,trap funk,funk consciente","WM Brazil",0.836,0.803,5,-3.246,0,0.32,0.244,0,0.11,0.787,129.959,4
spotify:track:5jl1QkydarWDBWPy2Rz9W0,"Vacilona","Cadê o Negão?","Mc Negão Original;J. Eskine;MC RN do Capão;Mc Iguinho Ct;ZK Beats",2026-05-07,343384,49,true,31pukwc6x5g7m2u2elje37e7ppje,2026-05-08T00:32:47Z,"funk,trap funk,funk consciente,arrocha,piseiro,forró,seresta,ragga,dancehall","WM Brazil",0.51,0.756,11,-4.682,0,0.433,0.238,0,0.184,0.666,84.173,3
spotify:track:0wR3W3amz8PLcIymJR7JuO,"EDWARD","ADULTO IDEAL VOL.2","Ryu, The Runner;Brandão85;Yunk Vino;Tuti;NovaChance;Neckklace",2026-04-23,190588,40,false,31pukwc6x5g7m2u2elje37e7ppje,2026-05-08T18:40:41Z,"trap brasileiro,trap,trap funk,hip hop brasileiro","Som Livre",0.754,0.589,9,-4.621,1,0.101,0.0693,0,0.109,0.43,136.036,4
spotify:track:2fX3wDLDCk4qFyNbx9jbMJ,"PERFUME ÁRABE","ADULTO IDEAL VOL.2","Ryu, The Runner;Tz da Coronel;Deluca",2026-04-23,164469,47,true,31pukwc6x5g7m2u2elje37e7ppje,2026-05-08T18:41:04Z,"trap brasileiro,trap,trap funk,hip hop brasileiro","Som Livre",0.713,0.613,5,-2.663,0,0.0747,0.0896,0,0.0905,0.334,142.953,4
spotify:track:6WXglvTFRmjlHHhgjYMNif,"Ilusão (Cracolândia)","Ilusão (Cracolândia)","MC Hariel;Alok;Djay W;Mc Davi;MC Ryan SP;Salvador Da Rima",2020-11-13,324000,65,false,31pukwc6x5g7m2u2elje37e7ppje,2026-05-08T18:58:56Z,"funk,funk consciente,trap funk,brazilian bass,eletronic,slap house,eletrohouse,trap brasileiro","GR6 Music",0.628,0.624,9,-7.968,0,0.254,0.112,0,0.197,0.47,159.646,4
spotify:track:22bl3LPkCHQSBhCAdw8Jwk,"Famoso Ímã | O poderoso chatão","Famoso Ímã | O poderoso chatão","Mc Lele JP;Mc Poze do Rodo;MC Leozinho ZS;DJ GORDINHO DA VF",2026-02-18,217845,85,false,31pukwc6x5g7m2u2elje37e7ppje,2026-05-08T22:20:15Z,"funk,funk consciente,trap funk,trap brasileiro,trap,hip hop brasileiro","GRINGOS WORLD PRODUTORA",0.84,0.716,0,-1.429,1,0.259,0.52,0.00000768,0.205,0.578,129.945,4
spotify:track:0yL7K9MzC20uBesZTPY81r,"Pandora","Pandora","DJ Matt D;Menor MC;MC GP;Vulgo FK",2021-11-26,177000,70,true,31pukwc6x5g7m2u2elje37e7ppje,2026-05-08T22:26:11Z,"funk,funk consciente,trap funk,trap brasileiro,trap,hip hop brasileiro","GREE CASSUA",0.688,0.458,1,-9.138,0,0.588,0.14,0,0.407,0.559,124.553,4
spotify:track:5poQXGnGdCQgk62Qgsm5cn,"Faz Uns Dias / Jeito Que Te Faço Poderosa","O Cara Do Momento","MC PH;TrapLaudo;Murillo e LT no Beat;Solanno;011Frank;Mc IG;Prado",2023-11-29,277590,65,true,31pukwc6x5g7m2u2elje37e7ppje,2026-05-09T02:29:48Z,"funk,trap funk,funk consciente,trap brasileiro,hip hop brasileiro","GR6 Music",0.511,0.502,3,-4.708,0,0.0578,0.809,0.0000271,0.198,0.848,110.863,5
spotify:track:5NYqvfrt7W4mUMX3FpNO0v,"Tipo IG","O Cara Do Momento","MC PH;Solanno;Mc IG;Murillo e LT no Beat",2023-11-29,146823,53,true,31pukwc6x5g7m2u2elje37e7ppje,2026-05-09T02:30:57Z,"funk,trap funk,funk consciente,trap brasileiro","GR6 Music",0.773,0.631,4,-3.262,1,0.0564,0.473,0,0.161,0.42,113.306,5
spotify:track:1l1Y83zO80Bn9xVDEddCgZ,"Aperta o Play","Dr. Igor Guilherme","Mc IG;Murillo e LT no Beat",2024-12-12,217043,54,false,31pukwc6x5g7m2u2elje37e7ppje,2026-05-11T14:49:52Z,"funk,trap funk,funk consciente,trap brasileiro","WM Brazil",0.62,0.468,7,-5.495,0,0.201,0.642,0,0.13,0.422,114.521,4
spotify:track:1de5qtvROLxLtMAQrmZjev,"De Janeiro a Janeiro","Varrendo a Lua","Roberta Campos;Nando Reis",2010-06-01,190960,62,false,31pukwc6x5g7m2u2elje37e7ppje,2026-05-11T22:45:08Z,"mpb,nova mpb,pop nacional,rock brasileiro","Deckdisc",0.483,0.386,9,-10.062,1,0.0285,0.736,0,0.115,0.483,80.074,4
spotify:track:5jDiJWKgksOhxvaa5qfRJp,"Modo Esquece","Nova Tendência","MC GP;Dj Victor;Mc IG;TrapLaudo;MC Menor da VG;Lil Kid 777;Aaron Modesto;MC Gui Da Norte;MC Tuto",2023-12-14,520090,65,true,31pukwc6x5g7m2u2elje37e7ppje,2026-05-12T23:49:33Z,"funk,funk consciente,trap funk,trap brasileiro","MC GP NOVA ERA",0.637,0.477,9,-6.071,0,0.473,0.649,0,0.0832,0.35,115.715,5
spotify:track:3u1cnoPWsikTxYmVeLktZh,"Calabasas","Calabasas","G.A;Toledo;Supernova Ent",2024-06-12,137964,46,false,31pukwc6x5g7m2u2elje37e7ppje,2026-05-15T09:19:55Z,"trap brasileiro,trap funk,trap,hip hop brasileiro","Supernova Entertainment",0.591,0.53,0,-6.725,0,0.304,0.546,0,0.157,0.522,82.332,4
spotify:track:4s7QLoImIwmPi9L6dq1nVW,"TSU","Certified Lover Boy","Drake",2021-09-03,308755,76,true,31pukwc6x5g7m2u2elje37e7ppje,2026-05-15T17:08:33Z,"rap","OVO",0.568,0.56,9,-9.059,1,0.42,0.228,0.00000305,0.39,0.246,130.019,4
spotify:track:5FMyXeZ0reYloRTiCkPprT,"Which One (feat. Central Cee)","Which One","Drake;Central Cee",2025-07-25,169134,76,true,31pukwc6x5g7m2u2elje37e7ppje,2026-05-15T17:12:38Z,"rap,drill reino unido,drill,grime reino unido","OVO/Republic",0.91,0.498,7,-7.172,0,0.258,0.342,0.000517,0.163,0.501,120.02,4
spotify:track:3O2wrDL7nnSDZOrdZqxyoY,"Noite Fria","Ninguém Tá Puro!","Mc IG;MC Pipokinha;DJ Glenner",2023-03-15,160975,63,true,31pukwc6x5g7m2u2elje37e7ppje,2026-05-15T17:48:57Z,"funk,trap funk,funk consciente","GR6 Music",0.76,0.435,6,-5.883,1,0.222,0.326,0,0.0679,0.451,81.653,4
spotify:track:2XaEn8iznBz9ZE9YJqJdQ6,"Revoada do Tubarão 3","Revoada do Tubarão 3","MC Ryan SP;MC Hariel;Mc Don Juan;MC Joãozinho VT;MD Chefe;Mc Daniel;Mc Davi;Mc IG;Mc Kevin;Mc Paiva ZS;POCAH",2022-11-18,669157,59,false,31pukwc6x5g7m2u2elje37e7ppje,2026-05-15T17:53:40Z,"funk,funk consciente,trap funk,trap brasileiro,hip hop brasileiro,trap,agronejo,funk carioca,funk pop,pop nacional,brega funk","WM Brazil",0.795,0.705,4,-4.041,0,0.0606,0.252,0.00000188,0.248,0.571,95.023,4
spotify:track:7iIXOGUQcr7KfBq73UJXNO,"Feliz, sorridente","Dr. Igor Guilherme","Mc IG;DJ Glenner;Fepache",2024-12-12,162711,42,false,31pukwc6x5g7m2u2elje37e7ppje,2026-05-15T18:04:20Z,"funk,trap funk,funk consciente","WM Brazil",0.79,0.434,7,-11.544,0,0.059,0.433,0,0.13,0.438,117.972,4
spotify:track:4ZMmuW53QxNhtRNfKrp6FN,"JahTô Aquió","Dr. Igor Guilherme","Mc IG;DJ Glenner;Murillo e LT no Beat",2024-12-12,163764,39,false,31pukwc6x5g7m2u2elje37e7ppje,2026-05-15T18:07:17Z,"funk,trap funk,funk consciente,trap brasileiro","WM Brazil",0.842,0.54,7,-3.845,0,0.489,0.631,0.000001,0.0969,0.646,113.282,5
spotify:track:0sRlLNbHuCSrTqBrIFkAkH,"No Cair da Noite","Dr. Igor Guilherme","Mc IG;Dj TC",2024-12-12,157377,47,false,31pukwc6x5g7m2u2elje37e7ppje,2026-05-15T18:14:18Z,"funk,trap funk,funk consciente","WM Brazil",0.502,0.508,8,-9.96,0,0.425,0.858,0.0000549,0.117,0.582,79.131,5
spotify:track:35HpXNXY88GcQmS08tRXP4,"2025","Dr. Igor Guilherme","Mc IG;DJ Glenner;Fepache",2024-12-12,169411,39,true,31pukwc6x5g7m2u2elje37e7ppje,2026-05-15T18:16:42Z,"funk,trap funk,funk consciente","WM Brazil",0.59,0.322,5,-12.28,0,0.525,0.642,0.00000219,0.0892,0.526,170.02,5
spotify:track:393OFJFZKIIv66JmJcNm9D,"National Treasures","ICEMAN","Drake",2026-05-15,200830,88,true,31pukwc6x5g7m2u2elje37e7ppje,2026-05-16T14:56:55Z,"rap","OVO/Republic",0.4,0.707,11,-5.72,1,0.271,0.131,0.00000537,0.415,0.314,193.433,3
spotify:track:7KGHenqXZofXNm5MKDbT3J,"Whisper My Name","ICEMAN","Drake",2026-05-15,222580,85,true,31pukwc6x5g7m2u2elje37e7ppje,2026-05-16T14:57:06Z,"rap","OVO/Republic",0.882,0.572,11,-6.24,0,0.134,0.0655,0,0.136,0.473,124.036,4
spotify:track:4eE16RJFDKf2WxBTqqfylu,"Dust","ICEMAN","Drake",2026-05-15,189217,78,true,31pukwc6x5g7m2u2elje37e7ppje,2026-05-16T14:57:39Z,"rap","OVO/Republic",0.73,0.558,7,-5.339,0,0.144,0.0294,0,0.189,0.184,137.975,4
spotify:track:6vjpQIdABqntoe3zPazPec,"Shabang","ICEMAN","Drake",2026-05-15,188722,86,true,31pukwc6x5g7m2u2elje37e7ppje,2026-05-16T15:02:23Z,"rap","OVO/Republic",0.864,0.533,8,-6.294,0,0.111,0.107,0,0.125,0.644,116.994,4
spotify:track:3eekarcy7kvN4yt5ZFzltW,"HIGHEST IN THE ROOM","HIGHEST IN THE ROOM","Travis Scott",2019-10-04,175720,85,true,31pukwc6x5g7m2u2elje37e7ppje,2026-05-16T15:03:24Z,"rap","Cactus Jack/Epic",0.598,0.427,7,-8.764,0,0.0317,0.0546,0.00000583,0.21,0.0605,76.469,4
spotify:track:6gBFPUFcJLzWGx4lenP6h2,"goosebumps","Birds In The Trap Sing McKnight","Travis Scott",2016-09-16,243836,87,true,31pukwc6x5g7m2u2elje37e7ppje,2026-05-16T15:03:30Z,"rap","Cactus Jack / Epic",0.841,0.728,7,-3.37,1,0.0484,0.0847,0,0.149,0.43,130.049,4
spotify:track:6AI3ezQ4o3HUoP6Dhudph3,"Not Like Us","Not Like Us","Kendrick Lamar",2024-05-04,274192,88,true,31pukwc6x5g7m2u2elje37e7ppje,2026-05-16T15:03:47Z,"hip hop,west coast hip hop","Kendrick Lamar, under exclusive license to Interscope Records",0.898,0.472,1,-7.001,1,0.0776,0.0107,0,0.141,0.214,101.061,4
spotify:track:2cYqizR4lgvp4Qu6IQ3qGN,"BUTTERFLY EFFECT","ASTROWORLD","Travis Scott",2018-08-03,190557,83,false,31pukwc6x5g7m2u2elje37e7ppje,2026-05-16T15:05:40Z,"rap","Cactus Jack / Epic",0.763,0.628,11,-5.85,1,0.05,0.0531,0,0.114,0.193,140.958,4
spotify:track:2xLMifQCjDGFmkHkpNLD9h,"SICKO MODE","ASTROWORLD","Travis Scott",2018-08-03,312820,86,true,31pukwc6x5g7m2u2elje37e7ppje,2026-05-16T15:05:50Z,"rap","Cactus Jack / Epic",0.834,0.73,8,-3.714,1,0.222,0.00513,0,0.124,0.446,155.008,4
spotify:track:51EC3I1nQXpec4gDk0mQyP,"90210 (feat. Kacy Hill)","Rodeo","Travis Scott;Kacy Hill",2015-09-04,339066,83,true,31pukwc6x5g7m2u2elje37e7ppje,2026-05-16T15:05:58Z,"rap","Cactus Jack / Epic",0.402,0.527,9,-6.737,0,0.0917,0.113,0.00000848,0.105,0.31,81.42,4
spotify:track:1ijYk2EYwj0rGqYwtjiAUJ,"Burning Bridges","ICEMAN","Drake",2026-05-15,225990,78,true,31pukwc6x5g7m2u2elje37e7ppje,2026-05-16T15:08:00Z,"rap","OVO/Republic",0.741,0.517,3,-6.05,0,0.0705,0.339,0,0.175,0.217,130.027,4
spotify:track:4ygJHbpMGwZknVFaRikdFr,"B's On The Table (feat. 21 Savage)","ICEMAN","Drake;21 Savage",2026-05-15,137647,81,true,31pukwc6x5g7m2u2elje37e7ppje,2026-05-16T15:12:43Z,"rap","OVO/Republic",0.769,0.664,1,-7.757,0,0.226,0.122,0,0.286,0.466,135.98,4
spotify:track:3cLCA9LSb6UiOeNvTZoaav,"Plot Twist","ICEMAN","Drake",2026-05-15,195678,82,true,31pukwc6x5g7m2u2elje37e7ppje,2026-05-16T15:19:26Z,"rap","OVO/Republic",0.83,0.515,1,-7.496,1,0.063,0.12,0.0000081,0.552,0.612,123.02,4
spotify:track:7COiiObIVJIdBcW3J43Iy2,"2 Hard 4 The Radio","ICEMAN","Drake",2026-05-15,183500,81,true,31pukwc6x5g7m2u2elje37e7ppje,2026-05-16T15:20:10Z,"rap","OVO/Republic",0.655,0.745,11,-6.685,0,0.118,0.0404,0,0.339,0.626,111.152,4
spotify:track:1xO3PpGchMqMmmF6OEtH5Y,"Make Them Know","ICEMAN","Drake",2026-05-15,248285,77,true,31pukwc6x5g7m2u2elje37e7ppje,2026-05-16T15:24:58Z,"rap","OVO/Republic",0.696,0.565,1,-7.966,1,0.38,0.566,0,0.159,0.225,120.021,4
spotify:track:5Xc91bJzq66BUcX6cqiEMo,"Será","Será","KayBlack;Wall Hein;tal do dias",2026-05-14,162709,64,false,31pukwc6x5g7m2u2elje37e7ppje,2026-05-17T04:55:34Z,"trap brasileiro,trap funk,trap,hip hop brasileiro,funk consciente","WM Brazil",0.808,0.334,10,-8.722,0,0.0923,0.732,0,0.142,0.584,118.002,4
spotify:track:32MqMxPwchA8Hthd9oyEkY,"Puritana","NhNc","Mc Paiva ZS;DJ Vilão Original;Niki Roki;Renannobeat",2026-01-27,158790,50,false,31pukwc6x5g7m2u2elje37e7ppje,2026-05-17T05:16:33Z,"funk,trap funk,funk consciente,funk carioca","MC Paiva ZS",0.693,0.523,2,-8.681,0,0.219,0.845,0,0.219,0.49,125.167,4
spotify:track:2jHkMr2BWhEKKuMsg6jJSf,"Filha do Deputado","Bad Boys","Mc IG;MC Ryan SP;DJ Glenner;Mc Poze do Rodo;Oruam",2024-08-21,371852,59,true,31pukwc6x5g7m2u2elje37e7ppje,2026-05-18T02:31:04Z,"funk,trap funk,funk consciente,trap brasileiro,trap,hip hop brasileiro","WM Brazil",0.83,0.464,1,-10.547,0,0.321,0.623,0,0.2,0.541,124.028,4
spotify:track:47M49PAtU6jRz8sO3W8Hxf,"Saudade","Bad Boys","Mc IG;MC Ryan SP;LUDMILLA;Galdino;Gustah;Pedro Lotto",2024-08-21,156923,38,false,31pukwc6x5g7m2u2elje37e7ppje,2026-05-18T02:31:08Z,"funk,trap funk,funk consciente,pagode,pop nacional,funk pop,pagode baiano,funk carioca,samba,trap brasileiro,trap,hip hop brasileiro","WM Brazil",0.797,0.581,7,-6.51,0,0.0919,0.14,0,0.164,0.555,129.983,4
spotify:track:2RgQ0oA82VAQgLuI9ejXDT,"Bate no Peito","Bate no Peito","Papatinho;LUDMILLA;João Gomes;Zeca Pagodinho;Samuel Rosa;Veigh;Fome de Música",2026-05-17,236571,36,false,31pukwc6x5g7m2u2elje37e7ppje,2026-05-18T08:59:45Z,"hip hop brasileiro,trap brasileiro,pagode,pop nacional,funk pop,funk,pagode baiano,funk carioca,samba,piseiro,forró,arrocha,sertanejo,forró tradicional,brega,mpb,nova mpb,rock brasileiro,trap funk,trap","Sony Music Entertainment",0.778,0.893,9,-3.328,1,0.0873,0.212,0,0.15,0.771,139.976,4
spotify:track:4gBkaTHZMbg6TqT0xxT0hy,"Amanhecer","Amanhecer","Mc IG;Fepache",2024-09-17,173114,45,true,31pukwc6x5g7m2u2elje37e7ppje,2026-05-19T01:28:57Z,"funk,trap funk,funk consciente","WM Brazil",0.86,0.517,8,-11.492,1,0.577,0.48,0,0.201,0.701,122.009,4
spotify:track:1VpOT1TfTivUmFjSGSRt1U,"Olha pra Cara de Quem Te...","Olha pra Cara de Quem Te...","MC LUUKY;MC Jvila;DJ Dael",2025-03-06,120916,69,true,31pukwc6x5g7m2u2elje37e7ppje,2026-05-20T01:07:18Z,"funk,trap funk,funk consciente","EDITORA E GRAVADORA A BASE RECORDS",0.939,0.701,2,-3.701,1,0.246,0.515,0.000116,0.113,0.863,131.024,4
spotify:track:7yLTB8w8cMsvXwugqKaJuC,"Cola no Ap 2","Cola no Ap 2","Mc Dena;MC GP;MC Ryan SP;Mc IG",2024-11-08,372720,39,true,31pukwc6x5g7m2u2elje37e7ppje,2026-05-20T01:51:53Z,"funk,trap funk,funk consciente","Nova Era Produtora",0.516,0.429,8,-9.118,0,0.428,0.561,0,0.109,0.576,169.915,4
spotify:track:0f69G0VwHAQPwfAXDX96b5,"Cola no Ap 3 🍀","Feliz no Simples (Parte 2) 🍀","Mc IG;MC GP;Mc Dena;DJ Glenner;Fepache;Vital",2025-10-28,327529,51,true,31pukwc6x5g7m2u2elje37e7ppje,2026-05-20T01:52:16Z,"funk,trap funk,funk consciente","WM Brazil",0.665,0.598,9,-6.873,0,0.453,0.477,0,0.0744,0.47,116.264,5
spotify:track:5bL8oAujk3upacMbrmRTTf,"Silili","Menor do Desacato","MC LUUKY;MC Ryan SP;Mc IG;Mc Luki;Mc Don Juan;Perera DJ;Oldilla",2024-12-03,342857,56,false,31pukwc6x5g7m2u2elje37e7ppje,2026-05-20T22:02:35Z,"funk,trap funk,funk consciente","EDITORA E GRAVADORA A BASE RECORDS",0.929,0.502,5,-8.928,0,0.428,0.517,0.00000239,0.184,0.772,112.055,4
spotify:track:6bYHka6sRwtHRWSTZRCxPU,"Fumaça do ice","Fumaça do ice","Mc Menor Rf;Mc Vitão do Sr;DJ GUIZIN DA SERRA",2026-03-16,224076,75,false,31pukwc6x5g7m2u2elje37e7ppje,2026-05-21T02:33:06Z,"funk de bh,funk","Digital Dreams Records",0.879,0.597,8,-3.271,1,0.355,0.681,0,0.769,0.765,130.187,4
spotify:track:4OMSfAavn8k6HxZ0HwVtV1,"CONFISSÕES PT1","MAGIC SHOW","Nagalli;Menor MC;Dfideliz;CJota;Leviano;Supernova Ent",2024-04-25,213357,69,true,31pukwc6x5g7m2u2elje37e7ppje,2026-05-21T02:37:58Z,"trap brasileiro,trap,trap funk,hip hop brasileiro,funk","Supernova Ent",0.681,0.53,4,-8.103,0,0.375,0.599,0,0.451,0.421,125.874,4
spotify:track:3Q36LH3rlABCEt4JMLbD8p,"Vergonha pra Mídia (feat. MC Ryan SP & Mc Lele JP)","Vergonha pra Mídia (feat. MC Ryan SP & Mc Lele JP)","Salvador Da Rima;NOG;Mc Kevin;MC Ryan SP;Mc Lele JP",2020-04-01,385357,69,true,31pukwc6x5g7m2u2elje37e7ppje,2026-05-21T09:38:04Z,"funk consciente,funk,trap funk,trap brasileiro,hip hop brasileiro","Rap RJ",0.814,0.671,0,-6.813,1,0.297,0.219,0,0.0736,0.593,83.944,4
spotify:track:2LzXPUzL9sgeRl9a5miHMA,"OUTRA","OUTRA","tarisiix;fire hair;WenHard",2025-04-15,128000,67,true,31pukwc6x5g7m2u2elje37e7ppje,2026-05-21T18:03:10Z,"funk","NOISQTA",0.887,0.5,9,-6.805,0,0.349,0.11,0.0206,0.103,0.58,90.023,3
spotify:track:6oYS9MTTdswq06sfirnuzO,"Mais amor menos recalque","As Melhores","Mc Daleste;Dj Wilton",2020,287334,58,false,31pukwc6x5g7m2u2elje37e7ppje,2026-05-21T23:25:46Z,"funk,funk consciente","Mundo do Funk",0.669,0.965,1,-2.442,1,0.41,0.432,0,0.0683,0.736,129.97,4
spotify:track:5ROyrHNiEx9DeZ5SONjVbM,"Terapia","Terapia","Mc Kevin",2020-04-06,212166,72,true,31pukwc6x5g7m2u2elje37e7ppje,2026-05-21T23:35:06Z,"funk,funk consciente,trap funk","GR6 Music",0.811,0.52,8,-7.977,1,0.0737,0.534,0.0000484,0.0988,0.692,171.963,4
spotify:track:3U4ek3YqOcXvT0j373i1Da,"Direções","Ambition","Boaventura;Ayo Th",2026-05-21,162461,39,true,31pukwc6x5g7m2u2elje37e7ppje,2026-05-21T23:45:35Z,"trap brasileiro,trap,trap funk","Boaventura",0.705,0.425,7,-7.876,1,0.048,0.312,0,0.124,0.0395,130.009,4
spotify:track:1MHUJBbjaWonzQuMjWe4mr,"Levitando","Ambition","Boaventura",2026-05-21,160000,32,true,31pukwc6x5g7m2u2elje37e7ppje,2026-05-21T23:52:30Z,"trap brasileiro,trap,trap funk","Boaventura",0.822,0.387,0,-7.922,1,0.482,0.621,0,0.113,0.545,143.982,4
spotify:track:5X5AKOjdlTFmOQhPRCBijB,"Na Varanda","Ambition","Boaventura;Tevito;Stick",2026-05-21,180869,36,true,31pukwc6x5g7m2u2elje37e7ppje,2026-05-21T23:53:04Z,"trap brasileiro,trap,trap funk","Boaventura",0.795,0.52,2,-7.819,0,0.0538,0.233,0,0.131,0.67,138.003,4
spotify:track:6tWU6ZyDIUryle9ELBR4bb,"Segredos","Ambition","Boaventura;Drummond",2026-05-21,158677,34,true,31pukwc6x5g7m2u2elje37e7ppje,2026-05-21T23:54:00Z,"trap brasileiro,trap,trap funk","Boaventura",0.693,0.551,1,-6.923,0,0.0616,0.383,0,0.11,0.144,121.054,4
spotify:track:7c3rEaMr25JlKoGjL72XEI,"Castelo em Chamas","Ambition","Boaventura;Stick",2026-05-21,126131,36,true,31pukwc6x5g7m2u2elje37e7ppje,2026-05-21T23:54:41Z,"trap brasileiro,trap,trap funk","Boaventura",0.744,0.516,6,-8.484,0,0.236,0.257,0,0.348,0.573,137.065,4
spotify:track:6gs5en9ccwH9tVtHOZm8jW,"como se fosse a última vez","FUNK DE CANALHA","G.A;Yuri Redicopa;Supernova Ent",2026-05-22,135000,50,true,31pukwc6x5g7m2u2elje37e7ppje,2026-05-22T00:00:21Z,"trap brasileiro,trap funk,trap,funk,funk bruxaria,hip hop brasileiro","Supernova Entertainment",0.778,0.721,6,-4.591,0,0.414,0.608,0,0.102,0.882,95.455,3
spotify:track:4K8jKvRCwZcn6FXRJd9T3C,"pros menor da nova","FUNK DE CANALHA","G.A;Veigh;Mc Morena;Supernova Ent",2026-05-22,196535,76,true,31pukwc6x5g7m2u2elje37e7ppje,2026-05-22T00:00:50Z,"trap brasileiro,trap funk,trap,hip hop brasileiro,brega funk,funk,funk de bh,brega","Supernova Entertainment",0.69,0.505,4,-6.215,0,0.435,0.398,0,0.237,0.316,126.93,4
spotify:track:4YX2AFoltkVU6MXQNmjH6z,"todas pra frente","FUNK DE CANALHA","G.A;Supernova Ent",2026-05-22,171707,52,true,31pukwc6x5g7m2u2elje37e7ppje,2026-05-22T00:02:34Z,"trap brasileiro,trap funk,trap,hip hop brasileiro","Supernova Entertainment",0.68,0.41,0,-6.969,0,0.323,0.0481,0,0.108,0.834,89.393,3
spotify:track:0ZaYL9nuVc9HtEYw51kSDY,"eu tô boladão","FUNK DE CANALHA","G.A;Supernova Ent",2026-05-22,155076,47,true,31pukwc6x5g7m2u2elje37e7ppje,2026-05-22T00:03:52Z,"trap brasileiro,trap funk,trap,hip hop brasileiro","Supernova Entertainment",0.852,0.486,8,-5.323,0,0.424,0.552,0,0.0922,0.829,130.105,4
spotify:track:3vtiJPaUYpXNhjMG9sITxV,"mercedes preta","FUNK DE CANALHA","G.A;Mc Rodrigo do CN;Supernova Ent",2026-05-22,151181,47,true,31pukwc6x5g7m2u2elje37e7ppje,2026-05-22T00:04:55Z,"trap brasileiro,trap funk,trap,funk,funk de bh,funk carioca,hip hop brasileiro","Supernova Entertainment",0.848,0.497,1,-6.334,0,0.26,0.249,0,0.107,0.61,127.066,4
spotify:track:3alXKfMzXBihQSiZVtDYju,"mais cara do site","FUNK DE CANALHA","G.A;MC Jvila;MC Vine7;Perera DJ;Supernova Ent",2026-05-22,189677,51,true,31pukwc6x5g7m2u2elje37e7ppje,2026-05-22T00:06:15Z,"trap brasileiro,trap funk,trap,funk,funk consciente,hip hop brasileiro","Supernova Entertainment",0.656,0.654,10,-4.124,0,0.33,0.232,0,0.109,0.683,92.178,3
spotify:track:1qWVoisTdwoOsyG5w2nnEn,"CAPONGA","CAPONGA","Brandão85",2026-05-19,132413,52,true,31pukwc6x5g7m2u2elje37e7ppje,2026-05-22T01:35:07Z,"trap brasileiro,trap","30PRAUM",0.6,0.733,0,-4.94,0,0.183,0.165,0,0.39,0.46,174.058,4
spotify:track:3h6KGSJagYsJLHMkuApqCK,"Entre a Gente","Ambition","Boaventura;Drummond",2026-05-21,150857,38,true,31pukwc6x5g7m2u2elje37e7ppje,2026-05-22T02:39:06Z,"trap brasileiro,trap,trap funk","Boaventura",0.656,0.459,10,-7.163,0,0.0363,0.58,0,0.108,0.484,140.077,4
spotify:track:1mhgqpCAnVZarcA65K6L0h,"PUTO (feat. Alee)","808 CLUB","WIU;Alee",2025-01-30,186000,64,true,31pukwc6x5g7m2u2elje37e7ppje,2026-05-22T23:15:52Z,"trap brasileiro,trap,trap funk,hip hop brasileiro","30PRAUM",0.602,0.518,5,-5.653,0,0.0852,0.717,0,0.0968,0.57,119.903,4
spotify:track:2aqIA7facaX2NcjHN2b9MH,"Coração Gelado 3","Coração Gelado 3","DJ BOY;MC Joãozinho VT;Kako;MC Ryan SP;MC V7;MC Leozinho ZS;Mc IG;MC Letto",2021-12-17,446341,57,false,31pukwc6x5g7m2u2elje37e7ppje,2026-05-22T23:22:21Z,"funk consciente,funk,trap funk","Sonar Music",0.836,0.581,2,-1.643,0,0.178,0.155,0,0.131,0.726,163.916,4
spotify:track:6hXKkMBSCdb3Qbzmk3x7SE,"Deixou Pra Lá - É Só Funk","Esquece, É Só Funk","Mc Kevin;Tropa da W&S;Rizzi Get Busy",2026-05-22,218630,40,false,31pukwc6x5g7m2u2elje37e7ppje,2026-05-22T23:38:26Z,"funk,funk consciente,trap funk","Esquece Produções e W&S Music",0.562,0.715,11,-4.829,0,0.206,0.0653,0,0.303,0.281,145.972,4
spotify:track:1gUKRQRGvtV782Ji6wRm7O,"Me Desculpa - É Só Funk","Esquece, É Só Funk","Mc Kevin;Tropa da W&S;Rizzi Get Busy",2026-05-22,139200,38,false,31pukwc6x5g7m2u2elje37e7ppje,2026-05-22T23:38:26Z,"funk,funk consciente,trap funk","Esquece Produções e W&S Music",0.884,0.691,2,-4.525,1,0.0716,0.267,0.0000165,0.209,0.502,100.001,4
spotify:track:5AFZrzzYqfqNWF7Z4GkxXt,"Perto De Mim - É Só Funk","Esquece, É Só Funk","Mc Kevin;Tropa da W&S;Rizzi Get Busy",2026-05-22,226463,43,false,31pukwc6x5g7m2u2elje37e7ppje,2026-05-22T23:38:26Z,"funk,funk consciente,trap funk","Esquece Produções e W&S Music",0.513,0.694,8,-4.208,0,0.349,0.425,0.0000609,0.123,0.602,78.233,4
spotify:track:48UJ2ewar75YdXvoq3oYD7,"Vida de Artista - É Só Funk","Esquece, É Só Funk","Mc Kevin;Tropa da W&S;Rizzi Get Busy",2026-05-22,166666,40,false,31pukwc6x5g7m2u2elje37e7ppje,2026-05-22T23:38:26Z,"funk,funk consciente,trap funk","Esquece Produções e W&S Music",0.627,0.594,3,-3.413,0,0.277,0.106,0,0.113,0.384,89.966,4
spotify:track:1PH2MDbcBAU094DlgTIND1,"THANK GOD","UTOPIA","Travis Scott",2023-07-28,184888,71,true,31pukwc6x5g7m2u2elje37e7ppje,2026-05-22T23:54:04Z,"rap","Cactus Jack/Epic",0.657,0.553,10,-7.08,0,0.0394,0.254,0,0.129,0.576,134.925,4
spotify:track:6wsqVwoiVH2kde4k4KKAFU,"I KNOW ?","UTOPIA","Travis Scott",2023-07-28,211582,81,true,31pukwc6x5g7m2u2elje37e7ppje,2026-05-22T23:54:37Z,"rap","Cactus Jack/Epic",0.927,0.619,5,-4.441,0,0.0539,0.0186,0,0.104,0.817,117.995,4
spotify:track:4mL7T8LtbkbUeprDF6eYPo,"Namorada","Namorada","Mc Ds;Mc IG;MC Marks;dj gui de novo;Raul GR;Dj GBR",2025-12-09,233995,45,false,31pukwc6x5g7m2u2elje37e7ppje,2026-05-23T00:24:20Z,"funk,trap funk,funk consciente","EDITORA E GRAVADORA A BASE RECORDS",0.716,0.446,0,-9.312,0,0.644,0.345,0,0.11,0.601,114.997,4
spotify:track:5kAukr6oUDc6dBwk9fJ98K,"Opção","Passado & Presente","Mc Kevin;MC PH;Perera DJ",2019,251076,64,true,31pukwc6x5g7m2u2elje37e7ppje,2026-05-23T14:24:10Z,"funk,funk consciente,trap funk,trap brasileiro","Revolução Record",0.853,0.536,10,-9.012,0,0.39,0.221,0,0.0992,0.575,129.921,4
spotify:track:2FzgpK3AWFQF0wkUHZGyVX,"AFTER DO CHEFE (feat. Galdino)","MIXTAPE - BIG G","MC GP;Real Fuba;Orochi;Portugal No Beat;Galdino",2025-11-27,223255,64,false,31pukwc6x5g7m2u2elje37e7ppje,2026-05-23T23:13:10Z,"funk,funk consciente,trap funk,trap brasileiro,hip hop brasileiro,trap","WM Brazil",0.657,0.479,1,-6.176,0,0.0489,0.737,0.000121,0.11,0.414,129.154,4
spotify:track:3ODUgIaqdpkMXXlsH1kDLh,"300 no 7","300 no 7","MC GP;MC Jvila;MC LUUKY;Dj Yuri Pedrada",2024-06-21,195572,68,true,31pukwc6x5g7m2u2elje37e7ppje,2026-05-23T23:15:01Z,"funk,funk consciente,trap funk","MC GP NOVA ERA",0.631,0.614,9,-4.851,1,0.521,0.326,0,0.622,0.612,83.953,5
spotify:track:37BxhA4gv0YX6QZaqPsgP6,"CONSTRUA SEUS SONHOS","Só Vilão, Aqui Não Tem Herói","Kyan;Fahel",2024-06-20,97178,45,true,31pukwc6x5g7m2u2elje37e7ppje,2026-05-23T23:21:34Z,"trap brasileiro,trap funk,trap,hip hop brasileiro","Kyan",0.68,0.665,9,-7.02,0,0.422,0.453,0,0.0923,0.668,82.034,4
spotify:track:0aThAcQRdEqXwlUAQT8Gto,"Frutos","Frutos","MC PH;Kyan;Dé Barros;Charlie A",2020-12-10,225230,55,true,31pukwc6x5g7m2u2elje37e7ppje,2026-05-23T23:38:17Z,"funk,trap funk,funk consciente,trap brasileiro,trap,hip hop brasileiro,rap de anime","GR6 Music",0.704,0.664,5,-8.42,0,0.0876,0.72,0,0.123,0.389,130.002,4
spotify:track:07jFOGa6RLgf07saW183Nm,"Deixa o Cavalo Correr 2","Deixa o Cavalo Correr 2","MC LUUKY;MC Ryan SP;Gabb MC;Oldilla;Mc Tato;Leonne;Boladin 211;Mc IG;TrapLaudo;Mc Neguinho PRT;Mc Felipe JC",2025-09-04,626076,56,true,31pukwc6x5g7m2u2elje37e7ppje,2026-05-23T23:42:07Z,"funk,trap funk,funk consciente,funk de bh,fado","WALK RECORDS",0.582,0.532,11,-8.454,0,0.281,0.454,0.000203,0.0918,0.194,129.948,4
spotify:track:7IMgQcO4mFbv2Uqr41nJnm,"TMOIG","Todo Mundo Odeia o IG","Mc IG;DJ Glenner",2024-03-21,176000,55,true,31pukwc6x5g7m2u2elje37e7ppje,2026-05-23T23:42:31Z,"funk,trap funk,funk consciente","WM Brazil",0.857,0.43,6,-12.487,1,0.229,0.307,0,0.0988,0.668,120.088,4
spotify:track:5Qqpplbu8ROd71c0brQxyy,"Filha do Deputado","Filha do Deputado","Mc IG;MC Ryan SP;DJ Glenner;Mc Poze do Rodo;Oruam",2024-06-25,371852,57,true,31pukwc6x5g7m2u2elje37e7ppje,2026-05-23T23:43:52Z,"funk,trap funk,funk consciente,trap brasileiro,trap,hip hop brasileiro","WM Brazil",0.83,0.464,1,-10.547,0,0.321,0.623,0,0.2,0.542,124.028,4
spotify:track:2uNzlkOcqZLpoo25F1C19Y,"playboy","XXL","Tchelo;retroboy",2026-03-12,101995,52,false,31pukwc6x5g7m2u2elje37e7ppje,2026-05-24T01:41:30Z,"trap brasileiro,trap,trap funk","tchelo rodrigues",0.859,0.558,10,-3.087,0,0.368,0.074,0,0.117,0.885,149.865,4
spotify:track:0dcHD9QhnWRA41zoLnC83X,"X1","LITTLE HAIR","MC Cabelinho;Dallass",2021-12-20,188852,71,true,31pukwc6x5g7m2u2elje37e7ppje,2026-05-24T04:22:41Z,"trap brasileiro,trap funk,trap,hip hop brasileiro,funk consciente","MC Cabelinho",0.579,0.804,8,-5.024,1,0.0581,0.457,0,0.136,0.546,183.075,3
spotify:track:5elz7Ovan3KbnsP7lEtoXe,"4M no Toque - Ao Vivo","Mundão Girou (Regravações) [Ao Vivo]","MC Hariel;Mc Pedrinho",2022-02-18,161403,54,false,31pukwc6x5g7m2u2elje37e7ppje,2026-05-24T23:58:08Z,"funk,funk consciente,trap funk","WM Brazil",0.664,0.684,5,-5.933,1,0.352,0.133,0,0.945,0.38,80.974,5
spotify:track:1YiqOS5qfhZ2eQ9CcCiDWJ,"Tropa do 77","O PODEROSO CHATÃO","Mc Lele JP;Mc IG;Menó Prodígio;MC GP;Mc Menor Kau;Dj GBR",2026-04-07,297692,61,true,31pukwc6x5g7m2u2elje37e7ppje,2026-05-25T16:26:19Z,"funk,funk consciente,trap funk","GRINGOS WORLD PRODUTORA",0.718,0.775,11,-5.563,0,0.425,0.424,0.00000152,0.145,0.928,127.005,4
spotify:track:3ZGRfvhfCDwdYrFaBJdcBf,"Perfil do Mohamed","O PODEROSO CHATÃO","Mc Lele JP;Mc IG;MC Tuto;MC Ryan SP;Mc Kelvinho;DJ Oreia",2026-04-07,375000,60,true,31pukwc6x5g7m2u2elje37e7ppje,2026-05-26T00:08:29Z,"funk,funk consciente,trap funk","GRINGOS WORLD PRODUTORA",0.854,0.682,1,-3.516,0,0.388,0.0511,0,0.617,0.85,127.972,4
spotify:track:04TEGDzD2pAtNfMihysg2n,"Pecado","""Cê é Pra Falar de Amor""","Mc Kelvinho;Perera DJ;Mc Don Juan;MC Hariel",2022-12-08,254003,62,true,31pukwc6x5g7m2u2elje37e7ppje,2026-05-26T22:19:44Z,"funk consciente,funk,trap funk","GR6 Music",0.539,0.496,9,-7.06,0,0.371,0.421,0,0.0919,0.313,73.097,3
spotify:track:2d8SQGjaZAPJvDkKJ2d8jY,"Onde é o After","Por Que DJ Oreia?","DJ Oreia;Mc IG",2025-12-03,128000,43,true,31pukwc6x5g7m2u2elje37e7ppje,2026-05-27T01:05:02Z,"funk,funk consciente,trap funk","Por Que DJ Oreia?",0.788,0.755,1,-5.601,0,0.356,0.0891,0.000412,0.106,0.966,89.873,3
spotify:track:0GoByMp2rFOVWcgoBILk1U,"??? 🍀","??? 🍀","Mc IG;DJ Oreia",2025-10-27,179277,48,true,31pukwc6x5g7m2u2elje37e7ppje,2026-05-27T01:05:08Z,"funk,trap funk,funk consciente","WM Brazil",0.677,0.678,7,-4.462,0,0.074,0.616,0,0.158,0.869,110.811,5
spotify:track:0CADcThrvKA6ZV6qjlL3ui,"Dama da Noite","Dama da Noite","Boaventura;Neckklace",2024-10-11,131600,54,true,31pukwc6x5g7m2u2elje37e7ppje,2026-05-27T21:30:42Z,"trap brasileiro,trap,trap funk","Boaventura",0.752,0.503,7,-1.93,0,0.0595,0.483,0,0.104,0.366,150.017,4
spotify:track:3oh5Sh53WJX5xldjB5Bc7D,"Contada De Mestre","O PODEROSO CHATÃO","Mc Lele JP;DJ Oreia",2026-04-07,200314,53,true,31pukwc6x5g7m2u2elje37e7ppje,2026-05-27T21:41:15Z,"funk,funk consciente,trap funk","GRINGOS WORLD PRODUTORA",0.513,0.707,3,-5.688,0,0.277,0.62,0,0.649,0.907,112.592,1
spotify:track:11ze8Azkn823Cd4d3iFkIs,"Medley 2024","Medley 2024","Mc IG;DJ Glenner;Fepache",2023-12-24,469333,50,false,31pukwc6x5g7m2u2elje37e7ppje,2026-05-28T01:23:37Z,"funk,trap funk,funk consciente","WM Brazil",0.681,0.566,6,-4.412,0,0.0825,0.311,0.0000317,0.0692,0.277,119.776,5
spotify:track:5bErewG7zhKlqFRn0STlPZ,"Medley de Igaratá 9","Medley de Igaratá 9","Mc Negão Original;DJ David LP;DJ Japa NK",2026-05-07,350769,47,true,31pukwc6x5g7m2u2elje37e7ppje,2026-05-28T01:23:43Z,"funk,trap funk,funk consciente","Fusion Records",0.818,0.639,3,-4.896,0,0.405,0.64,0,0.0645,0.86,129.843,4
spotify:track:04vzhKfl5HtPEgrdZJCZ7L,"Bagulho Louco","Bagulho Louco","Mc Paiva ZS;Kotim",2022-01-25,124238,60,true,31pukwc6x5g7m2u2elje37e7ppje,2026-05-28T21:11:15Z,"funk,trap funk,funk consciente,funk carioca","Love Funk",0.531,0.464,0,-9.882,0,0.346,0.814,0.00000157,0.133,0.643,170.085,4
spotify:track:3uUtnCjSTdBypLFvWv2KVz,"NÃO FAZEMOS POP","NÃO FAZEMOS POP","Niink;Supernova Ent;Bvga Beatz",2026-05-29,154077,50,true,31pukwc6x5g7m2u2elje37e7ppje,2026-05-29T00:13:25Z,"trap brasileiro,trap,trap funk,hip hop brasileiro","Supernova Entertainment",0.741,0.82,2,-3.536,0,0.341,0.362,0,0.302,0.532,162.013,4
spotify:track:30PBbVaz9GRpFvU8zu2cMu,"Relação Das Antigas","Relação Das Antigas","ssualk;Mc Negão Original;MC Meno K;Marquinho no Beat",2026-05-28,184615,11,true,31pukwc6x5g7m2u2elje37e7ppje,2026-05-29T00:16:43Z,"funk,trap funk,funk consciente,funk carioca,trap brasileiro,trap","Marquinho no Beat",0.752,0.569,4,-5.829,0,0.198,0.149,0.00000285,0.128,0.732,130.041,4
spotify:track:6r0iNyYTEcPMD0KvuQc9ig,"Modo Esquece 2","Modo Esquece 2","MC GP;Aaron Modesto;Dj Victor;DU'L;Mc Dena;MC Tuto;Mc IG;Mc Lele JP;TrapLaudo;Lil Kid 777;MC PH",2024-12-18,634482,56,true,31pukwc6x5g7m2u2elje37e7ppje,2026-05-29T01:37:18Z,"funk,funk consciente,trap funk,trap brasileiro","MC GP & GR6",0.64,0.501,10,-4.883,0,0.383,0.649,0,0.0993,0.281,115.657,5
spotify:track:5ooFbBHL6xleehCpWACc9M,"Menos Foco Mais Ansiedade (Ce Ta Nervosa)","Menos Foco Mais Ansiedade (Ce Ta Nervosa)","dj andreoli;Mc Jacaré;MC Ryan SP;ZANOLINI;Mc Lele JP;MC LUUKY",2026-05-28,234461,84,true,31pukwc6x5g7m2u2elje37e7ppje,2026-05-29T23:29:36Z,"electro,funk,trap funk,funk carioca,funk consciente","Djandreoli",0.89,0.691,5,-3.502,0,0.36,0.583,0.000132,0.0904,0.756,129.982,4
spotify:track:2KtkUG6FSyDkgljmk6Mjy6,"Gueto","PRA SEMPRE NO MESMO BAIRRO","Niink;Supernova Ent",2025-03-27,153916,50,false,31pukwc6x5g7m2u2elje37e7ppje,2026-05-31T14:07:19Z,"trap brasileiro,trap,trap funk,hip hop brasileiro","Supernova Ent",0.909,0.554,9,-5.853,1,0.342,0.295,0.00000222,0.11,0.494,138.081,4
spotify:track:4A27sWcCfLfHIiTx89RHFn,"De Navão","De Navão","MC LUUKY;DJ Cleitinho;DJ Gbeats",2025-08-14,106153,46,true,31pukwc6x5g7m2u2elje37e7ppje,2026-05-31T15:17:35Z,"funk,trap funk,funk consciente,funk carioca","Sony Music Entertainment",0.697,0.446,10,-5.442,0,0.389,0.464,0,0.184,0.718,128.348,4
spotify:track:4sbk5X19WNmcqz9vQlXa1k,"Brandão85, Matuê - 30 no Comando","Brandão85, Matuê - 30 no Comando","Peripécias",2026-01-09,132748,17,true,31pukwc6x5g7m2u2elje37e7ppje,2026-05-31T16:16:11Z,"","Peripécias",0.709,0.614,11,-13.181,0,0.0686,0.0654,0.00000614,0.147,0.579,142.959,4
spotify:track:41ToWzvcyVJekDSM9KKofM,"Torcicolo","Avisa que é o Funk","MC Hariel",2020-10-09,200470,47,false,31pukwc6x5g7m2u2elje37e7ppje,2026-06-01T20:51:46Z,"funk,funk consciente,trap funk","GR6 Music",0.666,0.585,11,-3.271,0,0.216,0.506,0,0.211,0.604,115.241,5
spotify:track:6BB7Rz8TIuJsKER7PTD8cQ,"Pra Inveja É Tchau","Pra Inveja É Tchau","Mc Kevin;Mc Davi;Perera DJ",2018-06-07,173233,67,false,31pukwc6x5g7m2u2elje37e7ppje,2026-06-01T20:58:33Z,"funk,funk consciente,trap funk","GR6 Music",0.726,0.342,9,-4.706,0,0.0564,0.722,0.0000489,0.0751,0.524,88.124,3
spotify:track:6Ie9WFB8BlalfwxvLtB3LE,"Entrelinhas 2","Magia","Boaventura;Fahel;C4rlinhxs",2025-07-17,153600,40,true,31pukwc6x5g7m2u2elje37e7ppje,2026-06-03T19:42:59Z,"trap brasileiro,trap,trap funk","Boaventura",0.745,0.411,4,-7.448,0,0.337,0.656,0,0.0936,0.378,125.258,4
spotify:track:3l5VjEAeUTqrlD50iEo8Yn,"Licor 43","Licor 43","KayBlack;CVSTRO;Wall Hein;AMUSIK",2022-04-28,142470,71,true,31pukwc6x5g7m2u2elje37e7ppje,2026-06-04T22:56:45Z,"trap brasileiro,trap funk,trap,hip hop brasileiro","Elenko Music",0.66,0.388,7,-10.104,0,0.296,0.611,0,0.243,0.311,90.009,4
spotify:track:1oE7B66KQ0quiuVSlkYNhN,"Direções","Direções","Boaventura;Ayo Th;H4lfmeasures;Vertigo",2026-05-14,162461,30,true,31pukwc6x5g7m2u2elje37e7ppje,2026-06-05T03:21:05Z,"trap brasileiro,trap,trap funk,boom bap","Boaventura",0.705,0.425,7,-7.876,1,0.048,0.312,0,0.124,0.0397,130.009,4
spotify:track:5Wcvle7c2jTMh5FFimP6Dw,"Ela É do Tipo (feat. Drake) [Remix]","Ela É do Tipo (feat. Drake) [Remix]","MC Kevin o Chris;Drake",2019-11-06,212432,52,true,31pukwc6x5g7m2u2elje37e7ppje,2026-06-06T01:46:28Z,"funk,funk carioca,brega funk,rap","OVO Sound",0.576,0.524,6,-5.428,1,0.24,0.89,0,0.108,0.716,99.384,3
spotify:track:2gbEvM5IwVIwJFpTVPUXV5,"Cuida do Pet","Cuida do Pet","Oldilla;Mc Iguinho Ct;MC Willian;Aaron Modesto;Mc Negão Original;DU'L;Dj Aladin GDB",2026-05-29,459212,88,true,31pukwc6x5g7m2u2elje37e7ppje,2026-06-08T23:27:41Z,"funk,funk consciente,trap funk","Oldilla Records",0.519,0.734,9,-2.166,0,0.254,0.656,0.00000976,0.146,0.615,84.952,5
spotify:track:4PrLug85HdvZjVewzUqTrf,"Amarelinha de 2002","Amarelinha de 2002","Niink;Bradockdan;LPT Zlatan;Supernova Ent",2025-03-26,202779,28,false,31pukwc6x5g7m2u2elje37e7ppje,2026-06-09T00:20:50Z,"trap brasileiro,trap,trap funk,boom bap,hip hop brasileiro","Supernova Ent",0.773,0.672,1,-6.254,1,0.332,0.437,0,0.587,0.488,141.932,4
spotify:track:6dRr2YljG54MTLMyGZc1Q0,"Morrer De Amor","Morrer De Amor","Vulgo FK;Oruam;Tz da Coronel;Nagalli;Bvga Beatz;H4lfmeasures",2024-05-09,243471,58,false,31pukwc6x5g7m2u2elje37e7ppje,2026-06-11T00:21:45Z,"trap brasileiro,trap funk,trap,funk,hip hop brasileiro","Som Livre",0.814,0.481,10,-5.704,0,0.1,0.443,0,0.153,0.545,119.985,4
spotify:track:1ZNHMA9i0u0W7lDKHnWLXU,"Ei, Você Ai","Ei, Você Ai","TrapLaudo;Mc Lele JP;Mc IG;DJ GORDINHO DA VF",2026-06-10,195692,56,true,31pukwc6x5g7m2u2elje37e7ppje,2026-06-11T19:58:12Z,"funk,trap funk,funk consciente","GRINGOS WORLD PRODUTORA",0.863,0.783,9,-0.506,0,0.282,0.639,0,0.118,0.556,130.026,4
spotify:track:7G8V8LiyyqwzSlsQLiaitN,"Toma Gostosona","Toma Gostosona","Mc Lele JP;DJ Guh Mix",2025-04-28,156923,77,true,31pukwc6x5g7m2u2elje37e7ppje,2026-06-11T20:00:49Z,"funk,funk consciente,trap funk","Cria Hit BR",0.955,0.546,4,-7.329,0,0.113,0.205,0,0.0771,0.835,130.062,4
spotify:track:1gkbmrU4ekMnBLbvYOaUgZ,"Dias de Luta, Dias de Glória","Dias de Luta, Dias de Glória","MC Hariel;André Nine;Sebrae Nosso Canto",2026-06-10,140567,44,false,31pukwc6x5g7m2u2elje37e7ppje,2026-06-11T21:05:55Z,"funk,funk consciente,trap funk,trap brasileiro,hip hop brasileiro","WM Brazil",0.459,0.64,10,-6.663,0,0.171,0.587,0,0.342,0.373,96.936,4
spotify:track:5TtTijiNYtFc6ktQARjY30,"Preferida","Contradições","KayBlack;Wall Hein",2023-03-31,130375,70,false,31pukwc6x5g7m2u2elje37e7ppje,2026-06-12T16:00:38Z,"trap brasileiro,trap funk,trap,hip hop brasileiro","WM Brazil",0.921,0.461,3,-10,0,0.495,0.13,0,0.125,0.659,120.035,5
spotify:track:1EU8mutxAZ7C4dHHbk6dgB,"aborrecida","sem faculdade","JUNIN;Bitetti;G.A",2026-06-11,177230,29,false,31pukwc6x5g7m2u2elje37e7ppje,2026-06-12T17:51:02Z,"trap brasileiro,trap funk,trap","SN Records",0.762,0.534,11,-6.971,0,0.224,0.114,0,0.112,0.308,129.913,4
spotify:track:6hu4HvpNzrW2RIEEAZC3vD,"Segredo","Contradições","KayBlack;Marquinho no Beat;Wall Hein",2023-03-31,104145,72,false,31pukwc6x5g7m2u2elje37e7ppje,2026-06-12T18:35:36Z,"trap brasileiro,trap funk,trap,hip hop brasileiro,funk","WM Brazil",0.799,0.49,7,-6.788,0,0.178,0.332,0,0.106,0.662,86.272,3
spotify:track:2LTlykcdu0gwb7zcKneo2a,"Melhor Só","Melhor Só","KayBlack;Baco Exu do Blues;Marquinho no Beat",2023-03-30,229326,70,false,31pukwc6x5g7m2u2elje37e7ppje,2026-06-12T18:35:54Z,"trap brasileiro,trap funk,trap,hip hop brasileiro,funk","WM Brazil",0.605,0.386,5,-9.965,0,0.166,0.272,0,0.107,0.55,142.133,4
spotify:track:7dM2B9z9aOOz4eL8ZprZvX,"Deixa de Mágoa 🍀","Deixa de Mágoa 🍀","Mc IG;MC Cebezinho;Dj Victor",2025-10-27,283278,44,true,31pukwc6x5g7m2u2elje37e7ppje,2026-06-12T19:55:16Z,"funk,trap funk,funk consciente","WM Brazil",0.701,0.483,3,-8.075,0,0.528,0.55,0,0.0786,0.559,91.443,3
spotify:track:2Q2K20QOgnWkAk2TkvJKn8,"Se Prepara 3","Se Prepara 3","DG e Batidão Stronda;DLIMA7;Mc Livinho;Mc Pedrinho;Perera DJ;DJ JB Mix",2026-04-27,166269,38,true,31pukwc6x5g7m2u2elje37e7ppje,2026-06-13T19:47:08Z,"piseiro,arrocha,funk,forró,brega funk,funk carioca,funk consciente,trap funk","FORTAL MUSIC",0.898,0.837,4,-1.967,0,0.0438,0.34,0,0.372,0.929,129.959,4
spotify:track:2orGm2E68ODFYOURjaES62,"Felina","Felina","WIU;MC Ryan SP",2022-09-22,225882,67,false,31pukwc6x5g7m2u2elje37e7ppje,2026-06-14T00:56:17Z,"trap brasileiro,trap,trap funk,hip hop brasileiro,funk,funk consciente","Sony Music Entertainment",0.585,0.662,5,-4.235,0,0.351,0.385,0,0.0966,0.533,169.239,4
spotify:track:59Og4I1HEdyDXOgxpUD1ku,"Logo Eu","Logo Eu","TrapLaudo;Mc IG;JV MC;Oldilla;Mc Neguinho PRT",2026-06-17,337500,55,true,31pukwc6x5g7m2u2elje37e7ppje,2026-06-18T21:30:42Z,"funk,trap funk,funk consciente","GRINGOS WORLD PRODUTORA",0.577,0.421,6,-8.27,1,0.399,0.586,0.0000663,0.0818,0.598,85.448,5
spotify:track:7H28KrD0O0NQwKoxzOsUvy,"Coração de Mãe","Coração de Mãe","MC D'Menor NK;Mc Tato;DJ Game Beat",2026-05-12,149508,42,false,31pukwc6x5g7m2u2elje37e7ppje,2026-06-19T00:14:37Z,"funk","DJ Game Beat",0.403,0.896,1,-2.685,1,0.154,0.291,0,0.257,0.712,86.163,3
spotify:track:5cumq7VWhzem0R4tediT2z,"Ta Carente Quer Um Date","Ta Carente Quer Um Date","Mc Lele JP;MC LUUKY;DJ Hyago",2026-05-28,162461,70,true,31pukwc6x5g7m2u2elje37e7ppje,2026-06-21T00:25:22Z,"funk,funk consciente,trap funk","GRINGOS WORLD",0.539,0.467,2,-9.42,0,0.273,0.287,0,0.0972,0.631,83.114,5
spotify:track:2zUC2BnjdVkB0OWvFQkKHa,"Pau Pra Toda Obra","Pau Pra Toda Obra","Mc Jacaré;MC Ryan SP;Mc IG;Mc Lele JP",2026-06-19,228923,86,true,31pukwc6x5g7m2u2elje37e7ppje,2026-06-24T02:09:04Z,"funk,trap funk,funk carioca,funk consciente","Universal Music Ltda (S&D)",0.759,0.875,11,-1.899,0,0.421,0.365,0,0.0703,0.686,86.655,5
spotify:track:0FgGkzYnMCExNkyw3xi6kC,"04AM","333","Matuê",2024-09-09,199389,66,false,31pukwc6x5g7m2u2elje37e7ppje,2026-06-24T14:39:16Z,"trap brasileiro,trap,hip hop brasileiro,trap funk","30PRAUM",0.423,0.831,9,-3.495,0,0.15,0.258,0,0.211,0.355,97.946,4
spotify:track:2WIg2OljTQEbja74ZGOrxQ,"TODAS AS LUZES","XTRANHO","Matuê",2025-12-10,153747,63,true,31pukwc6x5g7m2u2elje37e7ppje,2026-06-24T14:40:18Z,"trap brasileiro,trap,hip hop brasileiro,trap funk","30PRAUM",0.722,0.693,6,-4.345,0,0.0432,0.181,0,0.122,0.921,139.879,4
spotify:track:4sX07T4478VYdBm0R71POZ,"ALTERADO","XTRANHO","Matuê;Phl Notunrboy",2025-12-10,193600,58,true,31pukwc6x5g7m2u2elje37e7ppje,2026-06-24T14:40:32Z,"trap brasileiro,trap,hip hop brasileiro,trap funk","30PRAUM",0.601,0.822,6,-1.724,0,0.123,0.105,0,0.0992,0.263,150.114,4
spotify:track:7Bj3ibOXhhN1f6TJaYlUI1,"911 🍀","911 🍀","Mc IG;DJ Matt D",2025-10-27,158128,41,true,31pukwc6x5g7m2u2elje37e7ppje,2026-06-25T13:18:37Z,"funk,trap funk,funk consciente,trap brasileiro","Legenda Records",0.641,0.461,9,-6.253,1,0.124,0.378,0,0.0989,0.66,111.657,1
spotify:track:3DWVL0m6uvSt6nxOYJUnY0,"Eu Sei Bem","A Cara do Enquadro","KayBlack;Wall Hein",2025-07-31,153698,63,false,31pukwc6x5g7m2u2elje37e7ppje,2026-06-25T14:08:07Z,"trap brasileiro,trap funk,trap,hip hop brasileiro","WM Brazil",0.564,0.246,9,-11.995,0,0.133,0.822,0.0173,0.113,0.703,86.247,5
spotify:track:0pZIBIJ253pH9gJtXE0Ouf,"Vestido da Fendi","Vestido da Fendi","KayBlack;Marquinho no Beat;Wall Hein",2021-09-09,164203,68,false,31pukwc6x5g7m2u2elje37e7ppje,2026-06-25T22:46:28Z,"trap brasileiro,trap funk,trap,hip hop brasileiro,funk","Elenko Music",0.844,0.363,3,-11.099,0,0.442,0.0957,0,0.115,0.626,118.096,4
spotify:track:1Od9NokLPxoWIZKIbImt6P,"Ninguém Tá Puro","Ninguém Tá Puro","Mc IG;DJ Oreia",2022-09-29,87804,59,true,31pukwc6x5g7m2u2elje37e7ppje,2026-06-25T22:46:38Z,"funk,trap funk,funk consciente","GR6 Music",0.758,0.68,1,-6.622,1,0.249,0.285,0.0000718,0.247,0.925,163.964,4
spotify:track:1J9OGodE0Pfp9K2J3xChnu,"Ela Quer Um Gangster (G Life)","Ela Quer Um Gangster (G Life)","MC GP;Mc IG;Mc Kanhoto;DJ Oreia;Mc Fidelis;Mc Lele JP",2026-06-17,406000,57,true,31pukwc6x5g7m2u2elje37e7ppje,2026-06-26T19:31:59Z,"funk,funk consciente,trap funk","WM Brazil",0.666,0.505,10,-6.756,0,0.512,0.0744,0,0.154,0.616,119.92,4
spotify:track:4MXhiYIRDMGAuvZc5IFTwC,"ASTROTHUNDER","ASTROWORLD","Travis Scott",2018-08-03,142969,77,true,31pukwc6x5g7m2u2elje37e7ppje,2026-06-26T22:20:33Z,"rap","Cactus Jack / Epic",0.7,0.46,4,-8.111,0,0.0661,0.142,0.0000481,0.111,0.286,151.901,4
spotify:track:32Ymu7liqx4Kt69fruh9xo,"Foragido da Fiel (Show do Meno K)","Foragido da Fiel (Show do Meno K)","MC Meno K;MC Ryan SP;MC GP;DJ DAVI DOGDOG;DJ Japa NK;DU'L;MC Marks;Mc J9;Mc Lele JP",2026-06-25,539076,71,false,31pukwc6x5g7m2u2elje37e7ppje,2026-06-27T20:50:03Z,"funk,funk carioca,trap funk,funk consciente","WM Brazil",0.829,0.693,0,-4.562,0,0.107,0.558,0,0.0934,0.552,129.997,4
spotify:track:5IuqTmNesLRdtJY5hSDiIj,"Celine","Celine","Vulgo FK;KayBlack;WEY;Pedro Lotto;Wall Hein",2023-07-13,162506,56,false,31pukwc6x5g7m2u2elje37e7ppje,2026-06-27T20:55:56Z,"trap brasileiro,trap funk,trap,funk,hip hop brasileiro","Som Livre",0.641,0.43,0,-10.128,0,0.0547,0.347,0,0.1,0.301,120.141,4
spotify:track:0yOgZxWMn8ebYLDH7dEmAu,"Melhor do Ano","Melhor do Ano","KayBlack;AMUSIK",2021-05-28,157711,47,true,31pukwc6x5g7m2u2elje37e7ppje,2026-06-27T20:57:13Z,"trap brasileiro,trap funk,trap,hip hop brasileiro","Elenko Week",0.624,0.383,0,-8.335,0,0.285,0.182,0,0.0878,0.682,139.541,4
spotify:track:52kcarcX0FQ6wPulXm2bMJ,"Meca Cereja","Meca Cereja","Vulgo FK;MC Cebezinho;KayBlack;Pedro Lotto;AMUSIK",2022-10-06,234193,68,true,31pukwc6x5g7m2u2elje37e7ppje,2026-06-27T20:57:21Z,"trap brasileiro,trap funk,trap,funk,hip hop brasileiro,funk consciente","Elenko Music",0.711,0.53,9,-7.149,0,0.0736,0.535,0.0000141,0.0834,0.395,124.161,4
spotify:track:5v2cGEJcILks1F4X66wzLw,"Sem Você Aqui","Sem Você Aqui","Mc Neguinho PRT;Mc IG;Mc Lele JP;MC PH;Vulgo FK;Dj TC;DJ Hyago;Gudy",2026-06-25,337920,52,true,31pukwc6x5g7m2u2elje37e7ppje,2026-06-28T02:25:53Z,"funk,trap funk,funk consciente,trap brasileiro,trap,hip hop brasileiro","Blessed Boss Records",0.786,0.501,9,-6.135,0,0.311,0.162,0,0.0985,0.601,124.679,4
spotify:track:2SAqBLGA283SUiwJ3xOUVI,"Laugh Now Cry Later (feat. Lil Durk)","Laugh Now Cry Later (feat. Lil Durk)","Drake;Lil Durk",2020-08-14,261492,80,true,31pukwc6x5g7m2u2elje37e7ppje,2026-06-28T14:19:49Z,"rap,drill de chicago,drill","OVO",0.761,0.518,0,-8.871,1,0.134,0.244,0.0000347,0.107,0.522,133.976,4
spotify:track:6eNRGL6Nkdg7RhJtmbcl0j,"Luz do Luar","Luz do Luar","Mc Tato;DJ Ak beats",2022-06-14,184615,62,true,31pukwc6x5g7m2u2elje37e7ppje,2026-06-29T01:59:58Z,"funk,trap funk","RF PRODUTORA",0.627,0.754,3,-2.505,0,0.0298,0.437,0,0.0963,0.786,130.128,4
spotify:track:4hhGrj4he07eGG6VI1SEhS,"Cartas na Mesa (Bônus)","A Cara do Enquadro","KayBlack;Wall Hein",2025-07-31,145055,62,false,31pukwc6x5g7m2u2elje37e7ppje,2026-06-29T16:37:04Z,"trap brasileiro,trap funk,trap,hip hop brasileiro","WM Brazil",0.926,0.481,11,-10.539,0,0.278,0.363,0,0.11,0.775,123.905,4
spotify:track:514joG57v4yKTsfQmz7stz,"Janice STFU","ICEMAN","Drake",2026-05-15,237344,93,true,31pukwc6x5g7m2u2elje37e7ppje,2026-06-30T03:56:26Z,"rap","OVO/Republic",0.789,0.483,1,-7.959,1,0.0486,0.0808,0,0.172,0.194,125.952,4
spotify:track:6LxSe8YmdPxy095Ux6znaQ,"Headlines","Take Care (Deluxe)","Drake",2011-11-15,235986,88,true,31pukwc6x5g7m2u2elje37e7ppje,2026-06-30T04:03:43Z,"rap","Cash Money Records/Young Money Ent./Universal Rec.",0.636,0.566,6,-7.16,0,0.106,0.365,0.000353,0.0917,0.425,151.894,4
spotify:track:4kjI1gwQZRKNDkw1nI475M,"MY EYES","UTOPIA","Travis Scott",2023-07-28,251249,81,true,31pukwc6x5g7m2u2elje37e7ppje,2026-06-30T04:21:04Z,"rap","Cactus Jack/Epic",0.455,0.621,0,-7.694,0,0.0517,0.651,0.00000259,0.123,0.28,119.043,4
spotify:track:50kpGaPAhYJ3sGmk6vplg0,"Love Yourself","Purpose (Deluxe)","Justin Bieber",2015-11-13,233720,89,false,31pukwc6x5g7m2u2elje37e7ppje,2026-06-30T04:21:59Z,"","RBMG/Def Jam",0.609,0.378,4,-9.828,1,0.438,0.835,0,0.28,0.515,100.43,4
spotify:track:17YVWP3yXLnplHHCOU7RGI,"157 CAFAJESTE X 157 DE XXT","157 CAFAJESTE X 157 DE XXT","Zairon;MC Myres;Mc Denny",2026-06-15,164571,66,true,31pukwc6x5g7m2u2elje37e7ppje,2026-07-01T03:38:13Z,"funk,brega funk,funk de bh,phonk,phonk brasileiro","Zairon",0.669,0.59,10,-2.724,1,0.0865,0.287,0.137,0.127,0.0733,139.999,4
spotify:track:67kiStmC7V8j7deoohUd5O,"Perto de Mim","MIXTAPE FUTURO PROMETIDO","Mc Kevin;Dj Nene;Brunito Beats",2024-08-16,229693,63,false,31pukwc6x5g7m2u2elje37e7ppje,2026-07-02T02:41:01Z,"funk,funk consciente,trap funk","Esquece produções",0.711,0.573,8,-10.847,0,0.154,0.284,0.0000371,0.0768,0.792,162.902,4
spotify:track:20XfYXeABLuSrsZvmDG4Ef,"Contagem Regressiva 2","Contagem Regressiva 2","Mc IG;MC Ryan SP;Menó Prodígio;MC Meno K;Dj TC;MC Jvila;MUC4;Mc Lele JP",2026-07-01,426666,71,false,31pukwc6x5g7m2u2elje37e7ppje,2026-07-02T03:18:05Z,"funk,trap funk,funk consciente,funk carioca","WM Brazil",0.917,0.754,5,-2.08,0,0.0759,0.461,0,0.127,0.933,125.999,4
spotify:track:3F0oyECHBZX8WdfGYMOexV,"Lei Anti O.R.U.A.M","Liberdade","Oruam;Maurin;Victor WAO",2025-02-21,158608,66,true,31pukwc6x5g7m2u2elje37e7ppje,2026-07-03T21:40:23Z,"trap funk,trap brasileiro,funk,trap,hip hop brasileiro","Mainstreet",0.69,0.479,11,-7.597,0,0.519,0.65,0,0.0805,0.304,114.472,4
spotify:track:28JBD8p18xNuOfyV7Cotdn,"Massive","Honestly, Nevermind","Drake",2022-06-17,336924,74,false,31pukwc6x5g7m2u2elje37e7ppje,2026-07-07T03:14:46Z,"rap","OVO",0.499,0.671,4,-6.774,0,0.0561,0.114,0.0169,0.148,0.0557,124.994,3
spotify:track:5yiINA2QnJG4vPlyP2khDW,"Quando a Casa Caiu","Quando a Casa Caiu","Oldilla;Mc Negão Original;MC Ryan SP",2026-07-03,196875,53,true,31pukwc6x5g7m2u2elje37e7ppje,2026-07-08T01:44:53Z,"funk,funk consciente,trap funk","Rauls Studio Music",0.653,0.604,1,-6.579,1,0.387,0.751,0,0.208,0.648,127.564,4
spotify:track:5O4kCFvbRk40CDLWw9HBB8,"Veloz e Furioso","Veloz e Furioso","Murillo e LT no Beat;MC PH;Mc IG;MC Hariel;MC Ryan SP;Mc Kadu;TrapLaudo;MC LUUKY",2025-03-12,583680,35,true,31pukwc6x5g7m2u2elje37e7ppje,2026-07-10T05:36:44Z,"trap funk,funk,funk consciente,trap brasileiro","Som Livre",0.508,0.765,7,-4.627,1,0.319,0.267,0,0.109,0.711,84.16,5
spotify:track:4wS0KiOv6bmz1f6BkTVOOA,"Hoje Eu Contei 100K No 7","Hoje Eu Contei 100K No 7","DJ Japa NK;Zago;Mc Lele JP",2025-10-23,142177,55,false,31pukwc6x5g7m2u2elje37e7ppje,2026-07-10T05:45:39Z,"funk,trap funk,funk consciente,funk bruxaria","2025 Kondzilla Nova Era",0.862,0.531,5,-7.111,0,0.0691,0.735,0.000288,0.097,0.723,130.092,4
spotify:track:65aH3l8LEmRp3HuH5XpKoH,"Carnívoro","Carnívoro","Mc Jacaré;Mc Lele JP;Mc Negão Original;DJ Japa NK",2026-02-13,216000,84,true,31pukwc6x5g7m2u2elje37e7ppje,2026-07-10T22:31:46Z,"funk,trap funk,funk carioca,funk consciente","Universal Music Ltda (S&D)",0.538,0.692,5,-1.096,1,0.366,0.281,0,0.217,0.503,81.551,5
spotify:track:5fZXTGHJBxD7yBgFHhvuYH,"Ligação da Gata","Ligação da Gata","Lil Kid 777;Mc IG;Mc Lele JP;G.A;MC LUUKY;DJ Hyago;Dj TC",2026-07-09,338000,49,false,31pukwc6x5g7m2u2elje37e7ppje,2026-07-10T22:59:13Z,"trap funk,funk,trap brasileiro,funk consciente,trap","GRINGOS WORLD PRODUTORA",0.629,0.744,3,-5.415,0,0.389,0.299,0.00000469,0.117,0.602,120.088,4
spotify:track:54A1OLM4R62kzvmnS5EXs9,"Derrotas Pro Amor Ganhar - Ao Vivo","DVD X PEDRINHO, VOL. 2 (Ao Vivo)","Mc Pedrinho;Murillo e LT no Beat;Mc IG",2024-03-16,214285,56,true,31pukwc6x5g7m2u2elje37e7ppje,2026-07-11T12:41:33Z,"funk,trap funk,funk consciente,trap brasileiro","GR6 Music",0.704,0.562,3,-6.608,0,0.105,0.62,0.0000306,0.35,0.5,111.771,5
spotify:track:0Wjkwg7C7ch95ubHhiWDvn,"OH MY BABY (feat. Che Ecru)","ISSO É TRAP","Brandão85;Che Ecru",2025-06-18,211500,65,true,31pukwc6x5g7m2u2elje37e7ppje,2026-07-11T22:05:30Z,"trap brasileiro,trap,dark r&b,trap soul","30PRAUM",0.803,0.525,10,-6.802,0,0.0357,0.0175,0,0.0949,0.742,120.048,4
spotify:track:2J3vCJKmofjSbGxiDnX2sA,"Não é Ego Não","Não é Ego Não","Mc IG;MC Ryan SP;Dj TC;DJ Glenner;MC LUUKY;MC Nego Micha;MC Tuto;Mc Capelinha;Mc Kadu;Menor Will;TrapLaudo",2024-08-20,648657,44,false,31pukwc6x5g7m2u2elje37e7ppje,2026-07-12T00:28:26Z,"funk,trap funk,funk consciente","WM Brazil",0.871,0.452,0,-10.082,1,0.668,0.404,0,0.0986,0.462,126.965,4
spotify:track:5mty2hXIvkwntjmcwVrE2D,"Frio Em Campos","Frio Em Campos","Mc Lele JP;Mc IG;TrapLaudo;Mc Thales 4M;Menó Prodígio;Murillo e LT no Beat",2026-07-15,327619,45,false,31pukwc6x5g7m2u2elje37e7ppje,2026-07-16T13:10:58Z,"funk,funk consciente,trap funk,trap brasileiro","GRINGOS WORLD PRODUTORA",0.453,0.368,6,-10.279,1,0.0916,0.452,0,0.112,0.678,83.904,5
spotify:track:7HYdckQd1guaSYVwMQ3SFL,"Lud Session #2: Modo Avião / A Tua Voz / 700 Por Hora / Radar / A Música Mais Triste do Ano","Lud Session #2: Modo Avião / A Tua Voz / 700 Por Hora / Radar / A Música Mais Triste do Ano","LUDMILLA;Gloria Groove",2021-07-14,559903,68,false,31pukwc6x5g7m2u2elje37e7ppje,2026-07-16T18:44:15Z,"pagode,pop nacional,funk pop,funk,pagode baiano,funk carioca,samba","WM Brazil",0.377,0.714,4,-6.855,0,0.233,0.422,0,0.13,0.241,85.85,3
spotify:track:2zlHRa29HFO8dnNpdWea0D,"NEY NO BARCELONA","NEY NO BARCELONA (STUDIO#10)","G.A;Niink;Nagalli;Supernova Ent",2026-07-16,156097,50,false,31pukwc6x5g7m2u2elje37e7ppje,2026-07-17T02:11:17Z,"trap brasileiro,trap funk,trap,hip hop brasileiro","SN Records",0.809,0.615,4,-5.184,0,0.0587,0.122,0,0.118,0.293,123.08,4
spotify:track:1NfnMydsawMdorrzk6UO6j,"BLEFE","BLEFE","Lil Eazy;Kosky;yuikigai;ke-yo",2026-07-17,158998,48,true,31pukwc6x5g7m2u2elje37e7ppje,2026-07-18T01:49:54Z,"trap brasileiro","iagikiuy",0.799,0.503,1,-5.322,1,0.0659,0.0562,0,0.0873,0.37,146.04,4
spotify:track:6SCqMl5aQcHQnMspvyddNk,"Saca da Twin","Saca da Twin","Mc Lele JP;Dj GM;MC Tuto;Gudy",2025-02-28,238032,67,false,31pukwc6x5g7m2u2elje37e7ppje,2026-07-18T18:32:17Z,"funk,funk consciente,trap funk","GRINGOS WORLD PRODUTORA",0.841,0.546,6,-7.696,0,0.199,0.314,0.0000616,0.11,0.665,122.003,4
spotify:track:3gfULitYyZFe8D7xs3V6Fd,"Dinheiro e Mulher","Dinheiro e Mulher","Mc Paiva ZS;Kotim",2023-04-21,192000,42,true,31pukwc6x5g7m2u2elje37e7ppje,2026-07-18T23:54:11Z,"funk,trap funk,funk consciente,funk carioca","Love Funk",0.816,0.414,2,-7.881,1,0.544,0.695,0.000148,0.0975,0.642,86.673,5
spotify:track:1QBMigbXOfvjnJDvJyhWSU,"Mãe De Pet","Mãe De Pet","Mc Iguinho Ct;MC Meno K;Mc Negão Original;DJ DAVI DOGDOG;Mc Jacaré;Aaron Modesto",2026-07-09,288000,64,false,31pukwc6x5g7m2u2elje37e7ppje,2026-07-20T04:25:36Z,"funk,funk carioca,trap funk,funk consciente","Universal Music Ltda.",0.769,0.636,4,-6.016,0,0.401,0.351,0,0.0899,0.582,129.804,4
spotify:track:6EfnotM8sRsjXEsOgtZbCG,"Tem Café","Melhor Viagem","Gaab;MC Hariel",2017-01-01,262733,70,true,31pukwc6x5g7m2u2elje37e7ppje,2026-07-20T04:34:02Z,"pagode,funk,funk consciente,trap funk","Som Livre",0.63,0.415,0,-13.398,1,0.394,0.0348,0,0.0878,0.285,113.043,5
spotify:track:7lJoRyuNJtuiqTcKtuMuIR,"Maçã Verde","Avisa que é o Funk","MC Hariel;Caio Passos",2020-10-09,164307,68,true,31pukwc6x5g7m2u2elje37e7ppje,2026-07-20T04:34:33Z,"funk,funk consciente,trap funk,trap brasileiro","GR6 Music",0.582,0.531,10,-3.725,1,0.0905,0.0428,0.00000739,0.1,0.169,85.322,5
spotify:track:1Nmcs8zk7LfcvHRgLtTM5J,"Amor de Fim de Noite","Celebridade","Orochi;Papatinho",2020-03-27,221142,74,true,31pukwc6x5g7m2u2elje37e7ppje,2026-07-20T04:36:54Z,"trap brasileiro,hip hop brasileiro,trap funk,trap","Mainstreet Records",0.473,0.427,7,-9.693,0,0.066,0.842,0,0.0839,0.694,138.655,4
spotify:track:3pC5Zki978Ey1MdFDXd7wj,"Celebridade","Celebridade","Orochi;Kizzy",2020-03-27,231272,69,true,31pukwc6x5g7m2u2elje37e7ppje,2026-07-20T04:38:48Z,"trap brasileiro,hip hop brasileiro,trap funk,trap","Mainstreet Records",0.598,0.578,4,-7.639,0,0.176,0.812,0.00000155,0.11,0.454,109.883,4
spotify:track:12YCtLHGk6tP6RbHDHflCs,"Cartão Black","Cartão Black","MC Caverinha;KayBlack;Wall Hein",2023-05-11,159973,63,false,31pukwc6x5g7m2u2elje37e7ppje,2026-07-20T04:39:16Z,"trap brasileiro,trap,trap funk,hip hop brasileiro","Som Livre",0.842,0.468,9,-8.572,0,0.637,0.255,0,0.202,0.547,107.727,4
spotify:track:7nFvKgVumc9FcU97zGjjei,"Coração de Gelo","Manual de Como Amar Errado","WIU",2022-11-29,168000,68,true,31pukwc6x5g7m2u2elje37e7ppje,2026-07-20T04:40:09Z,"trap brasileiro,trap,trap funk,hip hop brasileiro","Sony Music Entertainment",0.732,0.671,10,-4.276,0,0.082,0.124,0,0.128,0.836,159.907,4
spotify:track:1IA7U01tZDZmMarnf9QIa4,"Rolê de Sempre","Vagabundo de Luxo","WIU",2024-07-10,220235,72,true,31pukwc6x5g7m2u2elje37e7ppje,2026-07-20T04:40:14Z,"trap brasileiro,trap,trap funk,hip hop brasileiro","30PRAUM",0.66,0.685,5,-4.492,1,0.116,0.325,0,0.108,0.416,169.979,4
spotify:track:73BxcpQnUWiipj7enBaS4v,"Cavalo de Tróia","Cavalo de Tróia","Mc Kevin;Djay W",2018-12-06,162066,70,false,31pukwc6x5g7m2u2elje37e7ppje,2026-07-20T04:43:38Z,"funk,funk consciente,trap funk","GR6 Music",0.897,0.554,1,-5.25,0,0.055,0.25,0,0.115,0.449,120.088,4
spotify:track:7wfHnTinwOLmYktsMZz3bo,"Se Eu Ficar Pá Nem Me Testa","Se Eu Ficar Pá Nem Me Testa","Mc J9;DJ Guh Mix;Mc Don Juan;MC Ryan SP;Mc Negão Original;Menor Richard;Mc Alan JR;Mc IG;DJ Japa NK",2026-02-27,407804,76,true,31pukwc6x5g7m2u2elje37e7ppje,2026-07-20T04:47:08Z,"funk,funk consciente,trap funk","Bololo Records",0.931,0.558,8,-4.835,0,0.195,0.141,0.000103,0.0939,0.795,122.91,4
spotify:track:3Ci8V9ys9v7TPYyNt5WWqg,"Let's Go 2 (feat. MC Hariel, Mc Kadu, MC Marks, Mc Don Juan, Mc Luki & MC PH)","Let's Go 2 (feat. MC Hariel, Mc Kadu, MC Marks, Mc Don Juan, Mc Luki & MC PH)","Dj GBR;Mc IG;MC Ryan SP;MC Hariel;Mc Kadu;MC Marks;Mc Don Juan;Mc Luki;MC PH",2022-05-26,486547,59,false,31pukwc6x5g7m2u2elje37e7ppje,2026-07-20T04:56:09Z,"funk,trap funk,funk consciente,trap brasileiro","Sony Music Entertainment",0.602,0.689,4,-5.443,0,0.488,0.143,0,0.12,0.825,173.947,4
spotify:track:6kNZdlmjH4BQnSUfHeJIuc,"Let's Go 3 (feat. MC Marks, Mc Don Juan, MC PH, Mc Luki, Mc Paiva ZS, MC GP & Makalo)","Let's Go 3 (feat. MC Marks, Mc Don Juan, MC PH, Mc Luki, Mc Paiva ZS, MC GP & Makalo)","Dj GBR;Mc IG;MC Ryan SP;MC Marks;Mc Don Juan;MC PH;Mc Luki;Mc Paiva ZS;MC GP;Makalo",2022-10-28,508586,60,false,31pukwc6x5g7m2u2elje37e7ppje,2026-07-20T04:56:14Z,"funk,trap funk,funk consciente,trap brasileiro,funk carioca","Sony Music Entertainment",0.791,0.681,5,-7.087,0,0.361,0.0522,0,0.116,0.9,86.988,4
spotify:track:2z6IlroMfP9o3Xy6K5OxZJ,"THE BOX MEDLEY FUNK 1","THE BOX MEDLEY FUNK 1","THE BOX;MC GP;Mc IG;Mc Kadu;Mc Ruzika",2021-12-22,310588,0,true,31pukwc6x5g7m2u2elje37e7ppje,2026-07-20T05:01:07Z,"trap brasileiro,trap funk,funk,funk consciente,trap","THE BOX",0.642,0.503,10,-6.056,0,0.296,0.117,0.0000655,0.0897,0.524,109.276,5
spotify:track:2PkjXSAJmiQxBDgswAn3l9,"Forte Pra Dar Sorte - Ao Vivo","Funk Superação (Ao Vivo)","MC Hariel",2024-08-29,196819,60,false,31pukwc6x5g7m2u2elje37e7ppje,2026-07-20T19:52:56Z,"funk,funk consciente,trap funk","WM Brazil",0.651,0.804,9,-4.764,0,0.284,0.414,0,0.942,0.498,159.9,4
spotify:track:4W87Hv4pBFsE0JEi7enRBQ,"Malvada","Magia Azul","TrapLaudo;Mc IG;MC PH;MC Ryan SP;Mc Don Juan;Murillo e LT no Beat",2024-06-20,300487,59,false,31pukwc6x5g7m2u2elje37e7ppje,2026-07-21T03:34:25Z,"funk,trap funk,funk consciente,trap brasileiro","4M RECORDS",0.646,0.627,9,-8.304,0,0.439,0.581,0,0.112,0.657,122.904,4
spotify:track:5cvblOF9KAmDzvsIrX5KaO,"Volvo","Magia Azul","TrapLaudo;Murillo e LT no Beat;Fepache",2024-06-20,147692,47,false,31pukwc6x5g7m2u2elje37e7ppje,2026-07-21T03:36:50Z,"funk,trap funk,funk consciente,trap brasileiro","4M RECORDS",0.572,0.411,1,-8.421,0,0.323,0.644,0,0.133,0.246,84.41,5
spotify:track:454nbk64HIJEeHqPbzj7KM,"Tá Facin","Ninguém Tá Puro!","Mc IG;Mc Davi;Mc Don Juan;DJ Oreia;Dj Nene;TrapLaudo;MC Tuto;MC PH;Mc Kanhoto;MC Rick;MC Kekel;Prod Vida",2023-03-15,520677,58,true,31pukwc6x5g7m2u2elje37e7ppje,2026-07-21T03:37:32Z,"funk,trap funk,funk consciente,trap brasileiro,funk de bh","GR6 Music",0.56,0.568,1,-5.989,0,0.277,0.651,0,0.138,0.686,84.045,3
spotify:track:7Bl0BMBcbMjWPZdZEkW8oR,"De Peça Em Peça","De Peça Em Peça","Matuê;Knust;Chris MC",2018-02-01,238854,67,false,31pukwc6x5g7m2u2elje37e7ppje,2026-07-22T03:29:36Z,"trap brasileiro,trap,hip hop brasileiro,trap funk","30PRAUM",0.788,0.548,5,-8.864,0,0.104,0.253,0,0.176,0.643,131.983,4
spotify:track:3paCtg4RVgVRWYVn0nfRmW,"Medley Putaria","Medley Putaria","Mc Paiva ZS;LeoZera;Love Funk",2026-07-20,181850,50,true,31pukwc6x5g7m2u2elje37e7ppje,2026-07-22T03:30:08Z,"funk,trap funk,funk consciente,funk carioca,funk bruxaria","MC Paiva ZS",0.86,0.398,7,-8.679,1,0.411,0.144,0,0.629,0.627,129.933,4
spotify:track:5C2hFqEQvfR09qnaEA8Sl5,"Só Eu e Ela","Magnata Doesn't Love","Mc Paiva ZS;Mc Tato;Mc Lele JP;Mc Menor Salim;SXSS",2024-08-23,244210,32,true,31pukwc6x5g7m2u2elje37e7ppje,2026-07-22T03:31:50Z,"funk,trap funk,funk consciente,funk carioca","Love Funk",0.768,0.539,4,-4.216,0,0.045,0.646,0,0.109,0.498,114.017,4
spotify:track:6mSNZhDjesIdOXPqbJN5xL,"To Passando Bolado","To Passando Bolado","Mc Paiva ZS;MC Meno K;SXSS",2025-11-26,164307,35,true,31pukwc6x5g7m2u2elje37e7ppje,2026-07-22T03:38:31Z,"funk,trap funk,funk consciente,funk carioca","MC Paiva ZS",0.828,0.669,4,-5.857,0,0.242,0.187,0.0000267,0.278,0.752,130.009,4
spotify:track:2DlRWIuHLEPchKZP4tJHUM,"Cadê o 7D, Uai Bessa 🤷🏾‍♂️","Cadê o 7D, Uai Bessa 🤷🏾‍♂️","Mc Negão Original;DJ Guh Mix;DJ Kaio Mix",2025-07-25,163636,45,true,31pukwc6x5g7m2u2elje37e7ppje,2026-07-22T03:42:37Z,"funk,trap funk,funk consciente","WM Brazil",0.921,0.602,6,-3.109,0,0.224,0.459,0.00562,0.0852,0.764,132,4
spotify:track:4otm9Kcn35TTU4nnbpiBGs,"Notificação no Tela / Ficou Solteira e Tá de Volta (feat. Mc Lele JP, Boladin 211 & DJ WILL TN)","Notificação no Tela / Ficou Solteira e Tá de Volta (feat. Mc Lele JP, Boladin 211 & DJ WILL TN)","MC Ryan SP;MC Meno K;DJ Japa NK;MC GP;Mc Lele JP;Boladin 211;DJ WILL TN",2026-07-16,311538,74,true,31pukwc6x5g7m2u2elje37e7ppje,2026-07-22T03:44:56Z,"funk,funk consciente,trap funk,funk carioca,funk de bh,fado","Bololo Records",0.814,0.541,6,-8.741,1,0.357,0.371,0,0.108,0.596,129.749,4
spotify:track:0SAWMyHX9JVgXQ53O8YYjD,"Chama Seu Pretão","Chama Seu Pretão","MC Cebezinho;Mc Negão Original;Mc IG;DJ Oreia;Love Funk",2025-04-16,197999,47,false,31pukwc6x5g7m2u2elje37e7ppje,2026-07-22T03:47:20Z,"funk,funk consciente,trap funk","Love Funk",0.73,0.583,1,-6.003,1,0.407,0.0222,0.00000747,0.297,0.793,120.049,4
spotify:track:2kmkf0nNZWjJGgFH1kJVvs,"Desacato","Menor do Desacato","MC LUUKY;Mc Don Juan;MC Ryan SP;Mc Davi;TrapLaudo;Mc Kadu;MC Gui Da Norte",2024-12-03,438748,58,true,31pukwc6x5g7m2u2elje37e7ppje,2026-07-22T11:31:30Z,"funk,trap funk,funk consciente","EDITORA E GRAVADORA A BASE RECORDS",0.566,0.654,3,-3.079,0,0.313,0.553,0,0.0974,0.701,88.95,3
spotify:track:1ayxsanAm1i7jfUM1tBu7F,"Os Progresso Vai Fluir","Os Progresso Vai Fluir","Mc IG;MC Ryan SP;MC Marks;DJ Hyago;Fepache;Ice Blue;MC LUUKY;Mc Neguinho PRT;Mc Lele JP;Murillo e LT no Beat;TrapLaudo",2025-02-26,510000,48,true,31pukwc6x5g7m2u2elje37e7ppje,2026-07-22T19:35:37Z,"funk,trap funk,funk consciente,trap brasileiro","WM Brazil",0.873,0.405,7,-6.583,0,0.675,0.246,0,0.0658,0.479,120.033,4
spotify:track:79a1My1pKiDw6yf4dANowR,"Toda Hora em Vv","Toda Hora em Vv","DJ 2L de Vila Velha;Mc MV;Mc 2G Do SF;Mc Gorran;DJ KN DE VILA VELHA",2026-04-17,143307,68,true,31pukwc6x5g7m2u2elje37e7ppje,2026-07-26T01:31:59Z,"funk carioca,funk","TDK Rec",0.798,0.885,2,2.164,1,0.219,0.669,0.000263,0.107,0.674,86.461,5
spotify:track:2B23yLKqXSjaH4PRTBBc5a,"Porra de Trend","Porra de Trend","Kako;MC Tuto;MC Fabrin;Pêpa Beatmaker;Dj Andrabeat;Mc Lele JP",2026-05-29,286875,72,true,31pukwc6x5g7m2u2elje37e7ppje,2026-07-27T16:16:27Z,"funk consciente,funk,trap funk","Sonar Music",0.924,0.458,10,-7.493,0,0.502,0.273,0,0.13,0.737,127.963,4
spotify:track:6k6suGlO2g0q9ZPyi80VAA,"Moro Na Leste","Moro Na Leste","Mc Iguinho Ct;Mc Negão Original;Boladin 211;Pedrão MC;ZK Beats",2026-07-23,302718,62,false,31pukwc6x5g7m2u2elje37e7ppje,2026-07-28T18:20:09Z,"funk,trap funk,funk consciente,funk de bh,fado,ragga,dancehall","Universal Music Ltda.",0.549,0.772,0,-4.324,0,0.435,0.357,0,0.0766,0.798,164.186,5
spotify:track:7t1RoJiMrSZEkUjFmMP10x,"Jontex (fumaça do ice)","Jontex (fumaça do ice)","Mc Menor Rf;DJ GUIZIN DA SERRA",2026-05-15,164769,77,true,31pukwc6x5g7m2u2elje37e7ppje,2026-07-28T18:20:19Z,"funk de bh,funk","Digital Dreams Records",0.891,0.642,8,-2.482,1,0.348,0.78,0.00000913,0.819,0.797,130.018,4
spotify:track:1aW0e49QNFAD0c6TXdo0B5,"Só Mais Um Copo","Só Mais Um Copo","Mc IG;Murillo e LT no Beat",2024-03-14,145920,45,true,31pukwc6x5g7m2u2elje37e7ppje,2026-07-29T16:21:37Z,"funk,trap funk,funk consciente,trap brasileiro","WM Brazil",0.674,0.558,3,-6.057,0,0.332,0.326,0,0.175,0.698,83.147,5
spotify:track:3MnMV8cKeVYU6jVgxnKzEh,"VC NÃO PARECE MAIS A MESMA","VC NÃO PARECE MAIS A MESMA","Niink;Supernova Ent",2026-07-31,142996,57,true,31pukwc6x5g7m2u2elje37e7ppje,2026-07-31T23:19:30Z,"trap brasileiro,trap,trap funk,hip hop brasileiro","Supernova Entertainment",0.848,0.759,8,-7.983,0,0.265,0.736,0.0001,0.196,0.307,110.073,4
spotify:track:3FNfuK9M3xsyU4Jh5UW9pU,"Ela Se Envolve 2","Nova Tendência","MC GP;DJ DuBom;Mc Kadu;Mc Negão Original",2023-12-14,247384,53,true,31pukwc6x5g7m2u2elje37e7ppje,2026-08-04T00:03:28Z,"funk,funk consciente,trap funk","MC GP NOVA ERA",0.703,0.462,9,-7.957,1,0.444,0.571,0,0.106,0.0737,129.943,4
spotify:track:4rfkoY5a4JzRmQSOQHAVsr,"EXAGERADO","EXAGERADO","MC Jvila;MC Meno K;Mc Rodrigo do CN;DJ Glenner",2026-05-20,230625,82,true,31pukwc6x5g7m2u2elje37e7ppje,2026-08-06T21:26:03Z,"funk,trap funk,funk consciente,funk carioca,funk de bh","Legenda Records",0.913,0.712,8,-5.764,0,0.206,0.0627,0.00000475,0.101,0.83,128.067,4
spotify:track:48XY95UzxahbchpfqdrEGP,"Destravando Por Aí","Menor do Desacato","MC LUUKY;MC Hariel;Perera DJ",2024-12-03,195692,55,false,31pukwc6x5g7m2u2elje37e7ppje,2026-08-08T14:06:57Z,"funk,trap funk,funk consciente","EDITORA E GRAVADORA A BASE RECORDS",0.89,0.553,5,-7.732,1,0.357,0.484,0,0.112,0.584,129.925,4
spotify:track:4XU8biqm2T3VxsPoX20t2v,"Mel e Skunk","Mel e Skunk","Mc Paiva ZS;DJ Ak beats",2021-07-23,140487,52,true,31pukwc6x5g7m2u2elje37e7ppje,2026-08-08T14:58:06Z,"funk,trap funk,funk consciente,funk carioca","RF PRODUTORA",0.955,0.692,10,-2.557,0,0.0603,0.523,0,0.0976,0.6,123.004,4
spotify:track:5xwBLnn8MpCHv3sylBi3k2,"Cuida do Pet / GRWM","Cuida do Pet / GRWM","hiptnotisrec",2026-08-01,119307,42,true,31pukwc6x5g7m2u2elje37e7ppje,2026-08-08T16:46:45Z,"","13178297 Records DK",0.546,0.612,2,-9.359,0,0.175,0.699,0.00000206,0.759,0.717,86.243,3
spotify:track:5OMLobTpsFt5p0BP1Jh1hv,"Nos vai ficar, sem se sufocar","Nos vai ficar, sem se sufocar","Mc Lele JP;Dj Andrabeat;Pêpa Beatmaker",2026-08-13,120000,76,true,31pukwc6x5g7m2u2elje37e7ppje,2026-08-13T22:26:59Z,"funk,funk consciente,trap funk","Gringos World Produtora",0.721,0.387,10,-8.58,0,0.5,0.576,0.00000144,0.108,0.687,127.772,4
spotify:track:37J7T56pGfgnQQMlAqdrGt,"Sem Sentimento","Sem Sentimento","Vulgo FK;DU'L;MC GP;Pedro Lotto;Toledo;Galdino",2025-04-03,132244,57,true,31pukwc6x5g7m2u2elje37e7ppje,2026-08-14T02:38:33Z,"trap brasileiro,trap funk,trap,funk,hip hop brasileiro,funk consciente","Som Livre",0.625,0.604,2,-7.722,0,0.164,0.609,0,0.111,0.806,147.107,4
spotify:track:0grgrP1f6nHBspZG9CUtXp,"Pix Ou Presente 2 (feat. MC Paulin da Capital, MC Kelvinho, Nilo, MC G15, MC GP, Mc Negão Original & DJ Torricelli)","Pix Ou Presente 2 (feat. MC Paulin da Capital, MC Kelvinho, Nilo, MC G15, MC GP, Mc Negão Original & DJ Torricelli)","MC Jvila;MC Ryan SP;MC Cebezinho;DJ CARLINHOS;DJ Dael;MC Paulin da Capital;Mc Kelvinho;MC G15;MC GP;Mc Negão Original;DJ Torricelli;Nilo",2025-02-20,593587,64,true,31pukwc6x5g7m2u2elje37e7ppje,2026-08-14T02:38:42Z,"funk,trap funk,funk consciente","Legenda Records",0.747,0.874,3,-1.339,0,0.136,0.468,0,0.129,0.701,130.949,4
spotify:track:50bPC90RM0GLom3DZkTB7V,"Espaço Garantido","É O Iguinho Da CT","Mc Iguinho Ct;MC Jvila;MC LUUKY;Caio Passos;DJ Dael",2026-08-13,252649,52,false,31pukwc6x5g7m2u2elje37e7ppje,2026-08-14T09:36:15Z,"funk,trap funk,funk consciente,trap brasileiro","Universal Music Ltda.",0.582,0.793,5,-4.112,0,0.271,0.721,0,0.104,0.893,90.649,3
spotify:track:3uLf4claXiAxMOy1w2cgvW,"só penso em tu garota","FUNK DE CANALHA II","G.A;Veigh;MC Meno K;Supernova Ent",2026-08-14,221538,65,true,31pukwc6x5g7m2u2elje37e7ppje,2026-08-14T09:38:55Z,"trap brasileiro,trap funk,trap,hip hop brasileiro,funk,funk carioca","Supernova Entertainment",0.514,0.56,11,-4.246,0,0.265,0.0649,0,0.158,0.226,82.007,5
spotify:track:4kijw81VK1woxf4mndg7IV,"foto com o bumbum pra lua","FUNK DE CANALHA II","G.A;Supernova Ent;Mc Lele JP",2026-08-14,201904,58,true,31pukwc6x5g7m2u2elje37e7ppje,2026-08-14T09:42:41Z,"trap brasileiro,trap funk,trap,hip hop brasileiro,funk,funk consciente","Supernova Entertainment",0.535,0.567,10,-4.315,0,0.375,0.377,0.0000182,0.117,0.418,84.032,5
spotify:track:4BcymWo7t3t27RNb9mbNFx,"GRWM","É O Iguinho Da CT","Mc Iguinho Ct;Dj Aladin GDB;MC Willian;MC GP;MC LUUKY;DU'L",2026-08-13,433846,78,false,31pukwc6x5g7m2u2elje37e7ppje,2026-08-15T23:29:14Z,"funk,trap funk,funk consciente","Universal Music Ltda.",0.403,0.708,2,-4.118,0,0.226,0.488,0,0.108,0.534,84.807,3
spotify:track:7JGpwS3i7HAUJnzV1q9WLX,"Set do DJ Pedro 2.0","Set do DJ Pedro 2.0","MC Rodolfinho;Mc Kevin;MC Ryan SP;MC Menor da VG;Mc Don Juan;DJ Pedro",2020-03-15,247741,64,true,31pukwc6x5g7m2u2elje37e7ppje,2026-08-18T21:26:58Z,"funk,funk consciente,trap funk","GR6 Music",0.787,0.643,7,-5.056,0,0.11,0.554,0,0.111,0.721,92.979,4
spotify:track:4bUc2e9z402Sc0bakXriSF,"Procedimento da Casa","Procedimento da Casa","MC Meno K;MC Ryan SP;Kauhan Peres;Mc Negão Original",2025-07-10,247832,66,true,31pukwc6x5g7m2u2elje37e7ppje,2026-08-19T21:18:52Z,"funk,funk carioca,trap funk,funk consciente","Big Shark Records",0.599,0.797,6,-2.846,0,0.408,0.288,0,0.0825,0.737,89.209,3
spotify:track:5pa5vziofJ0YsDTbKY49ow,"JIGSAW","FATALFATALFATAL","FAB GODAMN;MC Caverinha;C4rlinhxs",2026-01-30,93658,37,true,31pukwc6x5g7m2u2elje37e7ppje,2026-08-21T17:58:44Z,"trap brasileiro,trap,trap funk,hip hop brasileiro","Fab Godamn",0.681,0.467,1,-7.424,1,0.242,0.287,0,0.135,0.446,163.998,4
spotify:track:3Uq45ipGutypFPmETfaoaH,"Gaiola É o Troco","Gaiola É o Troco","MC Du Black;DJ 2F",2019-06-07,187245,72,true,31pukwc6x5g7m2u2elje37e7ppje,2026-08-21T18:15:52Z,"funk,brega funk,funk carioca","EP MIX Editora",0.722,0.84,10,-3.24,0,0.0785,0.42,0,0.112,0.851,150.108,4
spotify:track:3M4B9yhMAdgnpYphJjlXvP,"Veracruz","Veracruz","Mc Kevin",2016-01-06,234057,62,true,31pukwc6x5g7m2u2elje37e7ppje,2026-08-21T21:12:50Z,"funk,funk consciente,trap funk","GR6 Music",0.624,0.629,0,-3.279,0,0.325,0.381,0,0.119,0.501,83.22,5
spotify:track:7By1xSEpnisnvOK6CvrEk1,"SET BOCA 09 (feat. Mc Jvila, Mc Lele JP, Mc Leozin, Mc Bruninho da Praia & DJ Glenner)","SET BOCA 09 (feat. Mc Jvila, Mc Lele JP, Mc Leozin, Mc Bruninho da Praia & DJ Glenner)","MC Ryan SP;MC Meno K;MC GP;Dj Daltin no Beat;MC Jvila;Mc Lele JP;Mc Leozin;Mc Bruninho da Praia;DJ Glenner",2026-08-20,431219,80,true,31pukwc6x5g7m2u2elje37e7ppje,2026-08-24T09:43:54Z,"funk,funk consciente,trap funk,funk carioca,funk de bh","Bololo Records",0.826,0.784,7,-3.882,0,0.102,0.157,0.000539,0.131,0.668,122.892,4
spotify:track:3zXIfbjxSzPMNP6JDZsQsi,"Mitsubishi","Celebridade","Orochi;Kizzy",2020-03-27,182181,73,true,31pukwc6x5g7m2u2elje37e7ppje,2026-09-02T00:41:19Z,"trap brasileiro,hip hop brasileiro,trap funk,trap","Mainstreet Records",0.751,0.571,11,-7.017,0,0.209,0.132,0,0.101,0.698,110.021,4
spotify:track:5nzn9neUXxZhv0WPYMbBQw,"Puxa o Lança","Já Virei Lenda Aqui","MC Jvila;KayBlack;Veigh;Vulgo FK;Honaiser;Nagalli;Stick;Toledo",2026-09-01,291713,79,true,31pukwc6x5g7m2u2elje37e7ppje,2026-09-02T00:41:39Z,"funk,trap funk,funk consciente,trap brasileiro,trap,hip hop brasileiro","WM Brazil",0.585,0.599,4,-5.072,0,0.29,0.545,0,0.189,0.631,85.303,5
spotify:track:5ychfa5aRAnY8JQdS0FoC3,"Lembranças","Já Virei Lenda Aqui","MC Jvila;MC GP;Mc IG;MC Meno K;DJ Glenner;DU'L;Dj Daltin no Beat",2026-09-01,427920,57,true,31pukwc6x5g7m2u2elje37e7ppje,2026-09-02T00:50:54Z,"funk,trap funk,funk consciente,funk carioca","WM Brazil",0.583,0.447,1,-6.583,0,0.091,0.22,0,0.111,0.587,89.866,3
spotify:track:0ByFcgxYF8qwIFQCKdY8iP,"Eu e Você, Você e Eu","Já Virei Lenda Aqui","MC Jvila;Mc IG;DJ DAVI DOGDOG",2026-09-01,173685,57,true,31pukwc6x5g7m2u2elje37e7ppje,2026-09-02T00:57:40Z,"funk,trap funk,funk consciente","WM Brazil",0.741,0.652,2,-6.123,0,0.293,0.639,0,0.14,0.696,130.049,4
spotify:track:5JC2ezFSbkVi4Js4byzKoj,"Poesia Acústica #6 Era uma Vez","Poesia Acústica","MC Cabelinho;Bob do Contra;Azzy;Filipe Ret;Dudu;Xamã;Orochi;Maquiny;Pineapple StormTv",2024-10-07,577819,77,true,31pukwc6x5g7m2u2elje37e7ppje,2026-09-03T01:59:20Z,"trap brasileiro,trap funk,trap,hip hop brasileiro,funk consciente","Pineapple StormTV",0.499,0.576,5,-10.454,0,0.0544,0.428,0,0.155,0.571,93.899,4
spotify:track:5ZaXh71fEIjiUtqG8QRYEa,"Ato de preocupação","PAGANDO O PREÇO","Ghard;Veigh;Supernova Ent",2026-09-03,140625,56,true,31pukwc6x5g7m2u2elje37e7ppje,2026-09-04T01:14:32Z,"trap brasileiro,trap,trap funk,hip hop brasileiro","Supernova",0.673,0.533,7,-6.141,0,0.276,0.49,0,0.148,0.237,139.914,4
spotify:track:3lb6WD4m1fYh0TpDJxe59h,"É Ruim Ver Os Outros Vivendo (Ex É Ex)","É Ruim Ver Os Outros Vivendo (Ex É Ex)","Mc Jacaré;Mc IG;MC Tuto",2026-08-13,206769,73,true,31pukwc6x5g7m2u2elje37e7ppje,2026-09-06T16:39:20Z,"funk,trap funk,funk carioca,funk consciente","Universal Music Ltda (S&D)",0.509,0.899,5,-3.36,0,0.445,0.162,0,0.132,0.455,89.344,3
spotify:track:2l3qol4Ji7laBQtGxzJguJ,"Ela Vem - SET DJ NENE","Ela Vem (SET DJ NENE)","MC GP;MC Ryan SP;Mc Kevin;Mc Lele JP;Dj Nene",2020-03-31,282352,68,true,31pukwc6x5g7m2u2elje37e7ppje,2026-09-09T00:52:07Z,"funk,funk consciente,trap funk","GR6 Music",0.692,0.58,5,-2.365,0,0.155,0.309,0,0.102,0.566,170.02,4
spotify:track:2r7jNhuKKwVCOQdapJE1eR,"É Os Pé Na Porta","É Os Pé Na Porta","MC Leozinho ZS;Dj Lv Mdp;CAO$",2025-02-14,99692,58,true,31pukwc6x5g7m2u2elje37e7ppje,2026-09-10T01:16:43Z,"funk,funk consciente,trap funk,funk de bh","Legenda Records",0.696,0.491,2,-7.293,1,0.496,0.305,0,0.0888,0.741,83.709,3
spotify:track:7BV7u3F16OPECT0f5Pw0Yf,"Intro - Ao Vivo","EVOM - A Última Dança (Ao Vivo)","Veigh;Supernova Ent",2026-09-13,66445,45,false,31pukwc6x5g7m2u2elje37e7ppje,2026-09-14T21:07:55Z,"trap brasileiro,trap funk,trap,hip hop brasileiro","Supernova Entertainment under exclusive license to UnitedMasters LLC",0.287,0.579,7,-8.405,0,0.0647,0.00727,0.926,0.965,0.0421,45.978,3
spotify:track:4BYhhafWGIbVUAQnmFEOkn,"Hiperfoco - Ao Vivo","EVOM - A Última Dança (Ao Vivo)","Veigh;Supernova Ent",2026-09-13,141076,49,true,31pukwc6x5g7m2u2elje37e7ppje,2026-09-14T21:07:55Z,"trap brasileiro,trap funk,trap,hip hop brasileiro","Supernova Entertainment under exclusive license to UnitedMasters LLC",0.489,0.873,0,-4.706,0,0.249,0.611,0,0.742,0.422,130.113,4
spotify:track:2LjJ6CElTN5mSkHRdAyYS0,"Mônaco Freestyle - Ao Vivo","EVOM - A Última Dança (Ao Vivo)","Veigh;Supernova Ent",2026-09-13,111324,49,true,31pukwc6x5g7m2u2elje37e7ppje,2026-09-14T21:07:55Z,"trap brasileiro,trap funk,trap,hip hop brasileiro","Supernova Entertainment under exclusive license to UnitedMasters LLC",0.668,0.907,1,-3.227,0,0.154,0.485,0,0.372,0.66,119.987,4
spotify:track:5gdCUxjLC9ntmBs7rBnyMf,"Belieber - Ao Vivo","EVOM - A Última Dança (Ao Vivo)","Veigh;Supernova Ent",2026-09-13,99283,48,true,31pukwc6x5g7m2u2elje37e7ppje,2026-09-14T21:07:55Z,"trap brasileiro,trap funk,trap,hip hop brasileiro","Supernova Entertainment under exclusive license to UnitedMasters LLC",0.646,0.817,5,-4.525,0,0.198,0.525,0,0.942,0.922,146.97,4
spotify:track:3A8SdVKBNIcqNOaB41H0tO,"Reuniões comigo mesmo - Ao Vivo","EVOM - A Última Dança (Ao Vivo)","Veigh;Supernova Ent",2026-09-13,135187,48,true,31pukwc6x5g7m2u2elje37e7ppje,2026-09-14T21:07:55Z,"trap brasileiro,trap funk,trap,hip hop brasileiro","Supernova Entertainment under exclusive license to UnitedMasters LLC",0.503,0.689,9,-6.032,0,0.411,0.603,0,0.892,0.604,94.904,3
spotify:track:7CuZc3Q5nxTBB4fukSt3yP,"Filho da Promessa - Ao Vivo","EVOM - A Última Dança (Ao Vivo)","Veigh;Supernova Ent",2026-09-13,137400,48,true,31pukwc6x5g7m2u2elje37e7ppje,2026-09-14T21:07:55Z,"trap brasileiro,trap funk,trap,hip hop brasileiro","Supernova Entertainment under exclusive license to UnitedMasters LLC",0.466,0.733,7,-5.204,0,0.123,0.619,0,0.766,0.212,119.192,4
spotify:track:6Pz1RSxTzSScqyD8UEKFmr,"Sangue do Cordeiro - Ao Vivo","EVOM - A Última Dança (Ao Vivo)","Veigh;Supernova Ent",2026-09-13,77252,47,true,31pukwc6x5g7m2u2elje37e7ppje,2026-09-14T21:07:55Z,"trap brasileiro,trap funk,trap,hip hop brasileiro","Supernova Entertainment under exclusive license to UnitedMasters LLC",0.418,0.84,4,-3.753,0,0.204,0.385,0,0.69,0.617,92.922,4
spotify:track:4JSoExZJEECeeH6rsBEV6d,"Perdoe-me por ser um astro (interlúdio) - Ao Vivo","EVOM - A Última Dança (Ao Vivo)","Veigh;Supernova Ent",2026-09-13,168487,48,true,31pukwc6x5g7m2u2elje37e7ppje,2026-09-14T21:07:55Z,"trap brasileiro,trap funk,trap,hip hop brasileiro","Supernova Entertainment under exclusive license to UnitedMasters LLC",0.569,0.22,11,-9.916,0,0.0426,0.88,0,0.586,0.283,124.333,4
spotify:track:4CwGzVSqDkg0EJEu1H54NR,"Vida Chique - Ao Vivo","EVOM - A Última Dança (Ao Vivo)","Veigh;Supernova Ent",2026-09-13,135009,49,true,31pukwc6x5g7m2u2elje37e7ppje,2026-09-14T21:07:55Z,"trap brasileiro,trap funk,trap,hip hop brasileiro","Supernova Entertainment under exclusive license to UnitedMasters LLC",0.497,0.802,4,-4.403,0,0.118,0.671,0,0.782,0.572,81.981,3
spotify:track:2zHpEpOOKcI4uPc6BDZjLx,"Novo Balanço - Ao Vivo","EVOM - A Última Dança (Ao Vivo)","Veigh;Supernova Ent",2026-09-13,146908,49,true,31pukwc6x5g7m2u2elje37e7ppje,2026-09-14T21:07:55Z,"trap brasileiro,trap funk,trap,hip hop brasileiro","Supernova Entertainment under exclusive license to UnitedMasters LLC",0.702,0.827,3,-3.2,0,0.0394,0.636,0,0.81,0.759,123.958,4
spotify:track:6PRWuIQGlaoPBGacc7ZjAL,"Perdoa por Tudo Vida - Ao Vivo","EVOM - A Última Dança (Ao Vivo)","Veigh;Supernova Ent",2026-09-13,116599,49,true,31pukwc6x5g7m2u2elje37e7ppje,2026-09-14T21:07:55Z,"trap brasileiro,trap funk,trap,hip hop brasileiro","Supernova Entertainment under exclusive license to UnitedMasters LLC",0.492,0.407,4,-10.373,1,0.0476,0.908,0,0.421,0.612,106.629,4
spotify:track:3d2oIyXBAv1ycXFBILeqpQ,"Engana Dizendo Que Ama - Ao Vivo","EVOM - A Última Dança (Ao Vivo)","Veigh;Tz da Coronel;Supernova Ent",2026-09-13,197545,52,true,31pukwc6x5g7m2u2elje37e7ppje,2026-09-14T21:07:55Z,"trap brasileiro,trap funk,trap,hip hop brasileiro","Supernova Entertainment under exclusive license to UnitedMasters LLC",0.573,0.853,6,-3.749,0,0.0681,0.505,0,0.519,0.692,111.97,4
spotify:track:3zhxSsZNRsHA6reo0yT4l4,"Artista Genérico - Ao Vivo","EVOM - A Última Dança (Ao Vivo)","Veigh;Supernova Ent",2026-09-13,150912,49,true,31pukwc6x5g7m2u2elje37e7ppje,2026-09-14T21:07:55Z,"trap brasileiro,trap funk,trap,hip hop brasileiro","Supernova Entertainment under exclusive license to UnitedMasters LLC",0.549,0.941,6,-2.533,1,0.143,0.263,0,0.48,0.358,140.004,4
spotify:track:1sd6QbPlqYW33Oca92piiu,"Taylor - Ao Vivo","EVOM - A Última Dança (Ao Vivo)","Veigh;Supernova Ent",2026-09-13,140081,48,true,31pukwc6x5g7m2u2elje37e7ppje,2026-09-14T21:07:55Z,"trap brasileiro,trap funk,trap,hip hop brasileiro","Supernova Entertainment under exclusive license to UnitedMasters LLC",0.632,0.988,6,-2.79,0,0.162,0.149,0,0.975,0.441,113.021,4
spotify:track:0Qccfaar528xHDQ9sqTzXb,"Invisível pt.2 - Ao Vivo","EVOM - A Última Dança (Ao Vivo)","Veigh;Supernova Ent",2026-09-13,119672,48,true,31pukwc6x5g7m2u2elje37e7ppje,2026-09-14T21:07:55Z,"trap brasileiro,trap funk,trap,hip hop brasileiro","Supernova Entertainment under exclusive license to UnitedMasters LLC",0.453,0.575,3,-5.89,0,0.0756,0.825,0,0.699,0.755,85.009,4
spotify:track:1I5D681F3DF38dl1xAyCb2,"Mil Maneiras - Ao Vivo","EVOM - A Última Dança (Ao Vivo)","Veigh;Supernova Ent",2026-09-13,197641,47,false,31pukwc6x5g7m2u2elje37e7ppje,2026-09-14T21:07:55Z,"trap brasileiro,trap funk,trap,hip hop brasileiro","Supernova Entertainment under exclusive license to UnitedMasters LLC",0.445,0.415,4,-10.619,0,0.203,0.85,0,0.657,0.414,110.019,4
spotify:track:4x3VNkE2eoR8gHmujMg9mN,"Os Menino da Nova - Ao Vivo","EVOM - A Última Dança (Ao Vivo)","Veigh;G.A;Ghard;Niink;Supernova Ent",2026-09-13,150324,48,true,31pukwc6x5g7m2u2elje37e7ppje,2026-09-14T21:07:55Z,"trap brasileiro,trap funk,trap,hip hop brasileiro","Supernova Entertainment under exclusive license to UnitedMasters LLC",0.427,0.883,8,-2.436,1,0.153,0.296,0,0.918,0.176,71.914,4
spotify:track:0PrsLQqT2jst8JVZ9aFlSL,"Jeito Bandido - Ao Vivo","EVOM - A Última Dança (Ao Vivo)","Veigh;Kyan;Supernova Ent",2026-09-13,152221,48,true,31pukwc6x5g7m2u2elje37e7ppje,2026-09-14T21:07:55Z,"trap brasileiro,trap funk,trap,hip hop brasileiro","Supernova Entertainment under exclusive license to UnitedMasters LLC",0.486,0.929,7,-2.426,1,0.0729,0.0411,0,0.928,0.0791,146.91,4
spotify:track:4WV4uMFmMOBQxnpZ4eZRUP,"Adora a bunda, odeia o rosto - Ao Vivo","EVOM - A Última Dança (Ao Vivo)","Veigh;G.A;Ghard;Niink;Supernova Ent",2026-09-13,184357,47,true,31pukwc6x5g7m2u2elje37e7ppje,2026-09-14T21:07:55Z,"trap brasileiro,trap funk,trap,hip hop brasileiro","Supernova Entertainment under exclusive license to UnitedMasters LLC",0.788,0.832,11,-4.814,0,0.269,0.495,0,0.851,0.595,126.901,4
spotify:track:1UZSjdLhp6SuUcqnvVDNun,"Visões - Ao Vivo","EVOM - A Última Dança (Ao Vivo)","Veigh;Supernova Ent",2026-09-13,171075,46,true,31pukwc6x5g7m2u2elje37e7ppje,2026-09-14T21:07:55Z,"trap brasileiro,trap funk,trap,hip hop brasileiro","Supernova Entertainment under exclusive license to UnitedMasters LLC",0.553,0.83,1,-6.062,0,0.109,0.626,0.00000675,0.782,0.687,99.602,4
spotify:track:7JazG6igI8FHXgbdbHxFcU,"Influencie - Ao Vivo","EVOM - A Última Dança (Ao Vivo)","Veigh;Supernova Ent",2026-09-13,124187,46,true,31pukwc6x5g7m2u2elje37e7ppje,2026-09-14T21:07:55Z,"trap brasileiro,trap funk,trap,hip hop brasileiro","Supernova Entertainment under exclusive license to UnitedMasters LLC",0.64,0.522,8,-6.386,0,0.119,0.381,0,0.408,0.212,123.898,4
spotify:track:6tY1hD7s55LYpFkC5ZVsnO,"Indiretas com a voz - Ao Vivo","EVOM - A Última Dança (Ao Vivo)","Veigh;Supernova Ent",2026-09-13,174144,46,true,31pukwc6x5g7m2u2elje37e7ppje,2026-09-14T21:07:55Z,"trap brasileiro,trap funk,trap,hip hop brasileiro","Supernova Entertainment under exclusive license to UnitedMasters LLC",0.458,0.808,2,-4.398,0,0.111,0.195,0,0.472,0.498,114.316,4
spotify:track:3jtAANA1OziPXr1jZnt0O2,"Amor Fictício - Ao Vivo","EVOM - A Última Dança (Ao Vivo)","Veigh;Supernova Ent",2026-09-13,129615,45,true,31pukwc6x5g7m2u2elje37e7ppje,2026-09-14T21:07:55Z,"trap brasileiro,trap funk,trap,hip hop brasileiro","Supernova Entertainment under exclusive license to UnitedMasters LLC",0.507,0.614,1,-5.722,1,0.0477,0.314,0,0.831,0.261,124.015,4
spotify:track:6GqXFnczwvM2z3l4AwFBEa,"Confissões Pt.2 - Ao Vivo","EVOM - A Última Dança (Ao Vivo)","Veigh;Nagalli;KayBlack;Supernova Ent",2026-09-13,226636,47,true,31pukwc6x5g7m2u2elje37e7ppje,2026-09-14T21:07:55Z,"trap brasileiro,trap funk,trap,hip hop brasileiro","Supernova Entertainment under exclusive license to UnitedMasters LLC",0.32,0.753,11,-4.691,0,0.129,0.334,0,0.704,0.227,84.878,4
spotify:track:5yTvt9AahBrsqeWt439Pk5,"Ballena - Ao Vivo","EVOM - A Última Dança (Ao Vivo)","Veigh;MC PH;Vulgo FK;Supernova Ent",2026-09-13,244416,48,true,31pukwc6x5g7m2u2elje37e7ppje,2026-09-14T21:07:55Z,"trap brasileiro,trap funk,trap,hip hop brasileiro,funk,funk consciente","Supernova Entertainment under exclusive license to UnitedMasters LLC",0.356,0.716,9,-4.202,0,0.297,0.546,0,0.164,0.362,78.3,5
spotify:track:0GnySjNxA6jQAbvlRC4UXF,"Dono da Verdade - Ao Vivo","EVOM - A Última Dança (Ao Vivo)","Veigh;Supernova Ent",2026-09-13,149344,45,true,31pukwc6x5g7m2u2elje37e7ppje,2026-09-14T21:07:55Z,"trap brasileiro,trap funk,trap,hip hop brasileiro","Supernova Entertainment under exclusive license to UnitedMasters LLC",0.728,0.729,5,-5.079,1,0.134,0.355,0,0.677,0.446,119.852,4
spotify:track:6MvC2jNnPoQJbLVfoU6FSY,"Ausência - Ao Vivo","EVOM - A Última Dança (Ao Vivo)","Veigh;Supernova Ent",2026-09-13,138091,45,true,31pukwc6x5g7m2u2elje37e7ppje,2026-09-14T21:07:55Z,"trap brasileiro,trap funk,trap,hip hop brasileiro","Supernova Entertainment under exclusive license to UnitedMasters LLC",0.591,0.698,11,-5.671,0,0.143,0.639,0,0.54,0.268,95.429,4
spotify:track:3sQifkxDUBAyit2XUWPefl,"Talvez você precise de mim - Ao Vivo","EVOM - A Última Dança (Ao Vivo)","Veigh;Supernova Ent",2026-09-13,184412,49,false,31pukwc6x5g7m2u2elje37e7ppje,2026-09-14T21:07:55Z,"trap brasileiro,trap funk,trap,hip hop brasileiro","Supernova Entertainment under exclusive license to UnitedMasters LLC",0.705,0.947,8,-2.464,1,0.0479,0.137,0,0.587,0.852,138.028,4
spotify:track:5NJNSW8AB4vGODHxgK0ets,"Um pouco sumido","As Melhores do MC Negão Original","Mc Negão Original;MC Ryan SP;MC GP;MC Cebezinho;DJ Dael",2026-09-04,243809,37,true,31pukwc6x5g7m2u2elje37e7ppje,2026-09-14T22:01:39Z,"funk,trap funk,funk consciente","Warner Music Group - X5 Music Group",0.861,0.728,2,-6.615,1,0.306,0.483,0,0.0902,0.898,126.059,4
spotify:track:3Hbd7hVlN33WoucDhIgmSO,"Isso é Sério","333","Matuê;Brandão85",2024-09-09,285000,73,false,31pukwc6x5g7m2u2elje37e7ppje,2026-09-15T00:42:19Z,"trap brasileiro,trap,hip hop brasileiro,trap funk","30PRAUM",0.637,0.807,11,-3.318,0,0.251,0.358,0,0.108,0.569,79.988,4
spotify:track:2l6LUdleR2UX6wJG5JdxZW,"Vai Tomar","Vai Tomar","Mc Paiva ZS;Gabb MC;MC Xangai;Xarão;LeoZera",2026-05-22,206769,56,false,31pukwc6x5g7m2u2elje37e7ppje,2026-09-15T23:02:29Z,"funk,trap funk,funk consciente,funk carioca,phonk,phonk brasileiro,funk de bh,funk bruxaria","MC Paiva ZS",0.86,0.464,9,-6.889,0,0.168,0.448,0.0000122,0.0984,0.562,130.163,4
spotify:track:4QiNFcqx0vDGnEymgpFQaM,"Mais Uma Vez","Mais Uma Vez","Mc Negão Original;MC PH;Ruddy;Biazotto;Aaron Modesto",2025-06-25,299520,46,true,31pukwc6x5g7m2u2elje37e7ppje,2026-09-16T16:22:17Z,"funk,trap funk,funk consciente,trap brasileiro","WM Brazil",0.545,0.719,11,-1.956,0,0.335,0.63,0,0.111,0.418,83.582,5
spotify:track:0USgFRh15sZ6swJ3jvxxXy,"Jacob & Co 2","Jacob & Co 2","MC Vinny;Mc IG;Mc Kadu;Dj GM;DJ SM OFICIAL;MC Cebezinho;MC Paulin da Capital;MC Renan R5",2026-09-18,410875,58,false,31pukwc6x5g7m2u2elje37e7ppje,2026-09-18T15:58:09Z,"funk,funk consciente,trap funk","Norte Records.",0.712,0.719,1,-4.621,1,0.511,0.403,0,0.0451,0.692,119.913,4
spotify:track:1dliL9JPF1vltK0W3N03O5,"Saca Da Twin 2","O PODEROSO CHATÃO","Mc Lele JP;Gudy;MC Tuto;Dj GM",2026-04-07,204590,57,true,31pukwc6x5g7m2u2elje37e7ppje,2026-09-18T16:08:44Z,"funk,funk consciente,trap funk","GRINGOS WORLD PRODUTORA",0.702,0.624,6,-6.893,0,0.0733,0.345,0,0.215,0.795,121.938,4
spotify:track:0sy2mtvcM7V5ETtmQIbGVt,"Van Cleef","Eu Odeio o Dia dos Namorados","Orochi;Filipe Ret;Portugal No Beat",2025-06-13,169071,72,true,31pukwc6x5g7m2u2elje37e7ppje,2026-09-20T23:33:41Z,"trap brasileiro,hip hop brasileiro,trap funk,trap","Mainstreet Records",0.49,0.586,6,-5.402,0,0.0604,0.202,0,0.111,0.506,139.574,4
spotify:track:6b7bKdjQVs3Dzeqoz2s7uN,"Deixa Chapar","Lobo","Orochi;Kizzy;Mainstreet",2021-04-29,219230,69,true,31pukwc6x5g7m2u2elje37e7ppje,2026-09-20T23:35:55Z,"trap brasileiro,hip hop brasileiro,trap funk,trap","Mainstreet Records",0.502,0.561,10,-7.492,0,0.0618,0.616,0.000374,0.119,0.344,119.981,4
